funder,funder_type,token_count,wallet_count,tokens,first_seen,last_seen,confidence,label,service_like
2ojv9BAiHUrvsm9gxDe7fJSzbNZSJcxZvf8dqmWGHG8S,upstream,97,720,13V3CbY7Q7AXnf24FMsUaQrmLxnRU4Md9phDEWZvpump;21XJbyQWEhmeoxKRHdGrEjetSfHopvtp68LWzdvT471M;25GrKYrc3y4LZmmuhppYgFRCKb7JyZ6grum4WhLYvA1z;28HydoWU7TZQxWiVQxGZyspE3qgWdCHToNDVgLoNpump;2A6sLqrw8WN6KkgnCsN4xJkyAowBZHr2H9xQ4u3Mpump;2BucyGvsg9wwTwsaFsEUFgdphrCtp94pDRtHowJUpump;2Tiw1Tna3kAut868cjXuKoyrv8U8gi1YjTaXw7Czpump;2iSB473Z7L2ndpWs3n22tb7H3KSGpswDTH3jP7qCCAZT;3GeNgcFpMwH9ts5b3W3jddtfwhwAURaykTy8YjtrGQWT;3coFBLantjJkMRmzaQ4znMQQzfqFYTyBeNhdXYAzpump;3f8CKfznVUGrFfhcq8ZBY9M1xyDeEQGrh6iH372h3ebN;3uYT8w1FxasDGmM4WDG5kXu6D9BGvyP3iEfPJEVb6ewT;3vfxnHSCS139RZiw6MPZaEvhySnjbEi81GuF5EdNpump;44s336LDz8bXp4rpxy1qwUfysZ4THjpReQWTKQg7pump;47r9YPDeTVpwHjAakoVgnzNTJRChXC8f4KSUqMbEsBbM;49aM4HrGABwG9F8iAn385zzcsS6mxHEFY8YN3H7y1Cd9;4GRTznsfLTRqaB2uMAFmmgaWtvfVyBb4qCsTjskUpump;4ZUjJ5EJbwfh7teotB29uHc1SC3SiqbrkwJoNgsxibbU;4kkrecvSVnnkK3RZcJ85tNFiZu9pWg584yHjNCqEpump;4n32UBFWKJNPQayeN25GrLJHswbja41XFMxebcg9pump;4prKtarobdhYDY4Hu3uGZMx7Je4HqPJeLVyxN6m4Ld3T;4sjtHGeAKP6DoMUdvFqQuiYKhhPpwa9XCxUyuFD2pump;55bKo8bj1YVEgsbwkkd4Nwu7JhaZF9trUgbvpZ3YeVCA;57ANN8dAbPX8x1BEFFwzBttkzwpKZBEiJkdiWSzVNQvS;5DoZAeBkoci5t5zPhUiuhQFjuzYTfkSv5Seojsxppump;5EZ7yagvcsHcwH3e17khLwGzhFrCsx7CKS7ZN6J6i4Lh;5L6As5obMTXxKwjmGBy1LTRwW2Hm1PjSK18JhETrpump;5Sg1vv51KGCSDF2gBHgbNATCEXFjYtVhWgztNUwtgJYD;5nnWe5SCBaNMC3oNiR7utth6kx3mH1dhmCarjDb91shW;5o43e7gYZWFNEpdqkegHY6LXkhMXB1z6f7d6TAVGEMTM;5o9sE9FEVC12zWBd2zqPXAhoVyRiNjGfaYX6hS3Ppump;5pSEZw1iytqYznD7crsGyKNek7q5JkjBqj2KmfqxUVZd;67afrnTxo8DVc52Uev61Yo4Yr9BGQpRw1RpPMWcx42La;69N7rm9nnp6sVoULtp5toD26F25rYum8593GupxkUYvH;6VMsrZvNaSzddT6vkY6dEDoFMeK5EoHD4KCAycfQpump;6XD1vorwquLXjTSL5W4MJMGewZBeiEcPFmZw527TSwva;6akNLpNd11oq4q5zxhXGwr5jwUi6Ke4CvKmF6QeUwJCQ;6gKx5EMvnymTVz2JgFhJAqpGxTYaBdVsaLb9YfPfvg4Y;6sFMbTF2VTzutzKekenJujFZBqb4TiBZJKfyLMUbpump;6wSQipxdE9Suf8tVNaCEbcqavUbLT7gL9tibpm3Jpump;7271ZR6GBzaGqdtP28ZqZ5BKRt2ziu4AnPnVCAL7pump;7HiD5rzoZxAYXEJ8Z4t3WgM8VE1iSKWJdxPPyEdDNzwN;7Q9VxTczrzgvjXWbJJZibR7hbYAohngsNsuEhdEcpump;7aLLQRBpGCaSLmmHGf34MGtbdtTumiB14d14TtDnpump;7dACCWZXF4Lr9ftxFpi7TJk7a3hcPpUwGPAcTuXDpump;7mRDn1rAqjwFQXacodr1UmkNdvAGPbtNP9k5jvBZqt9J;7p4MwwkUaMv4gBThVkW46QjwVaosaUrccbFV1MbXpump;7xXo3JYBqzh6D91XRppzFRLfw8wJHypeukGaNWwKgZ8m;8G7aM6Gco4fHjVpmVvUdVvhKMKaWXJEqkCKRvPdepump;8qT3o4k4aUmyLrgd7hHYmVxin3kFhQ9QsXdSXTP6pump;8ypYfW5cjafrfAZij8TZj5SFHAbPNpiRio96LMzypDkn;9CzNGAEutxKHJ5CwYC5Lk8X8YzgYrQnvKChP2BFEpump;9PNfxvTARzdxvQas2uknW57bnfMCS1dxW1He7rPbuhuQ;9ek8utEujXFmiM9wXcWKPF18y57PmeG8rsiBZGzzpump;9hAojtonqe4RUQarvUYZhFqC99VK1S3LCewYkSjnpump;9mqJNDG2squcqZt2zC7cWWNtVozUbQUnzVnP1jG6pump;9xhMStAAufkH5jA5nevaGy6M9fCsQ74BZnsXyo93DkfA;ASftCNtzPNmK3nMDvpQNvpLauKS45Vkq7kwTPutqUBL1;AbpJywMWmkf1MFonRddPVogSwPPZHB9pG4x2nKb1YaPn;AgB5SxiP1DFZbW9uDAH7s8Mhv1HF21nJv67tnAAYpump;Ajz86fyiygsv8kZkUyDxogxkz5VfKRs4HTEABVTfpump;AmWCcDf6tG7zB3VPeDVjeXL5N567fXAiHcTKw3xXpump;B3xU49SW3khA7m5Lgata2fmPxZeQRuaJbCruPsVDpump;BE5ciZmcADAX78u2a1GrFiPMPC3rNXtdPGUrhzWB4k5d;BUPNYwndVGfzVb6RG6q2PX53VdAimw2Mi98QxqeWpump;BZYpLHhui3qRNokWFg2JcX8CYtMqzWHR5R4xowjcbPqh;BmU6YJP2YCAo8sc2dkeR8KjvF3rGFBHZL25ejysppump;CHygERrxnc5QByNCwxUNSMhP7tKJA7rh6hNBdJ2spump;CSLP8Vp7u9hrXQi7crPXqCp7BaJaG4JrNxqvR3jDpump;CziyAr14UNUrfkxpioWSumkLXMwWnDWN2bu2WR5ao7kc;D4aEpQLW45YnWrBmztcpJHqabbPtFe9F9PTv8Umvpump;DJejJn1iJntJVTAixy4VRgqJFF3NMKPEMgVzbJFmpump;DQ2H7qcj262RAKfSxGYeL7cYJq54mVdXe4gYxUwxpump;DTm66ivA96mhuQnqTy1cv7uELS4MHdYtpbRGJdW9t7Fn;DkDwxjD5JFK7hd7qUNHqNaTeqDGcZ1ia3Y6E7EUiehEn;EHUzmwAzmUix7TkwVr7b16U9ChJDr3RpjfXshR5swy5j;EkTkjVEfhvgkoCwheMTnr8mhEmJ6Q7ZR8q7ZMCcnpump;EoKqyKksc4ekiPVuBD9FiztYQHkV59x8KTcZ3ReLpump;Er5RuNhTEwJH5dHv9c3YGATjgkLCETH4dKazntyWEtXY;F41TwidZvJJcsx9c2BMwS6eH9W6HcUT4LzPmGvK9WU6N;F59cEB3A7RAKHGtkvR577swnPSP6EsdaBoL5AcVZpump;FuF2M5T79HJdpJUbp46qwWssLXQ1Xjf1yiNSfyo5UEGC;G9r7nnHSgvb7LUfCE8kavRaKokEMMYBjVHGKvQ6dpump;GKTxLXsmkjLDo89XmPa5htwK7sAzdqZ3jmfV6gaTvK67;GL7M1C4QeLoURyexYgdhuP8SvaPh5LHQLRqKha3epump;GfqKCwNeAdHHi97AmgCLP5qrwcSJRDdyZ1huiU6xUXTz;H8oe2SCksJcYzhPeS4TsbteusgZW5k7QaZ4boKyq8C7U;H9GGsNc7vA4hN13N1oU4itq8x3mrdZBdw2XdK3Mipump;HJPjdsDmcvgCj4MV3NvqCWd78qDP8BMzGfrsk4Nbpump;JAqRn24FuQ5MFReXNgXb8uFej5vHJDxhVtebpQvHTQZy;UsrcsZMqw6p53Fohu16UCBjsbjqc73XmoRFZDcnCtMR;dy6zeSw9j2zHprXLwk1uUGAD4d2HF5R3pAFrL6bRAKs;hHc9579gpKUnvYvgcKyjdpe1UhmfVfGzGwMQCADpump;omskHvyNvQSn3PFak3E8JHQJeSVJFsrc6izWT12pump;rMPLDvnn6KR773WNhZvtFNcgFwnRkc7UbPkUaiMpump;sMe5iUcgTe4VXmg4WaShF5kuk6GmcKF3y4HqKGZpump;xeKm1qmxyHLJZLdwKpsZdx5UFtYyb124GTWRZWypump,2020-11-17T04:08:19Z,2022-05-23T08:53:07Z,MEDIUM,Binance Exchange,True
5tzFkiKscXHK5ZXCGbXZxdw7gTjjD1mBwuoFbhUvuAi9,upstream,97,387,13V3CbY7Q7AXnf24FMsUaQrmLxnRU4Md9phDEWZvpump;21XJbyQWEhmeoxKRHdGrEjetSfHopvtp68LWzdvT471M;25GrKYrc3y4LZmmuhppYgFRCKb7JyZ6grum4WhLYvA1z;28HydoWU7TZQxWiVQxGZyspE3qgWdCHToNDVgLoNpump;2A6sLqrw8WN6KkgnCsN4xJkyAowBZHr2H9xQ4u3Mpump;2BucyGvsg9wwTwsaFsEUFgdphrCtp94pDRtHowJUpump;2Tiw1Tna3kAut868cjXuKoyrv8U8gi1YjTaXw7Czpump;2iSB473Z7L2ndpWs3n22tb7H3KSGpswDTH3jP7qCCAZT;3GeNgcFpMwH9ts5b3W3jddtfwhwAURaykTy8YjtrGQWT;3coFBLantjJkMRmzaQ4znMQQzfqFYTyBeNhdXYAzpump;3f8CKfznVUGrFfhcq8ZBY9M1xyDeEQGrh6iH372h3ebN;3uYT8w1FxasDGmM4WDG5kXu6D9BGvyP3iEfPJEVb6ewT;3vfxnHSCS139RZiw6MPZaEvhySnjbEi81GuF5EdNpump;44s336LDz8bXp4rpxy1qwUfysZ4THjpReQWTKQg7pump;47r9YPDeTVpwHjAakoVgnzNTJRChXC8f4KSUqMbEsBbM;49aM4HrGABwG9F8iAn385zzcsS6mxHEFY8YN3H7y1Cd9;4GRTznsfLTRqaB2uMAFmmgaWtvfVyBb4qCsTjskUpump;4ZUjJ5EJbwfh7teotB29uHc1SC3SiqbrkwJoNgsxibbU;4kkrecvSVnnkK3RZcJ85tNFiZu9pWg584yHjNCqEpump;4n32UBFWKJNPQayeN25GrLJHswbja41XFMxebcg9pump;4prKtarobdhYDY4Hu3uGZMx7Je4HqPJeLVyxN6m4Ld3T;4sjtHGeAKP6DoMUdvFqQuiYKhhPpwa9XCxUyuFD2pump;55bKo8bj1YVEgsbwkkd4Nwu7JhaZF9trUgbvpZ3YeVCA;57ANN8dAbPX8x1BEFFwzBttkzwpKZBEiJkdiWSzVNQvS;5DoZAeBkoci5t5zPhUiuhQFjuzYTfkSv5Seojsxppump;5EZ7yagvcsHcwH3e17khLwGzhFrCsx7CKS7ZN6J6i4Lh;5L6As5obMTXxKwjmGBy1LTRwW2Hm1PjSK18JhETrpump;5Sg1vv51KGCSDF2gBHgbNATCEXFjYtVhWgztNUwtgJYD;5nnWe5SCBaNMC3oNiR7utth6kx3mH1dhmCarjDb91shW;5o43e7gYZWFNEpdqkegHY6LXkhMXB1z6f7d6TAVGEMTM;5o9sE9FEVC12zWBd2zqPXAhoVyRiNjGfaYX6hS3Ppump;5pSEZw1iytqYznD7crsGyKNek7q5JkjBqj2KmfqxUVZd;67afrnTxo8DVc52Uev61Yo4Yr9BGQpRw1RpPMWcx42La;69N7rm9nnp6sVoULtp5toD26F25rYum8593GupxkUYvH;6VMsrZvNaSzddT6vkY6dEDoFMeK5EoHD4KCAycfQpump;6XD1vorwquLXjTSL5W4MJMGewZBeiEcPFmZw527TSwva;6akNLpNd11oq4q5zxhXGwr5jwUi6Ke4CvKmF6QeUwJCQ;6gKx5EMvnymTVz2JgFhJAqpGxTYaBdVsaLb9YfPfvg4Y;6sFMbTF2VTzutzKekenJujFZBqb4TiBZJKfyLMUbpump;6wSQipxdE9Suf8tVNaCEbcqavUbLT7gL9tibpm3Jpump;7271ZR6GBzaGqdtP28ZqZ5BKRt2ziu4AnPnVCAL7pump;7HiD5rzoZxAYXEJ8Z4t3WgM8VE1iSKWJdxPPyEdDNzwN;7Q9VxTczrzgvjXWbJJZibR7hbYAohngsNsuEhdEcpump;7aLLQRBpGCaSLmmHGf34MGtbdtTumiB14d14TtDnpump;7dACCWZXF4Lr9ftxFpi7TJk7a3hcPpUwGPAcTuXDpump;7mRDn1rAqjwFQXacodr1UmkNdvAGPbtNP9k5jvBZqt9J;7p4MwwkUaMv4gBThVkW46QjwVaosaUrccbFV1MbXpump;7xXo3JYBqzh6D91XRppzFRLfw8wJHypeukGaNWwKgZ8m;8G7aM6Gco4fHjVpmVvUdVvhKMKaWXJEqkCKRvPdepump;8qT3o4k4aUmyLrgd7hHYmVxin3kFhQ9QsXdSXTP6pump;8ypYfW5cjafrfAZij8TZj5SFHAbPNpiRio96LMzypDkn;9CzNGAEutxKHJ5CwYC5Lk8X8YzgYrQnvKChP2BFEpump;9PNfxvTARzdxvQas2uknW57bnfMCS1dxW1He7rPbuhuQ;9ek8utEujXFmiM9wXcWKPF18y57PmeG8rsiBZGzzpump;9hAojtonqe4RUQarvUYZhFqC99VK1S3LCewYkSjnpump;9mqJNDG2squcqZt2zC7cWWNtVozUbQUnzVnP1jG6pump;9xhMStAAufkH5jA5nevaGy6M9fCsQ74BZnsXyo93DkfA;ASftCNtzPNmK3nMDvpQNvpLauKS45Vkq7kwTPutqUBL1;AbpJywMWmkf1MFonRddPVogSwPPZHB9pG4x2nKb1YaPn;AgB5SxiP1DFZbW9uDAH7s8Mhv1HF21nJv67tnAAYpump;Ajz86fyiygsv8kZkUyDxogxkz5VfKRs4HTEABVTfpump;AmWCcDf6tG7zB3VPeDVjeXL5N567fXAiHcTKw3xXpump;B3xU49SW3khA7m5Lgata2fmPxZeQRuaJbCruPsVDpump;BE5ciZmcADAX78u2a1GrFiPMPC3rNXtdPGUrhzWB4k5d;BUPNYwndVGfzVb6RG6q2PX53VdAimw2Mi98QxqeWpump;BZYpLHhui3qRNokWFg2JcX8CYtMqzWHR5R4xowjcbPqh;BmU6YJP2YCAo8sc2dkeR8KjvF3rGFBHZL25ejysppump;CHygERrxnc5QByNCwxUNSMhP7tKJA7rh6hNBdJ2spump;CSLP8Vp7u9hrXQi7crPXqCp7BaJaG4JrNxqvR3jDpump;CziyAr14UNUrfkxpioWSumkLXMwWnDWN2bu2WR5ao7kc;D4aEpQLW45YnWrBmztcpJHqabbPtFe9F9PTv8Umvpump;DJejJn1iJntJVTAixy4VRgqJFF3NMKPEMgVzbJFmpump;DQ2H7qcj262RAKfSxGYeL7cYJq54mVdXe4gYxUwxpump;DTm66ivA96mhuQnqTy1cv7uELS4MHdYtpbRGJdW9t7Fn;DkDwxjD5JFK7hd7qUNHqNaTeqDGcZ1ia3Y6E7EUiehEn;EHUzmwAzmUix7TkwVr7b16U9ChJDr3RpjfXshR5swy5j;EkTkjVEfhvgkoCwheMTnr8mhEmJ6Q7ZR8q7ZMCcnpump;EoKqyKksc4ekiPVuBD9FiztYQHkV59x8KTcZ3ReLpump;Er5RuNhTEwJH5dHv9c3YGATjgkLCETH4dKazntyWEtXY;F41TwidZvJJcsx9c2BMwS6eH9W6HcUT4LzPmGvK9WU6N;F59cEB3A7RAKHGtkvR577swnPSP6EsdaBoL5AcVZpump;FuF2M5T79HJdpJUbp46qwWssLXQ1Xjf1yiNSfyo5UEGC;G9r7nnHSgvb7LUfCE8kavRaKokEMMYBjVHGKvQ6dpump;GKTxLXsmkjLDo89XmPa5htwK7sAzdqZ3jmfV6gaTvK67;GL7M1C4QeLoURyexYgdhuP8SvaPh5LHQLRqKha3epump;GfqKCwNeAdHHi97AmgCLP5qrwcSJRDdyZ1huiU6xUXTz;H8oe2SCksJcYzhPeS4TsbteusgZW5k7QaZ4boKyq8C7U;H9GGsNc7vA4hN13N1oU4itq8x3mrdZBdw2XdK3Mipump;HJPjdsDmcvgCj4MV3NvqCWd78qDP8BMzGfrsk4Nbpump;JAqRn24FuQ5MFReXNgXb8uFej5vHJDxhVtebpQvHTQZy;UsrcsZMqw6p53Fohu16UCBjsbjqc73XmoRFZDcnCtMR;dy6zeSw9j2zHprXLwk1uUGAD4d2HF5R3pAFrL6bRAKs;hHc9579gpKUnvYvgcKyjdpe1UhmfVfGzGwMQCADpump;omskHvyNvQSn3PFak3E8JHQJeSVJFsrc6izWT12pump;rMPLDvnn6KR773WNhZvtFNcgFwnRkc7UbPkUaiMpump;sMe5iUcgTe4VXmg4WaShF5kuk6GmcKF3y4HqKGZpump;xeKm1qmxyHLJZLdwKpsZdx5UFtYyb124GTWRZWypump,2022-07-08T00:17:22Z,2026-10-02T14:50:40Z,MEDIUM,Binance-linked service wallet,True
AC5RDfQFmDS1deWZos921JfqscXdByf8BKHs5ACWjtW2,upstream,96,196,13V3CbY7Q7AXnf24FMsUaQrmLxnRU4Md9phDEWZvpump;21XJbyQWEhmeoxKRHdGrEjetSfHopvtp68LWzdvT471M;25GrKYrc3y4LZmmuhppYgFRCKb7JyZ6grum4WhLYvA1z;28HydoWU7TZQxWiVQxGZyspE3qgWdCHToNDVgLoNpump;2A6sLqrw8WN6KkgnCsN4xJkyAowBZHr2H9xQ4u3Mpump;2BucyGvsg9wwTwsaFsEUFgdphrCtp94pDRtHowJUpump;2Tiw1Tna3kAut868cjXuKoyrv8U8gi1YjTaXw7Czpump;2iSB473Z7L2ndpWs3n22tb7H3KSGpswDTH3jP7qCCAZT;3GeNgcFpMwH9ts5b3W3jddtfwhwAURaykTy8YjtrGQWT;3coFBLantjJkMRmzaQ4znMQQzfqFYTyBeNhdXYAzpump;3f8CKfznVUGrFfhcq8ZBY9M1xyDeEQGrh6iH372h3ebN;3uYT8w1FxasDGmM4WDG5kXu6D9BGvyP3iEfPJEVb6ewT;3vfxnHSCS139RZiw6MPZaEvhySnjbEi81GuF5EdNpump;44s336LDz8bXp4rpxy1qwUfysZ4THjpReQWTKQg7pump;47r9YPDeTVpwHjAakoVgnzNTJRChXC8f4KSUqMbEsBbM;49aM4HrGABwG9F8iAn385zzcsS6mxHEFY8YN3H7y1Cd9;4GRTznsfLTRqaB2uMAFmmgaWtvfVyBb4qCsTjskUpump;4ZUjJ5EJbwfh7teotB29uHc1SC3SiqbrkwJoNgsxibbU;4kkrecvSVnnkK3RZcJ85tNFiZu9pWg584yHjNCqEpump;4n32UBFWKJNPQayeN25GrLJHswbja41XFMxebcg9pump;4prKtarobdhYDY4Hu3uGZMx7Je4HqPJeLVyxN6m4Ld3T;4sjtHGeAKP6DoMUdvFqQuiYKhhPpwa9XCxUyuFD2pump;55bKo8bj1YVEgsbwkkd4Nwu7JhaZF9trUgbvpZ3YeVCA;57ANN8dAbPX8x1BEFFwzBttkzwpKZBEiJkdiWSzVNQvS;5DoZAeBkoci5t5zPhUiuhQFjuzYTfkSv5Seojsxppump;5EZ7yagvcsHcwH3e17khLwGzhFrCsx7CKS7ZN6J6i4Lh;5L6As5obMTXxKwjmGBy1LTRwW2Hm1PjSK18JhETrpump;5Sg1vv51KGCSDF2gBHgbNATCEXFjYtVhWgztNUwtgJYD;5nnWe5SCBaNMC3oNiR7utth6kx3mH1dhmCarjDb91shW;5o43e7gYZWFNEpdqkegHY6LXkhMXB1z6f7d6TAVGEMTM;5o9sE9FEVC12zWBd2zqPXAhoVyRiNjGfaYX6hS3Ppump;5pSEZw1iytqYznD7crsGyKNek7q5JkjBqj2KmfqxUVZd;67afrnTxo8DVc52Uev61Yo4Yr9BGQpRw1RpPMWcx42La;69N7rm9nnp6sVoULtp5toD26F25rYum8593GupxkUYvH;6XD1vorwquLXjTSL5W4MJMGewZBeiEcPFmZw527TSwva;6akNLpNd11oq4q5zxhXGwr5jwUi6Ke4CvKmF6QeUwJCQ;6gKx5EMvnymTVz2JgFhJAqpGxTYaBdVsaLb9YfPfvg4Y;6sFMbTF2VTzutzKekenJujFZBqb4TiBZJKfyLMUbpump;6wSQipxdE9Suf8tVNaCEbcqavUbLT7gL9tibpm3Jpump;7271ZR6GBzaGqdtP28ZqZ5BKRt2ziu4AnPnVCAL7pump;7HiD5rzoZxAYXEJ8Z4t3WgM8VE1iSKWJdxPPyEdDNzwN;7Q9VxTczrzgvjXWbJJZibR7hbYAohngsNsuEhdEcpump;7aLLQRBpGCaSLmmHGf34MGtbdtTumiB14d14TtDnpump;7dACCWZXF4Lr9ftxFpi7TJk7a3hcPpUwGPAcTuXDpump;7mRDn1rAqjwFQXacodr1UmkNdvAGPbtNP9k5jvBZqt9J;7p4MwwkUaMv4gBThVkW46QjwVaosaUrccbFV1MbXpump;7xXo3JYBqzh6D91XRppzFRLfw8wJHypeukGaNWwKgZ8m;8G7aM6Gco4fHjVpmVvUdVvhKMKaWXJEqkCKRvPdepump;8qT3o4k4aUmyLrgd7hHYmVxin3kFhQ9QsXdSXTP6pump;8ypYfW5cjafrfAZij8TZj5SFHAbPNpiRio96LMzypDkn;9CzNGAEutxKHJ5CwYC5Lk8X8YzgYrQnvKChP2BFEpump;9PNfxvTARzdxvQas2uknW57bnfMCS1dxW1He7rPbuhuQ;9ek8utEujXFmiM9wXcWKPF18y57PmeG8rsiBZGzzpump;9hAojtonqe4RUQarvUYZhFqC99VK1S3LCewYkSjnpump;9mqJNDG2squcqZt2zC7cWWNtVozUbQUnzVnP1jG6pump;9xhMStAAufkH5jA5nevaGy6M9fCsQ74BZnsXyo93DkfA;ASftCNtzPNmK3nMDvpQNvpLauKS45Vkq7kwTPutqUBL1;AbpJywMWmkf1MFonRddPVogSwPPZHB9pG4x2nKb1YaPn;AgB5SxiP1DFZbW9uDAH7s8Mhv1HF21nJv67tnAAYpump;Ajz86fyiygsv8kZkUyDxogxkz5VfKRs4HTEABVTfpump;AmWCcDf6tG7zB3VPeDVjeXL5N567fXAiHcTKw3xXpump;B3xU49SW3khA7m5Lgata2fmPxZeQRuaJbCruPsVDpump;BE5ciZmcADAX78u2a1GrFiPMPC3rNXtdPGUrhzWB4k5d;BUPNYwndVGfzVb6RG6q2PX53VdAimw2Mi98QxqeWpump;BZYpLHhui3qRNokWFg2JcX8CYtMqzWHR5R4xowjcbPqh;BmU6YJP2YCAo8sc2dkeR8KjvF3rGFBHZL25ejysppump;CHygERrxnc5QByNCwxUNSMhP7tKJA7rh6hNBdJ2spump;CSLP8Vp7u9hrXQi7crPXqCp7BaJaG4JrNxqvR3jDpump;CziyAr14UNUrfkxpioWSumkLXMwWnDWN2bu2WR5ao7kc;D4aEpQLW45YnWrBmztcpJHqabbPtFe9F9PTv8Umvpump;DJejJn1iJntJVTAixy4VRgqJFF3NMKPEMgVzbJFmpump;DQ2H7qcj262RAKfSxGYeL7cYJq54mVdXe4gYxUwxpump;DTm66ivA96mhuQnqTy1cv7uELS4MHdYtpbRGJdW9t7Fn;DkDwxjD5JFK7hd7qUNHqNaTeqDGcZ1ia3Y6E7EUiehEn;EHUzmwAzmUix7TkwVr7b16U9ChJDr3RpjfXshR5swy5j;EkTkjVEfhvgkoCwheMTnr8mhEmJ6Q7ZR8q7ZMCcnpump;EoKqyKksc4ekiPVuBD9FiztYQHkV59x8KTcZ3ReLpump;Er5RuNhTEwJH5dHv9c3YGATjgkLCETH4dKazntyWEtXY;F41TwidZvJJcsx9c2BMwS6eH9W6HcUT4LzPmGvK9WU6N;F59cEB3A7RAKHGtkvR577swnPSP6EsdaBoL5AcVZpump;FuF2M5T79HJdpJUbp46qwWssLXQ1Xjf1yiNSfyo5UEGC;G9r7nnHSgvb7LUfCE8kavRaKokEMMYBjVHGKvQ6dpump;GKTxLXsmkjLDo89XmPa5htwK7sAzdqZ3jmfV6gaTvK67;GL7M1C4QeLoURyexYgdhuP8SvaPh5LHQLRqKha3epump;GfqKCwNeAdHHi97AmgCLP5qrwcSJRDdyZ1huiU6xUXTz;H8oe2SCksJcYzhPeS4TsbteusgZW5k7QaZ4boKyq8C7U;H9GGsNc7vA4hN13N1oU4itq8x3mrdZBdw2XdK3Mipump;HJPjdsDmcvgCj4MV3NvqCWd78qDP8BMzGfrsk4Nbpump;JAqRn24FuQ5MFReXNgXb8uFej5vHJDxhVtebpQvHTQZy;UsrcsZMqw6p53Fohu16UCBjsbjqc73XmoRFZDcnCtMR;dy6zeSw9j2zHprXLwk1uUGAD4d2HF5R3pAFrL6bRAKs;hHc9579gpKUnvYvgcKyjdpe1UhmfVfGzGwMQCADpump;omskHvyNvQSn3PFak3E8JHQJeSVJFsrc6izWT12pump;rMPLDvnn6KR773WNhZvtFNcgFwnRkc7UbPkUaiMpump;sMe5iUcgTe4VXmg4WaShF5kuk6GmcKF3y4HqKGZpump;xeKm1qmxyHLJZLdwKpsZdx5UFtYyb124GTWRZWypump,2024-03-03T16:21:15Z,2025-07-06T08:15:32Z,MEDIUM,,True
F3zEDm3ARFjUgP8Jx5CGYS89SX8EqDQ3z5dNB4jS1Dq5,upstream,95,416,13V3CbY7Q7AXnf24FMsUaQrmLxnRU4Md9phDEWZvpump;21XJbyQWEhmeoxKRHdGrEjetSfHopvtp68LWzdvT471M;25GrKYrc3y4LZmmuhppYgFRCKb7JyZ6grum4WhLYvA1z;28HydoWU7TZQxWiVQxGZyspE3qgWdCHToNDVgLoNpump;2A6sLqrw8WN6KkgnCsN4xJkyAowBZHr2H9xQ4u3Mpump;2BucyGvsg9wwTwsaFsEUFgdphrCtp94pDRtHowJUpump;2Tiw1Tna3kAut868cjXuKoyrv8U8gi1YjTaXw7Czpump;2iSB473Z7L2ndpWs3n22tb7H3KSGpswDTH3jP7qCCAZT;3GeNgcFpMwH9ts5b3W3jddtfwhwAURaykTy8YjtrGQWT;3coFBLantjJkMRmzaQ4znMQQzfqFYTyBeNhdXYAzpump;3f8CKfznVUGrFfhcq8ZBY9M1xyDeEQGrh6iH372h3ebN;3uYT8w1FxasDGmM4WDG5kXu6D9BGvyP3iEfPJEVb6ewT;3vfxnHSCS139RZiw6MPZaEvhySnjbEi81GuF5EdNpump;44s336LDz8bXp4rpxy1qwUfysZ4THjpReQWTKQg7pump;47r9YPDeTVpwHjAakoVgnzNTJRChXC8f4KSUqMbEsBbM;49aM4HrGABwG9F8iAn385zzcsS6mxHEFY8YN3H7y1Cd9;4GRTznsfLTRqaB2uMAFmmgaWtvfVyBb4qCsTjskUpump;4ZUjJ5EJbwfh7teotB29uHc1SC3SiqbrkwJoNgsxibbU;4kkrecvSVnnkK3RZcJ85tNFiZu9pWg584yHjNCqEpump;4n32UBFWKJNPQayeN25GrLJHswbja41XFMxebcg9pump;4prKtarobdhYDY4Hu3uGZMx7Je4HqPJeLVyxN6m4Ld3T;4sjtHGeAKP6DoMUdvFqQuiYKhhPpwa9XCxUyuFD2pump;55bKo8bj1YVEgsbwkkd4Nwu7JhaZF9trUgbvpZ3YeVCA;57ANN8dAbPX8x1BEFFwzBttkzwpKZBEiJkdiWSzVNQvS;5DoZAeBkoci5t5zPhUiuhQFjuzYTfkSv5Seojsxppump;5EZ7yagvcsHcwH3e17khLwGzhFrCsx7CKS7ZN6J6i4Lh;5L6As5obMTXxKwjmGBy1LTRwW2Hm1PjSK18JhETrpump;5Sg1vv51KGCSDF2gBHgbNATCEXFjYtVhWgztNUwtgJYD;5nnWe5SCBaNMC3oNiR7utth6kx3mH1dhmCarjDb91shW;5o43e7gYZWFNEpdqkegHY6LXkhMXB1z6f7d6TAVGEMTM;5o9sE9FEVC12zWBd2zqPXAhoVyRiNjGfaYX6hS3Ppump;5pSEZw1iytqYznD7crsGyKNek7q5JkjBqj2KmfqxUVZd;67afrnTxo8DVc52Uev61Yo4Yr9BGQpRw1RpPMWcx42La;69N7rm9nnp6sVoULtp5toD26F25rYum8593GupxkUYvH;6VMsrZvNaSzddT6vkY6dEDoFMeK5EoHD4KCAycfQpump;6XD1vorwquLXjTSL5W4MJMGewZBeiEcPFmZw527TSwva;6akNLpNd11oq4q5zxhXGwr5jwUi6Ke4CvKmF6QeUwJCQ;6gKx5EMvnymTVz2JgFhJAqpGxTYaBdVsaLb9YfPfvg4Y;6sFMbTF2VTzutzKekenJujFZBqb4TiBZJKfyLMUbpump;6wSQipxdE9Suf8tVNaCEbcqavUbLT7gL9tibpm3Jpump;7271ZR6GBzaGqdtP28ZqZ5BKRt2ziu4AnPnVCAL7pump;7HiD5rzoZxAYXEJ8Z4t3WgM8VE1iSKWJdxPPyEdDNzwN;7Q9VxTczrzgvjXWbJJZibR7hbYAohngsNsuEhdEcpump;7aLLQRBpGCaSLmmHGf34MGtbdtTumiB14d14TtDnpump;7mRDn1rAqjwFQXacodr1UmkNdvAGPbtNP9k5jvBZqt9J;7p4MwwkUaMv4gBThVkW46QjwVaosaUrccbFV1MbXpump;7xXo3JYBqzh6D91XRppzFRLfw8wJHypeukGaNWwKgZ8m;8G7aM6Gco4fHjVpmVvUdVvhKMKaWXJEqkCKRvPdepump;8qT3o4k4aUmyLrgd7hHYmVxin3kFhQ9QsXdSXTP6pump;8ypYfW5cjafrfAZij8TZj5SFHAbPNpiRio96LMzypDkn;9CzNGAEutxKHJ5CwYC5Lk8X8YzgYrQnvKChP2BFEpump;9PNfxvTARzdxvQas2uknW57bnfMCS1dxW1He7rPbuhuQ;9ek8utEujXFmiM9wXcWKPF18y57PmeG8rsiBZGzzpump;9hAojtonqe4RUQarvUYZhFqC99VK1S3LCewYkSjnpump;9mqJNDG2squcqZt2zC7cWWNtVozUbQUnzVnP1jG6pump;9xhMStAAufkH5jA5nevaGy6M9fCsQ74BZnsXyo93DkfA;ASftCNtzPNmK3nMDvpQNvpLauKS45Vkq7kwTPutqUBL1;AbpJywMWmkf1MFonRddPVogSwPPZHB9pG4x2nKb1YaPn;AgB5SxiP1DFZbW9uDAH7s8Mhv1HF21nJv67tnAAYpump;Ajz86fyiygsv8kZkUyDxogxkz5VfKRs4HTEABVTfpump;AmWCcDf6tG7zB3VPeDVjeXL5N567fXAiHcTKw3xXpump;B3xU49SW3khA7m5Lgata2fmPxZeQRuaJbCruPsVDpump;BE5ciZmcADAX78u2a1GrFiPMPC3rNXtdPGUrhzWB4k5d;BUPNYwndVGfzVb6RG6q2PX53VdAimw2Mi98QxqeWpump;BZYpLHhui3qRNokWFg2JcX8CYtMqzWHR5R4xowjcbPqh;BmU6YJP2YCAo8sc2dkeR8KjvF3rGFBHZL25ejysppump;CHygERrxnc5QByNCwxUNSMhP7tKJA7rh6hNBdJ2spump;CSLP8Vp7u9hrXQi7crPXqCp7BaJaG4JrNxqvR3jDpump;CziyAr14UNUrfkxpioWSumkLXMwWnDWN2bu2WR5ao7kc;D4aEpQLW45YnWrBmztcpJHqabbPtFe9F9PTv8Umvpump;DJejJn1iJntJVTAixy4VRgqJFF3NMKPEMgVzbJFmpump;DQ2H7qcj262RAKfSxGYeL7cYJq54mVdXe4gYxUwxpump;DTm66ivA96mhuQnqTy1cv7uELS4MHdYtpbRGJdW9t7Fn;DkDwxjD5JFK7hd7qUNHqNaTeqDGcZ1ia3Y6E7EUiehEn;EHUzmwAzmUix7TkwVr7b16U9ChJDr3RpjfXshR5swy5j;EkTkjVEfhvgkoCwheMTnr8mhEmJ6Q7ZR8q7ZMCcnpump;EoKqyKksc4ekiPVuBD9FiztYQHkV59x8KTcZ3ReLpump;Er5RuNhTEwJH5dHv9c3YGATjgkLCETH4dKazntyWEtXY;F41TwidZvJJcsx9c2BMwS6eH9W6HcUT4LzPmGvK9WU6N;F59cEB3A7RAKHGtkvR577swnPSP6EsdaBoL5AcVZpump;FuF2M5T79HJdpJUbp46qwWssLXQ1Xjf1yiNSfyo5UEGC;G9r7nnHSgvb7LUfCE8kavRaKokEMMYBjVHGKvQ6dpump;GKTxLXsmkjLDo89XmPa5htwK7sAzdqZ3jmfV6gaTvK67;GL7M1C4QeLoURyexYgdhuP8SvaPh5LHQLRqKha3epump;GfqKCwNeAdHHi97AmgCLP5qrwcSJRDdyZ1huiU6xUXTz;H8oe2SCksJcYzhPeS4TsbteusgZW5k7QaZ4boKyq8C7U;H9GGsNc7vA4hN13N1oU4itq8x3mrdZBdw2XdK3Mipump;HJPjdsDmcvgCj4MV3NvqCWd78qDP8BMzGfrsk4Nbpump;JAqRn24FuQ5MFReXNgXb8uFej5vHJDxhVtebpQvHTQZy;UsrcsZMqw6p53Fohu16UCBjsbjqc73XmoRFZDcnCtMR;dy6zeSw9j2zHprXLwk1uUGAD4d2HF5R3pAFrL6bRAKs;hHc9579gpKUnvYvgcKyjdpe1UhmfVfGzGwMQCADpump;rMPLDvnn6KR773WNhZvtFNcgFwnRkc7UbPkUaiMpump;sMe5iUcgTe4VXmg4WaShF5kuk6GmcKF3y4HqKGZpump;xeKm1qmxyHLJZLdwKpsZdx5UFtYyb124GTWRZWypump,,,MEDIUM,,True
5tzFkiKscXHK5ZXCGbXZxdw7gTjjD1mBwuoFbhUvuAi9,direct,94,349,13V3CbY7Q7AXnf24FMsUaQrmLxnRU4Md9phDEWZvpump;21XJbyQWEhmeoxKRHdGrEjetSfHopvtp68LWzdvT471M;25GrKYrc3y4LZmmuhppYgFRCKb7JyZ6grum4WhLYvA1z;28HydoWU7TZQxWiVQxGZyspE3qgWdCHToNDVgLoNpump;2A6sLqrw8WN6KkgnCsN4xJkyAowBZHr2H9xQ4u3Mpump;2BucyGvsg9wwTwsaFsEUFgdphrCtp94pDRtHowJUpump;2Tiw1Tna3kAut868cjXuKoyrv8U8gi1YjTaXw7Czpump;2iSB473Z7L2ndpWs3n22tb7H3KSGpswDTH3jP7qCCAZT;3GeNgcFpMwH9ts5b3W3jddtfwhwAURaykTy8YjtrGQWT;3coFBLantjJkMRmzaQ4znMQQzfqFYTyBeNhdXYAzpump;3f8CKfznVUGrFfhcq8ZBY9M1xyDeEQGrh6iH372h3ebN;3uYT8w1FxasDGmM4WDG5kXu6D9BGvyP3iEfPJEVb6ewT;3vfxnHSCS139RZiw6MPZaEvhySnjbEi81GuF5EdNpump;44s336LDz8bXp4rpxy1qwUfysZ4THjpReQWTKQg7pump;47r9YPDeTVpwHjAakoVgnzNTJRChXC8f4KSUqMbEsBbM;49aM4HrGABwG9F8iAn385zzcsS6mxHEFY8YN3H7y1Cd9;4GRTznsfLTRqaB2uMAFmmgaWtvfVyBb4qCsTjskUpump;4ZUjJ5EJbwfh7teotB29uHc1SC3SiqbrkwJoNgsxibbU;4kkrecvSVnnkK3RZcJ85tNFiZu9pWg584yHjNCqEpump;4n32UBFWKJNPQayeN25GrLJHswbja41XFMxebcg9pump;4prKtarobdhYDY4Hu3uGZMx7Je4HqPJeLVyxN6m4Ld3T;4sjtHGeAKP6DoMUdvFqQuiYKhhPpwa9XCxUyuFD2pump;55bKo8bj1YVEgsbwkkd4Nwu7JhaZF9trUgbvpZ3YeVCA;57ANN8dAbPX8x1BEFFwzBttkzwpKZBEiJkdiWSzVNQvS;5DoZAeBkoci5t5zPhUiuhQFjuzYTfkSv5Seojsxppump;5EZ7yagvcsHcwH3e17khLwGzhFrCsx7CKS7ZN6J6i4Lh;5L6As5obMTXxKwjmGBy1LTRwW2Hm1PjSK18JhETrpump;5Sg1vv51KGCSDF2gBHgbNATCEXFjYtVhWgztNUwtgJYD;5nnWe5SCBaNMC3oNiR7utth6kx3mH1dhmCarjDb91shW;5o43e7gYZWFNEpdqkegHY6LXkhMXB1z6f7d6TAVGEMTM;5o9sE9FEVC12zWBd2zqPXAhoVyRiNjGfaYX6hS3Ppump;5pSEZw1iytqYznD7crsGyKNek7q5JkjBqj2KmfqxUVZd;67afrnTxo8DVc52Uev61Yo4Yr9BGQpRw1RpPMWcx42La;69N7rm9nnp6sVoULtp5toD26F25rYum8593GupxkUYvH;6VMsrZvNaSzddT6vkY6dEDoFMeK5EoHD4KCAycfQpump;6XD1vorwquLXjTSL5W4MJMGewZBeiEcPFmZw527TSwva;6akNLpNd11oq4q5zxhXGwr5jwUi6Ke4CvKmF6QeUwJCQ;6gKx5EMvnymTVz2JgFhJAqpGxTYaBdVsaLb9YfPfvg4Y;6sFMbTF2VTzutzKekenJujFZBqb4TiBZJKfyLMUbpump;6wSQipxdE9Suf8tVNaCEbcqavUbLT7gL9tibpm3Jpump;7271ZR6GBzaGqdtP28ZqZ5BKRt2ziu4AnPnVCAL7pump;7HiD5rzoZxAYXEJ8Z4t3WgM8VE1iSKWJdxPPyEdDNzwN;7Q9VxTczrzgvjXWbJJZibR7hbYAohngsNsuEhdEcpump;7aLLQRBpGCaSLmmHGf34MGtbdtTumiB14d14TtDnpump;7mRDn1rAqjwFQXacodr1UmkNdvAGPbtNP9k5jvBZqt9J;7p4MwwkUaMv4gBThVkW46QjwVaosaUrccbFV1MbXpump;7xXo3JYBqzh6D91XRppzFRLfw8wJHypeukGaNWwKgZ8m;8G7aM6Gco4fHjVpmVvUdVvhKMKaWXJEqkCKRvPdepump;8qT3o4k4aUmyLrgd7hHYmVxin3kFhQ9QsXdSXTP6pump;8ypYfW5cjafrfAZij8TZj5SFHAbPNpiRio96LMzypDkn;9CzNGAEutxKHJ5CwYC5Lk8X8YzgYrQnvKChP2BFEpump;9PNfxvTARzdxvQas2uknW57bnfMCS1dxW1He7rPbuhuQ;9ek8utEujXFmiM9wXcWKPF18y57PmeG8rsiBZGzzpump;9hAojtonqe4RUQarvUYZhFqC99VK1S3LCewYkSjnpump;9mqJNDG2squcqZt2zC7cWWNtVozUbQUnzVnP1jG6pump;9xhMStAAufkH5jA5nevaGy6M9fCsQ74BZnsXyo93DkfA;ASftCNtzPNmK3nMDvpQNvpLauKS45Vkq7kwTPutqUBL1;AbpJywMWmkf1MFonRddPVogSwPPZHB9pG4x2nKb1YaPn;AgB5SxiP1DFZbW9uDAH7s8Mhv1HF21nJv67tnAAYpump;Ajz86fyiygsv8kZkUyDxogxkz5VfKRs4HTEABVTfpump;B3xU49SW3khA7m5Lgata2fmPxZeQRuaJbCruPsVDpump;BE5ciZmcADAX78u2a1GrFiPMPC3rNXtdPGUrhzWB4k5d;BUPNYwndVGfzVb6RG6q2PX53VdAimw2Mi98QxqeWpump;BZYpLHhui3qRNokWFg2JcX8CYtMqzWHR5R4xowjcbPqh;BmU6YJP2YCAo8sc2dkeR8KjvF3rGFBHZL25ejysppump;CHygERrxnc5QByNCwxUNSMhP7tKJA7rh6hNBdJ2spump;CSLP8Vp7u9hrXQi7crPXqCp7BaJaG4JrNxqvR3jDpump;CziyAr14UNUrfkxpioWSumkLXMwWnDWN2bu2WR5ao7kc;D4aEpQLW45YnWrBmztcpJHqabbPtFe9F9PTv8Umvpump;DJejJn1iJntJVTAixy4VRgqJFF3NMKPEMgVzbJFmpump;DQ2H7qcj262RAKfSxGYeL7cYJq54mVdXe4gYxUwxpump;DTm66ivA96mhuQnqTy1cv7uELS4MHdYtpbRGJdW9t7Fn;DkDwxjD5JFK7hd7qUNHqNaTeqDGcZ1ia3Y6E7EUiehEn;EHUzmwAzmUix7TkwVr7b16U9ChJDr3RpjfXshR5swy5j;EkTkjVEfhvgkoCwheMTnr8mhEmJ6Q7ZR8q7ZMCcnpump;EoKqyKksc4ekiPVuBD9FiztYQHkV59x8KTcZ3ReLpump;Er5RuNhTEwJH5dHv9c3YGATjgkLCETH4dKazntyWEtXY;F41TwidZvJJcsx9c2BMwS6eH9W6HcUT4LzPmGvK9WU6N;F59cEB3A7RAKHGtkvR577swnPSP6EsdaBoL5AcVZpump;FuF2M5T79HJdpJUbp46qwWssLXQ1Xjf1yiNSfyo5UEGC;G9r7nnHSgvb7LUfCE8kavRaKokEMMYBjVHGKvQ6dpump;GKTxLXsmkjLDo89XmPa5htwK7sAzdqZ3jmfV6gaTvK67;GL7M1C4QeLoURyexYgdhuP8SvaPh5LHQLRqKha3epump;GfqKCwNeAdHHi97AmgCLP5qrwcSJRDdyZ1huiU6xUXTz;H8oe2SCksJcYzhPeS4TsbteusgZW5k7QaZ4boKyq8C7U;H9GGsNc7vA4hN13N1oU4itq8x3mrdZBdw2XdK3Mipump;HJPjdsDmcvgCj4MV3NvqCWd78qDP8BMzGfrsk4Nbpump;JAqRn24FuQ5MFReXNgXb8uFej5vHJDxhVtebpQvHTQZy;UsrcsZMqw6p53Fohu16UCBjsbjqc73XmoRFZDcnCtMR;dy6zeSw9j2zHprXLwk1uUGAD4d2HF5R3pAFrL6bRAKs;hHc9579gpKUnvYvgcKyjdpe1UhmfVfGzGwMQCADpump;rMPLDvnn6KR773WNhZvtFNcgFwnRkc7UbPkUaiMpump;sMe5iUcgTe4VXmg4WaShF5kuk6GmcKF3y4HqKGZpump;xeKm1qmxyHLJZLdwKpsZdx5UFtYyb124GTWRZWypump,2024-01-15T04:22:08Z,2026-10-06T05:52:39Z,HIGH,Binance-linked service wallet,True
AkbiCvpW9sgYP8CCondVmpecNGyJ88jka6t8HXja7zC5,upstream,90,146,13V3CbY7Q7AXnf24FMsUaQrmLxnRU4Md9phDEWZvpump;21XJbyQWEhmeoxKRHdGrEjetSfHopvtp68LWzdvT471M;25GrKYrc3y4LZmmuhppYgFRCKb7JyZ6grum4WhLYvA1z;28HydoWU7TZQxWiVQxGZyspE3qgWdCHToNDVgLoNpump;2A6sLqrw8WN6KkgnCsN4xJkyAowBZHr2H9xQ4u3Mpump;2BucyGvsg9wwTwsaFsEUFgdphrCtp94pDRtHowJUpump;2Tiw1Tna3kAut868cjXuKoyrv8U8gi1YjTaXw7Czpump;3GeNgcFpMwH9ts5b3W3jddtfwhwAURaykTy8YjtrGQWT;3coFBLantjJkMRmzaQ4znMQQzfqFYTyBeNhdXYAzpump;3f8CKfznVUGrFfhcq8ZBY9M1xyDeEQGrh6iH372h3ebN;3uYT8w1FxasDGmM4WDG5kXu6D9BGvyP3iEfPJEVb6ewT;3vfxnHSCS139RZiw6MPZaEvhySnjbEi81GuF5EdNpump;44s336LDz8bXp4rpxy1qwUfysZ4THjpReQWTKQg7pump;47r9YPDeTVpwHjAakoVgnzNTJRChXC8f4KSUqMbEsBbM;49aM4HrGABwG9F8iAn385zzcsS6mxHEFY8YN3H7y1Cd9;4GRTznsfLTRqaB2uMAFmmgaWtvfVyBb4qCsTjskUpump;4kkrecvSVnnkK3RZcJ85tNFiZu9pWg584yHjNCqEpump;4n32UBFWKJNPQayeN25GrLJHswbja41XFMxebcg9pump;4prKtarobdhYDY4Hu3uGZMx7Je4HqPJeLVyxN6m4Ld3T;4sjtHGeAKP6DoMUdvFqQuiYKhhPpwa9XCxUyuFD2pump;55bKo8bj1YVEgsbwkkd4Nwu7JhaZF9trUgbvpZ3YeVCA;57ANN8dAbPX8x1BEFFwzBttkzwpKZBEiJkdiWSzVNQvS;5DoZAeBkoci5t5zPhUiuhQFjuzYTfkSv5Seojsxppump;5EZ7yagvcsHcwH3e17khLwGzhFrCsx7CKS7ZN6J6i4Lh;5L6As5obMTXxKwjmGBy1LTRwW2Hm1PjSK18JhETrpump;5Sg1vv51KGCSDF2gBHgbNATCEXFjYtVhWgztNUwtgJYD;5o9sE9FEVC12zWBd2zqPXAhoVyRiNjGfaYX6hS3Ppump;5pSEZw1iytqYznD7crsGyKNek7q5JkjBqj2KmfqxUVZd;67afrnTxo8DVc52Uev61Yo4Yr9BGQpRw1RpPMWcx42La;69N7rm9nnp6sVoULtp5toD26F25rYum8593GupxkUYvH;6XD1vorwquLXjTSL5W4MJMGewZBeiEcPFmZw527TSwva;6akNLpNd11oq4q5zxhXGwr5jwUi6Ke4CvKmF6QeUwJCQ;6gKx5EMvnymTVz2JgFhJAqpGxTYaBdVsaLb9YfPfvg4Y;6sFMbTF2VTzutzKekenJujFZBqb4TiBZJKfyLMUbpump;6wSQipxdE9Suf8tVNaCEbcqavUbLT7gL9tibpm3Jpump;7271ZR6GBzaGqdtP28ZqZ5BKRt2ziu4AnPnVCAL7pump;7HiD5rzoZxAYXEJ8Z4t3WgM8VE1iSKWJdxPPyEdDNzwN;7Q9VxTczrzgvjXWbJJZibR7hbYAohngsNsuEhdEcpump;7aLLQRBpGCaSLmmHGf34MGtbdtTumiB14d14TtDnpump;7dACCWZXF4Lr9ftxFpi7TJk7a3hcPpUwGPAcTuXDpump;7mRDn1rAqjwFQXacodr1UmkNdvAGPbtNP9k5jvBZqt9J;7p4MwwkUaMv4gBThVkW46QjwVaosaUrccbFV1MbXpump;7xXo3JYBqzh6D91XRppzFRLfw8wJHypeukGaNWwKgZ8m;8G7aM6Gco4fHjVpmVvUdVvhKMKaWXJEqkCKRvPdepump;8qT3o4k4aUmyLrgd7hHYmVxin3kFhQ9QsXdSXTP6pump;8ypYfW5cjafrfAZij8TZj5SFHAbPNpiRio96LMzypDkn;9CzNGAEutxKHJ5CwYC5Lk8X8YzgYrQnvKChP2BFEpump;9PNfxvTARzdxvQas2uknW57bnfMCS1dxW1He7rPbuhuQ;9ek8utEujXFmiM9wXcWKPF18y57PmeG8rsiBZGzzpump;9hAojtonqe4RUQarvUYZhFqC99VK1S3LCewYkSjnpump;9mqJNDG2squcqZt2zC7cWWNtVozUbQUnzVnP1jG6pump;9xhMStAAufkH5jA5nevaGy6M9fCsQ74BZnsXyo93DkfA;ASftCNtzPNmK3nMDvpQNvpLauKS45Vkq7kwTPutqUBL1;AbpJywMWmkf1MFonRddPVogSwPPZHB9pG4x2nKb1YaPn;AgB5SxiP1DFZbW9uDAH7s8Mhv1HF21nJv67tnAAYpump;Ajz86fyiygsv8kZkUyDxogxkz5VfKRs4HTEABVTfpump;AmWCcDf6tG7zB3VPeDVjeXL5N567fXAiHcTKw3xXpump;B3xU49SW3khA7m5Lgata2fmPxZeQRuaJbCruPsVDpump;BE5ciZmcADAX78u2a1GrFiPMPC3rNXtdPGUrhzWB4k5d;BUPNYwndVGfzVb6RG6q2PX53VdAimw2Mi98QxqeWpump;BZYpLHhui3qRNokWFg2JcX8CYtMqzWHR5R4xowjcbPqh;CHygERrxnc5QByNCwxUNSMhP7tKJA7rh6hNBdJ2spump;CSLP8Vp7u9hrXQi7crPXqCp7BaJaG4JrNxqvR3jDpump;CziyAr14UNUrfkxpioWSumkLXMwWnDWN2bu2WR5ao7kc;D4aEpQLW45YnWrBmztcpJHqabbPtFe9F9PTv8Umvpump;DJejJn1iJntJVTAixy4VRgqJFF3NMKPEMgVzbJFmpump;DQ2H7qcj262RAKfSxGYeL7cYJq54mVdXe4gYxUwxpump;DTm66ivA96mhuQnqTy1cv7uELS4MHdYtpbRGJdW9t7Fn;DkDwxjD5JFK7hd7qUNHqNaTeqDGcZ1ia3Y6E7EUiehEn;EHUzmwAzmUix7TkwVr7b16U9ChJDr3RpjfXshR5swy5j;EkTkjVEfhvgkoCwheMTnr8mhEmJ6Q7ZR8q7ZMCcnpump;EoKqyKksc4ekiPVuBD9FiztYQHkV59x8KTcZ3ReLpump;Er5RuNhTEwJH5dHv9c3YGATjgkLCETH4dKazntyWEtXY;F41TwidZvJJcsx9c2BMwS6eH9W6HcUT4LzPmGvK9WU6N;F59cEB3A7RAKHGtkvR577swnPSP6EsdaBoL5AcVZpump;FuF2M5T79HJdpJUbp46qwWssLXQ1Xjf1yiNSfyo5UEGC;G9r7nnHSgvb7LUfCE8kavRaKokEMMYBjVHGKvQ6dpump;GKTxLXsmkjLDo89XmPa5htwK7sAzdqZ3jmfV6gaTvK67;GL7M1C4QeLoURyexYgdhuP8SvaPh5LHQLRqKha3epump;GfqKCwNeAdHHi97AmgCLP5qrwcSJRDdyZ1huiU6xUXTz;H8oe2SCksJcYzhPeS4TsbteusgZW5k7QaZ4boKyq8C7U;H9GGsNc7vA4hN13N1oU4itq8x3mrdZBdw2XdK3Mipump;HJPjdsDmcvgCj4MV3NvqCWd78qDP8BMzGfrsk4Nbpump;JAqRn24FuQ5MFReXNgXb8uFej5vHJDxhVtebpQvHTQZy;UsrcsZMqw6p53Fohu16UCBjsbjqc73XmoRFZDcnCtMR;hHc9579gpKUnvYvgcKyjdpe1UhmfVfGzGwMQCADpump;omskHvyNvQSn3PFak3E8JHQJeSVJFsrc6izWT12pump;rMPLDvnn6KR773WNhZvtFNcgFwnRkc7UbPkUaiMpump;sMe5iUcgTe4VXmg4WaShF5kuk6GmcKF3y4HqKGZpump;xeKm1qmxyHLJZLdwKpsZdx5UFtYyb124GTWRZWypump,2021-10-14T03:16:13Z,2021-10-14T03:16:13Z,MEDIUM,,True
iGdFcQoyR2MwbXMHQskhmNsqddZ6rinsipHc4TNSdwu,direct,90,130,13V3CbY7Q7AXnf24FMsUaQrmLxnRU4Md9phDEWZvpump;21XJbyQWEhmeoxKRHdGrEjetSfHopvtp68LWzdvT471M;25GrKYrc3y4LZmmuhppYgFRCKb7JyZ6grum4WhLYvA1z;28HydoWU7TZQxWiVQxGZyspE3qgWdCHToNDVgLoNpump;2A6sLqrw8WN6KkgnCsN4xJkyAowBZHr2H9xQ4u3Mpump;2BucyGvsg9wwTwsaFsEUFgdphrCtp94pDRtHowJUpump;2Tiw1Tna3kAut868cjXuKoyrv8U8gi1YjTaXw7Czpump;3GeNgcFpMwH9ts5b3W3jddtfwhwAURaykTy8YjtrGQWT;3coFBLantjJkMRmzaQ4znMQQzfqFYTyBeNhdXYAzpump;3f8CKfznVUGrFfhcq8ZBY9M1xyDeEQGrh6iH372h3ebN;3uYT8w1FxasDGmM4WDG5kXu6D9BGvyP3iEfPJEVb6ewT;3vfxnHSCS139RZiw6MPZaEvhySnjbEi81GuF5EdNpump;44s336LDz8bXp4rpxy1qwUfysZ4THjpReQWTKQg7pump;47r9YPDeTVpwHjAakoVgnzNTJRChXC8f4KSUqMbEsBbM;49aM4HrGABwG9F8iAn385zzcsS6mxHEFY8YN3H7y1Cd9;4GRTznsfLTRqaB2uMAFmmgaWtvfVyBb4qCsTjskUpump;4kkrecvSVnnkK3RZcJ85tNFiZu9pWg584yHjNCqEpump;4n32UBFWKJNPQayeN25GrLJHswbja41XFMxebcg9pump;4prKtarobdhYDY4Hu3uGZMx7Je4HqPJeLVyxN6m4Ld3T;4sjtHGeAKP6DoMUdvFqQuiYKhhPpwa9XCxUyuFD2pump;55bKo8bj1YVEgsbwkkd4Nwu7JhaZF9trUgbvpZ3YeVCA;57ANN8dAbPX8x1BEFFwzBttkzwpKZBEiJkdiWSzVNQvS;5DoZAeBkoci5t5zPhUiuhQFjuzYTfkSv5Seojsxppump;5EZ7yagvcsHcwH3e17khLwGzhFrCsx7CKS7ZN6J6i4Lh;5L6As5obMTXxKwjmGBy1LTRwW2Hm1PjSK18JhETrpump;5Sg1vv51KGCSDF2gBHgbNATCEXFjYtVhWgztNUwtgJYD;5o9sE9FEVC12zWBd2zqPXAhoVyRiNjGfaYX6hS3Ppump;5pSEZw1iytqYznD7crsGyKNek7q5JkjBqj2KmfqxUVZd;67afrnTxo8DVc52Uev61Yo4Yr9BGQpRw1RpPMWcx42La;69N7rm9nnp6sVoULtp5toD26F25rYum8593GupxkUYvH;6XD1vorwquLXjTSL5W4MJMGewZBeiEcPFmZw527TSwva;6akNLpNd11oq4q5zxhXGwr5jwUi6Ke4CvKmF6QeUwJCQ;6gKx5EMvnymTVz2JgFhJAqpGxTYaBdVsaLb9YfPfvg4Y;6sFMbTF2VTzutzKekenJujFZBqb4TiBZJKfyLMUbpump;6wSQipxdE9Suf8tVNaCEbcqavUbLT7gL9tibpm3Jpump;7271ZR6GBzaGqdtP28ZqZ5BKRt2ziu4AnPnVCAL7pump;7HiD5rzoZxAYXEJ8Z4t3WgM8VE1iSKWJdxPPyEdDNzwN;7Q9VxTczrzgvjXWbJJZibR7hbYAohngsNsuEhdEcpump;7aLLQRBpGCaSLmmHGf34MGtbdtTumiB14d14TtDnpump;7dACCWZXF4Lr9ftxFpi7TJk7a3hcPpUwGPAcTuXDpump;7mRDn1rAqjwFQXacodr1UmkNdvAGPbtNP9k5jvBZqt9J;7p4MwwkUaMv4gBThVkW46QjwVaosaUrccbFV1MbXpump;7xXo3JYBqzh6D91XRppzFRLfw8wJHypeukGaNWwKgZ8m;8G7aM6Gco4fHjVpmVvUdVvhKMKaWXJEqkCKRvPdepump;8qT3o4k4aUmyLrgd7hHYmVxin3kFhQ9QsXdSXTP6pump;8ypYfW5cjafrfAZij8TZj5SFHAbPNpiRio96LMzypDkn;9CzNGAEutxKHJ5CwYC5Lk8X8YzgYrQnvKChP2BFEpump;9PNfxvTARzdxvQas2uknW57bnfMCS1dxW1He7rPbuhuQ;9ek8utEujXFmiM9wXcWKPF18y57PmeG8rsiBZGzzpump;9hAojtonqe4RUQarvUYZhFqC99VK1S3LCewYkSjnpump;9mqJNDG2squcqZt2zC7cWWNtVozUbQUnzVnP1jG6pump;9xhMStAAufkH5jA5nevaGy6M9fCsQ74BZnsXyo93DkfA;ASftCNtzPNmK3nMDvpQNvpLauKS45Vkq7kwTPutqUBL1;AbpJywMWmkf1MFonRddPVogSwPPZHB9pG4x2nKb1YaPn;AgB5SxiP1DFZbW9uDAH7s8Mhv1HF21nJv67tnAAYpump;Ajz86fyiygsv8kZkUyDxogxkz5VfKRs4HTEABVTfpump;AmWCcDf6tG7zB3VPeDVjeXL5N567fXAiHcTKw3xXpump;B3xU49SW3khA7m5Lgata2fmPxZeQRuaJbCruPsVDpump;BE5ciZmcADAX78u2a1GrFiPMPC3rNXtdPGUrhzWB4k5d;BUPNYwndVGfzVb6RG6q2PX53VdAimw2Mi98QxqeWpump;BZYpLHhui3qRNokWFg2JcX8CYtMqzWHR5R4xowjcbPqh;CHygERrxnc5QByNCwxUNSMhP7tKJA7rh6hNBdJ2spump;CSLP8Vp7u9hrXQi7crPXqCp7BaJaG4JrNxqvR3jDpump;CziyAr14UNUrfkxpioWSumkLXMwWnDWN2bu2WR5ao7kc;D4aEpQLW45YnWrBmztcpJHqabbPtFe9F9PTv8Umvpump;DJejJn1iJntJVTAixy4VRgqJFF3NMKPEMgVzbJFmpump;DQ2H7qcj262RAKfSxGYeL7cYJq54mVdXe4gYxUwxpump;DTm66ivA96mhuQnqTy1cv7uELS4MHdYtpbRGJdW9t7Fn;DkDwxjD5JFK7hd7qUNHqNaTeqDGcZ1ia3Y6E7EUiehEn;EHUzmwAzmUix7TkwVr7b16U9ChJDr3RpjfXshR5swy5j;EkTkjVEfhvgkoCwheMTnr8mhEmJ6Q7ZR8q7ZMCcnpump;EoKqyKksc4ekiPVuBD9FiztYQHkV59x8KTcZ3ReLpump;Er5RuNhTEwJH5dHv9c3YGATjgkLCETH4dKazntyWEtXY;F41TwidZvJJcsx9c2BMwS6eH9W6HcUT4LzPmGvK9WU6N;F59cEB3A7RAKHGtkvR577swnPSP6EsdaBoL5AcVZpump;FuF2M5T79HJdpJUbp46qwWssLXQ1Xjf1yiNSfyo5UEGC;G9r7nnHSgvb7LUfCE8kavRaKokEMMYBjVHGKvQ6dpump;GKTxLXsmkjLDo89XmPa5htwK7sAzdqZ3jmfV6gaTvK67;GL7M1C4QeLoURyexYgdhuP8SvaPh5LHQLRqKha3epump;GfqKCwNeAdHHi97AmgCLP5qrwcSJRDdyZ1huiU6xUXTz;H8oe2SCksJcYzhPeS4TsbteusgZW5k7QaZ4boKyq8C7U;H9GGsNc7vA4hN13N1oU4itq8x3mrdZBdw2XdK3Mipump;HJPjdsDmcvgCj4MV3NvqCWd78qDP8BMzGfrsk4Nbpump;JAqRn24FuQ5MFReXNgXb8uFej5vHJDxhVtebpQvHTQZy;UsrcsZMqw6p53Fohu16UCBjsbjqc73XmoRFZDcnCtMR;hHc9579gpKUnvYvgcKyjdpe1UhmfVfGzGwMQCADpump;omskHvyNvQSn3PFak3E8JHQJeSVJFsrc6izWT12pump;rMPLDvnn6KR773WNhZvtFNcgFwnRkc7UbPkUaiMpump;sMe5iUcgTe4VXmg4WaShF5kuk6GmcKF3y4HqKGZpump;xeKm1qmxyHLJZLdwKpsZdx5UFtYyb124GTWRZWypump,2025-07-13T05:05:23Z,2026-10-04T11:14:12Z,HIGH,Bybit Wallet 10,True
iGdFcQoyR2MwbXMHQskhmNsqddZ6rinsipHc4TNSdwu,upstream,81,86,13V3CbY7Q7AXnf24FMsUaQrmLxnRU4Md9phDEWZvpump;21XJbyQWEhmeoxKRHdGrEjetSfHopvtp68LWzdvT471M;25GrKYrc3y4LZmmuhppYgFRCKb7JyZ6grum4WhLYvA1z;28HydoWU7TZQxWiVQxGZyspE3qgWdCHToNDVgLoNpump;2A6sLqrw8WN6KkgnCsN4xJkyAowBZHr2H9xQ4u3Mpump;2BucyGvsg9wwTwsaFsEUFgdphrCtp94pDRtHowJUpump;2Tiw1Tna3kAut868cjXuKoyrv8U8gi1YjTaXw7Czpump;2iSB473Z7L2ndpWs3n22tb7H3KSGpswDTH3jP7qCCAZT;3GeNgcFpMwH9ts5b3W3jddtfwhwAURaykTy8YjtrGQWT;3coFBLantjJkMRmzaQ4znMQQzfqFYTyBeNhdXYAzpump;3f8CKfznVUGrFfhcq8ZBY9M1xyDeEQGrh6iH372h3ebN;3vfxnHSCS139RZiw6MPZaEvhySnjbEi81GuF5EdNpump;44s336LDz8bXp4rpxy1qwUfysZ4THjpReQWTKQg7pump;47r9YPDeTVpwHjAakoVgnzNTJRChXC8f4KSUqMbEsBbM;49aM4HrGABwG9F8iAn385zzcsS6mxHEFY8YN3H7y1Cd9;4GRTznsfLTRqaB2uMAFmmgaWtvfVyBb4qCsTjskUpump;4n32UBFWKJNPQayeN25GrLJHswbja41XFMxebcg9pump;4prKtarobdhYDY4Hu3uGZMx7Je4HqPJeLVyxN6m4Ld3T;4sjtHGeAKP6DoMUdvFqQuiYKhhPpwa9XCxUyuFD2pump;57ANN8dAbPX8x1BEFFwzBttkzwpKZBEiJkdiWSzVNQvS;5EZ7yagvcsHcwH3e17khLwGzhFrCsx7CKS7ZN6J6i4Lh;5Sg1vv51KGCSDF2gBHgbNATCEXFjYtVhWgztNUwtgJYD;5nnWe5SCBaNMC3oNiR7utth6kx3mH1dhmCarjDb91shW;5o43e7gYZWFNEpdqkegHY6LXkhMXB1z6f7d6TAVGEMTM;5o9sE9FEVC12zWBd2zqPXAhoVyRiNjGfaYX6hS3Ppump;5pSEZw1iytqYznD7crsGyKNek7q5JkjBqj2KmfqxUVZd;67afrnTxo8DVc52Uev61Yo4Yr9BGQpRw1RpPMWcx42La;69N7rm9nnp6sVoULtp5toD26F25rYum8593GupxkUYvH;6XD1vorwquLXjTSL5W4MJMGewZBeiEcPFmZw527TSwva;6akNLpNd11oq4q5zxhXGwr5jwUi6Ke4CvKmF6QeUwJCQ;6gKx5EMvnymTVz2JgFhJAqpGxTYaBdVsaLb9YfPfvg4Y;6sFMbTF2VTzutzKekenJujFZBqb4TiBZJKfyLMUbpump;6wSQipxdE9Suf8tVNaCEbcqavUbLT7gL9tibpm3Jpump;7271ZR6GBzaGqdtP28ZqZ5BKRt2ziu4AnPnVCAL7pump;7HiD5rzoZxAYXEJ8Z4t3WgM8VE1iSKWJdxPPyEdDNzwN;7Q9VxTczrzgvjXWbJJZibR7hbYAohngsNsuEhdEcpump;7aLLQRBpGCaSLmmHGf34MGtbdtTumiB14d14TtDnpump;7dACCWZXF4Lr9ftxFpi7TJk7a3hcPpUwGPAcTuXDpump;7mRDn1rAqjwFQXacodr1UmkNdvAGPbtNP9k5jvBZqt9J;7p4MwwkUaMv4gBThVkW46QjwVaosaUrccbFV1MbXpump;7xXo3JYBqzh6D91XRppzFRLfw8wJHypeukGaNWwKgZ8m;8G7aM6Gco4fHjVpmVvUdVvhKMKaWXJEqkCKRvPdepump;8ypYfW5cjafrfAZij8TZj5SFHAbPNpiRio96LMzypDkn;9CzNGAEutxKHJ5CwYC5Lk8X8YzgYrQnvKChP2BFEpump;9PNfxvTARzdxvQas2uknW57bnfMCS1dxW1He7rPbuhuQ;9ek8utEujXFmiM9wXcWKPF18y57PmeG8rsiBZGzzpump;9hAojtonqe4RUQarvUYZhFqC99VK1S3LCewYkSjnpump;9mqJNDG2squcqZt2zC7cWWNtVozUbQUnzVnP1jG6pump;ASftCNtzPNmK3nMDvpQNvpLauKS45Vkq7kwTPutqUBL1;AbpJywMWmkf1MFonRddPVogSwPPZHB9pG4x2nKb1YaPn;AgB5SxiP1DFZbW9uDAH7s8Mhv1HF21nJv67tnAAYpump;Ajz86fyiygsv8kZkUyDxogxkz5VfKRs4HTEABVTfpump;AmWCcDf6tG7zB3VPeDVjeXL5N567fXAiHcTKw3xXpump;B3xU49SW3khA7m5Lgata2fmPxZeQRuaJbCruPsVDpump;BE5ciZmcADAX78u2a1GrFiPMPC3rNXtdPGUrhzWB4k5d;BUPNYwndVGfzVb6RG6q2PX53VdAimw2Mi98QxqeWpump;BZYpLHhui3qRNokWFg2JcX8CYtMqzWHR5R4xowjcbPqh;BmU6YJP2YCAo8sc2dkeR8KjvF3rGFBHZL25ejysppump;CHygERrxnc5QByNCwxUNSMhP7tKJA7rh6hNBdJ2spump;CSLP8Vp7u9hrXQi7crPXqCp7BaJaG4JrNxqvR3jDpump;D4aEpQLW45YnWrBmztcpJHqabbPtFe9F9PTv8Umvpump;DJejJn1iJntJVTAixy4VRgqJFF3NMKPEMgVzbJFmpump;DQ2H7qcj262RAKfSxGYeL7cYJq54mVdXe4gYxUwxpump;EHUzmwAzmUix7TkwVr7b16U9ChJDr3RpjfXshR5swy5j;EkTkjVEfhvgkoCwheMTnr8mhEmJ6Q7ZR8q7ZMCcnpump;EoKqyKksc4ekiPVuBD9FiztYQHkV59x8KTcZ3ReLpump;Er5RuNhTEwJH5dHv9c3YGATjgkLCETH4dKazntyWEtXY;F41TwidZvJJcsx9c2BMwS6eH9W6HcUT4LzPmGvK9WU6N;G9r7nnHSgvb7LUfCE8kavRaKokEMMYBjVHGKvQ6dpump;GL7M1C4QeLoURyexYgdhuP8SvaPh5LHQLRqKha3epump;GfqKCwNeAdHHi97AmgCLP5qrwcSJRDdyZ1huiU6xUXTz;H8oe2SCksJcYzhPeS4TsbteusgZW5k7QaZ4boKyq8C7U;H9GGsNc7vA4hN13N1oU4itq8x3mrdZBdw2XdK3Mipump;HJPjdsDmcvgCj4MV3NvqCWd78qDP8BMzGfrsk4Nbpump;UsrcsZMqw6p53Fohu16UCBjsbjqc73XmoRFZDcnCtMR;dy6zeSw9j2zHprXLwk1uUGAD4d2HF5R3pAFrL6bRAKs;hHc9579gpKUnvYvgcKyjdpe1UhmfVfGzGwMQCADpump;omskHvyNvQSn3PFak3E8JHQJeSVJFsrc6izWT12pump;rMPLDvnn6KR773WNhZvtFNcgFwnRkc7UbPkUaiMpump;sMe5iUcgTe4VXmg4WaShF5kuk6GmcKF3y4HqKGZpump;xeKm1qmxyHLJZLdwKpsZdx5UFtYyb124GTWRZWypump,2025-07-11T16:31:33Z,2026-09-27T15:29:00Z,MEDIUM,Bybit Wallet 10,True
FWznbcNXWQuHTawe9RxvQ2LdCENssh12dsznf4RiouN5,upstream,78,98,13V3CbY7Q7AXnf24FMsUaQrmLxnRU4Md9phDEWZvpump;21XJbyQWEhmeoxKRHdGrEjetSfHopvtp68LWzdvT471M;25GrKYrc3y4LZmmuhppYgFRCKb7JyZ6grum4WhLYvA1z;28HydoWU7TZQxWiVQxGZyspE3qgWdCHToNDVgLoNpump;2A6sLqrw8WN6KkgnCsN4xJkyAowBZHr2H9xQ4u3Mpump;2BucyGvsg9wwTwsaFsEUFgdphrCtp94pDRtHowJUpump;2Tiw1Tna3kAut868cjXuKoyrv8U8gi1YjTaXw7Czpump;2iSB473Z7L2ndpWs3n22tb7H3KSGpswDTH3jP7qCCAZT;3GeNgcFpMwH9ts5b3W3jddtfwhwAURaykTy8YjtrGQWT;3coFBLantjJkMRmzaQ4znMQQzfqFYTyBeNhdXYAzpump;3f8CKfznVUGrFfhcq8ZBY9M1xyDeEQGrh6iH372h3ebN;3vfxnHSCS139RZiw6MPZaEvhySnjbEi81GuF5EdNpump;44s336LDz8bXp4rpxy1qwUfysZ4THjpReQWTKQg7pump;47r9YPDeTVpwHjAakoVgnzNTJRChXC8f4KSUqMbEsBbM;49aM4HrGABwG9F8iAn385zzcsS6mxHEFY8YN3H7y1Cd9;4GRTznsfLTRqaB2uMAFmmgaWtvfVyBb4qCsTjskUpump;4ZUjJ5EJbwfh7teotB29uHc1SC3SiqbrkwJoNgsxibbU;4n32UBFWKJNPQayeN25GrLJHswbja41XFMxebcg9pump;4prKtarobdhYDY4Hu3uGZMx7Je4HqPJeLVyxN6m4Ld3T;4sjtHGeAKP6DoMUdvFqQuiYKhhPpwa9XCxUyuFD2pump;55bKo8bj1YVEgsbwkkd4Nwu7JhaZF9trUgbvpZ3YeVCA;5DoZAeBkoci5t5zPhUiuhQFjuzYTfkSv5Seojsxppump;5L6As5obMTXxKwjmGBy1LTRwW2Hm1PjSK18JhETrpump;5o43e7gYZWFNEpdqkegHY6LXkhMXB1z6f7d6TAVGEMTM;5o9sE9FEVC12zWBd2zqPXAhoVyRiNjGfaYX6hS3Ppump;5pSEZw1iytqYznD7crsGyKNek7q5JkjBqj2KmfqxUVZd;67afrnTxo8DVc52Uev61Yo4Yr9BGQpRw1RpPMWcx42La;6VMsrZvNaSzddT6vkY6dEDoFMeK5EoHD4KCAycfQpump;6XD1vorwquLXjTSL5W4MJMGewZBeiEcPFmZw527TSwva;6sFMbTF2VTzutzKekenJujFZBqb4TiBZJKfyLMUbpump;6wSQipxdE9Suf8tVNaCEbcqavUbLT7gL9tibpm3Jpump;7271ZR6GBzaGqdtP28ZqZ5BKRt2ziu4AnPnVCAL7pump;7HiD5rzoZxAYXEJ8Z4t3WgM8VE1iSKWJdxPPyEdDNzwN;7aLLQRBpGCaSLmmHGf34MGtbdtTumiB14d14TtDnpump;7dACCWZXF4Lr9ftxFpi7TJk7a3hcPpUwGPAcTuXDpump;7mRDn1rAqjwFQXacodr1UmkNdvAGPbtNP9k5jvBZqt9J;7p4MwwkUaMv4gBThVkW46QjwVaosaUrccbFV1MbXpump;7xXo3JYBqzh6D91XRppzFRLfw8wJHypeukGaNWwKgZ8m;8G7aM6Gco4fHjVpmVvUdVvhKMKaWXJEqkCKRvPdepump;8qT3o4k4aUmyLrgd7hHYmVxin3kFhQ9QsXdSXTP6pump;8ypYfW5cjafrfAZij8TZj5SFHAbPNpiRio96LMzypDkn;9PNfxvTARzdxvQas2uknW57bnfMCS1dxW1He7rPbuhuQ;9hAojtonqe4RUQarvUYZhFqC99VK1S3LCewYkSjnpump;9mqJNDG2squcqZt2zC7cWWNtVozUbQUnzVnP1jG6pump;ASftCNtzPNmK3nMDvpQNvpLauKS45Vkq7kwTPutqUBL1;AbpJywMWmkf1MFonRddPVogSwPPZHB9pG4x2nKb1YaPn;Ajz86fyiygsv8kZkUyDxogxkz5VfKRs4HTEABVTfpump;AmWCcDf6tG7zB3VPeDVjeXL5N567fXAiHcTKw3xXpump;BE5ciZmcADAX78u2a1GrFiPMPC3rNXtdPGUrhzWB4k5d;BZYpLHhui3qRNokWFg2JcX8CYtMqzWHR5R4xowjcbPqh;BmU6YJP2YCAo8sc2dkeR8KjvF3rGFBHZL25ejysppump;CHygERrxnc5QByNCwxUNSMhP7tKJA7rh6hNBdJ2spump;CSLP8Vp7u9hrXQi7crPXqCp7BaJaG4JrNxqvR3jDpump;CziyAr14UNUrfkxpioWSumkLXMwWnDWN2bu2WR5ao7kc;D4aEpQLW45YnWrBmztcpJHqabbPtFe9F9PTv8Umvpump;DJejJn1iJntJVTAixy4VRgqJFF3NMKPEMgVzbJFmpump;DQ2H7qcj262RAKfSxGYeL7cYJq54mVdXe4gYxUwxpump;DTm66ivA96mhuQnqTy1cv7uELS4MHdYtpbRGJdW9t7Fn;DkDwxjD5JFK7hd7qUNHqNaTeqDGcZ1ia3Y6E7EUiehEn;EHUzmwAzmUix7TkwVr7b16U9ChJDr3RpjfXshR5swy5j;EkTkjVEfhvgkoCwheMTnr8mhEmJ6Q7ZR8q7ZMCcnpump;EoKqyKksc4ekiPVuBD9FiztYQHkV59x8KTcZ3ReLpump;Er5RuNhTEwJH5dHv9c3YGATjgkLCETH4dKazntyWEtXY;F41TwidZvJJcsx9c2BMwS6eH9W6HcUT4LzPmGvK9WU6N;F59cEB3A7RAKHGtkvR577swnPSP6EsdaBoL5AcVZpump;FuF2M5T79HJdpJUbp46qwWssLXQ1Xjf1yiNSfyo5UEGC;G9r7nnHSgvb7LUfCE8kavRaKokEMMYBjVHGKvQ6dpump;GKTxLXsmkjLDo89XmPa5htwK7sAzdqZ3jmfV6gaTvK67;GfqKCwNeAdHHi97AmgCLP5qrwcSJRDdyZ1huiU6xUXTz;H8oe2SCksJcYzhPeS4TsbteusgZW5k7QaZ4boKyq8C7U;H9GGsNc7vA4hN13N1oU4itq8x3mrdZBdw2XdK3Mipump;HJPjdsDmcvgCj4MV3NvqCWd78qDP8BMzGfrsk4Nbpump;JAqRn24FuQ5MFReXNgXb8uFej5vHJDxhVtebpQvHTQZy;UsrcsZMqw6p53Fohu16UCBjsbjqc73XmoRFZDcnCtMR;omskHvyNvQSn3PFak3E8JHQJeSVJFsrc6izWT12pump;rMPLDvnn6KR773WNhZvtFNcgFwnRkc7UbPkUaiMpump;sMe5iUcgTe4VXmg4WaShF5kuk6GmcKF3y4HqKGZpump;xeKm1qmxyHLJZLdwKpsZdx5UFtYyb124GTWRZWypump,2021-11-29T09:32:29Z,2025-09-21T01:48:11Z,MEDIUM,,True
3fsEw3NcHfU1oDnZKnWcztMZWta3mnTkjZRGmHmxugQt,upstream,69,72,13V3CbY7Q7AXnf24FMsUaQrmLxnRU4Md9phDEWZvpump;25GrKYrc3y4LZmmuhppYgFRCKb7JyZ6grum4WhLYvA1z;28HydoWU7TZQxWiVQxGZyspE3qgWdCHToNDVgLoNpump;2A6sLqrw8WN6KkgnCsN4xJkyAowBZHr2H9xQ4u3Mpump;2BucyGvsg9wwTwsaFsEUFgdphrCtp94pDRtHowJUpump;2Tiw1Tna3kAut868cjXuKoyrv8U8gi1YjTaXw7Czpump;2iSB473Z7L2ndpWs3n22tb7H3KSGpswDTH3jP7qCCAZT;3uYT8w1FxasDGmM4WDG5kXu6D9BGvyP3iEfPJEVb6ewT;3vfxnHSCS139RZiw6MPZaEvhySnjbEi81GuF5EdNpump;44s336LDz8bXp4rpxy1qwUfysZ4THjpReQWTKQg7pump;4ZUjJ5EJbwfh7teotB29uHc1SC3SiqbrkwJoNgsxibbU;4kkrecvSVnnkK3RZcJ85tNFiZu9pWg584yHjNCqEpump;4n32UBFWKJNPQayeN25GrLJHswbja41XFMxebcg9pump;4prKtarobdhYDY4Hu3uGZMx7Je4HqPJeLVyxN6m4Ld3T;55bKo8bj1YVEgsbwkkd4Nwu7JhaZF9trUgbvpZ3YeVCA;5DoZAeBkoci5t5zPhUiuhQFjuzYTfkSv5Seojsxppump;5EZ7yagvcsHcwH3e17khLwGzhFrCsx7CKS7ZN6J6i4Lh;5L6As5obMTXxKwjmGBy1LTRwW2Hm1PjSK18JhETrpump;5o43e7gYZWFNEpdqkegHY6LXkhMXB1z6f7d6TAVGEMTM;5o9sE9FEVC12zWBd2zqPXAhoVyRiNjGfaYX6hS3Ppump;5pSEZw1iytqYznD7crsGyKNek7q5JkjBqj2KmfqxUVZd;67afrnTxo8DVc52Uev61Yo4Yr9BGQpRw1RpPMWcx42La;69N7rm9nnp6sVoULtp5toD26F25rYum8593GupxkUYvH;6VMsrZvNaSzddT6vkY6dEDoFMeK5EoHD4KCAycfQpump;6akNLpNd11oq4q5zxhXGwr5jwUi6Ke4CvKmF6QeUwJCQ;6gKx5EMvnymTVz2JgFhJAqpGxTYaBdVsaLb9YfPfvg4Y;6sFMbTF2VTzutzKekenJujFZBqb4TiBZJKfyLMUbpump;7Q9VxTczrzgvjXWbJJZibR7hbYAohngsNsuEhdEcpump;7aLLQRBpGCaSLmmHGf34MGtbdtTumiB14d14TtDnpump;7dACCWZXF4Lr9ftxFpi7TJk7a3hcPpUwGPAcTuXDpump;7xXo3JYBqzh6D91XRppzFRLfw8wJHypeukGaNWwKgZ8m;8G7aM6Gco4fHjVpmVvUdVvhKMKaWXJEqkCKRvPdepump;8qT3o4k4aUmyLrgd7hHYmVxin3kFhQ9QsXdSXTP6pump;8ypYfW5cjafrfAZij8TZj5SFHAbPNpiRio96LMzypDkn;9CzNGAEutxKHJ5CwYC5Lk8X8YzgYrQnvKChP2BFEpump;9ek8utEujXFmiM9wXcWKPF18y57PmeG8rsiBZGzzpump;9hAojtonqe4RUQarvUYZhFqC99VK1S3LCewYkSjnpump;9mqJNDG2squcqZt2zC7cWWNtVozUbQUnzVnP1jG6pump;9xhMStAAufkH5jA5nevaGy6M9fCsQ74BZnsXyo93DkfA;ASftCNtzPNmK3nMDvpQNvpLauKS45Vkq7kwTPutqUBL1;AgB5SxiP1DFZbW9uDAH7s8Mhv1HF21nJv67tnAAYpump;Ajz86fyiygsv8kZkUyDxogxkz5VfKRs4HTEABVTfpump;B3xU49SW3khA7m5Lgata2fmPxZeQRuaJbCruPsVDpump;BE5ciZmcADAX78u2a1GrFiPMPC3rNXtdPGUrhzWB4k5d;BUPNYwndVGfzVb6RG6q2PX53VdAimw2Mi98QxqeWpump;BZYpLHhui3qRNokWFg2JcX8CYtMqzWHR5R4xowjcbPqh;BmU6YJP2YCAo8sc2dkeR8KjvF3rGFBHZL25ejysppump;CHygERrxnc5QByNCwxUNSMhP7tKJA7rh6hNBdJ2spump;CziyAr14UNUrfkxpioWSumkLXMwWnDWN2bu2WR5ao7kc;DkDwxjD5JFK7hd7qUNHqNaTeqDGcZ1ia3Y6E7EUiehEn;EkTkjVEfhvgkoCwheMTnr8mhEmJ6Q7ZR8q7ZMCcnpump;EoKqyKksc4ekiPVuBD9FiztYQHkV59x8KTcZ3ReLpump;F41TwidZvJJcsx9c2BMwS6eH9W6HcUT4LzPmGvK9WU6N;FuF2M5T79HJdpJUbp46qwWssLXQ1Xjf1yiNSfyo5UEGC;G9r7nnHSgvb7LUfCE8kavRaKokEMMYBjVHGKvQ6dpump;GKTxLXsmkjLDo89XmPa5htwK7sAzdqZ3jmfV6gaTvK67;GL7M1C4QeLoURyexYgdhuP8SvaPh5LHQLRqKha3epump;GfqKCwNeAdHHi97AmgCLP5qrwcSJRDdyZ1huiU6xUXTz;H8oe2SCksJcYzhPeS4TsbteusgZW5k7QaZ4boKyq8C7U;H9GGsNc7vA4hN13N1oU4itq8x3mrdZBdw2XdK3Mipump;HJPjdsDmcvgCj4MV3NvqCWd78qDP8BMzGfrsk4Nbpump;JAqRn24FuQ5MFReXNgXb8uFej5vHJDxhVtebpQvHTQZy;UsrcsZMqw6p53Fohu16UCBjsbjqc73XmoRFZDcnCtMR;dy6zeSw9j2zHprXLwk1uUGAD4d2HF5R3pAFrL6bRAKs;hHc9579gpKUnvYvgcKyjdpe1UhmfVfGzGwMQCADpump;omskHvyNvQSn3PFak3E8JHQJeSVJFsrc6izWT12pump;rMPLDvnn6KR773WNhZvtFNcgFwnRkc7UbPkUaiMpump;sMe5iUcgTe4VXmg4WaShF5kuk6GmcKF3y4HqKGZpump;xeKm1qmxyHLJZLdwKpsZdx5UFtYyb124GTWRZWypump,2024-12-19T08:57:48Z,2025-02-14T10:15:22Z,MEDIUM,,True
EPj6VRcqbkMUf9gKnJPSAPUsUYeosNYvnUhfZdwoqRaL,upstream,67,113,13V3CbY7Q7AXnf24FMsUaQrmLxnRU4Md9phDEWZvpump;21XJbyQWEhmeoxKRHdGrEjetSfHopvtp68LWzdvT471M;28HydoWU7TZQxWiVQxGZyspE3qgWdCHToNDVgLoNpump;2A6sLqrw8WN6KkgnCsN4xJkyAowBZHr2H9xQ4u3Mpump;2Tiw1Tna3kAut868cjXuKoyrv8U8gi1YjTaXw7Czpump;2iSB473Z7L2ndpWs3n22tb7H3KSGpswDTH3jP7qCCAZT;3GeNgcFpMwH9ts5b3W3jddtfwhwAURaykTy8YjtrGQWT;3coFBLantjJkMRmzaQ4znMQQzfqFYTyBeNhdXYAzpump;3f8CKfznVUGrFfhcq8ZBY9M1xyDeEQGrh6iH372h3ebN;44s336LDz8bXp4rpxy1qwUfysZ4THjpReQWTKQg7pump;49aM4HrGABwG9F8iAn385zzcsS6mxHEFY8YN3H7y1Cd9;4GRTznsfLTRqaB2uMAFmmgaWtvfVyBb4qCsTjskUpump;4ZUjJ5EJbwfh7teotB29uHc1SC3SiqbrkwJoNgsxibbU;4kkrecvSVnnkK3RZcJ85tNFiZu9pWg584yHjNCqEpump;4n32UBFWKJNPQayeN25GrLJHswbja41XFMxebcg9pump;57ANN8dAbPX8x1BEFFwzBttkzwpKZBEiJkdiWSzVNQvS;5DoZAeBkoci5t5zPhUiuhQFjuzYTfkSv5Seojsxppump;5L6As5obMTXxKwjmGBy1LTRwW2Hm1PjSK18JhETrpump;5o43e7gYZWFNEpdqkegHY6LXkhMXB1z6f7d6TAVGEMTM;5o9sE9FEVC12zWBd2zqPXAhoVyRiNjGfaYX6hS3Ppump;5pSEZw1iytqYznD7crsGyKNek7q5JkjBqj2KmfqxUVZd;69N7rm9nnp6sVoULtp5toD26F25rYum8593GupxkUYvH;6VMsrZvNaSzddT6vkY6dEDoFMeK5EoHD4KCAycfQpump;6XD1vorwquLXjTSL5W4MJMGewZBeiEcPFmZw527TSwva;6akNLpNd11oq4q5zxhXGwr5jwUi6Ke4CvKmF6QeUwJCQ;6gKx5EMvnymTVz2JgFhJAqpGxTYaBdVsaLb9YfPfvg4Y;6sFMbTF2VTzutzKekenJujFZBqb4TiBZJKfyLMUbpump;6wSQipxdE9Suf8tVNaCEbcqavUbLT7gL9tibpm3Jpump;7Q9VxTczrzgvjXWbJJZibR7hbYAohngsNsuEhdEcpump;7aLLQRBpGCaSLmmHGf34MGtbdtTumiB14d14TtDnpump;7mRDn1rAqjwFQXacodr1UmkNdvAGPbtNP9k5jvBZqt9J;7p4MwwkUaMv4gBThVkW46QjwVaosaUrccbFV1MbXpump;7xXo3JYBqzh6D91XRppzFRLfw8wJHypeukGaNWwKgZ8m;8G7aM6Gco4fHjVpmVvUdVvhKMKaWXJEqkCKRvPdepump;8qT3o4k4aUmyLrgd7hHYmVxin3kFhQ9QsXdSXTP6pump;8ypYfW5cjafrfAZij8TZj5SFHAbPNpiRio96LMzypDkn;9PNfxvTARzdxvQas2uknW57bnfMCS1dxW1He7rPbuhuQ;9ek8utEujXFmiM9wXcWKPF18y57PmeG8rsiBZGzzpump;9hAojtonqe4RUQarvUYZhFqC99VK1S3LCewYkSjnpump;9mqJNDG2squcqZt2zC7cWWNtVozUbQUnzVnP1jG6pump;ASftCNtzPNmK3nMDvpQNvpLauKS45Vkq7kwTPutqUBL1;AbpJywMWmkf1MFonRddPVogSwPPZHB9pG4x2nKb1YaPn;AmWCcDf6tG7zB3VPeDVjeXL5N567fXAiHcTKw3xXpump;B3xU49SW3khA7m5Lgata2fmPxZeQRuaJbCruPsVDpump;BE5ciZmcADAX78u2a1GrFiPMPC3rNXtdPGUrhzWB4k5d;BUPNYwndVGfzVb6RG6q2PX53VdAimw2Mi98QxqeWpump;BZYpLHhui3qRNokWFg2JcX8CYtMqzWHR5R4xowjcbPqh;BmU6YJP2YCAo8sc2dkeR8KjvF3rGFBHZL25ejysppump;CziyAr14UNUrfkxpioWSumkLXMwWnDWN2bu2WR5ao7kc;D4aEpQLW45YnWrBmztcpJHqabbPtFe9F9PTv8Umvpump;DJejJn1iJntJVTAixy4VRgqJFF3NMKPEMgVzbJFmpump;DTm66ivA96mhuQnqTy1cv7uELS4MHdYtpbRGJdW9t7Fn;DkDwxjD5JFK7hd7qUNHqNaTeqDGcZ1ia3Y6E7EUiehEn;EkTkjVEfhvgkoCwheMTnr8mhEmJ6Q7ZR8q7ZMCcnpump;EoKqyKksc4ekiPVuBD9FiztYQHkV59x8KTcZ3ReLpump;F41TwidZvJJcsx9c2BMwS6eH9W6HcUT4LzPmGvK9WU6N;F59cEB3A7RAKHGtkvR577swnPSP6EsdaBoL5AcVZpump;FuF2M5T79HJdpJUbp46qwWssLXQ1Xjf1yiNSfyo5UEGC;G9r7nnHSgvb7LUfCE8kavRaKokEMMYBjVHGKvQ6dpump;GKTxLXsmkjLDo89XmPa5htwK7sAzdqZ3jmfV6gaTvK67;GL7M1C4QeLoURyexYgdhuP8SvaPh5LHQLRqKha3epump;GfqKCwNeAdHHi97AmgCLP5qrwcSJRDdyZ1huiU6xUXTz;H8oe2SCksJcYzhPeS4TsbteusgZW5k7QaZ4boKyq8C7U;JAqRn24FuQ5MFReXNgXb8uFej5vHJDxhVtebpQvHTQZy;UsrcsZMqw6p53Fohu16UCBjsbjqc73XmoRFZDcnCtMR;sMe5iUcgTe4VXmg4WaShF5kuk6GmcKF3y4HqKGZpump;xeKm1qmxyHLJZLdwKpsZdx5UFtYyb124GTWRZWypump,2021-05-17T17:19:03Z,2021-05-17T18:18:02Z,MEDIUM,,True
CpjcPX63sPsWHMQLqY5qDnRDsfTpt7yn6d7h4xRV8o9g,upstream,59,60,21XJbyQWEhmeoxKRHdGrEjetSfHopvtp68LWzdvT471M;25GrKYrc3y4LZmmuhppYgFRCKb7JyZ6grum4WhLYvA1z;28HydoWU7TZQxWiVQxGZyspE3qgWdCHToNDVgLoNpump;2A6sLqrw8WN6KkgnCsN4xJkyAowBZHr2H9xQ4u3Mpump;2Tiw1Tna3kAut868cjXuKoyrv8U8gi1YjTaXw7Czpump;2iSB473Z7L2ndpWs3n22tb7H3KSGpswDTH3jP7qCCAZT;3f8CKfznVUGrFfhcq8ZBY9M1xyDeEQGrh6iH372h3ebN;44s336LDz8bXp4rpxy1qwUfysZ4THjpReQWTKQg7pump;47r9YPDeTVpwHjAakoVgnzNTJRChXC8f4KSUqMbEsBbM;49aM4HrGABwG9F8iAn385zzcsS6mxHEFY8YN3H7y1Cd9;4GRTznsfLTRqaB2uMAFmmgaWtvfVyBb4qCsTjskUpump;4ZUjJ5EJbwfh7teotB29uHc1SC3SiqbrkwJoNgsxibbU;4n32UBFWKJNPQayeN25GrLJHswbja41XFMxebcg9pump;4sjtHGeAKP6DoMUdvFqQuiYKhhPpwa9XCxUyuFD2pump;55bKo8bj1YVEgsbwkkd4Nwu7JhaZF9trUgbvpZ3YeVCA;5DoZAeBkoci5t5zPhUiuhQFjuzYTfkSv5Seojsxppump;5L6As5obMTXxKwjmGBy1LTRwW2Hm1PjSK18JhETrpump;5nnWe5SCBaNMC3oNiR7utth6kx3mH1dhmCarjDb91shW;5o43e7gYZWFNEpdqkegHY6LXkhMXB1z6f7d6TAVGEMTM;5o9sE9FEVC12zWBd2zqPXAhoVyRiNjGfaYX6hS3Ppump;5pSEZw1iytqYznD7crsGyKNek7q5JkjBqj2KmfqxUVZd;67afrnTxo8DVc52Uev61Yo4Yr9BGQpRw1RpPMWcx42La;6VMsrZvNaSzddT6vkY6dEDoFMeK5EoHD4KCAycfQpump;6XD1vorwquLXjTSL5W4MJMGewZBeiEcPFmZw527TSwva;6sFMbTF2VTzutzKekenJujFZBqb4TiBZJKfyLMUbpump;7HiD5rzoZxAYXEJ8Z4t3WgM8VE1iSKWJdxPPyEdDNzwN;7aLLQRBpGCaSLmmHGf34MGtbdtTumiB14d14TtDnpump;7p4MwwkUaMv4gBThVkW46QjwVaosaUrccbFV1MbXpump;7xXo3JYBqzh6D91XRppzFRLfw8wJHypeukGaNWwKgZ8m;8G7aM6Gco4fHjVpmVvUdVvhKMKaWXJEqkCKRvPdepump;8qT3o4k4aUmyLrgd7hHYmVxin3kFhQ9QsXdSXTP6pump;8ypYfW5cjafrfAZij8TZj5SFHAbPNpiRio96LMzypDkn;9CzNGAEutxKHJ5CwYC5Lk8X8YzgYrQnvKChP2BFEpump;9PNfxvTARzdxvQas2uknW57bnfMCS1dxW1He7rPbuhuQ;ASftCNtzPNmK3nMDvpQNvpLauKS45Vkq7kwTPutqUBL1;Ajz86fyiygsv8kZkUyDxogxkz5VfKRs4HTEABVTfpump;BE5ciZmcADAX78u2a1GrFiPMPC3rNXtdPGUrhzWB4k5d;BZYpLHhui3qRNokWFg2JcX8CYtMqzWHR5R4xowjcbPqh;CHygERrxnc5QByNCwxUNSMhP7tKJA7rh6hNBdJ2spump;CziyAr14UNUrfkxpioWSumkLXMwWnDWN2bu2WR5ao7kc;D4aEpQLW45YnWrBmztcpJHqabbPtFe9F9PTv8Umvpump;DQ2H7qcj262RAKfSxGYeL7cYJq54mVdXe4gYxUwxpump;DTm66ivA96mhuQnqTy1cv7uELS4MHdYtpbRGJdW9t7Fn;EHUzmwAzmUix7TkwVr7b16U9ChJDr3RpjfXshR5swy5j;EoKqyKksc4ekiPVuBD9FiztYQHkV59x8KTcZ3ReLpump;Er5RuNhTEwJH5dHv9c3YGATjgkLCETH4dKazntyWEtXY;F41TwidZvJJcsx9c2BMwS6eH9W6HcUT4LzPmGvK9WU6N;FuF2M5T79HJdpJUbp46qwWssLXQ1Xjf1yiNSfyo5UEGC;G9r7nnHSgvb7LUfCE8kavRaKokEMMYBjVHGKvQ6dpump;GKTxLXsmkjLDo89XmPa5htwK7sAzdqZ3jmfV6gaTvK67;GfqKCwNeAdHHi97AmgCLP5qrwcSJRDdyZ1huiU6xUXTz;H8oe2SCksJcYzhPeS4TsbteusgZW5k7QaZ4boKyq8C7U;H9GGsNc7vA4hN13N1oU4itq8x3mrdZBdw2XdK3Mipump;HJPjdsDmcvgCj4MV3NvqCWd78qDP8BMzGfrsk4Nbpump;JAqRn24FuQ5MFReXNgXb8uFej5vHJDxhVtebpQvHTQZy;UsrcsZMqw6p53Fohu16UCBjsbjqc73XmoRFZDcnCtMR;omskHvyNvQSn3PFak3E8JHQJeSVJFsrc6izWT12pump;rMPLDvnn6KR773WNhZvtFNcgFwnRkc7UbPkUaiMpump;xeKm1qmxyHLJZLdwKpsZdx5UFtYyb124GTWRZWypump,2021-06-10T19:20:51Z,2021-06-10T19:20:51Z,MEDIUM,,True
FBvxneTq8dY7WKxj924CseuveWzDL5tN9JuSW3S9nJkN,upstream,57,33,21XJbyQWEhmeoxKRHdGrEjetSfHopvtp68LWzdvT471M;25GrKYrc3y4LZmmuhppYgFRCKb7JyZ6grum4WhLYvA1z;28HydoWU7TZQxWiVQxGZyspE3qgWdCHToNDVgLoNpump;2Tiw1Tna3kAut868cjXuKoyrv8U8gi1YjTaXw7Czpump;2iSB473Z7L2ndpWs3n22tb7H3KSGpswDTH3jP7qCCAZT;3coFBLantjJkMRmzaQ4znMQQzfqFYTyBeNhdXYAzpump;3f8CKfznVUGrFfhcq8ZBY9M1xyDeEQGrh6iH372h3ebN;3vfxnHSCS139RZiw6MPZaEvhySnjbEi81GuF5EdNpump;44s336LDz8bXp4rpxy1qwUfysZ4THjpReQWTKQg7pump;49aM4HrGABwG9F8iAn385zzcsS6mxHEFY8YN3H7y1Cd9;4n32UBFWKJNPQayeN25GrLJHswbja41XFMxebcg9pump;4prKtarobdhYDY4Hu3uGZMx7Je4HqPJeLVyxN6m4Ld3T;57ANN8dAbPX8x1BEFFwzBttkzwpKZBEiJkdiWSzVNQvS;5EZ7yagvcsHcwH3e17khLwGzhFrCsx7CKS7ZN6J6i4Lh;5Sg1vv51KGCSDF2gBHgbNATCEXFjYtVhWgztNUwtgJYD;5nnWe5SCBaNMC3oNiR7utth6kx3mH1dhmCarjDb91shW;5o43e7gYZWFNEpdqkegHY6LXkhMXB1z6f7d6TAVGEMTM;5pSEZw1iytqYznD7crsGyKNek7q5JkjBqj2KmfqxUVZd;67afrnTxo8DVc52Uev61Yo4Yr9BGQpRw1RpPMWcx42La;69N7rm9nnp6sVoULtp5toD26F25rYum8593GupxkUYvH;6XD1vorwquLXjTSL5W4MJMGewZBeiEcPFmZw527TSwva;6akNLpNd11oq4q5zxhXGwr5jwUi6Ke4CvKmF6QeUwJCQ;6gKx5EMvnymTVz2JgFhJAqpGxTYaBdVsaLb9YfPfvg4Y;7271ZR6GBzaGqdtP28ZqZ5BKRt2ziu4AnPnVCAL7pump;7HiD5rzoZxAYXEJ8Z4t3WgM8VE1iSKWJdxPPyEdDNzwN;7Q9VxTczrzgvjXWbJJZibR7hbYAohngsNsuEhdEcpump;7aLLQRBpGCaSLmmHGf34MGtbdtTumiB14d14TtDnpump;7dACCWZXF4Lr9ftxFpi7TJk7a3hcPpUwGPAcTuXDpump;8ypYfW5cjafrfAZij8TZj5SFHAbPNpiRio96LMzypDkn;9CzNGAEutxKHJ5CwYC5Lk8X8YzgYrQnvKChP2BFEpump;9ek8utEujXFmiM9wXcWKPF18y57PmeG8rsiBZGzzpump;9mqJNDG2squcqZt2zC7cWWNtVozUbQUnzVnP1jG6pump;ASftCNtzPNmK3nMDvpQNvpLauKS45Vkq7kwTPutqUBL1;AbpJywMWmkf1MFonRddPVogSwPPZHB9pG4x2nKb1YaPn;AgB5SxiP1DFZbW9uDAH7s8Mhv1HF21nJv67tnAAYpump;Ajz86fyiygsv8kZkUyDxogxkz5VfKRs4HTEABVTfpump;B3xU49SW3khA7m5Lgata2fmPxZeQRuaJbCruPsVDpump;BE5ciZmcADAX78u2a1GrFiPMPC3rNXtdPGUrhzWB4k5d;BUPNYwndVGfzVb6RG6q2PX53VdAimw2Mi98QxqeWpump;BZYpLHhui3qRNokWFg2JcX8CYtMqzWHR5R4xowjcbPqh;CSLP8Vp7u9hrXQi7crPXqCp7BaJaG4JrNxqvR3jDpump;D4aEpQLW45YnWrBmztcpJHqabbPtFe9F9PTv8Umvpump;DQ2H7qcj262RAKfSxGYeL7cYJq54mVdXe4gYxUwxpump;EHUzmwAzmUix7TkwVr7b16U9ChJDr3RpjfXshR5swy5j;EkTkjVEfhvgkoCwheMTnr8mhEmJ6Q7ZR8q7ZMCcnpump;EoKqyKksc4ekiPVuBD9FiztYQHkV59x8KTcZ3ReLpump;G9r7nnHSgvb7LUfCE8kavRaKokEMMYBjVHGKvQ6dpump;GL7M1C4QeLoURyexYgdhuP8SvaPh5LHQLRqKha3epump;GfqKCwNeAdHHi97AmgCLP5qrwcSJRDdyZ1huiU6xUXTz;H8oe2SCksJcYzhPeS4TsbteusgZW5k7QaZ4boKyq8C7U;H9GGsNc7vA4hN13N1oU4itq8x3mrdZBdw2XdK3Mipump;HJPjdsDmcvgCj4MV3NvqCWd78qDP8BMzGfrsk4Nbpump;UsrcsZMqw6p53Fohu16UCBjsbjqc73XmoRFZDcnCtMR;hHc9579gpKUnvYvgcKyjdpe1UhmfVfGzGwMQCADpump;omskHvyNvQSn3PFak3E8JHQJeSVJFsrc6izWT12pump;sMe5iUcgTe4VXmg4WaShF5kuk6GmcKF3y4HqKGZpump;xeKm1qmxyHLJZLdwKpsZdx5UFtYyb124GTWRZWypump,2026-08-13T10:48:08Z,2026-08-16T21:43:36Z,MEDIUM,,True
6LY1JzAFVZsP2a2xKrtU6znQMQ5h4i7tocWdgrkZzkzF,upstream,57,32,13V3CbY7Q7AXnf24FMsUaQrmLxnRU4Md9phDEWZvpump;28HydoWU7TZQxWiVQxGZyspE3qgWdCHToNDVgLoNpump;2A6sLqrw8WN6KkgnCsN4xJkyAowBZHr2H9xQ4u3Mpump;2BucyGvsg9wwTwsaFsEUFgdphrCtp94pDRtHowJUpump;2iSB473Z7L2ndpWs3n22tb7H3KSGpswDTH3jP7qCCAZT;3GeNgcFpMwH9ts5b3W3jddtfwhwAURaykTy8YjtrGQWT;3coFBLantjJkMRmzaQ4znMQQzfqFYTyBeNhdXYAzpump;3f8CKfznVUGrFfhcq8ZBY9M1xyDeEQGrh6iH372h3ebN;3vfxnHSCS139RZiw6MPZaEvhySnjbEi81GuF5EdNpump;44s336LDz8bXp4rpxy1qwUfysZ4THjpReQWTKQg7pump;47r9YPDeTVpwHjAakoVgnzNTJRChXC8f4KSUqMbEsBbM;49aM4HrGABwG9F8iAn385zzcsS6mxHEFY8YN3H7y1Cd9;4GRTznsfLTRqaB2uMAFmmgaWtvfVyBb4qCsTjskUpump;4ZUjJ5EJbwfh7teotB29uHc1SC3SiqbrkwJoNgsxibbU;4prKtarobdhYDY4Hu3uGZMx7Je4HqPJeLVyxN6m4Ld3T;55bKo8bj1YVEgsbwkkd4Nwu7JhaZF9trUgbvpZ3YeVCA;57ANN8dAbPX8x1BEFFwzBttkzwpKZBEiJkdiWSzVNQvS;5L6As5obMTXxKwjmGBy1LTRwW2Hm1PjSK18JhETrpump;5o43e7gYZWFNEpdqkegHY6LXkhMXB1z6f7d6TAVGEMTM;5o9sE9FEVC12zWBd2zqPXAhoVyRiNjGfaYX6hS3Ppump;5pSEZw1iytqYznD7crsGyKNek7q5JkjBqj2KmfqxUVZd;69N7rm9nnp6sVoULtp5toD26F25rYum8593GupxkUYvH;6VMsrZvNaSzddT6vkY6dEDoFMeK5EoHD4KCAycfQpump;6sFMbTF2VTzutzKekenJujFZBqb4TiBZJKfyLMUbpump;6wSQipxdE9Suf8tVNaCEbcqavUbLT7gL9tibpm3Jpump;7271ZR6GBzaGqdtP28ZqZ5BKRt2ziu4AnPnVCAL7pump;7mRDn1rAqjwFQXacodr1UmkNdvAGPbtNP9k5jvBZqt9J;7p4MwwkUaMv4gBThVkW46QjwVaosaUrccbFV1MbXpump;7xXo3JYBqzh6D91XRppzFRLfw8wJHypeukGaNWwKgZ8m;8qT3o4k4aUmyLrgd7hHYmVxin3kFhQ9QsXdSXTP6pump;8ypYfW5cjafrfAZij8TZj5SFHAbPNpiRio96LMzypDkn;9hAojtonqe4RUQarvUYZhFqC99VK1S3LCewYkSjnpump;9mqJNDG2squcqZt2zC7cWWNtVozUbQUnzVnP1jG6pump;ASftCNtzPNmK3nMDvpQNvpLauKS45Vkq7kwTPutqUBL1;AbpJywMWmkf1MFonRddPVogSwPPZHB9pG4x2nKb1YaPn;Ajz86fyiygsv8kZkUyDxogxkz5VfKRs4HTEABVTfpump;AmWCcDf6tG7zB3VPeDVjeXL5N567fXAiHcTKw3xXpump;BZYpLHhui3qRNokWFg2JcX8CYtMqzWHR5R4xowjcbPqh;BmU6YJP2YCAo8sc2dkeR8KjvF3rGFBHZL25ejysppump;CSLP8Vp7u9hrXQi7crPXqCp7BaJaG4JrNxqvR3jDpump;CziyAr14UNUrfkxpioWSumkLXMwWnDWN2bu2WR5ao7kc;D4aEpQLW45YnWrBmztcpJHqabbPtFe9F9PTv8Umvpump;DJejJn1iJntJVTAixy4VRgqJFF3NMKPEMgVzbJFmpump;DQ2H7qcj262RAKfSxGYeL7cYJq54mVdXe4gYxUwxpump;EHUzmwAzmUix7TkwVr7b16U9ChJDr3RpjfXshR5swy5j;EkTkjVEfhvgkoCwheMTnr8mhEmJ6Q7ZR8q7ZMCcnpump;EoKqyKksc4ekiPVuBD9FiztYQHkV59x8KTcZ3ReLpump;Er5RuNhTEwJH5dHv9c3YGATjgkLCETH4dKazntyWEtXY;F59cEB3A7RAKHGtkvR577swnPSP6EsdaBoL5AcVZpump;H8oe2SCksJcYzhPeS4TsbteusgZW5k7QaZ4boKyq8C7U;H9GGsNc7vA4hN13N1oU4itq8x3mrdZBdw2XdK3Mipump;HJPjdsDmcvgCj4MV3NvqCWd78qDP8BMzGfrsk4Nbpump;JAqRn24FuQ5MFReXNgXb8uFej5vHJDxhVtebpQvHTQZy;UsrcsZMqw6p53Fohu16UCBjsbjqc73XmoRFZDcnCtMR;omskHvyNvQSn3PFak3E8JHQJeSVJFsrc6izWT12pump;rMPLDvnn6KR773WNhZvtFNcgFwnRkc7UbPkUaiMpump;sMe5iUcgTe4VXmg4WaShF5kuk6GmcKF3y4HqKGZpump,2025-10-28T20:58:58Z,2026-09-26T12:47:52Z,MEDIUM,,True
H8sMJSCQxfKiFTCfDR3DUMLPwcRbM61LGFJ8N4dK3WjS,upstream,56,70,21XJbyQWEhmeoxKRHdGrEjetSfHopvtp68LWzdvT471M;28HydoWU7TZQxWiVQxGZyspE3qgWdCHToNDVgLoNpump;2A6sLqrw8WN6KkgnCsN4xJkyAowBZHr2H9xQ4u3Mpump;2iSB473Z7L2ndpWs3n22tb7H3KSGpswDTH3jP7qCCAZT;3GeNgcFpMwH9ts5b3W3jddtfwhwAURaykTy8YjtrGQWT;3coFBLantjJkMRmzaQ4znMQQzfqFYTyBeNhdXYAzpump;3uYT8w1FxasDGmM4WDG5kXu6D9BGvyP3iEfPJEVb6ewT;44s336LDz8bXp4rpxy1qwUfysZ4THjpReQWTKQg7pump;49aM4HrGABwG9F8iAn385zzcsS6mxHEFY8YN3H7y1Cd9;4GRTznsfLTRqaB2uMAFmmgaWtvfVyBb4qCsTjskUpump;4n32UBFWKJNPQayeN25GrLJHswbja41XFMxebcg9pump;4prKtarobdhYDY4Hu3uGZMx7Je4HqPJeLVyxN6m4Ld3T;4sjtHGeAKP6DoMUdvFqQuiYKhhPpwa9XCxUyuFD2pump;5DoZAeBkoci5t5zPhUiuhQFjuzYTfkSv5Seojsxppump;5EZ7yagvcsHcwH3e17khLwGzhFrCsx7CKS7ZN6J6i4Lh;5L6As5obMTXxKwjmGBy1LTRwW2Hm1PjSK18JhETrpump;5o43e7gYZWFNEpdqkegHY6LXkhMXB1z6f7d6TAVGEMTM;5o9sE9FEVC12zWBd2zqPXAhoVyRiNjGfaYX6hS3Ppump;5pSEZw1iytqYznD7crsGyKNek7q5JkjBqj2KmfqxUVZd;69N7rm9nnp6sVoULtp5toD26F25rYum8593GupxkUYvH;6VMsrZvNaSzddT6vkY6dEDoFMeK5EoHD4KCAycfQpump;6akNLpNd11oq4q5zxhXGwr5jwUi6Ke4CvKmF6QeUwJCQ;6gKx5EMvnymTVz2JgFhJAqpGxTYaBdVsaLb9YfPfvg4Y;6sFMbTF2VTzutzKekenJujFZBqb4TiBZJKfyLMUbpump;6wSQipxdE9Suf8tVNaCEbcqavUbLT7gL9tibpm3Jpump;7aLLQRBpGCaSLmmHGf34MGtbdtTumiB14d14TtDnpump;7dACCWZXF4Lr9ftxFpi7TJk7a3hcPpUwGPAcTuXDpump;7p4MwwkUaMv4gBThVkW46QjwVaosaUrccbFV1MbXpump;7xXo3JYBqzh6D91XRppzFRLfw8wJHypeukGaNWwKgZ8m;8G7aM6Gco4fHjVpmVvUdVvhKMKaWXJEqkCKRvPdepump;8qT3o4k4aUmyLrgd7hHYmVxin3kFhQ9QsXdSXTP6pump;8ypYfW5cjafrfAZij8TZj5SFHAbPNpiRio96LMzypDkn;9CzNGAEutxKHJ5CwYC5Lk8X8YzgYrQnvKChP2BFEpump;9PNfxvTARzdxvQas2uknW57bnfMCS1dxW1He7rPbuhuQ;9ek8utEujXFmiM9wXcWKPF18y57PmeG8rsiBZGzzpump;9hAojtonqe4RUQarvUYZhFqC99VK1S3LCewYkSjnpump;9mqJNDG2squcqZt2zC7cWWNtVozUbQUnzVnP1jG6pump;ASftCNtzPNmK3nMDvpQNvpLauKS45Vkq7kwTPutqUBL1;B3xU49SW3khA7m5Lgata2fmPxZeQRuaJbCruPsVDpump;BE5ciZmcADAX78u2a1GrFiPMPC3rNXtdPGUrhzWB4k5d;BUPNYwndVGfzVb6RG6q2PX53VdAimw2Mi98QxqeWpump;BZYpLHhui3qRNokWFg2JcX8CYtMqzWHR5R4xowjcbPqh;BmU6YJP2YCAo8sc2dkeR8KjvF3rGFBHZL25ejysppump;CziyAr14UNUrfkxpioWSumkLXMwWnDWN2bu2WR5ao7kc;D4aEpQLW45YnWrBmztcpJHqabbPtFe9F9PTv8Umvpump;DJejJn1iJntJVTAixy4VRgqJFF3NMKPEMgVzbJFmpump;DTm66ivA96mhuQnqTy1cv7uELS4MHdYtpbRGJdW9t7Fn;DkDwxjD5JFK7hd7qUNHqNaTeqDGcZ1ia3Y6E7EUiehEn;EHUzmwAzmUix7TkwVr7b16U9ChJDr3RpjfXshR5swy5j;EoKqyKksc4ekiPVuBD9FiztYQHkV59x8KTcZ3ReLpump;Er5RuNhTEwJH5dHv9c3YGATjgkLCETH4dKazntyWEtXY;F41TwidZvJJcsx9c2BMwS6eH9W6HcUT4LzPmGvK9WU6N;GL7M1C4QeLoURyexYgdhuP8SvaPh5LHQLRqKha3epump;H9GGsNc7vA4hN13N1oU4itq8x3mrdZBdw2XdK3Mipump;JAqRn24FuQ5MFReXNgXb8uFej5vHJDxhVtebpQvHTQZy;sMe5iUcgTe4VXmg4WaShF5kuk6GmcKF3y4HqKGZpump,2022-01-07T14:01:29Z,2026-09-05T17:33:34Z,MEDIUM,,True
ECGGgZDLZr9qdRR5YK3b6NZi5aCLLPasf8EE5NQvPbdf,upstream,51,65,13V3CbY7Q7AXnf24FMsUaQrmLxnRU4Md9phDEWZvpump;2A6sLqrw8WN6KkgnCsN4xJkyAowBZHr2H9xQ4u3Mpump;2BucyGvsg9wwTwsaFsEUFgdphrCtp94pDRtHowJUpump;3coFBLantjJkMRmzaQ4znMQQzfqFYTyBeNhdXYAzpump;3uYT8w1FxasDGmM4WDG5kXu6D9BGvyP3iEfPJEVb6ewT;3vfxnHSCS139RZiw6MPZaEvhySnjbEi81GuF5EdNpump;44s336LDz8bXp4rpxy1qwUfysZ4THjpReQWTKQg7pump;49aM4HrGABwG9F8iAn385zzcsS6mxHEFY8YN3H7y1Cd9;4ZUjJ5EJbwfh7teotB29uHc1SC3SiqbrkwJoNgsxibbU;4kkrecvSVnnkK3RZcJ85tNFiZu9pWg584yHjNCqEpump;57ANN8dAbPX8x1BEFFwzBttkzwpKZBEiJkdiWSzVNQvS;5DoZAeBkoci5t5zPhUiuhQFjuzYTfkSv5Seojsxppump;5EZ7yagvcsHcwH3e17khLwGzhFrCsx7CKS7ZN6J6i4Lh;5nnWe5SCBaNMC3oNiR7utth6kx3mH1dhmCarjDb91shW;5pSEZw1iytqYznD7crsGyKNek7q5JkjBqj2KmfqxUVZd;6XD1vorwquLXjTSL5W4MJMGewZBeiEcPFmZw527TSwva;6sFMbTF2VTzutzKekenJujFZBqb4TiBZJKfyLMUbpump;7271ZR6GBzaGqdtP28ZqZ5BKRt2ziu4AnPnVCAL7pump;7Q9VxTczrzgvjXWbJJZibR7hbYAohngsNsuEhdEcpump;7mRDn1rAqjwFQXacodr1UmkNdvAGPbtNP9k5jvBZqt9J;7xXo3JYBqzh6D91XRppzFRLfw8wJHypeukGaNWwKgZ8m;8ypYfW5cjafrfAZij8TZj5SFHAbPNpiRio96LMzypDkn;9CzNGAEutxKHJ5CwYC5Lk8X8YzgYrQnvKChP2BFEpump;9PNfxvTARzdxvQas2uknW57bnfMCS1dxW1He7rPbuhuQ;9hAojtonqe4RUQarvUYZhFqC99VK1S3LCewYkSjnpump;9mqJNDG2squcqZt2zC7cWWNtVozUbQUnzVnP1jG6pump;ASftCNtzPNmK3nMDvpQNvpLauKS45Vkq7kwTPutqUBL1;AmWCcDf6tG7zB3VPeDVjeXL5N567fXAiHcTKw3xXpump;B3xU49SW3khA7m5Lgata2fmPxZeQRuaJbCruPsVDpump;BE5ciZmcADAX78u2a1GrFiPMPC3rNXtdPGUrhzWB4k5d;CHygERrxnc5QByNCwxUNSMhP7tKJA7rh6hNBdJ2spump;CSLP8Vp7u9hrXQi7crPXqCp7BaJaG4JrNxqvR3jDpump;CziyAr14UNUrfkxpioWSumkLXMwWnDWN2bu2WR5ao7kc;D4aEpQLW45YnWrBmztcpJHqabbPtFe9F9PTv8Umvpump;DQ2H7qcj262RAKfSxGYeL7cYJq54mVdXe4gYxUwxpump;DTm66ivA96mhuQnqTy1cv7uELS4MHdYtpbRGJdW9t7Fn;EHUzmwAzmUix7TkwVr7b16U9ChJDr3RpjfXshR5swy5j;EoKqyKksc4ekiPVuBD9FiztYQHkV59x8KTcZ3ReLpump;F41TwidZvJJcsx9c2BMwS6eH9W6HcUT4LzPmGvK9WU6N;F59cEB3A7RAKHGtkvR577swnPSP6EsdaBoL5AcVZpump;FuF2M5T79HJdpJUbp46qwWssLXQ1Xjf1yiNSfyo5UEGC;G9r7nnHSgvb7LUfCE8kavRaKokEMMYBjVHGKvQ6dpump;GKTxLXsmkjLDo89XmPa5htwK7sAzdqZ3jmfV6gaTvK67;GfqKCwNeAdHHi97AmgCLP5qrwcSJRDdyZ1huiU6xUXTz;HJPjdsDmcvgCj4MV3NvqCWd78qDP8BMzGfrsk4Nbpump;JAqRn24FuQ5MFReXNgXb8uFej5vHJDxhVtebpQvHTQZy;dy6zeSw9j2zHprXLwk1uUGAD4d2HF5R3pAFrL6bRAKs;hHc9579gpKUnvYvgcKyjdpe1UhmfVfGzGwMQCADpump;rMPLDvnn6KR773WNhZvtFNcgFwnRkc7UbPkUaiMpump;sMe5iUcgTe4VXmg4WaShF5kuk6GmcKF3y4HqKGZpump;xeKm1qmxyHLJZLdwKpsZdx5UFtYyb124GTWRZWypump,2022-05-19T07:52:00Z,2022-05-19T07:52:00Z,MEDIUM,,True
EfwJn8cXCYhcGrsavxWSDbUFHPrCK9gvdCr6AVywFBPg,upstream,51,64,13V3CbY7Q7AXnf24FMsUaQrmLxnRU4Md9phDEWZvpump;21XJbyQWEhmeoxKRHdGrEjetSfHopvtp68LWzdvT471M;28HydoWU7TZQxWiVQxGZyspE3qgWdCHToNDVgLoNpump;2A6sLqrw8WN6KkgnCsN4xJkyAowBZHr2H9xQ4u3Mpump;2Tiw1Tna3kAut868cjXuKoyrv8U8gi1YjTaXw7Czpump;3uYT8w1FxasDGmM4WDG5kXu6D9BGvyP3iEfPJEVb6ewT;44s336LDz8bXp4rpxy1qwUfysZ4THjpReQWTKQg7pump;4GRTznsfLTRqaB2uMAFmmgaWtvfVyBb4qCsTjskUpump;4kkrecvSVnnkK3RZcJ85tNFiZu9pWg584yHjNCqEpump;4n32UBFWKJNPQayeN25GrLJHswbja41XFMxebcg9pump;4sjtHGeAKP6DoMUdvFqQuiYKhhPpwa9XCxUyuFD2pump;57ANN8dAbPX8x1BEFFwzBttkzwpKZBEiJkdiWSzVNQvS;5L6As5obMTXxKwjmGBy1LTRwW2Hm1PjSK18JhETrpump;5Sg1vv51KGCSDF2gBHgbNATCEXFjYtVhWgztNUwtgJYD;5nnWe5SCBaNMC3oNiR7utth6kx3mH1dhmCarjDb91shW;5o43e7gYZWFNEpdqkegHY6LXkhMXB1z6f7d6TAVGEMTM;5o9sE9FEVC12zWBd2zqPXAhoVyRiNjGfaYX6hS3Ppump;67afrnTxo8DVc52Uev61Yo4Yr9BGQpRw1RpPMWcx42La;6XD1vorwquLXjTSL5W4MJMGewZBeiEcPFmZw527TSwva;6wSQipxdE9Suf8tVNaCEbcqavUbLT7gL9tibpm3Jpump;7271ZR6GBzaGqdtP28ZqZ5BKRt2ziu4AnPnVCAL7pump;7Q9VxTczrzgvjXWbJJZibR7hbYAohngsNsuEhdEcpump;7aLLQRBpGCaSLmmHGf34MGtbdtTumiB14d14TtDnpump;7dACCWZXF4Lr9ftxFpi7TJk7a3hcPpUwGPAcTuXDpump;7p4MwwkUaMv4gBThVkW46QjwVaosaUrccbFV1MbXpump;9CzNGAEutxKHJ5CwYC5Lk8X8YzgYrQnvKChP2BFEpump;9PNfxvTARzdxvQas2uknW57bnfMCS1dxW1He7rPbuhuQ;9ek8utEujXFmiM9wXcWKPF18y57PmeG8rsiBZGzzpump;9hAojtonqe4RUQarvUYZhFqC99VK1S3LCewYkSjnpump;9xhMStAAufkH5jA5nevaGy6M9fCsQ74BZnsXyo93DkfA;AbpJywMWmkf1MFonRddPVogSwPPZHB9pG4x2nKb1YaPn;AgB5SxiP1DFZbW9uDAH7s8Mhv1HF21nJv67tnAAYpump;AmWCcDf6tG7zB3VPeDVjeXL5N567fXAiHcTKw3xXpump;BE5ciZmcADAX78u2a1GrFiPMPC3rNXtdPGUrhzWB4k5d;BUPNYwndVGfzVb6RG6q2PX53VdAimw2Mi98QxqeWpump;BmU6YJP2YCAo8sc2dkeR8KjvF3rGFBHZL25ejysppump;CHygERrxnc5QByNCwxUNSMhP7tKJA7rh6hNBdJ2spump;CSLP8Vp7u9hrXQi7crPXqCp7BaJaG4JrNxqvR3jDpump;DJejJn1iJntJVTAixy4VRgqJFF3NMKPEMgVzbJFmpump;DQ2H7qcj262RAKfSxGYeL7cYJq54mVdXe4gYxUwxpump;DkDwxjD5JFK7hd7qUNHqNaTeqDGcZ1ia3Y6E7EUiehEn;EHUzmwAzmUix7TkwVr7b16U9ChJDr3RpjfXshR5swy5j;EkTkjVEfhvgkoCwheMTnr8mhEmJ6Q7ZR8q7ZMCcnpump;EoKqyKksc4ekiPVuBD9FiztYQHkV59x8KTcZ3ReLpump;Er5RuNhTEwJH5dHv9c3YGATjgkLCETH4dKazntyWEtXY;F41TwidZvJJcsx9c2BMwS6eH9W6HcUT4LzPmGvK9WU6N;GKTxLXsmkjLDo89XmPa5htwK7sAzdqZ3jmfV6gaTvK67;H9GGsNc7vA4hN13N1oU4itq8x3mrdZBdw2XdK3Mipump;dy6zeSw9j2zHprXLwk1uUGAD4d2HF5R3pAFrL6bRAKs;hHc9579gpKUnvYvgcKyjdpe1UhmfVfGzGwMQCADpump;xeKm1qmxyHLJZLdwKpsZdx5UFtYyb124GTWRZWypump,2022-09-16T07:30:01Z,2022-09-16T07:30:01Z,MEDIUM,,True
2AQdpHJ2JpcEgPiATUXjQxA8QmafFegfQwSLWSprPicm,upstream,51,54,13V3CbY7Q7AXnf24FMsUaQrmLxnRU4Md9phDEWZvpump;21XJbyQWEhmeoxKRHdGrEjetSfHopvtp68LWzdvT471M;28HydoWU7TZQxWiVQxGZyspE3qgWdCHToNDVgLoNpump;2A6sLqrw8WN6KkgnCsN4xJkyAowBZHr2H9xQ4u3Mpump;2Tiw1Tna3kAut868cjXuKoyrv8U8gi1YjTaXw7Czpump;2iSB473Z7L2ndpWs3n22tb7H3KSGpswDTH3jP7qCCAZT;3GeNgcFpMwH9ts5b3W3jddtfwhwAURaykTy8YjtrGQWT;3coFBLantjJkMRmzaQ4znMQQzfqFYTyBeNhdXYAzpump;3f8CKfznVUGrFfhcq8ZBY9M1xyDeEQGrh6iH372h3ebN;44s336LDz8bXp4rpxy1qwUfysZ4THjpReQWTKQg7pump;49aM4HrGABwG9F8iAn385zzcsS6mxHEFY8YN3H7y1Cd9;4ZUjJ5EJbwfh7teotB29uHc1SC3SiqbrkwJoNgsxibbU;4kkrecvSVnnkK3RZcJ85tNFiZu9pWg584yHjNCqEpump;4n32UBFWKJNPQayeN25GrLJHswbja41XFMxebcg9pump;5L6As5obMTXxKwjmGBy1LTRwW2Hm1PjSK18JhETrpump;5o43e7gYZWFNEpdqkegHY6LXkhMXB1z6f7d6TAVGEMTM;6VMsrZvNaSzddT6vkY6dEDoFMeK5EoHD4KCAycfQpump;6XD1vorwquLXjTSL5W4MJMGewZBeiEcPFmZw527TSwva;6akNLpNd11oq4q5zxhXGwr5jwUi6Ke4CvKmF6QeUwJCQ;7aLLQRBpGCaSLmmHGf34MGtbdtTumiB14d14TtDnpump;7mRDn1rAqjwFQXacodr1UmkNdvAGPbtNP9k5jvBZqt9J;7p4MwwkUaMv4gBThVkW46QjwVaosaUrccbFV1MbXpump;7xXo3JYBqzh6D91XRppzFRLfw8wJHypeukGaNWwKgZ8m;8G7aM6Gco4fHjVpmVvUdVvhKMKaWXJEqkCKRvPdepump;8ypYfW5cjafrfAZij8TZj5SFHAbPNpiRio96LMzypDkn;9PNfxvTARzdxvQas2uknW57bnfMCS1dxW1He7rPbuhuQ;9ek8utEujXFmiM9wXcWKPF18y57PmeG8rsiBZGzzpump;9hAojtonqe4RUQarvUYZhFqC99VK1S3LCewYkSjnpump;9mqJNDG2squcqZt2zC7cWWNtVozUbQUnzVnP1jG6pump;AbpJywMWmkf1MFonRddPVogSwPPZHB9pG4x2nKb1YaPn;AgB5SxiP1DFZbW9uDAH7s8Mhv1HF21nJv67tnAAYpump;AmWCcDf6tG7zB3VPeDVjeXL5N567fXAiHcTKw3xXpump;B3xU49SW3khA7m5Lgata2fmPxZeQRuaJbCruPsVDpump;BUPNYwndVGfzVb6RG6q2PX53VdAimw2Mi98QxqeWpump;BmU6YJP2YCAo8sc2dkeR8KjvF3rGFBHZL25ejysppump;D4aEpQLW45YnWrBmztcpJHqabbPtFe9F9PTv8Umvpump;DJejJn1iJntJVTAixy4VRgqJFF3NMKPEMgVzbJFmpump;EHUzmwAzmUix7TkwVr7b16U9ChJDr3RpjfXshR5swy5j;EkTkjVEfhvgkoCwheMTnr8mhEmJ6Q7ZR8q7ZMCcnpump;EoKqyKksc4ekiPVuBD9FiztYQHkV59x8KTcZ3ReLpump;F41TwidZvJJcsx9c2BMwS6eH9W6HcUT4LzPmGvK9WU6N;G9r7nnHSgvb7LUfCE8kavRaKokEMMYBjVHGKvQ6dpump;GKTxLXsmkjLDo89XmPa5htwK7sAzdqZ3jmfV6gaTvK67;GL7M1C4QeLoURyexYgdhuP8SvaPh5LHQLRqKha3epump;GfqKCwNeAdHHi97AmgCLP5qrwcSJRDdyZ1huiU6xUXTz;H8oe2SCksJcYzhPeS4TsbteusgZW5k7QaZ4boKyq8C7U;HJPjdsDmcvgCj4MV3NvqCWd78qDP8BMzGfrsk4Nbpump;UsrcsZMqw6p53Fohu16UCBjsbjqc73XmoRFZDcnCtMR;dy6zeSw9j2zHprXLwk1uUGAD4d2HF5R3pAFrL6bRAKs;sMe5iUcgTe4VXmg4WaShF5kuk6GmcKF3y4HqKGZpump;xeKm1qmxyHLJZLdwKpsZdx5UFtYyb124GTWRZWypump,2021-08-11T11:08:38Z,2026-08-22T22:02:06Z,MEDIUM,,True
5VCwKtCXgCJ6kit5FybXjvriW3xELsFDhYrPSqtJNmcD,upstream,49,55,13V3CbY7Q7AXnf24FMsUaQrmLxnRU4Md9phDEWZvpump;25GrKYrc3y4LZmmuhppYgFRCKb7JyZ6grum4WhLYvA1z;2A6sLqrw8WN6KkgnCsN4xJkyAowBZHr2H9xQ4u3Mpump;2BucyGvsg9wwTwsaFsEUFgdphrCtp94pDRtHowJUpump;2Tiw1Tna3kAut868cjXuKoyrv8U8gi1YjTaXw7Czpump;2iSB473Z7L2ndpWs3n22tb7H3KSGpswDTH3jP7qCCAZT;3f8CKfznVUGrFfhcq8ZBY9M1xyDeEQGrh6iH372h3ebN;3uYT8w1FxasDGmM4WDG5kXu6D9BGvyP3iEfPJEVb6ewT;3vfxnHSCS139RZiw6MPZaEvhySnjbEi81GuF5EdNpump;44s336LDz8bXp4rpxy1qwUfysZ4THjpReQWTKQg7pump;4ZUjJ5EJbwfh7teotB29uHc1SC3SiqbrkwJoNgsxibbU;4kkrecvSVnnkK3RZcJ85tNFiZu9pWg584yHjNCqEpump;55bKo8bj1YVEgsbwkkd4Nwu7JhaZF9trUgbvpZ3YeVCA;5DoZAeBkoci5t5zPhUiuhQFjuzYTfkSv5Seojsxppump;5L6As5obMTXxKwjmGBy1LTRwW2Hm1PjSK18JhETrpump;5o43e7gYZWFNEpdqkegHY6LXkhMXB1z6f7d6TAVGEMTM;67afrnTxo8DVc52Uev61Yo4Yr9BGQpRw1RpPMWcx42La;69N7rm9nnp6sVoULtp5toD26F25rYum8593GupxkUYvH;6akNLpNd11oq4q5zxhXGwr5jwUi6Ke4CvKmF6QeUwJCQ;7Q9VxTczrzgvjXWbJJZibR7hbYAohngsNsuEhdEcpump;7aLLQRBpGCaSLmmHGf34MGtbdtTumiB14d14TtDnpump;7dACCWZXF4Lr9ftxFpi7TJk7a3hcPpUwGPAcTuXDpump;7xXo3JYBqzh6D91XRppzFRLfw8wJHypeukGaNWwKgZ8m;8G7aM6Gco4fHjVpmVvUdVvhKMKaWXJEqkCKRvPdepump;8qT3o4k4aUmyLrgd7hHYmVxin3kFhQ9QsXdSXTP6pump;8ypYfW5cjafrfAZij8TZj5SFHAbPNpiRio96LMzypDkn;9CzNGAEutxKHJ5CwYC5Lk8X8YzgYrQnvKChP2BFEpump;9ek8utEujXFmiM9wXcWKPF18y57PmeG8rsiBZGzzpump;9hAojtonqe4RUQarvUYZhFqC99VK1S3LCewYkSjnpump;9mqJNDG2squcqZt2zC7cWWNtVozUbQUnzVnP1jG6pump;9xhMStAAufkH5jA5nevaGy6M9fCsQ74BZnsXyo93DkfA;AgB5SxiP1DFZbW9uDAH7s8Mhv1HF21nJv67tnAAYpump;Ajz86fyiygsv8kZkUyDxogxkz5VfKRs4HTEABVTfpump;B3xU49SW3khA7m5Lgata2fmPxZeQRuaJbCruPsVDpump;BE5ciZmcADAX78u2a1GrFiPMPC3rNXtdPGUrhzWB4k5d;CHygERrxnc5QByNCwxUNSMhP7tKJA7rh6hNBdJ2spump;CziyAr14UNUrfkxpioWSumkLXMwWnDWN2bu2WR5ao7kc;DTm66ivA96mhuQnqTy1cv7uELS4MHdYtpbRGJdW9t7Fn;EkTkjVEfhvgkoCwheMTnr8mhEmJ6Q7ZR8q7ZMCcnpump;EoKqyKksc4ekiPVuBD9FiztYQHkV59x8KTcZ3ReLpump;F41TwidZvJJcsx9c2BMwS6eH9W6HcUT4LzPmGvK9WU6N;FuF2M5T79HJdpJUbp46qwWssLXQ1Xjf1yiNSfyo5UEGC;G9r7nnHSgvb7LUfCE8kavRaKokEMMYBjVHGKvQ6dpump;GL7M1C4QeLoURyexYgdhuP8SvaPh5LHQLRqKha3epump;GfqKCwNeAdHHi97AmgCLP5qrwcSJRDdyZ1huiU6xUXTz;JAqRn24FuQ5MFReXNgXb8uFej5vHJDxhVtebpQvHTQZy;rMPLDvnn6KR773WNhZvtFNcgFwnRkc7UbPkUaiMpump;sMe5iUcgTe4VXmg4WaShF5kuk6GmcKF3y4HqKGZpump;xeKm1qmxyHLJZLdwKpsZdx5UFtYyb124GTWRZWypump,2022-02-11T05:47:52Z,2025-02-20T12:39:32Z,MEDIUM,,True
ASTyfSima4LLAdDgoFGkgqoKowG1LZFDr9fAQrg7iaJZ,upstream,48,28,25GrKYrc3y4LZmmuhppYgFRCKb7JyZ6grum4WhLYvA1z;2BucyGvsg9wwTwsaFsEUFgdphrCtp94pDRtHowJUpump;3coFBLantjJkMRmzaQ4znMQQzfqFYTyBeNhdXYAzpump;3vfxnHSCS139RZiw6MPZaEvhySnjbEi81GuF5EdNpump;49aM4HrGABwG9F8iAn385zzcsS6mxHEFY8YN3H7y1Cd9;4ZUjJ5EJbwfh7teotB29uHc1SC3SiqbrkwJoNgsxibbU;4sjtHGeAKP6DoMUdvFqQuiYKhhPpwa9XCxUyuFD2pump;55bKo8bj1YVEgsbwkkd4Nwu7JhaZF9trUgbvpZ3YeVCA;5EZ7yagvcsHcwH3e17khLwGzhFrCsx7CKS7ZN6J6i4Lh;5L6As5obMTXxKwjmGBy1LTRwW2Hm1PjSK18JhETrpump;5nnWe5SCBaNMC3oNiR7utth6kx3mH1dhmCarjDb91shW;5o9sE9FEVC12zWBd2zqPXAhoVyRiNjGfaYX6hS3Ppump;67afrnTxo8DVc52Uev61Yo4Yr9BGQpRw1RpPMWcx42La;6VMsrZvNaSzddT6vkY6dEDoFMeK5EoHD4KCAycfQpump;6akNLpNd11oq4q5zxhXGwr5jwUi6Ke4CvKmF6QeUwJCQ;6gKx5EMvnymTVz2JgFhJAqpGxTYaBdVsaLb9YfPfvg4Y;6sFMbTF2VTzutzKekenJujFZBqb4TiBZJKfyLMUbpump;7271ZR6GBzaGqdtP28ZqZ5BKRt2ziu4AnPnVCAL7pump;7HiD5rzoZxAYXEJ8Z4t3WgM8VE1iSKWJdxPPyEdDNzwN;7Q9VxTczrzgvjXWbJJZibR7hbYAohngsNsuEhdEcpump;7aLLQRBpGCaSLmmHGf34MGtbdtTumiB14d14TtDnpump;7dACCWZXF4Lr9ftxFpi7TJk7a3hcPpUwGPAcTuXDpump;7mRDn1rAqjwFQXacodr1UmkNdvAGPbtNP9k5jvBZqt9J;7xXo3JYBqzh6D91XRppzFRLfw8wJHypeukGaNWwKgZ8m;9ek8utEujXFmiM9wXcWKPF18y57PmeG8rsiBZGzzpump;9mqJNDG2squcqZt2zC7cWWNtVozUbQUnzVnP1jG6pump;AgB5SxiP1DFZbW9uDAH7s8Mhv1HF21nJv67tnAAYpump;B3xU49SW3khA7m5Lgata2fmPxZeQRuaJbCruPsVDpump;BE5ciZmcADAX78u2a1GrFiPMPC3rNXtdPGUrhzWB4k5d;BUPNYwndVGfzVb6RG6q2PX53VdAimw2Mi98QxqeWpump;CHygERrxnc5QByNCwxUNSMhP7tKJA7rh6hNBdJ2spump;CziyAr14UNUrfkxpioWSumkLXMwWnDWN2bu2WR5ao7kc;DJejJn1iJntJVTAixy4VRgqJFF3NMKPEMgVzbJFmpump;DkDwxjD5JFK7hd7qUNHqNaTeqDGcZ1ia3Y6E7EUiehEn;EHUzmwAzmUix7TkwVr7b16U9ChJDr3RpjfXshR5swy5j;EkTkjVEfhvgkoCwheMTnr8mhEmJ6Q7ZR8q7ZMCcnpump;EoKqyKksc4ekiPVuBD9FiztYQHkV59x8KTcZ3ReLpump;F41TwidZvJJcsx9c2BMwS6eH9W6HcUT4LzPmGvK9WU6N;F59cEB3A7RAKHGtkvR577swnPSP6EsdaBoL5AcVZpump;G9r7nnHSgvb7LUfCE8kavRaKokEMMYBjVHGKvQ6dpump;GKTxLXsmkjLDo89XmPa5htwK7sAzdqZ3jmfV6gaTvK67;H8oe2SCksJcYzhPeS4TsbteusgZW5k7QaZ4boKyq8C7U;H9GGsNc7vA4hN13N1oU4itq8x3mrdZBdw2XdK3Mipump;UsrcsZMqw6p53Fohu16UCBjsbjqc73XmoRFZDcnCtMR;hHc9579gpKUnvYvgcKyjdpe1UhmfVfGzGwMQCADpump;omskHvyNvQSn3PFak3E8JHQJeSVJFsrc6izWT12pump;sMe5iUcgTe4VXmg4WaShF5kuk6GmcKF3y4HqKGZpump;xeKm1qmxyHLJZLdwKpsZdx5UFtYyb124GTWRZWypump,2023-12-16T11:02:09Z,2026-10-01T17:46:06Z,MEDIUM,,True
J8Sxd1NcbqT8DCu2hzSSSCn7SdZ4hBq2sWhY4y2rF9yN,upstream,48,12,13V3CbY7Q7AXnf24FMsUaQrmLxnRU4Md9phDEWZvpump;25GrKYrc3y4LZmmuhppYgFRCKb7JyZ6grum4WhLYvA1z;2A6sLqrw8WN6KkgnCsN4xJkyAowBZHr2H9xQ4u3Mpump;2BucyGvsg9wwTwsaFsEUFgdphrCtp94pDRtHowJUpump;2iSB473Z7L2ndpWs3n22tb7H3KSGpswDTH3jP7qCCAZT;3coFBLantjJkMRmzaQ4znMQQzfqFYTyBeNhdXYAzpump;3vfxnHSCS139RZiw6MPZaEvhySnjbEi81GuF5EdNpump;47r9YPDeTVpwHjAakoVgnzNTJRChXC8f4KSUqMbEsBbM;49aM4HrGABwG9F8iAn385zzcsS6mxHEFY8YN3H7y1Cd9;4GRTznsfLTRqaB2uMAFmmgaWtvfVyBb4qCsTjskUpump;5DoZAeBkoci5t5zPhUiuhQFjuzYTfkSv5Seojsxppump;5EZ7yagvcsHcwH3e17khLwGzhFrCsx7CKS7ZN6J6i4Lh;5Sg1vv51KGCSDF2gBHgbNATCEXFjYtVhWgztNUwtgJYD;5nnWe5SCBaNMC3oNiR7utth6kx3mH1dhmCarjDb91shW;5o9sE9FEVC12zWBd2zqPXAhoVyRiNjGfaYX6hS3Ppump;5pSEZw1iytqYznD7crsGyKNek7q5JkjBqj2KmfqxUVZd;6VMsrZvNaSzddT6vkY6dEDoFMeK5EoHD4KCAycfQpump;6XD1vorwquLXjTSL5W4MJMGewZBeiEcPFmZw527TSwva;6akNLpNd11oq4q5zxhXGwr5jwUi6Ke4CvKmF6QeUwJCQ;6sFMbTF2VTzutzKekenJujFZBqb4TiBZJKfyLMUbpump;7271ZR6GBzaGqdtP28ZqZ5BKRt2ziu4AnPnVCAL7pump;7HiD5rzoZxAYXEJ8Z4t3WgM8VE1iSKWJdxPPyEdDNzwN;7aLLQRBpGCaSLmmHGf34MGtbdtTumiB14d14TtDnpump;7dACCWZXF4Lr9ftxFpi7TJk7a3hcPpUwGPAcTuXDpump;7mRDn1rAqjwFQXacodr1UmkNdvAGPbtNP9k5jvBZqt9J;8G7aM6Gco4fHjVpmVvUdVvhKMKaWXJEqkCKRvPdepump;9hAojtonqe4RUQarvUYZhFqC99VK1S3LCewYkSjnpump;9mqJNDG2squcqZt2zC7cWWNtVozUbQUnzVnP1jG6pump;ASftCNtzPNmK3nMDvpQNvpLauKS45Vkq7kwTPutqUBL1;AbpJywMWmkf1MFonRddPVogSwPPZHB9pG4x2nKb1YaPn;AgB5SxiP1DFZbW9uDAH7s8Mhv1HF21nJv67tnAAYpump;AmWCcDf6tG7zB3VPeDVjeXL5N567fXAiHcTKw3xXpump;B3xU49SW3khA7m5Lgata2fmPxZeQRuaJbCruPsVDpump;BUPNYwndVGfzVb6RG6q2PX53VdAimw2Mi98QxqeWpump;CHygERrxnc5QByNCwxUNSMhP7tKJA7rh6hNBdJ2spump;D4aEpQLW45YnWrBmztcpJHqabbPtFe9F9PTv8Umvpump;DQ2H7qcj262RAKfSxGYeL7cYJq54mVdXe4gYxUwxpump;DTm66ivA96mhuQnqTy1cv7uELS4MHdYtpbRGJdW9t7Fn;EHUzmwAzmUix7TkwVr7b16U9ChJDr3RpjfXshR5swy5j;EkTkjVEfhvgkoCwheMTnr8mhEmJ6Q7ZR8q7ZMCcnpump;EoKqyKksc4ekiPVuBD9FiztYQHkV59x8KTcZ3ReLpump;F59cEB3A7RAKHGtkvR577swnPSP6EsdaBoL5AcVZpump;G9r7nnHSgvb7LUfCE8kavRaKokEMMYBjVHGKvQ6dpump;GL7M1C4QeLoURyexYgdhuP8SvaPh5LHQLRqKha3epump;HJPjdsDmcvgCj4MV3NvqCWd78qDP8BMzGfrsk4Nbpump;hHc9579gpKUnvYvgcKyjdpe1UhmfVfGzGwMQCADpump;omskHvyNvQSn3PFak3E8JHQJeSVJFsrc6izWT12pump;sMe5iUcgTe4VXmg4WaShF5kuk6GmcKF3y4HqKGZpump,2025-10-23T00:46:07Z,2025-10-23T00:46:07Z,MEDIUM,,True
FpfsHusKvqc9LhupVPB1R67HuCiWDKrZMN4SJitrMdTj,direct,48,10,13V3CbY7Q7AXnf24FMsUaQrmLxnRU4Md9phDEWZvpump;25GrKYrc3y4LZmmuhppYgFRCKb7JyZ6grum4WhLYvA1z;2A6sLqrw8WN6KkgnCsN4xJkyAowBZHr2H9xQ4u3Mpump;2BucyGvsg9wwTwsaFsEUFgdphrCtp94pDRtHowJUpump;2iSB473Z7L2ndpWs3n22tb7H3KSGpswDTH3jP7qCCAZT;3coFBLantjJkMRmzaQ4znMQQzfqFYTyBeNhdXYAzpump;3vfxnHSCS139RZiw6MPZaEvhySnjbEi81GuF5EdNpump;47r9YPDeTVpwHjAakoVgnzNTJRChXC8f4KSUqMbEsBbM;49aM4HrGABwG9F8iAn385zzcsS6mxHEFY8YN3H7y1Cd9;4GRTznsfLTRqaB2uMAFmmgaWtvfVyBb4qCsTjskUpump;5DoZAeBkoci5t5zPhUiuhQFjuzYTfkSv5Seojsxppump;5EZ7yagvcsHcwH3e17khLwGzhFrCsx7CKS7ZN6J6i4Lh;5Sg1vv51KGCSDF2gBHgbNATCEXFjYtVhWgztNUwtgJYD;5nnWe5SCBaNMC3oNiR7utth6kx3mH1dhmCarjDb91shW;5o9sE9FEVC12zWBd2zqPXAhoVyRiNjGfaYX6hS3Ppump;5pSEZw1iytqYznD7crsGyKNek7q5JkjBqj2KmfqxUVZd;6VMsrZvNaSzddT6vkY6dEDoFMeK5EoHD4KCAycfQpump;6XD1vorwquLXjTSL5W4MJMGewZBeiEcPFmZw527TSwva;6akNLpNd11oq4q5zxhXGwr5jwUi6Ke4CvKmF6QeUwJCQ;6sFMbTF2VTzutzKekenJujFZBqb4TiBZJKfyLMUbpump;7271ZR6GBzaGqdtP28ZqZ5BKRt2ziu4AnPnVCAL7pump;7HiD5rzoZxAYXEJ8Z4t3WgM8VE1iSKWJdxPPyEdDNzwN;7aLLQRBpGCaSLmmHGf34MGtbdtTumiB14d14TtDnpump;7dACCWZXF4Lr9ftxFpi7TJk7a3hcPpUwGPAcTuXDpump;7mRDn1rAqjwFQXacodr1UmkNdvAGPbtNP9k5jvBZqt9J;8G7aM6Gco4fHjVpmVvUdVvhKMKaWXJEqkCKRvPdepump;9hAojtonqe4RUQarvUYZhFqC99VK1S3LCewYkSjnpump;9mqJNDG2squcqZt2zC7cWWNtVozUbQUnzVnP1jG6pump;ASftCNtzPNmK3nMDvpQNvpLauKS45Vkq7kwTPutqUBL1;AbpJywMWmkf1MFonRddPVogSwPPZHB9pG4x2nKb1YaPn;AgB5SxiP1DFZbW9uDAH7s8Mhv1HF21nJv67tnAAYpump;AmWCcDf6tG7zB3VPeDVjeXL5N567fXAiHcTKw3xXpump;B3xU49SW3khA7m5Lgata2fmPxZeQRuaJbCruPsVDpump;BUPNYwndVGfzVb6RG6q2PX53VdAimw2Mi98QxqeWpump;CHygERrxnc5QByNCwxUNSMhP7tKJA7rh6hNBdJ2spump;D4aEpQLW45YnWrBmztcpJHqabbPtFe9F9PTv8Umvpump;DQ2H7qcj262RAKfSxGYeL7cYJq54mVdXe4gYxUwxpump;DTm66ivA96mhuQnqTy1cv7uELS4MHdYtpbRGJdW9t7Fn;EHUzmwAzmUix7TkwVr7b16U9ChJDr3RpjfXshR5swy5j;EkTkjVEfhvgkoCwheMTnr8mhEmJ6Q7ZR8q7ZMCcnpump;EoKqyKksc4ekiPVuBD9FiztYQHkV59x8KTcZ3ReLpump;F59cEB3A7RAKHGtkvR577swnPSP6EsdaBoL5AcVZpump;G9r7nnHSgvb7LUfCE8kavRaKokEMMYBjVHGKvQ6dpump;GL7M1C4QeLoURyexYgdhuP8SvaPh5LHQLRqKha3epump;HJPjdsDmcvgCj4MV3NvqCWd78qDP8BMzGfrsk4Nbpump;hHc9579gpKUnvYvgcKyjdpe1UhmfVfGzGwMQCADpump;omskHvyNvQSn3PFak3E8JHQJeSVJFsrc6izWT12pump;sMe5iUcgTe4VXmg4WaShF5kuk6GmcKF3y4HqKGZpump,2025-11-25T05:59:28Z,2026-04-18T10:44:20Z,HIGH,,True
VuZw4xm73qBJubsWcHKGRChsvXLhxTS1Btxb7vcB84x,upstream,48,10,13V3CbY7Q7AXnf24FMsUaQrmLxnRU4Md9phDEWZvpump;25GrKYrc3y4LZmmuhppYgFRCKb7JyZ6grum4WhLYvA1z;2A6sLqrw8WN6KkgnCsN4xJkyAowBZHr2H9xQ4u3Mpump;2BucyGvsg9wwTwsaFsEUFgdphrCtp94pDRtHowJUpump;2iSB473Z7L2ndpWs3n22tb7H3KSGpswDTH3jP7qCCAZT;3coFBLantjJkMRmzaQ4znMQQzfqFYTyBeNhdXYAzpump;3vfxnHSCS139RZiw6MPZaEvhySnjbEi81GuF5EdNpump;47r9YPDeTVpwHjAakoVgnzNTJRChXC8f4KSUqMbEsBbM;49aM4HrGABwG9F8iAn385zzcsS6mxHEFY8YN3H7y1Cd9;4GRTznsfLTRqaB2uMAFmmgaWtvfVyBb4qCsTjskUpump;5DoZAeBkoci5t5zPhUiuhQFjuzYTfkSv5Seojsxppump;5EZ7yagvcsHcwH3e17khLwGzhFrCsx7CKS7ZN6J6i4Lh;5Sg1vv51KGCSDF2gBHgbNATCEXFjYtVhWgztNUwtgJYD;5nnWe5SCBaNMC3oNiR7utth6kx3mH1dhmCarjDb91shW;5o9sE9FEVC12zWBd2zqPXAhoVyRiNjGfaYX6hS3Ppump;5pSEZw1iytqYznD7crsGyKNek7q5JkjBqj2KmfqxUVZd;6VMsrZvNaSzddT6vkY6dEDoFMeK5EoHD4KCAycfQpump;6XD1vorwquLXjTSL5W4MJMGewZBeiEcPFmZw527TSwva;6akNLpNd11oq4q5zxhXGwr5jwUi6Ke4CvKmF6QeUwJCQ;6sFMbTF2VTzutzKekenJujFZBqb4TiBZJKfyLMUbpump;7271ZR6GBzaGqdtP28ZqZ5BKRt2ziu4AnPnVCAL7pump;7HiD5rzoZxAYXEJ8Z4t3WgM8VE1iSKWJdxPPyEdDNzwN;7aLLQRBpGCaSLmmHGf34MGtbdtTumiB14d14TtDnpump;7dACCWZXF4Lr9ftxFpi7TJk7a3hcPpUwGPAcTuXDpump;7mRDn1rAqjwFQXacodr1UmkNdvAGPbtNP9k5jvBZqt9J;8G7aM6Gco4fHjVpmVvUdVvhKMKaWXJEqkCKRvPdepump;9hAojtonqe4RUQarvUYZhFqC99VK1S3LCewYkSjnpump;9mqJNDG2squcqZt2zC7cWWNtVozUbQUnzVnP1jG6pump;ASftCNtzPNmK3nMDvpQNvpLauKS45Vkq7kwTPutqUBL1;AbpJywMWmkf1MFonRddPVogSwPPZHB9pG4x2nKb1YaPn;AgB5SxiP1DFZbW9uDAH7s8Mhv1HF21nJv67tnAAYpump;AmWCcDf6tG7zB3VPeDVjeXL5N567fXAiHcTKw3xXpump;B3xU49SW3khA7m5Lgata2fmPxZeQRuaJbCruPsVDpump;BUPNYwndVGfzVb6RG6q2PX53VdAimw2Mi98QxqeWpump;CHygERrxnc5QByNCwxUNSMhP7tKJA7rh6hNBdJ2spump;D4aEpQLW45YnWrBmztcpJHqabbPtFe9F9PTv8Umvpump;DQ2H7qcj262RAKfSxGYeL7cYJq54mVdXe4gYxUwxpump;DTm66ivA96mhuQnqTy1cv7uELS4MHdYtpbRGJdW9t7Fn;EHUzmwAzmUix7TkwVr7b16U9ChJDr3RpjfXshR5swy5j;EkTkjVEfhvgkoCwheMTnr8mhEmJ6Q7ZR8q7ZMCcnpump;EoKqyKksc4ekiPVuBD9FiztYQHkV59x8KTcZ3ReLpump;F59cEB3A7RAKHGtkvR577swnPSP6EsdaBoL5AcVZpump;G9r7nnHSgvb7LUfCE8kavRaKokEMMYBjVHGKvQ6dpump;GL7M1C4QeLoURyexYgdhuP8SvaPh5LHQLRqKha3epump;HJPjdsDmcvgCj4MV3NvqCWd78qDP8BMzGfrsk4Nbpump;hHc9579gpKUnvYvgcKyjdpe1UhmfVfGzGwMQCADpump;omskHvyNvQSn3PFak3E8JHQJeSVJFsrc6izWT12pump;sMe5iUcgTe4VXmg4WaShF5kuk6GmcKF3y4HqKGZpump,2025-10-18T11:44:01Z,2025-10-18T11:44:01Z,MEDIUM,,True
7dm9am6Qx7cH64RB99Mzf7ZsLbEfmXM7ihXXCvMiT2X1,upstream,47,51,13V3CbY7Q7AXnf24FMsUaQrmLxnRU4Md9phDEWZvpump;21XJbyQWEhmeoxKRHdGrEjetSfHopvtp68LWzdvT471M;25GrKYrc3y4LZmmuhppYgFRCKb7JyZ6grum4WhLYvA1z;2Tiw1Tna3kAut868cjXuKoyrv8U8gi1YjTaXw7Czpump;3GeNgcFpMwH9ts5b3W3jddtfwhwAURaykTy8YjtrGQWT;3f8CKfznVUGrFfhcq8ZBY9M1xyDeEQGrh6iH372h3ebN;3uYT8w1FxasDGmM4WDG5kXu6D9BGvyP3iEfPJEVb6ewT;44s336LDz8bXp4rpxy1qwUfysZ4THjpReQWTKQg7pump;47r9YPDeTVpwHjAakoVgnzNTJRChXC8f4KSUqMbEsBbM;49aM4HrGABwG9F8iAn385zzcsS6mxHEFY8YN3H7y1Cd9;4n32UBFWKJNPQayeN25GrLJHswbja41XFMxebcg9pump;4prKtarobdhYDY4Hu3uGZMx7Je4HqPJeLVyxN6m4Ld3T;4sjtHGeAKP6DoMUdvFqQuiYKhhPpwa9XCxUyuFD2pump;55bKo8bj1YVEgsbwkkd4Nwu7JhaZF9trUgbvpZ3YeVCA;57ANN8dAbPX8x1BEFFwzBttkzwpKZBEiJkdiWSzVNQvS;5DoZAeBkoci5t5zPhUiuhQFjuzYTfkSv5Seojsxppump;5EZ7yagvcsHcwH3e17khLwGzhFrCsx7CKS7ZN6J6i4Lh;5o43e7gYZWFNEpdqkegHY6LXkhMXB1z6f7d6TAVGEMTM;69N7rm9nnp6sVoULtp5toD26F25rYum8593GupxkUYvH;6VMsrZvNaSzddT6vkY6dEDoFMeK5EoHD4KCAycfQpump;6XD1vorwquLXjTSL5W4MJMGewZBeiEcPFmZw527TSwva;6akNLpNd11oq4q5zxhXGwr5jwUi6Ke4CvKmF6QeUwJCQ;6wSQipxdE9Suf8tVNaCEbcqavUbLT7gL9tibpm3Jpump;7HiD5rzoZxAYXEJ8Z4t3WgM8VE1iSKWJdxPPyEdDNzwN;7mRDn1rAqjwFQXacodr1UmkNdvAGPbtNP9k5jvBZqt9J;7p4MwwkUaMv4gBThVkW46QjwVaosaUrccbFV1MbXpump;7xXo3JYBqzh6D91XRppzFRLfw8wJHypeukGaNWwKgZ8m;8ypYfW5cjafrfAZij8TZj5SFHAbPNpiRio96LMzypDkn;9PNfxvTARzdxvQas2uknW57bnfMCS1dxW1He7rPbuhuQ;9xhMStAAufkH5jA5nevaGy6M9fCsQ74BZnsXyo93DkfA;AbpJywMWmkf1MFonRddPVogSwPPZHB9pG4x2nKb1YaPn;BE5ciZmcADAX78u2a1GrFiPMPC3rNXtdPGUrhzWB4k5d;BZYpLHhui3qRNokWFg2JcX8CYtMqzWHR5R4xowjcbPqh;DJejJn1iJntJVTAixy4VRgqJFF3NMKPEMgVzbJFmpump;DTm66ivA96mhuQnqTy1cv7uELS4MHdYtpbRGJdW9t7Fn;EHUzmwAzmUix7TkwVr7b16U9ChJDr3RpjfXshR5swy5j;EkTkjVEfhvgkoCwheMTnr8mhEmJ6Q7ZR8q7ZMCcnpump;EoKqyKksc4ekiPVuBD9FiztYQHkV59x8KTcZ3ReLpump;Er5RuNhTEwJH5dHv9c3YGATjgkLCETH4dKazntyWEtXY;F41TwidZvJJcsx9c2BMwS6eH9W6HcUT4LzPmGvK9WU6N;G9r7nnHSgvb7LUfCE8kavRaKokEMMYBjVHGKvQ6dpump;H8oe2SCksJcYzhPeS4TsbteusgZW5k7QaZ4boKyq8C7U;HJPjdsDmcvgCj4MV3NvqCWd78qDP8BMzGfrsk4Nbpump;JAqRn24FuQ5MFReXNgXb8uFej5vHJDxhVtebpQvHTQZy;UsrcsZMqw6p53Fohu16UCBjsbjqc73XmoRFZDcnCtMR;omskHvyNvQSn3PFak3E8JHQJeSVJFsrc6izWT12pump;xeKm1qmxyHLJZLdwKpsZdx5UFtYyb124GTWRZWypump,2024-07-23T13:15:24Z,2025-08-19T07:48:37Z,MEDIUM,,True
6LY1JzAFVZsP2a2xKrtU6znQMQ5h4i7tocWdgrkZzkzF,direct,46,44,25GrKYrc3y4LZmmuhppYgFRCKb7JyZ6grum4WhLYvA1z;28HydoWU7TZQxWiVQxGZyspE3qgWdCHToNDVgLoNpump;2Tiw1Tna3kAut868cjXuKoyrv8U8gi1YjTaXw7Czpump;2iSB473Z7L2ndpWs3n22tb7H3KSGpswDTH3jP7qCCAZT;44s336LDz8bXp4rpxy1qwUfysZ4THjpReQWTKQg7pump;49aM4HrGABwG9F8iAn385zzcsS6mxHEFY8YN3H7y1Cd9;4ZUjJ5EJbwfh7teotB29uHc1SC3SiqbrkwJoNgsxibbU;4n32UBFWKJNPQayeN25GrLJHswbja41XFMxebcg9pump;4sjtHGeAKP6DoMUdvFqQuiYKhhPpwa9XCxUyuFD2pump;55bKo8bj1YVEgsbwkkd4Nwu7JhaZF9trUgbvpZ3YeVCA;5DoZAeBkoci5t5zPhUiuhQFjuzYTfkSv5Seojsxppump;5L6As5obMTXxKwjmGBy1LTRwW2Hm1PjSK18JhETrpump;5o9sE9FEVC12zWBd2zqPXAhoVyRiNjGfaYX6hS3Ppump;5pSEZw1iytqYznD7crsGyKNek7q5JkjBqj2KmfqxUVZd;6VMsrZvNaSzddT6vkY6dEDoFMeK5EoHD4KCAycfQpump;6XD1vorwquLXjTSL5W4MJMGewZBeiEcPFmZw527TSwva;6sFMbTF2VTzutzKekenJujFZBqb4TiBZJKfyLMUbpump;7HiD5rzoZxAYXEJ8Z4t3WgM8VE1iSKWJdxPPyEdDNzwN;7aLLQRBpGCaSLmmHGf34MGtbdtTumiB14d14TtDnpump;7xXo3JYBqzh6D91XRppzFRLfw8wJHypeukGaNWwKgZ8m;8G7aM6Gco4fHjVpmVvUdVvhKMKaWXJEqkCKRvPdepump;8ypYfW5cjafrfAZij8TZj5SFHAbPNpiRio96LMzypDkn;9PNfxvTARzdxvQas2uknW57bnfMCS1dxW1He7rPbuhuQ;ASftCNtzPNmK3nMDvpQNvpLauKS45Vkq7kwTPutqUBL1;Ajz86fyiygsv8kZkUyDxogxkz5VfKRs4HTEABVTfpump;BE5ciZmcADAX78u2a1GrFiPMPC3rNXtdPGUrhzWB4k5d;BZYpLHhui3qRNokWFg2JcX8CYtMqzWHR5R4xowjcbPqh;CHygERrxnc5QByNCwxUNSMhP7tKJA7rh6hNBdJ2spump;CziyAr14UNUrfkxpioWSumkLXMwWnDWN2bu2WR5ao7kc;D4aEpQLW45YnWrBmztcpJHqabbPtFe9F9PTv8Umvpump;DQ2H7qcj262RAKfSxGYeL7cYJq54mVdXe4gYxUwxpump;DTm66ivA96mhuQnqTy1cv7uELS4MHdYtpbRGJdW9t7Fn;EoKqyKksc4ekiPVuBD9FiztYQHkV59x8KTcZ3ReLpump;Er5RuNhTEwJH5dHv9c3YGATjgkLCETH4dKazntyWEtXY;F41TwidZvJJcsx9c2BMwS6eH9W6HcUT4LzPmGvK9WU6N;FuF2M5T79HJdpJUbp46qwWssLXQ1Xjf1yiNSfyo5UEGC;G9r7nnHSgvb7LUfCE8kavRaKokEMMYBjVHGKvQ6dpump;GKTxLXsmkjLDo89XmPa5htwK7sAzdqZ3jmfV6gaTvK67;GfqKCwNeAdHHi97AmgCLP5qrwcSJRDdyZ1huiU6xUXTz;H8oe2SCksJcYzhPeS4TsbteusgZW5k7QaZ4boKyq8C7U;H9GGsNc7vA4hN13N1oU4itq8x3mrdZBdw2XdK3Mipump;HJPjdsDmcvgCj4MV3NvqCWd78qDP8BMzGfrsk4Nbpump;JAqRn24FuQ5MFReXNgXb8uFej5vHJDxhVtebpQvHTQZy;UsrcsZMqw6p53Fohu16UCBjsbjqc73XmoRFZDcnCtMR;omskHvyNvQSn3PFak3E8JHQJeSVJFsrc6izWT12pump;xeKm1qmxyHLJZLdwKpsZdx5UFtYyb124GTWRZWypump,2025-11-03T14:40:51Z,2026-09-30T20:11:24Z,HIGH,,True
Biw4eeaiYYYq6xSqEd7GzdwsrrndxA8mqdxfAtG3PTUU,upstream,43,48,13V3CbY7Q7AXnf24FMsUaQrmLxnRU4Md9phDEWZvpump;2A6sLqrw8WN6KkgnCsN4xJkyAowBZHr2H9xQ4u3Mpump;3coFBLantjJkMRmzaQ4znMQQzfqFYTyBeNhdXYAzpump;3f8CKfznVUGrFfhcq8ZBY9M1xyDeEQGrh6iH372h3ebN;3vfxnHSCS139RZiw6MPZaEvhySnjbEi81GuF5EdNpump;44s336LDz8bXp4rpxy1qwUfysZ4THjpReQWTKQg7pump;4ZUjJ5EJbwfh7teotB29uHc1SC3SiqbrkwJoNgsxibbU;4kkrecvSVnnkK3RZcJ85tNFiZu9pWg584yHjNCqEpump;4prKtarobdhYDY4Hu3uGZMx7Je4HqPJeLVyxN6m4Ld3T;55bKo8bj1YVEgsbwkkd4Nwu7JhaZF9trUgbvpZ3YeVCA;57ANN8dAbPX8x1BEFFwzBttkzwpKZBEiJkdiWSzVNQvS;5DoZAeBkoci5t5zPhUiuhQFjuzYTfkSv5Seojsxppump;5EZ7yagvcsHcwH3e17khLwGzhFrCsx7CKS7ZN6J6i4Lh;5nnWe5SCBaNMC3oNiR7utth6kx3mH1dhmCarjDb91shW;5pSEZw1iytqYznD7crsGyKNek7q5JkjBqj2KmfqxUVZd;6sFMbTF2VTzutzKekenJujFZBqb4TiBZJKfyLMUbpump;7271ZR6GBzaGqdtP28ZqZ5BKRt2ziu4AnPnVCAL7pump;7Q9VxTczrzgvjXWbJJZibR7hbYAohngsNsuEhdEcpump;7p4MwwkUaMv4gBThVkW46QjwVaosaUrccbFV1MbXpump;8G7aM6Gco4fHjVpmVvUdVvhKMKaWXJEqkCKRvPdepump;8qT3o4k4aUmyLrgd7hHYmVxin3kFhQ9QsXdSXTP6pump;8ypYfW5cjafrfAZij8TZj5SFHAbPNpiRio96LMzypDkn;9CzNGAEutxKHJ5CwYC5Lk8X8YzgYrQnvKChP2BFEpump;9PNfxvTARzdxvQas2uknW57bnfMCS1dxW1He7rPbuhuQ;9xhMStAAufkH5jA5nevaGy6M9fCsQ74BZnsXyo93DkfA;AmWCcDf6tG7zB3VPeDVjeXL5N567fXAiHcTKw3xXpump;BE5ciZmcADAX78u2a1GrFiPMPC3rNXtdPGUrhzWB4k5d;BZYpLHhui3qRNokWFg2JcX8CYtMqzWHR5R4xowjcbPqh;CHygERrxnc5QByNCwxUNSMhP7tKJA7rh6hNBdJ2spump;CziyAr14UNUrfkxpioWSumkLXMwWnDWN2bu2WR5ao7kc;D4aEpQLW45YnWrBmztcpJHqabbPtFe9F9PTv8Umvpump;DQ2H7qcj262RAKfSxGYeL7cYJq54mVdXe4gYxUwxpump;DTm66ivA96mhuQnqTy1cv7uELS4MHdYtpbRGJdW9t7Fn;EHUzmwAzmUix7TkwVr7b16U9ChJDr3RpjfXshR5swy5j;F41TwidZvJJcsx9c2BMwS6eH9W6HcUT4LzPmGvK9WU6N;FuF2M5T79HJdpJUbp46qwWssLXQ1Xjf1yiNSfyo5UEGC;GKTxLXsmkjLDo89XmPa5htwK7sAzdqZ3jmfV6gaTvK67;GfqKCwNeAdHHi97AmgCLP5qrwcSJRDdyZ1huiU6xUXTz;HJPjdsDmcvgCj4MV3NvqCWd78qDP8BMzGfrsk4Nbpump;dy6zeSw9j2zHprXLwk1uUGAD4d2HF5R3pAFrL6bRAKs;hHc9579gpKUnvYvgcKyjdpe1UhmfVfGzGwMQCADpump;rMPLDvnn6KR773WNhZvtFNcgFwnRkc7UbPkUaiMpump;sMe5iUcgTe4VXmg4WaShF5kuk6GmcKF3y4HqKGZpump,2024-12-02T19:04:57Z,2026-09-24T17:29:41Z,MEDIUM,,True
G2YxRa6wt1qePMwfJzdXZG62ej4qaTC7YURzuh2Lwd3t,upstream,43,38,13V3CbY7Q7AXnf24FMsUaQrmLxnRU4Md9phDEWZvpump;21XJbyQWEhmeoxKRHdGrEjetSfHopvtp68LWzdvT471M;25GrKYrc3y4LZmmuhppYgFRCKb7JyZ6grum4WhLYvA1z;28HydoWU7TZQxWiVQxGZyspE3qgWdCHToNDVgLoNpump;2A6sLqrw8WN6KkgnCsN4xJkyAowBZHr2H9xQ4u3Mpump;2BucyGvsg9wwTwsaFsEUFgdphrCtp94pDRtHowJUpump;2Tiw1Tna3kAut868cjXuKoyrv8U8gi1YjTaXw7Czpump;3f8CKfznVUGrFfhcq8ZBY9M1xyDeEQGrh6iH372h3ebN;3uYT8w1FxasDGmM4WDG5kXu6D9BGvyP3iEfPJEVb6ewT;47r9YPDeTVpwHjAakoVgnzNTJRChXC8f4KSUqMbEsBbM;4ZUjJ5EJbwfh7teotB29uHc1SC3SiqbrkwJoNgsxibbU;4sjtHGeAKP6DoMUdvFqQuiYKhhPpwa9XCxUyuFD2pump;55bKo8bj1YVEgsbwkkd4Nwu7JhaZF9trUgbvpZ3YeVCA;5L6As5obMTXxKwjmGBy1LTRwW2Hm1PjSK18JhETrpump;5o43e7gYZWFNEpdqkegHY6LXkhMXB1z6f7d6TAVGEMTM;69N7rm9nnp6sVoULtp5toD26F25rYum8593GupxkUYvH;6XD1vorwquLXjTSL5W4MJMGewZBeiEcPFmZw527TSwva;6akNLpNd11oq4q5zxhXGwr5jwUi6Ke4CvKmF6QeUwJCQ;7HiD5rzoZxAYXEJ8Z4t3WgM8VE1iSKWJdxPPyEdDNzwN;7Q9VxTczrzgvjXWbJJZibR7hbYAohngsNsuEhdEcpump;8G7aM6Gco4fHjVpmVvUdVvhKMKaWXJEqkCKRvPdepump;9PNfxvTARzdxvQas2uknW57bnfMCS1dxW1He7rPbuhuQ;9ek8utEujXFmiM9wXcWKPF18y57PmeG8rsiBZGzzpump;BE5ciZmcADAX78u2a1GrFiPMPC3rNXtdPGUrhzWB4k5d;BZYpLHhui3qRNokWFg2JcX8CYtMqzWHR5R4xowjcbPqh;BmU6YJP2YCAo8sc2dkeR8KjvF3rGFBHZL25ejysppump;CHygERrxnc5QByNCwxUNSMhP7tKJA7rh6hNBdJ2spump;CSLP8Vp7u9hrXQi7crPXqCp7BaJaG4JrNxqvR3jDpump;CziyAr14UNUrfkxpioWSumkLXMwWnDWN2bu2WR5ao7kc;D4aEpQLW45YnWrBmztcpJHqabbPtFe9F9PTv8Umvpump;DJejJn1iJntJVTAixy4VRgqJFF3NMKPEMgVzbJFmpump;DQ2H7qcj262RAKfSxGYeL7cYJq54mVdXe4gYxUwxpump;DTm66ivA96mhuQnqTy1cv7uELS4MHdYtpbRGJdW9t7Fn;DkDwxjD5JFK7hd7qUNHqNaTeqDGcZ1ia3Y6E7EUiehEn;Er5RuNhTEwJH5dHv9c3YGATjgkLCETH4dKazntyWEtXY;F41TwidZvJJcsx9c2BMwS6eH9W6HcUT4LzPmGvK9WU6N;G9r7nnHSgvb7LUfCE8kavRaKokEMMYBjVHGKvQ6dpump;GfqKCwNeAdHHi97AmgCLP5qrwcSJRDdyZ1huiU6xUXTz;H8oe2SCksJcYzhPeS4TsbteusgZW5k7QaZ4boKyq8C7U;H9GGsNc7vA4hN13N1oU4itq8x3mrdZBdw2XdK3Mipump;HJPjdsDmcvgCj4MV3NvqCWd78qDP8BMzGfrsk4Nbpump;UsrcsZMqw6p53Fohu16UCBjsbjqc73XmoRFZDcnCtMR;xeKm1qmxyHLJZLdwKpsZdx5UFtYyb124GTWRZWypump,2024-05-06T01:35:54Z,2026-03-06T05:41:38Z,MEDIUM,Reported ChangeNOW / SimpleSwap hot wallet,True
is6MTRHEgyFLNTfYcuV4QBWLjrZBfmhVNYR6ccgr8KV,direct,42,43,13V3CbY7Q7AXnf24FMsUaQrmLxnRU4Md9phDEWZvpump;25GrKYrc3y4LZmmuhppYgFRCKb7JyZ6grum4WhLYvA1z;2BucyGvsg9wwTwsaFsEUFgdphrCtp94pDRtHowJUpump;2Tiw1Tna3kAut868cjXuKoyrv8U8gi1YjTaXw7Czpump;2iSB473Z7L2ndpWs3n22tb7H3KSGpswDTH3jP7qCCAZT;3uYT8w1FxasDGmM4WDG5kXu6D9BGvyP3iEfPJEVb6ewT;3vfxnHSCS139RZiw6MPZaEvhySnjbEi81GuF5EdNpump;44s336LDz8bXp4rpxy1qwUfysZ4THjpReQWTKQg7pump;4ZUjJ5EJbwfh7teotB29uHc1SC3SiqbrkwJoNgsxibbU;4kkrecvSVnnkK3RZcJ85tNFiZu9pWg584yHjNCqEpump;5DoZAeBkoci5t5zPhUiuhQFjuzYTfkSv5Seojsxppump;5L6As5obMTXxKwjmGBy1LTRwW2Hm1PjSK18JhETrpump;5o43e7gYZWFNEpdqkegHY6LXkhMXB1z6f7d6TAVGEMTM;67afrnTxo8DVc52Uev61Yo4Yr9BGQpRw1RpPMWcx42La;69N7rm9nnp6sVoULtp5toD26F25rYum8593GupxkUYvH;6akNLpNd11oq4q5zxhXGwr5jwUi6Ke4CvKmF6QeUwJCQ;7Q9VxTczrzgvjXWbJJZibR7hbYAohngsNsuEhdEcpump;7aLLQRBpGCaSLmmHGf34MGtbdtTumiB14d14TtDnpump;7dACCWZXF4Lr9ftxFpi7TJk7a3hcPpUwGPAcTuXDpump;7xXo3JYBqzh6D91XRppzFRLfw8wJHypeukGaNWwKgZ8m;8G7aM6Gco4fHjVpmVvUdVvhKMKaWXJEqkCKRvPdepump;8qT3o4k4aUmyLrgd7hHYmVxin3kFhQ9QsXdSXTP6pump;8ypYfW5cjafrfAZij8TZj5SFHAbPNpiRio96LMzypDkn;9CzNGAEutxKHJ5CwYC5Lk8X8YzgYrQnvKChP2BFEpump;9ek8utEujXFmiM9wXcWKPF18y57PmeG8rsiBZGzzpump;9hAojtonqe4RUQarvUYZhFqC99VK1S3LCewYkSjnpump;9mqJNDG2squcqZt2zC7cWWNtVozUbQUnzVnP1jG6pump;9xhMStAAufkH5jA5nevaGy6M9fCsQ74BZnsXyo93DkfA;AgB5SxiP1DFZbW9uDAH7s8Mhv1HF21nJv67tnAAYpump;Ajz86fyiygsv8kZkUyDxogxkz5VfKRs4HTEABVTfpump;B3xU49SW3khA7m5Lgata2fmPxZeQRuaJbCruPsVDpump;BE5ciZmcADAX78u2a1GrFiPMPC3rNXtdPGUrhzWB4k5d;CHygERrxnc5QByNCwxUNSMhP7tKJA7rh6hNBdJ2spump;EkTkjVEfhvgkoCwheMTnr8mhEmJ6Q7ZR8q7ZMCcnpump;EoKqyKksc4ekiPVuBD9FiztYQHkV59x8KTcZ3ReLpump;G9r7nnHSgvb7LUfCE8kavRaKokEMMYBjVHGKvQ6dpump;GL7M1C4QeLoURyexYgdhuP8SvaPh5LHQLRqKha3epump;GfqKCwNeAdHHi97AmgCLP5qrwcSJRDdyZ1huiU6xUXTz;JAqRn24FuQ5MFReXNgXb8uFej5vHJDxhVtebpQvHTQZy;rMPLDvnn6KR773WNhZvtFNcgFwnRkc7UbPkUaiMpump;sMe5iUcgTe4VXmg4WaShF5kuk6GmcKF3y4HqKGZpump;xeKm1qmxyHLJZLdwKpsZdx5UFtYyb124GTWRZWypump,2025-08-31T12:37:35Z,2026-10-01T13:32:59Z,HIGH,,True
F8aaoMFeP7d1WzB5A3u3PCRJDHqEf7RhoG6qDXcQcWjY,upstream,41,48,28HydoWU7TZQxWiVQxGZyspE3qgWdCHToNDVgLoNpump;2iSB473Z7L2ndpWs3n22tb7H3KSGpswDTH3jP7qCCAZT;3uYT8w1FxasDGmM4WDG5kXu6D9BGvyP3iEfPJEVb6ewT;3vfxnHSCS139RZiw6MPZaEvhySnjbEi81GuF5EdNpump;47r9YPDeTVpwHjAakoVgnzNTJRChXC8f4KSUqMbEsBbM;49aM4HrGABwG9F8iAn385zzcsS6mxHEFY8YN3H7y1Cd9;4GRTznsfLTRqaB2uMAFmmgaWtvfVyBb4qCsTjskUpump;4ZUjJ5EJbwfh7teotB29uHc1SC3SiqbrkwJoNgsxibbU;4kkrecvSVnnkK3RZcJ85tNFiZu9pWg584yHjNCqEpump;4n32UBFWKJNPQayeN25GrLJHswbja41XFMxebcg9pump;4prKtarobdhYDY4Hu3uGZMx7Je4HqPJeLVyxN6m4Ld3T;55bKo8bj1YVEgsbwkkd4Nwu7JhaZF9trUgbvpZ3YeVCA;57ANN8dAbPX8x1BEFFwzBttkzwpKZBEiJkdiWSzVNQvS;5nnWe5SCBaNMC3oNiR7utth6kx3mH1dhmCarjDb91shW;5o43e7gYZWFNEpdqkegHY6LXkhMXB1z6f7d6TAVGEMTM;6VMsrZvNaSzddT6vkY6dEDoFMeK5EoHD4KCAycfQpump;6sFMbTF2VTzutzKekenJujFZBqb4TiBZJKfyLMUbpump;6wSQipxdE9Suf8tVNaCEbcqavUbLT7gL9tibpm3Jpump;7dACCWZXF4Lr9ftxFpi7TJk7a3hcPpUwGPAcTuXDpump;7p4MwwkUaMv4gBThVkW46QjwVaosaUrccbFV1MbXpump;7xXo3JYBqzh6D91XRppzFRLfw8wJHypeukGaNWwKgZ8m;8G7aM6Gco4fHjVpmVvUdVvhKMKaWXJEqkCKRvPdepump;8qT3o4k4aUmyLrgd7hHYmVxin3kFhQ9QsXdSXTP6pump;9ek8utEujXFmiM9wXcWKPF18y57PmeG8rsiBZGzzpump;B3xU49SW3khA7m5Lgata2fmPxZeQRuaJbCruPsVDpump;BZYpLHhui3qRNokWFg2JcX8CYtMqzWHR5R4xowjcbPqh;DTm66ivA96mhuQnqTy1cv7uELS4MHdYtpbRGJdW9t7Fn;EkTkjVEfhvgkoCwheMTnr8mhEmJ6Q7ZR8q7ZMCcnpump;Er5RuNhTEwJH5dHv9c3YGATjgkLCETH4dKazntyWEtXY;F41TwidZvJJcsx9c2BMwS6eH9W6HcUT4LzPmGvK9WU6N;F59cEB3A7RAKHGtkvR577swnPSP6EsdaBoL5AcVZpump;FuF2M5T79HJdpJUbp46qwWssLXQ1Xjf1yiNSfyo5UEGC;GKTxLXsmkjLDo89XmPa5htwK7sAzdqZ3jmfV6gaTvK67;GfqKCwNeAdHHi97AmgCLP5qrwcSJRDdyZ1huiU6xUXTz;H9GGsNc7vA4hN13N1oU4itq8x3mrdZBdw2XdK3Mipump;HJPjdsDmcvgCj4MV3NvqCWd78qDP8BMzGfrsk4Nbpump;UsrcsZMqw6p53Fohu16UCBjsbjqc73XmoRFZDcnCtMR;dy6zeSw9j2zHprXLwk1uUGAD4d2HF5R3pAFrL6bRAKs;hHc9579gpKUnvYvgcKyjdpe1UhmfVfGzGwMQCADpump;rMPLDvnn6KR773WNhZvtFNcgFwnRkc7UbPkUaiMpump;sMe5iUcgTe4VXmg4WaShF5kuk6GmcKF3y4HqKGZpump,2025-06-12T17:49:35Z,2025-06-12T17:49:35Z,MEDIUM,,True
EU8z368kxJ4VzLfdpNG774L6DpAnav9d9cBBpbyH9Rr2,upstream,41,39,13V3CbY7Q7AXnf24FMsUaQrmLxnRU4Md9phDEWZvpump;21XJbyQWEhmeoxKRHdGrEjetSfHopvtp68LWzdvT471M;25GrKYrc3y4LZmmuhppYgFRCKb7JyZ6grum4WhLYvA1z;2Tiw1Tna3kAut868cjXuKoyrv8U8gi1YjTaXw7Czpump;3GeNgcFpMwH9ts5b3W3jddtfwhwAURaykTy8YjtrGQWT;3f8CKfznVUGrFfhcq8ZBY9M1xyDeEQGrh6iH372h3ebN;3uYT8w1FxasDGmM4WDG5kXu6D9BGvyP3iEfPJEVb6ewT;44s336LDz8bXp4rpxy1qwUfysZ4THjpReQWTKQg7pump;47r9YPDeTVpwHjAakoVgnzNTJRChXC8f4KSUqMbEsBbM;49aM4HrGABwG9F8iAn385zzcsS6mxHEFY8YN3H7y1Cd9;4n32UBFWKJNPQayeN25GrLJHswbja41XFMxebcg9pump;4prKtarobdhYDY4Hu3uGZMx7Je4HqPJeLVyxN6m4Ld3T;4sjtHGeAKP6DoMUdvFqQuiYKhhPpwa9XCxUyuFD2pump;57ANN8dAbPX8x1BEFFwzBttkzwpKZBEiJkdiWSzVNQvS;5DoZAeBkoci5t5zPhUiuhQFjuzYTfkSv5Seojsxppump;5EZ7yagvcsHcwH3e17khLwGzhFrCsx7CKS7ZN6J6i4Lh;5o43e7gYZWFNEpdqkegHY6LXkhMXB1z6f7d6TAVGEMTM;69N7rm9nnp6sVoULtp5toD26F25rYum8593GupxkUYvH;6VMsrZvNaSzddT6vkY6dEDoFMeK5EoHD4KCAycfQpump;6XD1vorwquLXjTSL5W4MJMGewZBeiEcPFmZw527TSwva;6akNLpNd11oq4q5zxhXGwr5jwUi6Ke4CvKmF6QeUwJCQ;7HiD5rzoZxAYXEJ8Z4t3WgM8VE1iSKWJdxPPyEdDNzwN;7mRDn1rAqjwFQXacodr1UmkNdvAGPbtNP9k5jvBZqt9J;7p4MwwkUaMv4gBThVkW46QjwVaosaUrccbFV1MbXpump;7xXo3JYBqzh6D91XRppzFRLfw8wJHypeukGaNWwKgZ8m;8ypYfW5cjafrfAZij8TZj5SFHAbPNpiRio96LMzypDkn;9PNfxvTARzdxvQas2uknW57bnfMCS1dxW1He7rPbuhuQ;9xhMStAAufkH5jA5nevaGy6M9fCsQ74BZnsXyo93DkfA;AbpJywMWmkf1MFonRddPVogSwPPZHB9pG4x2nKb1YaPn;BE5ciZmcADAX78u2a1GrFiPMPC3rNXtdPGUrhzWB4k5d;BZYpLHhui3qRNokWFg2JcX8CYtMqzWHR5R4xowjcbPqh;DJejJn1iJntJVTAixy4VRgqJFF3NMKPEMgVzbJFmpump;DTm66ivA96mhuQnqTy1cv7uELS4MHdYtpbRGJdW9t7Fn;EHUzmwAzmUix7TkwVr7b16U9ChJDr3RpjfXshR5swy5j;EkTkjVEfhvgkoCwheMTnr8mhEmJ6Q7ZR8q7ZMCcnpump;Er5RuNhTEwJH5dHv9c3YGATjgkLCETH4dKazntyWEtXY;F41TwidZvJJcsx9c2BMwS6eH9W6HcUT4LzPmGvK9WU6N;H8oe2SCksJcYzhPeS4TsbteusgZW5k7QaZ4boKyq8C7U;HJPjdsDmcvgCj4MV3NvqCWd78qDP8BMzGfrsk4Nbpump;UsrcsZMqw6p53Fohu16UCBjsbjqc73XmoRFZDcnCtMR;xeKm1qmxyHLJZLdwKpsZdx5UFtYyb124GTWRZWypump,2022-04-11T21:44:47Z,2022-04-11T21:44:47Z,MEDIUM,,True
57vSaRTqN9iXaemgh4AoDsZ63mcaoshfMK8NP3Z5QNbs,upstream,40,40,21XJbyQWEhmeoxKRHdGrEjetSfHopvtp68LWzdvT471M;28HydoWU7TZQxWiVQxGZyspE3qgWdCHToNDVgLoNpump;2A6sLqrw8WN6KkgnCsN4xJkyAowBZHr2H9xQ4u3Mpump;2Tiw1Tna3kAut868cjXuKoyrv8U8gi1YjTaXw7Czpump;3uYT8w1FxasDGmM4WDG5kXu6D9BGvyP3iEfPJEVb6ewT;44s336LDz8bXp4rpxy1qwUfysZ4THjpReQWTKQg7pump;49aM4HrGABwG9F8iAn385zzcsS6mxHEFY8YN3H7y1Cd9;4GRTznsfLTRqaB2uMAFmmgaWtvfVyBb4qCsTjskUpump;4kkrecvSVnnkK3RZcJ85tNFiZu9pWg584yHjNCqEpump;4n32UBFWKJNPQayeN25GrLJHswbja41XFMxebcg9pump;4sjtHGeAKP6DoMUdvFqQuiYKhhPpwa9XCxUyuFD2pump;57ANN8dAbPX8x1BEFFwzBttkzwpKZBEiJkdiWSzVNQvS;5Sg1vv51KGCSDF2gBHgbNATCEXFjYtVhWgztNUwtgJYD;5nnWe5SCBaNMC3oNiR7utth6kx3mH1dhmCarjDb91shW;5o9sE9FEVC12zWBd2zqPXAhoVyRiNjGfaYX6hS3Ppump;67afrnTxo8DVc52Uev61Yo4Yr9BGQpRw1RpPMWcx42La;6XD1vorwquLXjTSL5W4MJMGewZBeiEcPFmZw527TSwva;6wSQipxdE9Suf8tVNaCEbcqavUbLT7gL9tibpm3Jpump;7271ZR6GBzaGqdtP28ZqZ5BKRt2ziu4AnPnVCAL7pump;7Q9VxTczrzgvjXWbJJZibR7hbYAohngsNsuEhdEcpump;7aLLQRBpGCaSLmmHGf34MGtbdtTumiB14d14TtDnpump;7dACCWZXF4Lr9ftxFpi7TJk7a3hcPpUwGPAcTuXDpump;9CzNGAEutxKHJ5CwYC5Lk8X8YzgYrQnvKChP2BFEpump;9PNfxvTARzdxvQas2uknW57bnfMCS1dxW1He7rPbuhuQ;9hAojtonqe4RUQarvUYZhFqC99VK1S3LCewYkSjnpump;9xhMStAAufkH5jA5nevaGy6M9fCsQ74BZnsXyo93DkfA;AbpJywMWmkf1MFonRddPVogSwPPZHB9pG4x2nKb1YaPn;AgB5SxiP1DFZbW9uDAH7s8Mhv1HF21nJv67tnAAYpump;BE5ciZmcADAX78u2a1GrFiPMPC3rNXtdPGUrhzWB4k5d;BUPNYwndVGfzVb6RG6q2PX53VdAimw2Mi98QxqeWpump;CSLP8Vp7u9hrXQi7crPXqCp7BaJaG4JrNxqvR3jDpump;DJejJn1iJntJVTAixy4VRgqJFF3NMKPEMgVzbJFmpump;DQ2H7qcj262RAKfSxGYeL7cYJq54mVdXe4gYxUwxpump;EHUzmwAzmUix7TkwVr7b16U9ChJDr3RpjfXshR5swy5j;EoKqyKksc4ekiPVuBD9FiztYQHkV59x8KTcZ3ReLpump;Er5RuNhTEwJH5dHv9c3YGATjgkLCETH4dKazntyWEtXY;F41TwidZvJJcsx9c2BMwS6eH9W6HcUT4LzPmGvK9WU6N;GKTxLXsmkjLDo89XmPa5htwK7sAzdqZ3jmfV6gaTvK67;hHc9579gpKUnvYvgcKyjdpe1UhmfVfGzGwMQCADpump;xeKm1qmxyHLJZLdwKpsZdx5UFtYyb124GTWRZWypump,2021-09-16T21:26:08Z,2022-09-15T07:54:06Z,MEDIUM,,True
F7p3dFrjRTbtRp8FRF6qHLomXbKRBzpvBLjtQcfcgmNe,direct,40,37,13V3CbY7Q7AXnf24FMsUaQrmLxnRU4Md9phDEWZvpump;21XJbyQWEhmeoxKRHdGrEjetSfHopvtp68LWzdvT471M;25GrKYrc3y4LZmmuhppYgFRCKb7JyZ6grum4WhLYvA1z;2Tiw1Tna3kAut868cjXuKoyrv8U8gi1YjTaXw7Czpump;3GeNgcFpMwH9ts5b3W3jddtfwhwAURaykTy8YjtrGQWT;3f8CKfznVUGrFfhcq8ZBY9M1xyDeEQGrh6iH372h3ebN;3uYT8w1FxasDGmM4WDG5kXu6D9BGvyP3iEfPJEVb6ewT;44s336LDz8bXp4rpxy1qwUfysZ4THjpReQWTKQg7pump;47r9YPDeTVpwHjAakoVgnzNTJRChXC8f4KSUqMbEsBbM;49aM4HrGABwG9F8iAn385zzcsS6mxHEFY8YN3H7y1Cd9;4n32UBFWKJNPQayeN25GrLJHswbja41XFMxebcg9pump;4prKtarobdhYDY4Hu3uGZMx7Je4HqPJeLVyxN6m4Ld3T;4sjtHGeAKP6DoMUdvFqQuiYKhhPpwa9XCxUyuFD2pump;57ANN8dAbPX8x1BEFFwzBttkzwpKZBEiJkdiWSzVNQvS;5DoZAeBkoci5t5zPhUiuhQFjuzYTfkSv5Seojsxppump;5EZ7yagvcsHcwH3e17khLwGzhFrCsx7CKS7ZN6J6i4Lh;5o43e7gYZWFNEpdqkegHY6LXkhMXB1z6f7d6TAVGEMTM;69N7rm9nnp6sVoULtp5toD26F25rYum8593GupxkUYvH;6VMsrZvNaSzddT6vkY6dEDoFMeK5EoHD4KCAycfQpump;6XD1vorwquLXjTSL5W4MJMGewZBeiEcPFmZw527TSwva;6akNLpNd11oq4q5zxhXGwr5jwUi6Ke4CvKmF6QeUwJCQ;7HiD5rzoZxAYXEJ8Z4t3WgM8VE1iSKWJdxPPyEdDNzwN;7mRDn1rAqjwFQXacodr1UmkNdvAGPbtNP9k5jvBZqt9J;7p4MwwkUaMv4gBThVkW46QjwVaosaUrccbFV1MbXpump;7xXo3JYBqzh6D91XRppzFRLfw8wJHypeukGaNWwKgZ8m;8ypYfW5cjafrfAZij8TZj5SFHAbPNpiRio96LMzypDkn;9PNfxvTARzdxvQas2uknW57bnfMCS1dxW1He7rPbuhuQ;9xhMStAAufkH5jA5nevaGy6M9fCsQ74BZnsXyo93DkfA;AbpJywMWmkf1MFonRddPVogSwPPZHB9pG4x2nKb1YaPn;BE5ciZmcADAX78u2a1GrFiPMPC3rNXtdPGUrhzWB4k5d;BZYpLHhui3qRNokWFg2JcX8CYtMqzWHR5R4xowjcbPqh;DJejJn1iJntJVTAixy4VRgqJFF3NMKPEMgVzbJFmpump;DTm66ivA96mhuQnqTy1cv7uELS4MHdYtpbRGJdW9t7Fn;EHUzmwAzmUix7TkwVr7b16U9ChJDr3RpjfXshR5swy5j;EkTkjVEfhvgkoCwheMTnr8mhEmJ6Q7ZR8q7ZMCcnpump;Er5RuNhTEwJH5dHv9c3YGATjgkLCETH4dKazntyWEtXY;F41TwidZvJJcsx9c2BMwS6eH9W6HcUT4LzPmGvK9WU6N;H8oe2SCksJcYzhPeS4TsbteusgZW5k7QaZ4boKyq8C7U;HJPjdsDmcvgCj4MV3NvqCWd78qDP8BMzGfrsk4Nbpump;UsrcsZMqw6p53Fohu16UCBjsbjqc73XmoRFZDcnCtMR,2025-10-09T09:25:15Z,2026-10-06T12:25:43Z,HIGH,,True
7cvkjYAkUYs4W8XcXsca7cBrEGFeSUjeZmKoNBvEwyri,upstream,39,42,21XJbyQWEhmeoxKRHdGrEjetSfHopvtp68LWzdvT471M;25GrKYrc3y4LZmmuhppYgFRCKb7JyZ6grum4WhLYvA1z;28HydoWU7TZQxWiVQxGZyspE3qgWdCHToNDVgLoNpump;2BucyGvsg9wwTwsaFsEUFgdphrCtp94pDRtHowJUpump;2Tiw1Tna3kAut868cjXuKoyrv8U8gi1YjTaXw7Czpump;3coFBLantjJkMRmzaQ4znMQQzfqFYTyBeNhdXYAzpump;3f8CKfznVUGrFfhcq8ZBY9M1xyDeEQGrh6iH372h3ebN;3uYT8w1FxasDGmM4WDG5kXu6D9BGvyP3iEfPJEVb6ewT;3vfxnHSCS139RZiw6MPZaEvhySnjbEi81GuF5EdNpump;49aM4HrGABwG9F8iAn385zzcsS6mxHEFY8YN3H7y1Cd9;4ZUjJ5EJbwfh7teotB29uHc1SC3SiqbrkwJoNgsxibbU;4kkrecvSVnnkK3RZcJ85tNFiZu9pWg584yHjNCqEpump;4sjtHGeAKP6DoMUdvFqQuiYKhhPpwa9XCxUyuFD2pump;57ANN8dAbPX8x1BEFFwzBttkzwpKZBEiJkdiWSzVNQvS;5DoZAeBkoci5t5zPhUiuhQFjuzYTfkSv5Seojsxppump;5Sg1vv51KGCSDF2gBHgbNATCEXFjYtVhWgztNUwtgJYD;5nnWe5SCBaNMC3oNiR7utth6kx3mH1dhmCarjDb91shW;5o9sE9FEVC12zWBd2zqPXAhoVyRiNjGfaYX6hS3Ppump;67afrnTxo8DVc52Uev61Yo4Yr9BGQpRw1RpPMWcx42La;6sFMbTF2VTzutzKekenJujFZBqb4TiBZJKfyLMUbpump;7271ZR6GBzaGqdtP28ZqZ5BKRt2ziu4AnPnVCAL7pump;7Q9VxTczrzgvjXWbJJZibR7hbYAohngsNsuEhdEcpump;9hAojtonqe4RUQarvUYZhFqC99VK1S3LCewYkSjnpump;9xhMStAAufkH5jA5nevaGy6M9fCsQ74BZnsXyo93DkfA;AmWCcDf6tG7zB3VPeDVjeXL5N567fXAiHcTKw3xXpump;B3xU49SW3khA7m5Lgata2fmPxZeQRuaJbCruPsVDpump;CSLP8Vp7u9hrXQi7crPXqCp7BaJaG4JrNxqvR3jDpump;D4aEpQLW45YnWrBmztcpJHqabbPtFe9F9PTv8Umvpump;DTm66ivA96mhuQnqTy1cv7uELS4MHdYtpbRGJdW9t7Fn;EkTkjVEfhvgkoCwheMTnr8mhEmJ6Q7ZR8q7ZMCcnpump;F59cEB3A7RAKHGtkvR577swnPSP6EsdaBoL5AcVZpump;FuF2M5T79HJdpJUbp46qwWssLXQ1Xjf1yiNSfyo5UEGC;GL7M1C4QeLoURyexYgdhuP8SvaPh5LHQLRqKha3epump;H9GGsNc7vA4hN13N1oU4itq8x3mrdZBdw2XdK3Mipump;HJPjdsDmcvgCj4MV3NvqCWd78qDP8BMzGfrsk4Nbpump;UsrcsZMqw6p53Fohu16UCBjsbjqc73XmoRFZDcnCtMR;dy6zeSw9j2zHprXLwk1uUGAD4d2HF5R3pAFrL6bRAKs;sMe5iUcgTe4VXmg4WaShF5kuk6GmcKF3y4HqKGZpump;xeKm1qmxyHLJZLdwKpsZdx5UFtYyb124GTWRZWypump,,,MEDIUM,,True
BmFdpraQhkiDQE6SnfG5omcA1VwzqfXrwtNYBwWTymy6,direct,39,39,21XJbyQWEhmeoxKRHdGrEjetSfHopvtp68LWzdvT471M;28HydoWU7TZQxWiVQxGZyspE3qgWdCHToNDVgLoNpump;2A6sLqrw8WN6KkgnCsN4xJkyAowBZHr2H9xQ4u3Mpump;2Tiw1Tna3kAut868cjXuKoyrv8U8gi1YjTaXw7Czpump;3uYT8w1FxasDGmM4WDG5kXu6D9BGvyP3iEfPJEVb6ewT;44s336LDz8bXp4rpxy1qwUfysZ4THjpReQWTKQg7pump;4GRTznsfLTRqaB2uMAFmmgaWtvfVyBb4qCsTjskUpump;4kkrecvSVnnkK3RZcJ85tNFiZu9pWg584yHjNCqEpump;4n32UBFWKJNPQayeN25GrLJHswbja41XFMxebcg9pump;4sjtHGeAKP6DoMUdvFqQuiYKhhPpwa9XCxUyuFD2pump;57ANN8dAbPX8x1BEFFwzBttkzwpKZBEiJkdiWSzVNQvS;5Sg1vv51KGCSDF2gBHgbNATCEXFjYtVhWgztNUwtgJYD;5nnWe5SCBaNMC3oNiR7utth6kx3mH1dhmCarjDb91shW;5o9sE9FEVC12zWBd2zqPXAhoVyRiNjGfaYX6hS3Ppump;67afrnTxo8DVc52Uev61Yo4Yr9BGQpRw1RpPMWcx42La;6XD1vorwquLXjTSL5W4MJMGewZBeiEcPFmZw527TSwva;6wSQipxdE9Suf8tVNaCEbcqavUbLT7gL9tibpm3Jpump;7271ZR6GBzaGqdtP28ZqZ5BKRt2ziu4AnPnVCAL7pump;7Q9VxTczrzgvjXWbJJZibR7hbYAohngsNsuEhdEcpump;7aLLQRBpGCaSLmmHGf34MGtbdtTumiB14d14TtDnpump;7dACCWZXF4Lr9ftxFpi7TJk7a3hcPpUwGPAcTuXDpump;9CzNGAEutxKHJ5CwYC5Lk8X8YzgYrQnvKChP2BFEpump;9PNfxvTARzdxvQas2uknW57bnfMCS1dxW1He7rPbuhuQ;9hAojtonqe4RUQarvUYZhFqC99VK1S3LCewYkSjnpump;9xhMStAAufkH5jA5nevaGy6M9fCsQ74BZnsXyo93DkfA;AbpJywMWmkf1MFonRddPVogSwPPZHB9pG4x2nKb1YaPn;AgB5SxiP1DFZbW9uDAH7s8Mhv1HF21nJv67tnAAYpump;BE5ciZmcADAX78u2a1GrFiPMPC3rNXtdPGUrhzWB4k5d;BUPNYwndVGfzVb6RG6q2PX53VdAimw2Mi98QxqeWpump;CSLP8Vp7u9hrXQi7crPXqCp7BaJaG4JrNxqvR3jDpump;DJejJn1iJntJVTAixy4VRgqJFF3NMKPEMgVzbJFmpump;DQ2H7qcj262RAKfSxGYeL7cYJq54mVdXe4gYxUwxpump;EHUzmwAzmUix7TkwVr7b16U9ChJDr3RpjfXshR5swy5j;EoKqyKksc4ekiPVuBD9FiztYQHkV59x8KTcZ3ReLpump;Er5RuNhTEwJH5dHv9c3YGATjgkLCETH4dKazntyWEtXY;F41TwidZvJJcsx9c2BMwS6eH9W6HcUT4LzPmGvK9WU6N;GKTxLXsmkjLDo89XmPa5htwK7sAzdqZ3jmfV6gaTvK67;hHc9579gpKUnvYvgcKyjdpe1UhmfVfGzGwMQCADpump;xeKm1qmxyHLJZLdwKpsZdx5UFtYyb124GTWRZWypump,2025-01-21T06:17:36Z,2026-10-04T11:14:33Z,HIGH,,True
ASTyfSima4LLAdDgoFGkgqoKowG1LZFDr9fAQrg7iaJZ,direct,37,33,2BucyGvsg9wwTwsaFsEUFgdphrCtp94pDRtHowJUpump;2Tiw1Tna3kAut868cjXuKoyrv8U8gi1YjTaXw7Czpump;3coFBLantjJkMRmzaQ4znMQQzfqFYTyBeNhdXYAzpump;47r9YPDeTVpwHjAakoVgnzNTJRChXC8f4KSUqMbEsBbM;4kkrecvSVnnkK3RZcJ85tNFiZu9pWg584yHjNCqEpump;4n32UBFWKJNPQayeN25GrLJHswbja41XFMxebcg9pump;4prKtarobdhYDY4Hu3uGZMx7Je4HqPJeLVyxN6m4Ld3T;4sjtHGeAKP6DoMUdvFqQuiYKhhPpwa9XCxUyuFD2pump;57ANN8dAbPX8x1BEFFwzBttkzwpKZBEiJkdiWSzVNQvS;5L6As5obMTXxKwjmGBy1LTRwW2Hm1PjSK18JhETrpump;5pSEZw1iytqYznD7crsGyKNek7q5JkjBqj2KmfqxUVZd;69N7rm9nnp6sVoULtp5toD26F25rYum8593GupxkUYvH;6XD1vorwquLXjTSL5W4MJMGewZBeiEcPFmZw527TSwva;6wSQipxdE9Suf8tVNaCEbcqavUbLT7gL9tibpm3Jpump;7271ZR6GBzaGqdtP28ZqZ5BKRt2ziu4AnPnVCAL7pump;7mRDn1rAqjwFQXacodr1UmkNdvAGPbtNP9k5jvBZqt9J;8qT3o4k4aUmyLrgd7hHYmVxin3kFhQ9QsXdSXTP6pump;9mqJNDG2squcqZt2zC7cWWNtVozUbQUnzVnP1jG6pump;ASftCNtzPNmK3nMDvpQNvpLauKS45Vkq7kwTPutqUBL1;AbpJywMWmkf1MFonRddPVogSwPPZHB9pG4x2nKb1YaPn;AgB5SxiP1DFZbW9uDAH7s8Mhv1HF21nJv67tnAAYpump;Ajz86fyiygsv8kZkUyDxogxkz5VfKRs4HTEABVTfpump;B3xU49SW3khA7m5Lgata2fmPxZeQRuaJbCruPsVDpump;BE5ciZmcADAX78u2a1GrFiPMPC3rNXtdPGUrhzWB4k5d;BmU6YJP2YCAo8sc2dkeR8KjvF3rGFBHZL25ejysppump;CHygERrxnc5QByNCwxUNSMhP7tKJA7rh6hNBdJ2spump;CSLP8Vp7u9hrXQi7crPXqCp7BaJaG4JrNxqvR3jDpump;D4aEpQLW45YnWrBmztcpJHqabbPtFe9F9PTv8Umvpump;DTm66ivA96mhuQnqTy1cv7uELS4MHdYtpbRGJdW9t7Fn;EkTkjVEfhvgkoCwheMTnr8mhEmJ6Q7ZR8q7ZMCcnpump;F41TwidZvJJcsx9c2BMwS6eH9W6HcUT4LzPmGvK9WU6N;F59cEB3A7RAKHGtkvR577swnPSP6EsdaBoL5AcVZpump;G9r7nnHSgvb7LUfCE8kavRaKokEMMYBjVHGKvQ6dpump;GKTxLXsmkjLDo89XmPa5htwK7sAzdqZ3jmfV6gaTvK67;H9GGsNc7vA4hN13N1oU4itq8x3mrdZBdw2XdK3Mipump;UsrcsZMqw6p53Fohu16UCBjsbjqc73XmoRFZDcnCtMR;sMe5iUcgTe4VXmg4WaShF5kuk6GmcKF3y4HqKGZpump,2024-11-26T05:37:02Z,2026-10-01T11:08:05Z,HIGH,,True
BmFdpraQhkiDQE6SnfG5omcA1VwzqfXrwtNYBwWTymy6,upstream,36,35,13V3CbY7Q7AXnf24FMsUaQrmLxnRU4Md9phDEWZvpump;28HydoWU7TZQxWiVQxGZyspE3qgWdCHToNDVgLoNpump;2BucyGvsg9wwTwsaFsEUFgdphrCtp94pDRtHowJUpump;3coFBLantjJkMRmzaQ4znMQQzfqFYTyBeNhdXYAzpump;4sjtHGeAKP6DoMUdvFqQuiYKhhPpwa9XCxUyuFD2pump;5L6As5obMTXxKwjmGBy1LTRwW2Hm1PjSK18JhETrpump;5nnWe5SCBaNMC3oNiR7utth6kx3mH1dhmCarjDb91shW;5o43e7gYZWFNEpdqkegHY6LXkhMXB1z6f7d6TAVGEMTM;6gKx5EMvnymTVz2JgFhJAqpGxTYaBdVsaLb9YfPfvg4Y;7aLLQRBpGCaSLmmHGf34MGtbdtTumiB14d14TtDnpump;7p4MwwkUaMv4gBThVkW46QjwVaosaUrccbFV1MbXpump;8qT3o4k4aUmyLrgd7hHYmVxin3kFhQ9QsXdSXTP6pump;9PNfxvTARzdxvQas2uknW57bnfMCS1dxW1He7rPbuhuQ;9ek8utEujXFmiM9wXcWKPF18y57PmeG8rsiBZGzzpump;9hAojtonqe4RUQarvUYZhFqC99VK1S3LCewYkSjnpump;9mqJNDG2squcqZt2zC7cWWNtVozUbQUnzVnP1jG6pump;AgB5SxiP1DFZbW9uDAH7s8Mhv1HF21nJv67tnAAYpump;AmWCcDf6tG7zB3VPeDVjeXL5N567fXAiHcTKw3xXpump;B3xU49SW3khA7m5Lgata2fmPxZeQRuaJbCruPsVDpump;BUPNYwndVGfzVb6RG6q2PX53VdAimw2Mi98QxqeWpump;BmU6YJP2YCAo8sc2dkeR8KjvF3rGFBHZL25ejysppump;CHygERrxnc5QByNCwxUNSMhP7tKJA7rh6hNBdJ2spump;D4aEpQLW45YnWrBmztcpJHqabbPtFe9F9PTv8Umvpump;DQ2H7qcj262RAKfSxGYeL7cYJq54mVdXe4gYxUwxpump;DkDwxjD5JFK7hd7qUNHqNaTeqDGcZ1ia3Y6E7EUiehEn;EHUzmwAzmUix7TkwVr7b16U9ChJDr3RpjfXshR5swy5j;EkTkjVEfhvgkoCwheMTnr8mhEmJ6Q7ZR8q7ZMCcnpump;EoKqyKksc4ekiPVuBD9FiztYQHkV59x8KTcZ3ReLpump;Er5RuNhTEwJH5dHv9c3YGATjgkLCETH4dKazntyWEtXY;G9r7nnHSgvb7LUfCE8kavRaKokEMMYBjVHGKvQ6dpump;H9GGsNc7vA4hN13N1oU4itq8x3mrdZBdw2XdK3Mipump;UsrcsZMqw6p53Fohu16UCBjsbjqc73XmoRFZDcnCtMR;dy6zeSw9j2zHprXLwk1uUGAD4d2HF5R3pAFrL6bRAKs;omskHvyNvQSn3PFak3E8JHQJeSVJFsrc6izWT12pump;rMPLDvnn6KR773WNhZvtFNcgFwnRkc7UbPkUaiMpump;xeKm1qmxyHLJZLdwKpsZdx5UFtYyb124GTWRZWypump,2023-09-14T23:25:50Z,2026-08-26T21:20:55Z,MEDIUM,,True
is6MTRHEgyFLNTfYcuV4QBWLjrZBfmhVNYR6ccgr8KV,upstream,36,28,28HydoWU7TZQxWiVQxGZyspE3qgWdCHToNDVgLoNpump;2A6sLqrw8WN6KkgnCsN4xJkyAowBZHr2H9xQ4u3Mpump;2BucyGvsg9wwTwsaFsEUFgdphrCtp94pDRtHowJUpump;44s336LDz8bXp4rpxy1qwUfysZ4THjpReQWTKQg7pump;4prKtarobdhYDY4Hu3uGZMx7Je4HqPJeLVyxN6m4Ld3T;5EZ7yagvcsHcwH3e17khLwGzhFrCsx7CKS7ZN6J6i4Lh;5L6As5obMTXxKwjmGBy1LTRwW2Hm1PjSK18JhETrpump;5o9sE9FEVC12zWBd2zqPXAhoVyRiNjGfaYX6hS3Ppump;5pSEZw1iytqYznD7crsGyKNek7q5JkjBqj2KmfqxUVZd;67afrnTxo8DVc52Uev61Yo4Yr9BGQpRw1RpPMWcx42La;69N7rm9nnp6sVoULtp5toD26F25rYum8593GupxkUYvH;6VMsrZvNaSzddT6vkY6dEDoFMeK5EoHD4KCAycfQpump;6gKx5EMvnymTVz2JgFhJAqpGxTYaBdVsaLb9YfPfvg4Y;6sFMbTF2VTzutzKekenJujFZBqb4TiBZJKfyLMUbpump;6wSQipxdE9Suf8tVNaCEbcqavUbLT7gL9tibpm3Jpump;7HiD5rzoZxAYXEJ8Z4t3WgM8VE1iSKWJdxPPyEdDNzwN;7xXo3JYBqzh6D91XRppzFRLfw8wJHypeukGaNWwKgZ8m;9hAojtonqe4RUQarvUYZhFqC99VK1S3LCewYkSjnpump;ASftCNtzPNmK3nMDvpQNvpLauKS45Vkq7kwTPutqUBL1;BUPNYwndVGfzVb6RG6q2PX53VdAimw2Mi98QxqeWpump;BZYpLHhui3qRNokWFg2JcX8CYtMqzWHR5R4xowjcbPqh;BmU6YJP2YCAo8sc2dkeR8KjvF3rGFBHZL25ejysppump;CHygERrxnc5QByNCwxUNSMhP7tKJA7rh6hNBdJ2spump;CziyAr14UNUrfkxpioWSumkLXMwWnDWN2bu2WR5ao7kc;DkDwxjD5JFK7hd7qUNHqNaTeqDGcZ1ia3Y6E7EUiehEn;F41TwidZvJJcsx9c2BMwS6eH9W6HcUT4LzPmGvK9WU6N;F59cEB3A7RAKHGtkvR577swnPSP6EsdaBoL5AcVZpump;GfqKCwNeAdHHi97AmgCLP5qrwcSJRDdyZ1huiU6xUXTz;H8oe2SCksJcYzhPeS4TsbteusgZW5k7QaZ4boKyq8C7U;H9GGsNc7vA4hN13N1oU4itq8x3mrdZBdw2XdK3Mipump;HJPjdsDmcvgCj4MV3NvqCWd78qDP8BMzGfrsk4Nbpump;JAqRn24FuQ5MFReXNgXb8uFej5vHJDxhVtebpQvHTQZy;UsrcsZMqw6p53Fohu16UCBjsbjqc73XmoRFZDcnCtMR;dy6zeSw9j2zHprXLwk1uUGAD4d2HF5R3pAFrL6bRAKs;hHc9579gpKUnvYvgcKyjdpe1UhmfVfGzGwMQCADpump;omskHvyNvQSn3PFak3E8JHQJeSVJFsrc6izWT12pump,2025-03-24T16:53:27Z,2026-09-09T12:35:06Z,MEDIUM,,True
6ZRCB7AAqGre6c72PRz3MHLC73VMYvJ8bi9KHf1HFpNk,upstream,35,42,28HydoWU7TZQxWiVQxGZyspE3qgWdCHToNDVgLoNpump;2iSB473Z7L2ndpWs3n22tb7H3KSGpswDTH3jP7qCCAZT;3coFBLantjJkMRmzaQ4znMQQzfqFYTyBeNhdXYAzpump;3uYT8w1FxasDGmM4WDG5kXu6D9BGvyP3iEfPJEVb6ewT;3vfxnHSCS139RZiw6MPZaEvhySnjbEi81GuF5EdNpump;44s336LDz8bXp4rpxy1qwUfysZ4THjpReQWTKQg7pump;5nnWe5SCBaNMC3oNiR7utth6kx3mH1dhmCarjDb91shW;5o9sE9FEVC12zWBd2zqPXAhoVyRiNjGfaYX6hS3Ppump;6VMsrZvNaSzddT6vkY6dEDoFMeK5EoHD4KCAycfQpump;6gKx5EMvnymTVz2JgFhJAqpGxTYaBdVsaLb9YfPfvg4Y;7aLLQRBpGCaSLmmHGf34MGtbdtTumiB14d14TtDnpump;7dACCWZXF4Lr9ftxFpi7TJk7a3hcPpUwGPAcTuXDpump;7mRDn1rAqjwFQXacodr1UmkNdvAGPbtNP9k5jvBZqt9J;7p4MwwkUaMv4gBThVkW46QjwVaosaUrccbFV1MbXpump;8ypYfW5cjafrfAZij8TZj5SFHAbPNpiRio96LMzypDkn;9PNfxvTARzdxvQas2uknW57bnfMCS1dxW1He7rPbuhuQ;9hAojtonqe4RUQarvUYZhFqC99VK1S3LCewYkSjnpump;ASftCNtzPNmK3nMDvpQNvpLauKS45Vkq7kwTPutqUBL1;AbpJywMWmkf1MFonRddPVogSwPPZHB9pG4x2nKb1YaPn;AgB5SxiP1DFZbW9uDAH7s8Mhv1HF21nJv67tnAAYpump;AmWCcDf6tG7zB3VPeDVjeXL5N567fXAiHcTKw3xXpump;BUPNYwndVGfzVb6RG6q2PX53VdAimw2Mi98QxqeWpump;CHygERrxnc5QByNCwxUNSMhP7tKJA7rh6hNBdJ2spump;CziyAr14UNUrfkxpioWSumkLXMwWnDWN2bu2WR5ao7kc;DJejJn1iJntJVTAixy4VRgqJFF3NMKPEMgVzbJFmpump;DTm66ivA96mhuQnqTy1cv7uELS4MHdYtpbRGJdW9t7Fn;EoKqyKksc4ekiPVuBD9FiztYQHkV59x8KTcZ3ReLpump;F59cEB3A7RAKHGtkvR577swnPSP6EsdaBoL5AcVZpump;G9r7nnHSgvb7LUfCE8kavRaKokEMMYBjVHGKvQ6dpump;GKTxLXsmkjLDo89XmPa5htwK7sAzdqZ3jmfV6gaTvK67;GL7M1C4QeLoURyexYgdhuP8SvaPh5LHQLRqKha3epump;H8oe2SCksJcYzhPeS4TsbteusgZW5k7QaZ4boKyq8C7U;HJPjdsDmcvgCj4MV3NvqCWd78qDP8BMzGfrsk4Nbpump;dy6zeSw9j2zHprXLwk1uUGAD4d2HF5R3pAFrL6bRAKs;rMPLDvnn6KR773WNhZvtFNcgFwnRkc7UbPkUaiMpump,2021-04-15T00:08:53Z,2021-05-21T20:39:24Z,MEDIUM,,True
57HfnzRPHqmiForDe2oSRDEbMpmXxxAfpNp1Q76hYgNw,upstream,34,34,13V3CbY7Q7AXnf24FMsUaQrmLxnRU4Md9phDEWZvpump;2BucyGvsg9wwTwsaFsEUFgdphrCtp94pDRtHowJUpump;3uYT8w1FxasDGmM4WDG5kXu6D9BGvyP3iEfPJEVb6ewT;3vfxnHSCS139RZiw6MPZaEvhySnjbEi81GuF5EdNpump;44s336LDz8bXp4rpxy1qwUfysZ4THjpReQWTKQg7pump;49aM4HrGABwG9F8iAn385zzcsS6mxHEFY8YN3H7y1Cd9;4kkrecvSVnnkK3RZcJ85tNFiZu9pWg584yHjNCqEpump;5DoZAeBkoci5t5zPhUiuhQFjuzYTfkSv5Seojsxppump;5EZ7yagvcsHcwH3e17khLwGzhFrCsx7CKS7ZN6J6i4Lh;5nnWe5SCBaNMC3oNiR7utth6kx3mH1dhmCarjDb91shW;6XD1vorwquLXjTSL5W4MJMGewZBeiEcPFmZw527TSwva;7271ZR6GBzaGqdtP28ZqZ5BKRt2ziu4AnPnVCAL7pump;7mRDn1rAqjwFQXacodr1UmkNdvAGPbtNP9k5jvBZqt9J;7xXo3JYBqzh6D91XRppzFRLfw8wJHypeukGaNWwKgZ8m;9hAojtonqe4RUQarvUYZhFqC99VK1S3LCewYkSjnpump;9mqJNDG2squcqZt2zC7cWWNtVozUbQUnzVnP1jG6pump;ASftCNtzPNmK3nMDvpQNvpLauKS45Vkq7kwTPutqUBL1;AmWCcDf6tG7zB3VPeDVjeXL5N567fXAiHcTKw3xXpump;B3xU49SW3khA7m5Lgata2fmPxZeQRuaJbCruPsVDpump;CSLP8Vp7u9hrXQi7crPXqCp7BaJaG4JrNxqvR3jDpump;D4aEpQLW45YnWrBmztcpJHqabbPtFe9F9PTv8Umvpump;EHUzmwAzmUix7TkwVr7b16U9ChJDr3RpjfXshR5swy5j;EoKqyKksc4ekiPVuBD9FiztYQHkV59x8KTcZ3ReLpump;F59cEB3A7RAKHGtkvR577swnPSP6EsdaBoL5AcVZpump;FuF2M5T79HJdpJUbp46qwWssLXQ1Xjf1yiNSfyo5UEGC;G9r7nnHSgvb7LUfCE8kavRaKokEMMYBjVHGKvQ6dpump;GfqKCwNeAdHHi97AmgCLP5qrwcSJRDdyZ1huiU6xUXTz;HJPjdsDmcvgCj4MV3NvqCWd78qDP8BMzGfrsk4Nbpump;JAqRn24FuQ5MFReXNgXb8uFej5vHJDxhVtebpQvHTQZy;dy6zeSw9j2zHprXLwk1uUGAD4d2HF5R3pAFrL6bRAKs;hHc9579gpKUnvYvgcKyjdpe1UhmfVfGzGwMQCADpump;rMPLDvnn6KR773WNhZvtFNcgFwnRkc7UbPkUaiMpump;sMe5iUcgTe4VXmg4WaShF5kuk6GmcKF3y4HqKGZpump;xeKm1qmxyHLJZLdwKpsZdx5UFtYyb124GTWRZWypump,2022-05-18T07:29:32Z,2022-05-18T07:29:32Z,MEDIUM,,True
Biw4eeaiYYYq6xSqEd7GzdwsrrndxA8mqdxfAtG3PTUU,direct,34,34,13V3CbY7Q7AXnf24FMsUaQrmLxnRU4Md9phDEWZvpump;2BucyGvsg9wwTwsaFsEUFgdphrCtp94pDRtHowJUpump;3uYT8w1FxasDGmM4WDG5kXu6D9BGvyP3iEfPJEVb6ewT;3vfxnHSCS139RZiw6MPZaEvhySnjbEi81GuF5EdNpump;44s336LDz8bXp4rpxy1qwUfysZ4THjpReQWTKQg7pump;49aM4HrGABwG9F8iAn385zzcsS6mxHEFY8YN3H7y1Cd9;4kkrecvSVnnkK3RZcJ85tNFiZu9pWg584yHjNCqEpump;5DoZAeBkoci5t5zPhUiuhQFjuzYTfkSv5Seojsxppump;5EZ7yagvcsHcwH3e17khLwGzhFrCsx7CKS7ZN6J6i4Lh;5nnWe5SCBaNMC3oNiR7utth6kx3mH1dhmCarjDb91shW;6XD1vorwquLXjTSL5W4MJMGewZBeiEcPFmZw527TSwva;7271ZR6GBzaGqdtP28ZqZ5BKRt2ziu4AnPnVCAL7pump;7mRDn1rAqjwFQXacodr1UmkNdvAGPbtNP9k5jvBZqt9J;7xXo3JYBqzh6D91XRppzFRLfw8wJHypeukGaNWwKgZ8m;9hAojtonqe4RUQarvUYZhFqC99VK1S3LCewYkSjnpump;9mqJNDG2squcqZt2zC7cWWNtVozUbQUnzVnP1jG6pump;ASftCNtzPNmK3nMDvpQNvpLauKS45Vkq7kwTPutqUBL1;AmWCcDf6tG7zB3VPeDVjeXL5N567fXAiHcTKw3xXpump;B3xU49SW3khA7m5Lgata2fmPxZeQRuaJbCruPsVDpump;CSLP8Vp7u9hrXQi7crPXqCp7BaJaG4JrNxqvR3jDpump;D4aEpQLW45YnWrBmztcpJHqabbPtFe9F9PTv8Umvpump;EHUzmwAzmUix7TkwVr7b16U9ChJDr3RpjfXshR5swy5j;EoKqyKksc4ekiPVuBD9FiztYQHkV59x8KTcZ3ReLpump;F59cEB3A7RAKHGtkvR577swnPSP6EsdaBoL5AcVZpump;FuF2M5T79HJdpJUbp46qwWssLXQ1Xjf1yiNSfyo5UEGC;G9r7nnHSgvb7LUfCE8kavRaKokEMMYBjVHGKvQ6dpump;GfqKCwNeAdHHi97AmgCLP5qrwcSJRDdyZ1huiU6xUXTz;HJPjdsDmcvgCj4MV3NvqCWd78qDP8BMzGfrsk4Nbpump;JAqRn24FuQ5MFReXNgXb8uFej5vHJDxhVtebpQvHTQZy;dy6zeSw9j2zHprXLwk1uUGAD4d2HF5R3pAFrL6bRAKs;hHc9579gpKUnvYvgcKyjdpe1UhmfVfGzGwMQCADpump;rMPLDvnn6KR773WNhZvtFNcgFwnRkc7UbPkUaiMpump;sMe5iUcgTe4VXmg4WaShF5kuk6GmcKF3y4HqKGZpump;xeKm1qmxyHLJZLdwKpsZdx5UFtYyb124GTWRZWypump,2025-02-10T14:34:34Z,2026-10-02T18:29:16Z,HIGH,,True
6GdqGGgrgmZdYfhxHWFi2GGKoiJLeMhxLJueUoKTxmbF,upstream,32,36,28HydoWU7TZQxWiVQxGZyspE3qgWdCHToNDVgLoNpump;2iSB473Z7L2ndpWs3n22tb7H3KSGpswDTH3jP7qCCAZT;3uYT8w1FxasDGmM4WDG5kXu6D9BGvyP3iEfPJEVb6ewT;3vfxnHSCS139RZiw6MPZaEvhySnjbEi81GuF5EdNpump;49aM4HrGABwG9F8iAn385zzcsS6mxHEFY8YN3H7y1Cd9;4GRTznsfLTRqaB2uMAFmmgaWtvfVyBb4qCsTjskUpump;4ZUjJ5EJbwfh7teotB29uHc1SC3SiqbrkwJoNgsxibbU;4kkrecvSVnnkK3RZcJ85tNFiZu9pWg584yHjNCqEpump;4n32UBFWKJNPQayeN25GrLJHswbja41XFMxebcg9pump;55bKo8bj1YVEgsbwkkd4Nwu7JhaZF9trUgbvpZ3YeVCA;57ANN8dAbPX8x1BEFFwzBttkzwpKZBEiJkdiWSzVNQvS;5nnWe5SCBaNMC3oNiR7utth6kx3mH1dhmCarjDb91shW;5o43e7gYZWFNEpdqkegHY6LXkhMXB1z6f7d6TAVGEMTM;6VMsrZvNaSzddT6vkY6dEDoFMeK5EoHD4KCAycfQpump;6sFMbTF2VTzutzKekenJujFZBqb4TiBZJKfyLMUbpump;6wSQipxdE9Suf8tVNaCEbcqavUbLT7gL9tibpm3Jpump;7p4MwwkUaMv4gBThVkW46QjwVaosaUrccbFV1MbXpump;7xXo3JYBqzh6D91XRppzFRLfw8wJHypeukGaNWwKgZ8m;8qT3o4k4aUmyLrgd7hHYmVxin3kFhQ9QsXdSXTP6pump;9ek8utEujXFmiM9wXcWKPF18y57PmeG8rsiBZGzzpump;B3xU49SW3khA7m5Lgata2fmPxZeQRuaJbCruPsVDpump;EkTkjVEfhvgkoCwheMTnr8mhEmJ6Q7ZR8q7ZMCcnpump;Er5RuNhTEwJH5dHv9c3YGATjgkLCETH4dKazntyWEtXY;F41TwidZvJJcsx9c2BMwS6eH9W6HcUT4LzPmGvK9WU6N;F59cEB3A7RAKHGtkvR577swnPSP6EsdaBoL5AcVZpump;FuF2M5T79HJdpJUbp46qwWssLXQ1Xjf1yiNSfyo5UEGC;GfqKCwNeAdHHi97AmgCLP5qrwcSJRDdyZ1huiU6xUXTz;UsrcsZMqw6p53Fohu16UCBjsbjqc73XmoRFZDcnCtMR;dy6zeSw9j2zHprXLwk1uUGAD4d2HF5R3pAFrL6bRAKs;hHc9579gpKUnvYvgcKyjdpe1UhmfVfGzGwMQCADpump;rMPLDvnn6KR773WNhZvtFNcgFwnRkc7UbPkUaiMpump;sMe5iUcgTe4VXmg4WaShF5kuk6GmcKF3y4HqKGZpump,2025-04-09T22:32:42Z,2025-04-09T22:32:42Z,MEDIUM,,True
AgmLJBMDCqWynYnQiPCuj9ewsNNsBJXyzoUhD9LJzN51,direct,32,36,28HydoWU7TZQxWiVQxGZyspE3qgWdCHToNDVgLoNpump;2iSB473Z7L2ndpWs3n22tb7H3KSGpswDTH3jP7qCCAZT;3uYT8w1FxasDGmM4WDG5kXu6D9BGvyP3iEfPJEVb6ewT;3vfxnHSCS139RZiw6MPZaEvhySnjbEi81GuF5EdNpump;49aM4HrGABwG9F8iAn385zzcsS6mxHEFY8YN3H7y1Cd9;4GRTznsfLTRqaB2uMAFmmgaWtvfVyBb4qCsTjskUpump;4ZUjJ5EJbwfh7teotB29uHc1SC3SiqbrkwJoNgsxibbU;4kkrecvSVnnkK3RZcJ85tNFiZu9pWg584yHjNCqEpump;4n32UBFWKJNPQayeN25GrLJHswbja41XFMxebcg9pump;55bKo8bj1YVEgsbwkkd4Nwu7JhaZF9trUgbvpZ3YeVCA;57ANN8dAbPX8x1BEFFwzBttkzwpKZBEiJkdiWSzVNQvS;5nnWe5SCBaNMC3oNiR7utth6kx3mH1dhmCarjDb91shW;5o43e7gYZWFNEpdqkegHY6LXkhMXB1z6f7d6TAVGEMTM;6VMsrZvNaSzddT6vkY6dEDoFMeK5EoHD4KCAycfQpump;6sFMbTF2VTzutzKekenJujFZBqb4TiBZJKfyLMUbpump;6wSQipxdE9Suf8tVNaCEbcqavUbLT7gL9tibpm3Jpump;7p4MwwkUaMv4gBThVkW46QjwVaosaUrccbFV1MbXpump;7xXo3JYBqzh6D91XRppzFRLfw8wJHypeukGaNWwKgZ8m;8qT3o4k4aUmyLrgd7hHYmVxin3kFhQ9QsXdSXTP6pump;9ek8utEujXFmiM9wXcWKPF18y57PmeG8rsiBZGzzpump;B3xU49SW3khA7m5Lgata2fmPxZeQRuaJbCruPsVDpump;EkTkjVEfhvgkoCwheMTnr8mhEmJ6Q7ZR8q7ZMCcnpump;Er5RuNhTEwJH5dHv9c3YGATjgkLCETH4dKazntyWEtXY;F41TwidZvJJcsx9c2BMwS6eH9W6HcUT4LzPmGvK9WU6N;F59cEB3A7RAKHGtkvR577swnPSP6EsdaBoL5AcVZpump;FuF2M5T79HJdpJUbp46qwWssLXQ1Xjf1yiNSfyo5UEGC;GfqKCwNeAdHHi97AmgCLP5qrwcSJRDdyZ1huiU6xUXTz;UsrcsZMqw6p53Fohu16UCBjsbjqc73XmoRFZDcnCtMR;dy6zeSw9j2zHprXLwk1uUGAD4d2HF5R3pAFrL6bRAKs;hHc9579gpKUnvYvgcKyjdpe1UhmfVfGzGwMQCADpump;rMPLDvnn6KR773WNhZvtFNcgFwnRkc7UbPkUaiMpump;sMe5iUcgTe4VXmg4WaShF5kuk6GmcKF3y4HqKGZpump,2026-06-20T15:29:59Z,2026-09-28T14:06:44Z,HIGH,,True
7oi1L8U9MRu5zDz5syFahsiLUric47LzvJBQX6r827ws,upstream,32,30,13V3CbY7Q7AXnf24FMsUaQrmLxnRU4Md9phDEWZvpump;2A6sLqrw8WN6KkgnCsN4xJkyAowBZHr2H9xQ4u3Mpump;2BucyGvsg9wwTwsaFsEUFgdphrCtp94pDRtHowJUpump;3uYT8w1FxasDGmM4WDG5kXu6D9BGvyP3iEfPJEVb6ewT;3vfxnHSCS139RZiw6MPZaEvhySnjbEi81GuF5EdNpump;44s336LDz8bXp4rpxy1qwUfysZ4THjpReQWTKQg7pump;47r9YPDeTVpwHjAakoVgnzNTJRChXC8f4KSUqMbEsBbM;4GRTznsfLTRqaB2uMAFmmgaWtvfVyBb4qCsTjskUpump;5L6As5obMTXxKwjmGBy1LTRwW2Hm1PjSK18JhETrpump;5o9sE9FEVC12zWBd2zqPXAhoVyRiNjGfaYX6hS3Ppump;6wSQipxdE9Suf8tVNaCEbcqavUbLT7gL9tibpm3Jpump;7271ZR6GBzaGqdtP28ZqZ5BKRt2ziu4AnPnVCAL7pump;7aLLQRBpGCaSLmmHGf34MGtbdtTumiB14d14TtDnpump;7dACCWZXF4Lr9ftxFpi7TJk7a3hcPpUwGPAcTuXDpump;7p4MwwkUaMv4gBThVkW46QjwVaosaUrccbFV1MbXpump;8qT3o4k4aUmyLrgd7hHYmVxin3kFhQ9QsXdSXTP6pump;9ek8utEujXFmiM9wXcWKPF18y57PmeG8rsiBZGzzpump;ASftCNtzPNmK3nMDvpQNvpLauKS45Vkq7kwTPutqUBL1;AgB5SxiP1DFZbW9uDAH7s8Mhv1HF21nJv67tnAAYpump;AmWCcDf6tG7zB3VPeDVjeXL5N567fXAiHcTKw3xXpump;BZYpLHhui3qRNokWFg2JcX8CYtMqzWHR5R4xowjcbPqh;BmU6YJP2YCAo8sc2dkeR8KjvF3rGFBHZL25ejysppump;CziyAr14UNUrfkxpioWSumkLXMwWnDWN2bu2WR5ao7kc;DTm66ivA96mhuQnqTy1cv7uELS4MHdYtpbRGJdW9t7Fn;EkTkjVEfhvgkoCwheMTnr8mhEmJ6Q7ZR8q7ZMCcnpump;EoKqyKksc4ekiPVuBD9FiztYQHkV59x8KTcZ3ReLpump;Er5RuNhTEwJH5dHv9c3YGATjgkLCETH4dKazntyWEtXY;F59cEB3A7RAKHGtkvR577swnPSP6EsdaBoL5AcVZpump;H9GGsNc7vA4hN13N1oU4itq8x3mrdZBdw2XdK3Mipump;hHc9579gpKUnvYvgcKyjdpe1UhmfVfGzGwMQCADpump;omskHvyNvQSn3PFak3E8JHQJeSVJFsrc6izWT12pump;xeKm1qmxyHLJZLdwKpsZdx5UFtYyb124GTWRZWypump,2025-07-14T07:30:39Z,2025-07-14T07:30:39Z,MEDIUM,,True
CH6fqSQbBjfzkyAw5kv5EucSJenfNAuLA8Dq3qmAGy6E,upstream,32,29,2iSB473Z7L2ndpWs3n22tb7H3KSGpswDTH3jP7qCCAZT;3coFBLantjJkMRmzaQ4znMQQzfqFYTyBeNhdXYAzpump;3uYT8w1FxasDGmM4WDG5kXu6D9BGvyP3iEfPJEVb6ewT;44s336LDz8bXp4rpxy1qwUfysZ4THjpReQWTKQg7pump;4kkrecvSVnnkK3RZcJ85tNFiZu9pWg584yHjNCqEpump;57ANN8dAbPX8x1BEFFwzBttkzwpKZBEiJkdiWSzVNQvS;5DoZAeBkoci5t5zPhUiuhQFjuzYTfkSv5Seojsxppump;5L6As5obMTXxKwjmGBy1LTRwW2Hm1PjSK18JhETrpump;5nnWe5SCBaNMC3oNiR7utth6kx3mH1dhmCarjDb91shW;5o9sE9FEVC12zWBd2zqPXAhoVyRiNjGfaYX6hS3Ppump;6VMsrZvNaSzddT6vkY6dEDoFMeK5EoHD4KCAycfQpump;7aLLQRBpGCaSLmmHGf34MGtbdtTumiB14d14TtDnpump;7p4MwwkUaMv4gBThVkW46QjwVaosaUrccbFV1MbXpump;8ypYfW5cjafrfAZij8TZj5SFHAbPNpiRio96LMzypDkn;9PNfxvTARzdxvQas2uknW57bnfMCS1dxW1He7rPbuhuQ;9hAojtonqe4RUQarvUYZhFqC99VK1S3LCewYkSjnpump;AbpJywMWmkf1MFonRddPVogSwPPZHB9pG4x2nKb1YaPn;AgB5SxiP1DFZbW9uDAH7s8Mhv1HF21nJv67tnAAYpump;AmWCcDf6tG7zB3VPeDVjeXL5N567fXAiHcTKw3xXpump;B3xU49SW3khA7m5Lgata2fmPxZeQRuaJbCruPsVDpump;BUPNYwndVGfzVb6RG6q2PX53VdAimw2Mi98QxqeWpump;CHygERrxnc5QByNCwxUNSMhP7tKJA7rh6hNBdJ2spump;CziyAr14UNUrfkxpioWSumkLXMwWnDWN2bu2WR5ao7kc;DJejJn1iJntJVTAixy4VRgqJFF3NMKPEMgVzbJFmpump;EkTkjVEfhvgkoCwheMTnr8mhEmJ6Q7ZR8q7ZMCcnpump;EoKqyKksc4ekiPVuBD9FiztYQHkV59x8KTcZ3ReLpump;F41TwidZvJJcsx9c2BMwS6eH9W6HcUT4LzPmGvK9WU6N;G9r7nnHSgvb7LUfCE8kavRaKokEMMYBjVHGKvQ6dpump;GKTxLXsmkjLDo89XmPa5htwK7sAzdqZ3jmfV6gaTvK67;GL7M1C4QeLoURyexYgdhuP8SvaPh5LHQLRqKha3epump;HJPjdsDmcvgCj4MV3NvqCWd78qDP8BMzGfrsk4Nbpump;dy6zeSw9j2zHprXLwk1uUGAD4d2HF5R3pAFrL6bRAKs,2021-05-23T11:31:04Z,2021-05-23T11:31:04Z,MEDIUM,,True
teStzXQ6CwnVkhzzSxskjFJUUzsGuzokuYCf9w5Sjxt,upstream,32,28,2A6sLqrw8WN6KkgnCsN4xJkyAowBZHr2H9xQ4u3Mpump;2BucyGvsg9wwTwsaFsEUFgdphrCtp94pDRtHowJUpump;3vfxnHSCS139RZiw6MPZaEvhySnjbEi81GuF5EdNpump;44s336LDz8bXp4rpxy1qwUfysZ4THjpReQWTKQg7pump;47r9YPDeTVpwHjAakoVgnzNTJRChXC8f4KSUqMbEsBbM;4GRTznsfLTRqaB2uMAFmmgaWtvfVyBb4qCsTjskUpump;5o43e7gYZWFNEpdqkegHY6LXkhMXB1z6f7d6TAVGEMTM;5o9sE9FEVC12zWBd2zqPXAhoVyRiNjGfaYX6hS3Ppump;6wSQipxdE9Suf8tVNaCEbcqavUbLT7gL9tibpm3Jpump;7271ZR6GBzaGqdtP28ZqZ5BKRt2ziu4AnPnVCAL7pump;7aLLQRBpGCaSLmmHGf34MGtbdtTumiB14d14TtDnpump;7dACCWZXF4Lr9ftxFpi7TJk7a3hcPpUwGPAcTuXDpump;7p4MwwkUaMv4gBThVkW46QjwVaosaUrccbFV1MbXpump;8qT3o4k4aUmyLrgd7hHYmVxin3kFhQ9QsXdSXTP6pump;9CzNGAEutxKHJ5CwYC5Lk8X8YzgYrQnvKChP2BFEpump;9ek8utEujXFmiM9wXcWKPF18y57PmeG8rsiBZGzzpump;9xhMStAAufkH5jA5nevaGy6M9fCsQ74BZnsXyo93DkfA;AgB5SxiP1DFZbW9uDAH7s8Mhv1HF21nJv67tnAAYpump;AmWCcDf6tG7zB3VPeDVjeXL5N567fXAiHcTKw3xXpump;BZYpLHhui3qRNokWFg2JcX8CYtMqzWHR5R4xowjcbPqh;BmU6YJP2YCAo8sc2dkeR8KjvF3rGFBHZL25ejysppump;CziyAr14UNUrfkxpioWSumkLXMwWnDWN2bu2WR5ao7kc;DTm66ivA96mhuQnqTy1cv7uELS4MHdYtpbRGJdW9t7Fn;EkTkjVEfhvgkoCwheMTnr8mhEmJ6Q7ZR8q7ZMCcnpump;EoKqyKksc4ekiPVuBD9FiztYQHkV59x8KTcZ3ReLpump;Er5RuNhTEwJH5dHv9c3YGATjgkLCETH4dKazntyWEtXY;F59cEB3A7RAKHGtkvR577swnPSP6EsdaBoL5AcVZpump;G9r7nnHSgvb7LUfCE8kavRaKokEMMYBjVHGKvQ6dpump;H9GGsNc7vA4hN13N1oU4itq8x3mrdZBdw2XdK3Mipump;hHc9579gpKUnvYvgcKyjdpe1UhmfVfGzGwMQCADpump;omskHvyNvQSn3PFak3E8JHQJeSVJFsrc6izWT12pump;rMPLDvnn6KR773WNhZvtFNcgFwnRkc7UbPkUaiMpump,2024-06-22T20:05:17Z,2025-05-22T05:54:52Z,MEDIUM,,True
5F1seMKUqSNhv45f6FhB2cFmgJbk8U1avJw7M6TexUq1,upstream,31,48,21XJbyQWEhmeoxKRHdGrEjetSfHopvtp68LWzdvT471M;28HydoWU7TZQxWiVQxGZyspE3qgWdCHToNDVgLoNpump;2iSB473Z7L2ndpWs3n22tb7H3KSGpswDTH3jP7qCCAZT;3GeNgcFpMwH9ts5b3W3jddtfwhwAURaykTy8YjtrGQWT;3coFBLantjJkMRmzaQ4znMQQzfqFYTyBeNhdXYAzpump;3vfxnHSCS139RZiw6MPZaEvhySnjbEi81GuF5EdNpump;4prKtarobdhYDY4Hu3uGZMx7Je4HqPJeLVyxN6m4Ld3T;4sjtHGeAKP6DoMUdvFqQuiYKhhPpwa9XCxUyuFD2pump;55bKo8bj1YVEgsbwkkd4Nwu7JhaZF9trUgbvpZ3YeVCA;5EZ7yagvcsHcwH3e17khLwGzhFrCsx7CKS7ZN6J6i4Lh;5nnWe5SCBaNMC3oNiR7utth6kx3mH1dhmCarjDb91shW;5o43e7gYZWFNEpdqkegHY6LXkhMXB1z6f7d6TAVGEMTM;6VMsrZvNaSzddT6vkY6dEDoFMeK5EoHD4KCAycfQpump;6gKx5EMvnymTVz2JgFhJAqpGxTYaBdVsaLb9YfPfvg4Y;6wSQipxdE9Suf8tVNaCEbcqavUbLT7gL9tibpm3Jpump;7p4MwwkUaMv4gBThVkW46QjwVaosaUrccbFV1MbXpump;7xXo3JYBqzh6D91XRppzFRLfw8wJHypeukGaNWwKgZ8m;8G7aM6Gco4fHjVpmVvUdVvhKMKaWXJEqkCKRvPdepump;8qT3o4k4aUmyLrgd7hHYmVxin3kFhQ9QsXdSXTP6pump;8ypYfW5cjafrfAZij8TZj5SFHAbPNpiRio96LMzypDkn;9CzNGAEutxKHJ5CwYC5Lk8X8YzgYrQnvKChP2BFEpump;9PNfxvTARzdxvQas2uknW57bnfMCS1dxW1He7rPbuhuQ;AbpJywMWmkf1MFonRddPVogSwPPZHB9pG4x2nKb1YaPn;B3xU49SW3khA7m5Lgata2fmPxZeQRuaJbCruPsVDpump;CziyAr14UNUrfkxpioWSumkLXMwWnDWN2bu2WR5ao7kc;DkDwxjD5JFK7hd7qUNHqNaTeqDGcZ1ia3Y6E7EUiehEn;Er5RuNhTEwJH5dHv9c3YGATjgkLCETH4dKazntyWEtXY;FuF2M5T79HJdpJUbp46qwWssLXQ1Xjf1yiNSfyo5UEGC;GKTxLXsmkjLDo89XmPa5htwK7sAzdqZ3jmfV6gaTvK67;dy6zeSw9j2zHprXLwk1uUGAD4d2HF5R3pAFrL6bRAKs;hHc9579gpKUnvYvgcKyjdpe1UhmfVfGzGwMQCADpump,2024-12-07T13:38:33Z,2026-09-14T10:44:30Z,MEDIUM,,True
GJRs4FwHtemZ5ZE9x3FNvJ8TMwitKTh21yxdRPqn7npE,upstream,31,25,2A6sLqrw8WN6KkgnCsN4xJkyAowBZHr2H9xQ4u3Mpump;2iSB473Z7L2ndpWs3n22tb7H3KSGpswDTH3jP7qCCAZT;44s336LDz8bXp4rpxy1qwUfysZ4THjpReQWTKQg7pump;4ZUjJ5EJbwfh7teotB29uHc1SC3SiqbrkwJoNgsxibbU;4kkrecvSVnnkK3RZcJ85tNFiZu9pWg584yHjNCqEpump;57ANN8dAbPX8x1BEFFwzBttkzwpKZBEiJkdiWSzVNQvS;5DoZAeBkoci5t5zPhUiuhQFjuzYTfkSv5Seojsxppump;5L6As5obMTXxKwjmGBy1LTRwW2Hm1PjSK18JhETrpump;5nnWe5SCBaNMC3oNiR7utth6kx3mH1dhmCarjDb91shW;5o43e7gYZWFNEpdqkegHY6LXkhMXB1z6f7d6TAVGEMTM;7aLLQRBpGCaSLmmHGf34MGtbdtTumiB14d14TtDnpump;8G7aM6Gco4fHjVpmVvUdVvhKMKaWXJEqkCKRvPdepump;9CzNGAEutxKHJ5CwYC5Lk8X8YzgYrQnvKChP2BFEpump;9PNfxvTARzdxvQas2uknW57bnfMCS1dxW1He7rPbuhuQ;9ek8utEujXFmiM9wXcWKPF18y57PmeG8rsiBZGzzpump;9xhMStAAufkH5jA5nevaGy6M9fCsQ74BZnsXyo93DkfA;AgB5SxiP1DFZbW9uDAH7s8Mhv1HF21nJv67tnAAYpump;AmWCcDf6tG7zB3VPeDVjeXL5N567fXAiHcTKw3xXpump;B3xU49SW3khA7m5Lgata2fmPxZeQRuaJbCruPsVDpump;BUPNYwndVGfzVb6RG6q2PX53VdAimw2Mi98QxqeWpump;BmU6YJP2YCAo8sc2dkeR8KjvF3rGFBHZL25ejysppump;CHygERrxnc5QByNCwxUNSMhP7tKJA7rh6hNBdJ2spump;DJejJn1iJntJVTAixy4VRgqJFF3NMKPEMgVzbJFmpump;EkTkjVEfhvgkoCwheMTnr8mhEmJ6Q7ZR8q7ZMCcnpump;EoKqyKksc4ekiPVuBD9FiztYQHkV59x8KTcZ3ReLpump;F41TwidZvJJcsx9c2BMwS6eH9W6HcUT4LzPmGvK9WU6N;G9r7nnHSgvb7LUfCE8kavRaKokEMMYBjVHGKvQ6dpump;GL7M1C4QeLoURyexYgdhuP8SvaPh5LHQLRqKha3epump;HJPjdsDmcvgCj4MV3NvqCWd78qDP8BMzGfrsk4Nbpump;hHc9579gpKUnvYvgcKyjdpe1UhmfVfGzGwMQCADpump;rMPLDvnn6KR773WNhZvtFNcgFwnRkc7UbPkUaiMpump,2023-08-05T07:08:34Z,2026-08-24T01:49:34Z,MEDIUM,,True
4QxRHtMBdHonzGypX9KjoqXfMjVqDwSe7WdvjHA1bumH,upstream,30,34,13V3CbY7Q7AXnf24FMsUaQrmLxnRU4Md9phDEWZvpump;21XJbyQWEhmeoxKRHdGrEjetSfHopvtp68LWzdvT471M;2A6sLqrw8WN6KkgnCsN4xJkyAowBZHr2H9xQ4u3Mpump;2Tiw1Tna3kAut868cjXuKoyrv8U8gi1YjTaXw7Czpump;3coFBLantjJkMRmzaQ4znMQQzfqFYTyBeNhdXYAzpump;4kkrecvSVnnkK3RZcJ85tNFiZu9pWg584yHjNCqEpump;4n32UBFWKJNPQayeN25GrLJHswbja41XFMxebcg9pump;4prKtarobdhYDY4Hu3uGZMx7Je4HqPJeLVyxN6m4Ld3T;55bKo8bj1YVEgsbwkkd4Nwu7JhaZF9trUgbvpZ3YeVCA;5L6As5obMTXxKwjmGBy1LTRwW2Hm1PjSK18JhETrpump;5pSEZw1iytqYznD7crsGyKNek7q5JkjBqj2KmfqxUVZd;7p4MwwkUaMv4gBThVkW46QjwVaosaUrccbFV1MbXpump;7xXo3JYBqzh6D91XRppzFRLfw8wJHypeukGaNWwKgZ8m;8G7aM6Gco4fHjVpmVvUdVvhKMKaWXJEqkCKRvPdepump;8ypYfW5cjafrfAZij8TZj5SFHAbPNpiRio96LMzypDkn;9PNfxvTARzdxvQas2uknW57bnfMCS1dxW1He7rPbuhuQ;AbpJywMWmkf1MFonRddPVogSwPPZHB9pG4x2nKb1YaPn;AmWCcDf6tG7zB3VPeDVjeXL5N567fXAiHcTKw3xXpump;BUPNYwndVGfzVb6RG6q2PX53VdAimw2Mi98QxqeWpump;CziyAr14UNUrfkxpioWSumkLXMwWnDWN2bu2WR5ao7kc;DTm66ivA96mhuQnqTy1cv7uELS4MHdYtpbRGJdW9t7Fn;Er5RuNhTEwJH5dHv9c3YGATjgkLCETH4dKazntyWEtXY;F59cEB3A7RAKHGtkvR577swnPSP6EsdaBoL5AcVZpump;FuF2M5T79HJdpJUbp46qwWssLXQ1Xjf1yiNSfyo5UEGC;GKTxLXsmkjLDo89XmPa5htwK7sAzdqZ3jmfV6gaTvK67;GfqKCwNeAdHHi97AmgCLP5qrwcSJRDdyZ1huiU6xUXTz;HJPjdsDmcvgCj4MV3NvqCWd78qDP8BMzGfrsk4Nbpump;hHc9579gpKUnvYvgcKyjdpe1UhmfVfGzGwMQCADpump;omskHvyNvQSn3PFak3E8JHQJeSVJFsrc6izWT12pump;xeKm1qmxyHLJZLdwKpsZdx5UFtYyb124GTWRZWypump,2024-11-20T01:51:11Z,2024-11-20T01:51:11Z,MEDIUM,,True
Amf2mf2Ciap5wYAEKDtGoQHfHPWaKbyFYhutMK46hTRF,upstream,30,28,13V3CbY7Q7AXnf24FMsUaQrmLxnRU4Md9phDEWZvpump;2A6sLqrw8WN6KkgnCsN4xJkyAowBZHr2H9xQ4u3Mpump;3GeNgcFpMwH9ts5b3W3jddtfwhwAURaykTy8YjtrGQWT;3f8CKfznVUGrFfhcq8ZBY9M1xyDeEQGrh6iH372h3ebN;44s336LDz8bXp4rpxy1qwUfysZ4THjpReQWTKQg7pump;4ZUjJ5EJbwfh7teotB29uHc1SC3SiqbrkwJoNgsxibbU;4kkrecvSVnnkK3RZcJ85tNFiZu9pWg584yHjNCqEpump;57ANN8dAbPX8x1BEFFwzBttkzwpKZBEiJkdiWSzVNQvS;5o43e7gYZWFNEpdqkegHY6LXkhMXB1z6f7d6TAVGEMTM;69N7rm9nnp6sVoULtp5toD26F25rYum8593GupxkUYvH;6VMsrZvNaSzddT6vkY6dEDoFMeK5EoHD4KCAycfQpump;6sFMbTF2VTzutzKekenJujFZBqb4TiBZJKfyLMUbpump;6wSQipxdE9Suf8tVNaCEbcqavUbLT7gL9tibpm3Jpump;7Q9VxTczrzgvjXWbJJZibR7hbYAohngsNsuEhdEcpump;7aLLQRBpGCaSLmmHGf34MGtbdtTumiB14d14TtDnpump;7p4MwwkUaMv4gBThVkW46QjwVaosaUrccbFV1MbXpump;7xXo3JYBqzh6D91XRppzFRLfw8wJHypeukGaNWwKgZ8m;8G7aM6Gco4fHjVpmVvUdVvhKMKaWXJEqkCKRvPdepump;8qT3o4k4aUmyLrgd7hHYmVxin3kFhQ9QsXdSXTP6pump;8ypYfW5cjafrfAZij8TZj5SFHAbPNpiRio96LMzypDkn;AbpJywMWmkf1MFonRddPVogSwPPZHB9pG4x2nKb1YaPn;BE5ciZmcADAX78u2a1GrFiPMPC3rNXtdPGUrhzWB4k5d;BUPNYwndVGfzVb6RG6q2PX53VdAimw2Mi98QxqeWpump;DJejJn1iJntJVTAixy4VRgqJFF3NMKPEMgVzbJFmpump;DkDwxjD5JFK7hd7qUNHqNaTeqDGcZ1ia3Y6E7EUiehEn;EkTkjVEfhvgkoCwheMTnr8mhEmJ6Q7ZR8q7ZMCcnpump;F59cEB3A7RAKHGtkvR577swnPSP6EsdaBoL5AcVZpump;FuF2M5T79HJdpJUbp46qwWssLXQ1Xjf1yiNSfyo5UEGC;GL7M1C4QeLoURyexYgdhuP8SvaPh5LHQLRqKha3epump;JAqRn24FuQ5MFReXNgXb8uFej5vHJDxhVtebpQvHTQZy,2021-05-17T17:18:12Z,2021-05-17T17:18:12Z,MEDIUM,,True
GBFSP3s4pU3dDKS2gCzvH8UpE4UJs3XGRuxmuWthHaf9,upstream,30,25,13V3CbY7Q7AXnf24FMsUaQrmLxnRU4Md9phDEWZvpump;21XJbyQWEhmeoxKRHdGrEjetSfHopvtp68LWzdvT471M;25GrKYrc3y4LZmmuhppYgFRCKb7JyZ6grum4WhLYvA1z;2BucyGvsg9wwTwsaFsEUFgdphrCtp94pDRtHowJUpump;2Tiw1Tna3kAut868cjXuKoyrv8U8gi1YjTaXw7Czpump;44s336LDz8bXp4rpxy1qwUfysZ4THjpReQWTKQg7pump;47r9YPDeTVpwHjAakoVgnzNTJRChXC8f4KSUqMbEsBbM;49aM4HrGABwG9F8iAn385zzcsS6mxHEFY8YN3H7y1Cd9;55bKo8bj1YVEgsbwkkd4Nwu7JhaZF9trUgbvpZ3YeVCA;5DoZAeBkoci5t5zPhUiuhQFjuzYTfkSv5Seojsxppump;5L6As5obMTXxKwjmGBy1LTRwW2Hm1PjSK18JhETrpump;6XD1vorwquLXjTSL5W4MJMGewZBeiEcPFmZw527TSwva;7aLLQRBpGCaSLmmHGf34MGtbdtTumiB14d14TtDnpump;9ek8utEujXFmiM9wXcWKPF18y57PmeG8rsiBZGzzpump;9hAojtonqe4RUQarvUYZhFqC99VK1S3LCewYkSjnpump;AmWCcDf6tG7zB3VPeDVjeXL5N567fXAiHcTKw3xXpump;BmU6YJP2YCAo8sc2dkeR8KjvF3rGFBHZL25ejysppump;CHygERrxnc5QByNCwxUNSMhP7tKJA7rh6hNBdJ2spump;CSLP8Vp7u9hrXQi7crPXqCp7BaJaG4JrNxqvR3jDpump;CziyAr14UNUrfkxpioWSumkLXMwWnDWN2bu2WR5ao7kc;D4aEpQLW45YnWrBmztcpJHqabbPtFe9F9PTv8Umvpump;DQ2H7qcj262RAKfSxGYeL7cYJq54mVdXe4gYxUwxpump;DTm66ivA96mhuQnqTy1cv7uELS4MHdYtpbRGJdW9t7Fn;DkDwxjD5JFK7hd7qUNHqNaTeqDGcZ1ia3Y6E7EUiehEn;F41TwidZvJJcsx9c2BMwS6eH9W6HcUT4LzPmGvK9WU6N;G9r7nnHSgvb7LUfCE8kavRaKokEMMYBjVHGKvQ6dpump;GL7M1C4QeLoURyexYgdhuP8SvaPh5LHQLRqKha3epump;HJPjdsDmcvgCj4MV3NvqCWd78qDP8BMzGfrsk4Nbpump;hHc9579gpKUnvYvgcKyjdpe1UhmfVfGzGwMQCADpump;sMe5iUcgTe4VXmg4WaShF5kuk6GmcKF3y4HqKGZpump,2026-04-16T09:41:49Z,2026-04-16T09:41:49Z,MEDIUM,,True
BfP2dBiHbiqYvsmESsgHEL8wQtZt25sbDNKnwmNRB34G,upstream,30,24,21XJbyQWEhmeoxKRHdGrEjetSfHopvtp68LWzdvT471M;25GrKYrc3y4LZmmuhppYgFRCKb7JyZ6grum4WhLYvA1z;2iSB473Z7L2ndpWs3n22tb7H3KSGpswDTH3jP7qCCAZT;3f8CKfznVUGrFfhcq8ZBY9M1xyDeEQGrh6iH372h3ebN;3vfxnHSCS139RZiw6MPZaEvhySnjbEi81GuF5EdNpump;49aM4HrGABwG9F8iAn385zzcsS6mxHEFY8YN3H7y1Cd9;4n32UBFWKJNPQayeN25GrLJHswbja41XFMxebcg9pump;4sjtHGeAKP6DoMUdvFqQuiYKhhPpwa9XCxUyuFD2pump;5EZ7yagvcsHcwH3e17khLwGzhFrCsx7CKS7ZN6J6i4Lh;5Sg1vv51KGCSDF2gBHgbNATCEXFjYtVhWgztNUwtgJYD;67afrnTxo8DVc52Uev61Yo4Yr9BGQpRw1RpPMWcx42La;69N7rm9nnp6sVoULtp5toD26F25rYum8593GupxkUYvH;6gKx5EMvnymTVz2JgFhJAqpGxTYaBdVsaLb9YfPfvg4Y;7271ZR6GBzaGqdtP28ZqZ5BKRt2ziu4AnPnVCAL7pump;7HiD5rzoZxAYXEJ8Z4t3WgM8VE1iSKWJdxPPyEdDNzwN;8ypYfW5cjafrfAZij8TZj5SFHAbPNpiRio96LMzypDkn;ASftCNtzPNmK3nMDvpQNvpLauKS45Vkq7kwTPutqUBL1;Ajz86fyiygsv8kZkUyDxogxkz5VfKRs4HTEABVTfpump;CHygERrxnc5QByNCwxUNSMhP7tKJA7rh6hNBdJ2spump;DJejJn1iJntJVTAixy4VRgqJFF3NMKPEMgVzbJFmpump;DkDwxjD5JFK7hd7qUNHqNaTeqDGcZ1ia3Y6E7EUiehEn;EHUzmwAzmUix7TkwVr7b16U9ChJDr3RpjfXshR5swy5j;F41TwidZvJJcsx9c2BMwS6eH9W6HcUT4LzPmGvK9WU6N;F59cEB3A7RAKHGtkvR577swnPSP6EsdaBoL5AcVZpump;G9r7nnHSgvb7LUfCE8kavRaKokEMMYBjVHGKvQ6dpump;GKTxLXsmkjLDo89XmPa5htwK7sAzdqZ3jmfV6gaTvK67;H9GGsNc7vA4hN13N1oU4itq8x3mrdZBdw2XdK3Mipump;JAqRn24FuQ5MFReXNgXb8uFej5vHJDxhVtebpQvHTQZy;hHc9579gpKUnvYvgcKyjdpe1UhmfVfGzGwMQCADpump;xeKm1qmxyHLJZLdwKpsZdx5UFtYyb124GTWRZWypump,2023-09-29T09:43:11Z,2023-09-29T09:43:11Z,MEDIUM,,True
FBvxneTq8dY7WKxj924CseuveWzDL5tN9JuSW3S9nJkN,direct,30,9,13V3CbY7Q7AXnf24FMsUaQrmLxnRU4Md9phDEWZvpump;21XJbyQWEhmeoxKRHdGrEjetSfHopvtp68LWzdvT471M;25GrKYrc3y4LZmmuhppYgFRCKb7JyZ6grum4WhLYvA1z;28HydoWU7TZQxWiVQxGZyspE3qgWdCHToNDVgLoNpump;2A6sLqrw8WN6KkgnCsN4xJkyAowBZHr2H9xQ4u3Mpump;3GeNgcFpMwH9ts5b3W3jddtfwhwAURaykTy8YjtrGQWT;47r9YPDeTVpwHjAakoVgnzNTJRChXC8f4KSUqMbEsBbM;4GRTznsfLTRqaB2uMAFmmgaWtvfVyBb4qCsTjskUpump;4prKtarobdhYDY4Hu3uGZMx7Je4HqPJeLVyxN6m4Ld3T;57ANN8dAbPX8x1BEFFwzBttkzwpKZBEiJkdiWSzVNQvS;5Sg1vv51KGCSDF2gBHgbNATCEXFjYtVhWgztNUwtgJYD;5nnWe5SCBaNMC3oNiR7utth6kx3mH1dhmCarjDb91shW;5o43e7gYZWFNEpdqkegHY6LXkhMXB1z6f7d6TAVGEMTM;5o9sE9FEVC12zWBd2zqPXAhoVyRiNjGfaYX6hS3Ppump;69N7rm9nnp6sVoULtp5toD26F25rYum8593GupxkUYvH;6XD1vorwquLXjTSL5W4MJMGewZBeiEcPFmZw527TSwva;6akNLpNd11oq4q5zxhXGwr5jwUi6Ke4CvKmF6QeUwJCQ;7aLLQRBpGCaSLmmHGf34MGtbdtTumiB14d14TtDnpump;7xXo3JYBqzh6D91XRppzFRLfw8wJHypeukGaNWwKgZ8m;8ypYfW5cjafrfAZij8TZj5SFHAbPNpiRio96LMzypDkn;9CzNGAEutxKHJ5CwYC5Lk8X8YzgYrQnvKChP2BFEpump;9PNfxvTARzdxvQas2uknW57bnfMCS1dxW1He7rPbuhuQ;AmWCcDf6tG7zB3VPeDVjeXL5N567fXAiHcTKw3xXpump;BmU6YJP2YCAo8sc2dkeR8KjvF3rGFBHZL25ejysppump;CSLP8Vp7u9hrXQi7crPXqCp7BaJaG4JrNxqvR3jDpump;D4aEpQLW45YnWrBmztcpJHqabbPtFe9F9PTv8Umvpump;EHUzmwAzmUix7TkwVr7b16U9ChJDr3RpjfXshR5swy5j;Er5RuNhTEwJH5dHv9c3YGATjgkLCETH4dKazntyWEtXY;H8oe2SCksJcYzhPeS4TsbteusgZW5k7QaZ4boKyq8C7U;UsrcsZMqw6p53Fohu16UCBjsbjqc73XmoRFZDcnCtMR,2026-08-13T10:48:08Z,2026-09-03T18:23:52Z,HIGH,,True
3F2uT3Yo4AqRi3KnDDjSRq4uSS5xo1DKfurYrLPkXd7G,direct,29,2,25GrKYrc3y4LZmmuhppYgFRCKb7JyZ6grum4WhLYvA1z;2BucyGvsg9wwTwsaFsEUFgdphrCtp94pDRtHowJUpump;3coFBLantjJkMRmzaQ4znMQQzfqFYTyBeNhdXYAzpump;3vfxnHSCS139RZiw6MPZaEvhySnjbEi81GuF5EdNpump;4ZUjJ5EJbwfh7teotB29uHc1SC3SiqbrkwJoNgsxibbU;55bKo8bj1YVEgsbwkkd4Nwu7JhaZF9trUgbvpZ3YeVCA;5L6As5obMTXxKwjmGBy1LTRwW2Hm1PjSK18JhETrpump;5nnWe5SCBaNMC3oNiR7utth6kx3mH1dhmCarjDb91shW;5o9sE9FEVC12zWBd2zqPXAhoVyRiNjGfaYX6hS3Ppump;67afrnTxo8DVc52Uev61Yo4Yr9BGQpRw1RpPMWcx42La;6VMsrZvNaSzddT6vkY6dEDoFMeK5EoHD4KCAycfQpump;6akNLpNd11oq4q5zxhXGwr5jwUi6Ke4CvKmF6QeUwJCQ;6sFMbTF2VTzutzKekenJujFZBqb4TiBZJKfyLMUbpump;7Q9VxTczrzgvjXWbJJZibR7hbYAohngsNsuEhdEcpump;7aLLQRBpGCaSLmmHGf34MGtbdtTumiB14d14TtDnpump;7mRDn1rAqjwFQXacodr1UmkNdvAGPbtNP9k5jvBZqt9J;9mqJNDG2squcqZt2zC7cWWNtVozUbQUnzVnP1jG6pump;B3xU49SW3khA7m5Lgata2fmPxZeQRuaJbCruPsVDpump;BE5ciZmcADAX78u2a1GrFiPMPC3rNXtdPGUrhzWB4k5d;BUPNYwndVGfzVb6RG6q2PX53VdAimw2Mi98QxqeWpump;CHygERrxnc5QByNCwxUNSMhP7tKJA7rh6hNBdJ2spump;CziyAr14UNUrfkxpioWSumkLXMwWnDWN2bu2WR5ao7kc;EHUzmwAzmUix7TkwVr7b16U9ChJDr3RpjfXshR5swy5j;G9r7nnHSgvb7LUfCE8kavRaKokEMMYBjVHGKvQ6dpump;H9GGsNc7vA4hN13N1oU4itq8x3mrdZBdw2XdK3Mipump;UsrcsZMqw6p53Fohu16UCBjsbjqc73XmoRFZDcnCtMR;hHc9579gpKUnvYvgcKyjdpe1UhmfVfGzGwMQCADpump;omskHvyNvQSn3PFak3E8JHQJeSVJFsrc6izWT12pump;xeKm1qmxyHLJZLdwKpsZdx5UFtYyb124GTWRZWypump,2024-08-20T18:15:37Z,2024-10-31T19:05:25Z,HIGH,,True
AobVSwdW9BbpMdJvTqeCN4hPAmh4rHm7vwLnQ5ATSyrS,upstream,28,14,13V3CbY7Q7AXnf24FMsUaQrmLxnRU4Md9phDEWZvpump;28HydoWU7TZQxWiVQxGZyspE3qgWdCHToNDVgLoNpump;2Tiw1Tna3kAut868cjXuKoyrv8U8gi1YjTaXw7Czpump;3vfxnHSCS139RZiw6MPZaEvhySnjbEi81GuF5EdNpump;4GRTznsfLTRqaB2uMAFmmgaWtvfVyBb4qCsTjskUpump;4ZUjJ5EJbwfh7teotB29uHc1SC3SiqbrkwJoNgsxibbU;4n32UBFWKJNPQayeN25GrLJHswbja41XFMxebcg9pump;5DoZAeBkoci5t5zPhUiuhQFjuzYTfkSv5Seojsxppump;5EZ7yagvcsHcwH3e17khLwGzhFrCsx7CKS7ZN6J6i4Lh;5Sg1vv51KGCSDF2gBHgbNATCEXFjYtVhWgztNUwtgJYD;5o43e7gYZWFNEpdqkegHY6LXkhMXB1z6f7d6TAVGEMTM;6XD1vorwquLXjTSL5W4MJMGewZBeiEcPFmZw527TSwva;7mRDn1rAqjwFQXacodr1UmkNdvAGPbtNP9k5jvBZqt9J;7p4MwwkUaMv4gBThVkW46QjwVaosaUrccbFV1MbXpump;8G7aM6Gco4fHjVpmVvUdVvhKMKaWXJEqkCKRvPdepump;9mqJNDG2squcqZt2zC7cWWNtVozUbQUnzVnP1jG6pump;Ajz86fyiygsv8kZkUyDxogxkz5VfKRs4HTEABVTfpump;AmWCcDf6tG7zB3VPeDVjeXL5N567fXAiHcTKw3xXpump;B3xU49SW3khA7m5Lgata2fmPxZeQRuaJbCruPsVDpump;BUPNYwndVGfzVb6RG6q2PX53VdAimw2Mi98QxqeWpump;CSLP8Vp7u9hrXQi7crPXqCp7BaJaG4JrNxqvR3jDpump;CziyAr14UNUrfkxpioWSumkLXMwWnDWN2bu2WR5ao7kc;D4aEpQLW45YnWrBmztcpJHqabbPtFe9F9PTv8Umvpump;DQ2H7qcj262RAKfSxGYeL7cYJq54mVdXe4gYxUwxpump;G9r7nnHSgvb7LUfCE8kavRaKokEMMYBjVHGKvQ6dpump;hHc9579gpKUnvYvgcKyjdpe1UhmfVfGzGwMQCADpump;sMe5iUcgTe4VXmg4WaShF5kuk6GmcKF3y4HqKGZpump;xeKm1qmxyHLJZLdwKpsZdx5UFtYyb124GTWRZWypump,2021-11-15T11:16:21Z,2026-10-02T19:43:06Z,MEDIUM,,True
4DDFSVjX2hSBuvnBStyUYJuQwvqZLTuDeWL2bcKuHXxz,upstream,27,38,25GrKYrc3y4LZmmuhppYgFRCKb7JyZ6grum4WhLYvA1z;2BucyGvsg9wwTwsaFsEUFgdphrCtp94pDRtHowJUpump;2Tiw1Tna3kAut868cjXuKoyrv8U8gi1YjTaXw7Czpump;3coFBLantjJkMRmzaQ4znMQQzfqFYTyBeNhdXYAzpump;3vfxnHSCS139RZiw6MPZaEvhySnjbEi81GuF5EdNpump;4prKtarobdhYDY4Hu3uGZMx7Je4HqPJeLVyxN6m4Ld3T;4sjtHGeAKP6DoMUdvFqQuiYKhhPpwa9XCxUyuFD2pump;5DoZAeBkoci5t5zPhUiuhQFjuzYTfkSv5Seojsxppump;6VMsrZvNaSzddT6vkY6dEDoFMeK5EoHD4KCAycfQpump;6XD1vorwquLXjTSL5W4MJMGewZBeiEcPFmZw527TSwva;6akNLpNd11oq4q5zxhXGwr5jwUi6Ke4CvKmF6QeUwJCQ;7HiD5rzoZxAYXEJ8Z4t3WgM8VE1iSKWJdxPPyEdDNzwN;7Q9VxTczrzgvjXWbJJZibR7hbYAohngsNsuEhdEcpump;7aLLQRBpGCaSLmmHGf34MGtbdtTumiB14d14TtDnpump;7p4MwwkUaMv4gBThVkW46QjwVaosaUrccbFV1MbXpump;7xXo3JYBqzh6D91XRppzFRLfw8wJHypeukGaNWwKgZ8m;8qT3o4k4aUmyLrgd7hHYmVxin3kFhQ9QsXdSXTP6pump;9CzNGAEutxKHJ5CwYC5Lk8X8YzgYrQnvKChP2BFEpump;9hAojtonqe4RUQarvUYZhFqC99VK1S3LCewYkSjnpump;AgB5SxiP1DFZbW9uDAH7s8Mhv1HF21nJv67tnAAYpump;AmWCcDf6tG7zB3VPeDVjeXL5N567fXAiHcTKw3xXpump;BE5ciZmcADAX78u2a1GrFiPMPC3rNXtdPGUrhzWB4k5d;DJejJn1iJntJVTAixy4VRgqJFF3NMKPEMgVzbJFmpump;GKTxLXsmkjLDo89XmPa5htwK7sAzdqZ3jmfV6gaTvK67;hHc9579gpKUnvYvgcKyjdpe1UhmfVfGzGwMQCADpump;rMPLDvnn6KR773WNhZvtFNcgFwnRkc7UbPkUaiMpump;sMe5iUcgTe4VXmg4WaShF5kuk6GmcKF3y4HqKGZpump,2021-10-29T07:45:31Z,2021-10-29T07:45:31Z,MEDIUM,,True
Mc5XB47H3DKJHym5RLa9mPzWv5snERsF3KNv5AauXK8,upstream,27,31,21XJbyQWEhmeoxKRHdGrEjetSfHopvtp68LWzdvT471M;25GrKYrc3y4LZmmuhppYgFRCKb7JyZ6grum4WhLYvA1z;28HydoWU7TZQxWiVQxGZyspE3qgWdCHToNDVgLoNpump;2BucyGvsg9wwTwsaFsEUFgdphrCtp94pDRtHowJUpump;2Tiw1Tna3kAut868cjXuKoyrv8U8gi1YjTaXw7Czpump;3coFBLantjJkMRmzaQ4znMQQzfqFYTyBeNhdXYAzpump;3uYT8w1FxasDGmM4WDG5kXu6D9BGvyP3iEfPJEVb6ewT;3vfxnHSCS139RZiw6MPZaEvhySnjbEi81GuF5EdNpump;4kkrecvSVnnkK3RZcJ85tNFiZu9pWg584yHjNCqEpump;4sjtHGeAKP6DoMUdvFqQuiYKhhPpwa9XCxUyuFD2pump;5DoZAeBkoci5t5zPhUiuhQFjuzYTfkSv5Seojsxppump;5Sg1vv51KGCSDF2gBHgbNATCEXFjYtVhWgztNUwtgJYD;5nnWe5SCBaNMC3oNiR7utth6kx3mH1dhmCarjDb91shW;5o9sE9FEVC12zWBd2zqPXAhoVyRiNjGfaYX6hS3Ppump;67afrnTxo8DVc52Uev61Yo4Yr9BGQpRw1RpPMWcx42La;6sFMbTF2VTzutzKekenJujFZBqb4TiBZJKfyLMUbpump;7271ZR6GBzaGqdtP28ZqZ5BKRt2ziu4AnPnVCAL7pump;7Q9VxTczrzgvjXWbJJZibR7hbYAohngsNsuEhdEcpump;9hAojtonqe4RUQarvUYZhFqC99VK1S3LCewYkSjnpump;9xhMStAAufkH5jA5nevaGy6M9fCsQ74BZnsXyo93DkfA;AmWCcDf6tG7zB3VPeDVjeXL5N567fXAiHcTKw3xXpump;B3xU49SW3khA7m5Lgata2fmPxZeQRuaJbCruPsVDpump;CSLP8Vp7u9hrXQi7crPXqCp7BaJaG4JrNxqvR3jDpump;D4aEpQLW45YnWrBmztcpJHqabbPtFe9F9PTv8Umvpump;EkTkjVEfhvgkoCwheMTnr8mhEmJ6Q7ZR8q7ZMCcnpump;GL7M1C4QeLoURyexYgdhuP8SvaPh5LHQLRqKha3epump;HJPjdsDmcvgCj4MV3NvqCWd78qDP8BMzGfrsk4Nbpump,,,MEDIUM,,True
u6PJ8DtQuPFnfmwHbGFULQ4u4EgjDiyYKjVEsynXq2w,direct,27,31,21XJbyQWEhmeoxKRHdGrEjetSfHopvtp68LWzdvT471M;25GrKYrc3y4LZmmuhppYgFRCKb7JyZ6grum4WhLYvA1z;28HydoWU7TZQxWiVQxGZyspE3qgWdCHToNDVgLoNpump;2BucyGvsg9wwTwsaFsEUFgdphrCtp94pDRtHowJUpump;2Tiw1Tna3kAut868cjXuKoyrv8U8gi1YjTaXw7Czpump;3coFBLantjJkMRmzaQ4znMQQzfqFYTyBeNhdXYAzpump;3uYT8w1FxasDGmM4WDG5kXu6D9BGvyP3iEfPJEVb6ewT;3vfxnHSCS139RZiw6MPZaEvhySnjbEi81GuF5EdNpump;4kkrecvSVnnkK3RZcJ85tNFiZu9pWg584yHjNCqEpump;4sjtHGeAKP6DoMUdvFqQuiYKhhPpwa9XCxUyuFD2pump;5DoZAeBkoci5t5zPhUiuhQFjuzYTfkSv5Seojsxppump;5Sg1vv51KGCSDF2gBHgbNATCEXFjYtVhWgztNUwtgJYD;5nnWe5SCBaNMC3oNiR7utth6kx3mH1dhmCarjDb91shW;5o9sE9FEVC12zWBd2zqPXAhoVyRiNjGfaYX6hS3Ppump;67afrnTxo8DVc52Uev61Yo4Yr9BGQpRw1RpPMWcx42La;6sFMbTF2VTzutzKekenJujFZBqb4TiBZJKfyLMUbpump;7271ZR6GBzaGqdtP28ZqZ5BKRt2ziu4AnPnVCAL7pump;7Q9VxTczrzgvjXWbJJZibR7hbYAohngsNsuEhdEcpump;9hAojtonqe4RUQarvUYZhFqC99VK1S3LCewYkSjnpump;9xhMStAAufkH5jA5nevaGy6M9fCsQ74BZnsXyo93DkfA;AmWCcDf6tG7zB3VPeDVjeXL5N567fXAiHcTKw3xXpump;B3xU49SW3khA7m5Lgata2fmPxZeQRuaJbCruPsVDpump;CSLP8Vp7u9hrXQi7crPXqCp7BaJaG4JrNxqvR3jDpump;D4aEpQLW45YnWrBmztcpJHqabbPtFe9F9PTv8Umvpump;EkTkjVEfhvgkoCwheMTnr8mhEmJ6Q7ZR8q7ZMCcnpump;GL7M1C4QeLoURyexYgdhuP8SvaPh5LHQLRqKha3epump;HJPjdsDmcvgCj4MV3NvqCWd78qDP8BMzGfrsk4Nbpump,2025-04-30T17:33:08Z,2026-09-23T01:51:08Z,HIGH,,True
AxiomRXZAq1Jgjj9pHmNqVP7Lhu67wLXZJZbaK87TTSk,direct,27,21,2A6sLqrw8WN6KkgnCsN4xJkyAowBZHr2H9xQ4u3Mpump;2BucyGvsg9wwTwsaFsEUFgdphrCtp94pDRtHowJUpump;3vfxnHSCS139RZiw6MPZaEvhySnjbEi81GuF5EdNpump;44s336LDz8bXp4rpxy1qwUfysZ4THjpReQWTKQg7pump;47r9YPDeTVpwHjAakoVgnzNTJRChXC8f4KSUqMbEsBbM;4GRTznsfLTRqaB2uMAFmmgaWtvfVyBb4qCsTjskUpump;5o9sE9FEVC12zWBd2zqPXAhoVyRiNjGfaYX6hS3Ppump;6wSQipxdE9Suf8tVNaCEbcqavUbLT7gL9tibpm3Jpump;7271ZR6GBzaGqdtP28ZqZ5BKRt2ziu4AnPnVCAL7pump;7aLLQRBpGCaSLmmHGf34MGtbdtTumiB14d14TtDnpump;7dACCWZXF4Lr9ftxFpi7TJk7a3hcPpUwGPAcTuXDpump;7p4MwwkUaMv4gBThVkW46QjwVaosaUrccbFV1MbXpump;8qT3o4k4aUmyLrgd7hHYmVxin3kFhQ9QsXdSXTP6pump;9ek8utEujXFmiM9wXcWKPF18y57PmeG8rsiBZGzzpump;AgB5SxiP1DFZbW9uDAH7s8Mhv1HF21nJv67tnAAYpump;AmWCcDf6tG7zB3VPeDVjeXL5N567fXAiHcTKw3xXpump;BZYpLHhui3qRNokWFg2JcX8CYtMqzWHR5R4xowjcbPqh;BmU6YJP2YCAo8sc2dkeR8KjvF3rGFBHZL25ejysppump;CziyAr14UNUrfkxpioWSumkLXMwWnDWN2bu2WR5ao7kc;DTm66ivA96mhuQnqTy1cv7uELS4MHdYtpbRGJdW9t7Fn;EkTkjVEfhvgkoCwheMTnr8mhEmJ6Q7ZR8q7ZMCcnpump;EoKqyKksc4ekiPVuBD9FiztYQHkV59x8KTcZ3ReLpump;Er5RuNhTEwJH5dHv9c3YGATjgkLCETH4dKazntyWEtXY;F59cEB3A7RAKHGtkvR577swnPSP6EsdaBoL5AcVZpump;H9GGsNc7vA4hN13N1oU4itq8x3mrdZBdw2XdK3Mipump;hHc9579gpKUnvYvgcKyjdpe1UhmfVfGzGwMQCADpump;omskHvyNvQSn3PFak3E8JHQJeSVJFsrc6izWT12pump,2025-09-23T04:00:43Z,2026-09-15T09:30:05Z,HIGH,Axiom trading infrastructure,True
9FoTJww6TPNBa7e5rrPb9BDybxVhDYo5PPUpBdgJoFbS,upstream,26,34,3vfxnHSCS139RZiw6MPZaEvhySnjbEi81GuF5EdNpump;47r9YPDeTVpwHjAakoVgnzNTJRChXC8f4KSUqMbEsBbM;4GRTznsfLTRqaB2uMAFmmgaWtvfVyBb4qCsTjskUpump;4kkrecvSVnnkK3RZcJ85tNFiZu9pWg584yHjNCqEpump;4n32UBFWKJNPQayeN25GrLJHswbja41XFMxebcg9pump;55bKo8bj1YVEgsbwkkd4Nwu7JhaZF9trUgbvpZ3YeVCA;57ANN8dAbPX8x1BEFFwzBttkzwpKZBEiJkdiWSzVNQvS;5Sg1vv51KGCSDF2gBHgbNATCEXFjYtVhWgztNUwtgJYD;5o9sE9FEVC12zWBd2zqPXAhoVyRiNjGfaYX6hS3Ppump;5pSEZw1iytqYznD7crsGyKNek7q5JkjBqj2KmfqxUVZd;6VMsrZvNaSzddT6vkY6dEDoFMeK5EoHD4KCAycfQpump;6sFMbTF2VTzutzKekenJujFZBqb4TiBZJKfyLMUbpump;7271ZR6GBzaGqdtP28ZqZ5BKRt2ziu4AnPnVCAL7pump;8qT3o4k4aUmyLrgd7hHYmVxin3kFhQ9QsXdSXTP6pump;9CzNGAEutxKHJ5CwYC5Lk8X8YzgYrQnvKChP2BFEpump;9xhMStAAufkH5jA5nevaGy6M9fCsQ74BZnsXyo93DkfA;Ajz86fyiygsv8kZkUyDxogxkz5VfKRs4HTEABVTfpump;B3xU49SW3khA7m5Lgata2fmPxZeQRuaJbCruPsVDpump;CSLP8Vp7u9hrXQi7crPXqCp7BaJaG4JrNxqvR3jDpump;EHUzmwAzmUix7TkwVr7b16U9ChJDr3RpjfXshR5swy5j;EkTkjVEfhvgkoCwheMTnr8mhEmJ6Q7ZR8q7ZMCcnpump;EoKqyKksc4ekiPVuBD9FiztYQHkV59x8KTcZ3ReLpump;F59cEB3A7RAKHGtkvR577swnPSP6EsdaBoL5AcVZpump;GKTxLXsmkjLDo89XmPa5htwK7sAzdqZ3jmfV6gaTvK67;GL7M1C4QeLoURyexYgdhuP8SvaPh5LHQLRqKha3epump;dy6zeSw9j2zHprXLwk1uUGAD4d2HF5R3pAFrL6bRAKs,2021-10-07T12:55:05Z,2021-10-07T12:55:05Z,MEDIUM,,True
689rD478v4XcXNEfpokFNWn7nntpY8cHspXzwXMKWjA1,upstream,26,20,13V3CbY7Q7AXnf24FMsUaQrmLxnRU4Md9phDEWZvpump;28HydoWU7TZQxWiVQxGZyspE3qgWdCHToNDVgLoNpump;3GeNgcFpMwH9ts5b3W3jddtfwhwAURaykTy8YjtrGQWT;3vfxnHSCS139RZiw6MPZaEvhySnjbEi81GuF5EdNpump;4kkrecvSVnnkK3RZcJ85tNFiZu9pWg584yHjNCqEpump;4n32UBFWKJNPQayeN25GrLJHswbja41XFMxebcg9pump;4prKtarobdhYDY4Hu3uGZMx7Je4HqPJeLVyxN6m4Ld3T;55bKo8bj1YVEgsbwkkd4Nwu7JhaZF9trUgbvpZ3YeVCA;5DoZAeBkoci5t5zPhUiuhQFjuzYTfkSv5Seojsxppump;5o43e7gYZWFNEpdqkegHY6LXkhMXB1z6f7d6TAVGEMTM;6VMsrZvNaSzddT6vkY6dEDoFMeK5EoHD4KCAycfQpump;6gKx5EMvnymTVz2JgFhJAqpGxTYaBdVsaLb9YfPfvg4Y;6wSQipxdE9Suf8tVNaCEbcqavUbLT7gL9tibpm3Jpump;7mRDn1rAqjwFQXacodr1UmkNdvAGPbtNP9k5jvBZqt9J;7p4MwwkUaMv4gBThVkW46QjwVaosaUrccbFV1MbXpump;7xXo3JYBqzh6D91XRppzFRLfw8wJHypeukGaNWwKgZ8m;8G7aM6Gco4fHjVpmVvUdVvhKMKaWXJEqkCKRvPdepump;8ypYfW5cjafrfAZij8TZj5SFHAbPNpiRio96LMzypDkn;9mqJNDG2squcqZt2zC7cWWNtVozUbQUnzVnP1jG6pump;B3xU49SW3khA7m5Lgata2fmPxZeQRuaJbCruPsVDpump;CziyAr14UNUrfkxpioWSumkLXMwWnDWN2bu2WR5ao7kc;EkTkjVEfhvgkoCwheMTnr8mhEmJ6Q7ZR8q7ZMCcnpump;F59cEB3A7RAKHGtkvR577swnPSP6EsdaBoL5AcVZpump;GL7M1C4QeLoURyexYgdhuP8SvaPh5LHQLRqKha3epump;hHc9579gpKUnvYvgcKyjdpe1UhmfVfGzGwMQCADpump;sMe5iUcgTe4VXmg4WaShF5kuk6GmcKF3y4HqKGZpump,2020-11-27T08:11:57Z,2020-11-27T08:11:57Z,MEDIUM,,True
AFKxebx96mnt1yn1ek6mcxeGDHmfrAWzo2h1fVdrrvWE,upstream,25,28,13V3CbY7Q7AXnf24FMsUaQrmLxnRU4Md9phDEWZvpump;28HydoWU7TZQxWiVQxGZyspE3qgWdCHToNDVgLoNpump;2A6sLqrw8WN6KkgnCsN4xJkyAowBZHr2H9xQ4u3Mpump;3coFBLantjJkMRmzaQ4znMQQzfqFYTyBeNhdXYAzpump;4ZUjJ5EJbwfh7teotB29uHc1SC3SiqbrkwJoNgsxibbU;5DoZAeBkoci5t5zPhUiuhQFjuzYTfkSv5Seojsxppump;5o43e7gYZWFNEpdqkegHY6LXkhMXB1z6f7d6TAVGEMTM;5pSEZw1iytqYznD7crsGyKNek7q5JkjBqj2KmfqxUVZd;67afrnTxo8DVc52Uev61Yo4Yr9BGQpRw1RpPMWcx42La;6VMsrZvNaSzddT6vkY6dEDoFMeK5EoHD4KCAycfQpump;6akNLpNd11oq4q5zxhXGwr5jwUi6Ke4CvKmF6QeUwJCQ;6sFMbTF2VTzutzKekenJujFZBqb4TiBZJKfyLMUbpump;7mRDn1rAqjwFQXacodr1UmkNdvAGPbtNP9k5jvBZqt9J;8qT3o4k4aUmyLrgd7hHYmVxin3kFhQ9QsXdSXTP6pump;9CzNGAEutxKHJ5CwYC5Lk8X8YzgYrQnvKChP2BFEpump;9ek8utEujXFmiM9wXcWKPF18y57PmeG8rsiBZGzzpump;9hAojtonqe4RUQarvUYZhFqC99VK1S3LCewYkSjnpump;BZYpLHhui3qRNokWFg2JcX8CYtMqzWHR5R4xowjcbPqh;BmU6YJP2YCAo8sc2dkeR8KjvF3rGFBHZL25ejysppump;DkDwxjD5JFK7hd7qUNHqNaTeqDGcZ1ia3Y6E7EUiehEn;EkTkjVEfhvgkoCwheMTnr8mhEmJ6Q7ZR8q7ZMCcnpump;F41TwidZvJJcsx9c2BMwS6eH9W6HcUT4LzPmGvK9WU6N;FuF2M5T79HJdpJUbp46qwWssLXQ1Xjf1yiNSfyo5UEGC;H9GGsNc7vA4hN13N1oU4itq8x3mrdZBdw2XdK3Mipump;HJPjdsDmcvgCj4MV3NvqCWd78qDP8BMzGfrsk4Nbpump,2024-11-26T15:59:02Z,2024-11-26T15:59:02Z,MEDIUM,,True
G2YxRa6wt1qePMwfJzdXZG62ej4qaTC7YURzuh2Lwd3t,direct,25,17,21XJbyQWEhmeoxKRHdGrEjetSfHopvtp68LWzdvT471M;2BucyGvsg9wwTwsaFsEUFgdphrCtp94pDRtHowJUpump;2Tiw1Tna3kAut868cjXuKoyrv8U8gi1YjTaXw7Czpump;3GeNgcFpMwH9ts5b3W3jddtfwhwAURaykTy8YjtrGQWT;3uYT8w1FxasDGmM4WDG5kXu6D9BGvyP3iEfPJEVb6ewT;44s336LDz8bXp4rpxy1qwUfysZ4THjpReQWTKQg7pump;4ZUjJ5EJbwfh7teotB29uHc1SC3SiqbrkwJoNgsxibbU;4n32UBFWKJNPQayeN25GrLJHswbja41XFMxebcg9pump;5DoZAeBkoci5t5zPhUiuhQFjuzYTfkSv5Seojsxppump;5L6As5obMTXxKwjmGBy1LTRwW2Hm1PjSK18JhETrpump;5nnWe5SCBaNMC3oNiR7utth6kx3mH1dhmCarjDb91shW;5o43e7gYZWFNEpdqkegHY6LXkhMXB1z6f7d6TAVGEMTM;5pSEZw1iytqYznD7crsGyKNek7q5JkjBqj2KmfqxUVZd;6VMsrZvNaSzddT6vkY6dEDoFMeK5EoHD4KCAycfQpump;6gKx5EMvnymTVz2JgFhJAqpGxTYaBdVsaLb9YfPfvg4Y;8G7aM6Gco4fHjVpmVvUdVvhKMKaWXJEqkCKRvPdepump;9xhMStAAufkH5jA5nevaGy6M9fCsQ74BZnsXyo93DkfA;CHygERrxnc5QByNCwxUNSMhP7tKJA7rh6hNBdJ2spump;CSLP8Vp7u9hrXQi7crPXqCp7BaJaG4JrNxqvR3jDpump;DkDwxjD5JFK7hd7qUNHqNaTeqDGcZ1ia3Y6E7EUiehEn;Er5RuNhTEwJH5dHv9c3YGATjgkLCETH4dKazntyWEtXY;F41TwidZvJJcsx9c2BMwS6eH9W6HcUT4LzPmGvK9WU6N;GL7M1C4QeLoURyexYgdhuP8SvaPh5LHQLRqKha3epump;JAqRn24FuQ5MFReXNgXb8uFej5vHJDxhVtebpQvHTQZy;rMPLDvnn6KR773WNhZvtFNcgFwnRkc7UbPkUaiMpump,2025-06-15T22:27:32Z,2026-04-13T21:19:49Z,HIGH,Reported ChangeNOW / SimpleSwap hot wallet,True
u6PJ8DtQuPFnfmwHbGFULQ4u4EgjDiyYKjVEsynXq2w,upstream,25,17,25GrKYrc3y4LZmmuhppYgFRCKb7JyZ6grum4WhLYvA1z;3coFBLantjJkMRmzaQ4znMQQzfqFYTyBeNhdXYAzpump;3f8CKfznVUGrFfhcq8ZBY9M1xyDeEQGrh6iH372h3ebN;49aM4HrGABwG9F8iAn385zzcsS6mxHEFY8YN3H7y1Cd9;4ZUjJ5EJbwfh7teotB29uHc1SC3SiqbrkwJoNgsxibbU;4kkrecvSVnnkK3RZcJ85tNFiZu9pWg584yHjNCqEpump;4sjtHGeAKP6DoMUdvFqQuiYKhhPpwa9XCxUyuFD2pump;57ANN8dAbPX8x1BEFFwzBttkzwpKZBEiJkdiWSzVNQvS;5nnWe5SCBaNMC3oNiR7utth6kx3mH1dhmCarjDb91shW;5o43e7gYZWFNEpdqkegHY6LXkhMXB1z6f7d6TAVGEMTM;5o9sE9FEVC12zWBd2zqPXAhoVyRiNjGfaYX6hS3Ppump;7Q9VxTczrzgvjXWbJJZibR7hbYAohngsNsuEhdEcpump;8ypYfW5cjafrfAZij8TZj5SFHAbPNpiRio96LMzypDkn;9hAojtonqe4RUQarvUYZhFqC99VK1S3LCewYkSjnpump;DTm66ivA96mhuQnqTy1cv7uELS4MHdYtpbRGJdW9t7Fn;F59cEB3A7RAKHGtkvR577swnPSP6EsdaBoL5AcVZpump;FuF2M5T79HJdpJUbp46qwWssLXQ1Xjf1yiNSfyo5UEGC;GL7M1C4QeLoURyexYgdhuP8SvaPh5LHQLRqKha3epump;GfqKCwNeAdHHi97AmgCLP5qrwcSJRDdyZ1huiU6xUXTz;H9GGsNc7vA4hN13N1oU4itq8x3mrdZBdw2XdK3Mipump;JAqRn24FuQ5MFReXNgXb8uFej5vHJDxhVtebpQvHTQZy;UsrcsZMqw6p53Fohu16UCBjsbjqc73XmoRFZDcnCtMR;dy6zeSw9j2zHprXLwk1uUGAD4d2HF5R3pAFrL6bRAKs;sMe5iUcgTe4VXmg4WaShF5kuk6GmcKF3y4HqKGZpump;xeKm1qmxyHLJZLdwKpsZdx5UFtYyb124GTWRZWypump,2024-07-29T01:04:50Z,2026-09-10T23:29:34Z,MEDIUM,,True
6EL35nNz5ir2byVR1fNPsfetq71BznjeT6Wdw8eBotMR,upstream,25,9,13V3CbY7Q7AXnf24FMsUaQrmLxnRU4Md9phDEWZvpump;25GrKYrc3y4LZmmuhppYgFRCKb7JyZ6grum4WhLYvA1z;2A6sLqrw8WN6KkgnCsN4xJkyAowBZHr2H9xQ4u3Mpump;47r9YPDeTVpwHjAakoVgnzNTJRChXC8f4KSUqMbEsBbM;4GRTznsfLTRqaB2uMAFmmgaWtvfVyBb4qCsTjskUpump;4sjtHGeAKP6DoMUdvFqQuiYKhhPpwa9XCxUyuFD2pump;5o9sE9FEVC12zWBd2zqPXAhoVyRiNjGfaYX6hS3Ppump;69N7rm9nnp6sVoULtp5toD26F25rYum8593GupxkUYvH;7HiD5rzoZxAYXEJ8Z4t3WgM8VE1iSKWJdxPPyEdDNzwN;7aLLQRBpGCaSLmmHGf34MGtbdtTumiB14d14TtDnpump;7dACCWZXF4Lr9ftxFpi7TJk7a3hcPpUwGPAcTuXDpump;9mqJNDG2squcqZt2zC7cWWNtVozUbQUnzVnP1jG6pump;AmWCcDf6tG7zB3VPeDVjeXL5N567fXAiHcTKw3xXpump;BUPNYwndVGfzVb6RG6q2PX53VdAimw2Mi98QxqeWpump;BZYpLHhui3qRNokWFg2JcX8CYtMqzWHR5R4xowjcbPqh;BmU6YJP2YCAo8sc2dkeR8KjvF3rGFBHZL25ejysppump;CHygERrxnc5QByNCwxUNSMhP7tKJA7rh6hNBdJ2spump;DJejJn1iJntJVTAixy4VRgqJFF3NMKPEMgVzbJFmpump;DQ2H7qcj262RAKfSxGYeL7cYJq54mVdXe4gYxUwxpump;DTm66ivA96mhuQnqTy1cv7uELS4MHdYtpbRGJdW9t7Fn;EoKqyKksc4ekiPVuBD9FiztYQHkV59x8KTcZ3ReLpump;G9r7nnHSgvb7LUfCE8kavRaKokEMMYBjVHGKvQ6dpump;UsrcsZMqw6p53Fohu16UCBjsbjqc73XmoRFZDcnCtMR;omskHvyNvQSn3PFak3E8JHQJeSVJFsrc6izWT12pump;rMPLDvnn6KR773WNhZvtFNcgFwnRkc7UbPkUaiMpump,2026-06-28T22:00:03Z,2026-06-28T22:00:03Z,MEDIUM,,True
8mowmVCEewZ9W2cEaQyQeQEeSxhGr1hvRviLwozwNtBt,direct,24,30,3vfxnHSCS139RZiw6MPZaEvhySnjbEi81GuF5EdNpump;47r9YPDeTVpwHjAakoVgnzNTJRChXC8f4KSUqMbEsBbM;4GRTznsfLTRqaB2uMAFmmgaWtvfVyBb4qCsTjskUpump;4kkrecvSVnnkK3RZcJ85tNFiZu9pWg584yHjNCqEpump;4n32UBFWKJNPQayeN25GrLJHswbja41XFMxebcg9pump;55bKo8bj1YVEgsbwkkd4Nwu7JhaZF9trUgbvpZ3YeVCA;57ANN8dAbPX8x1BEFFwzBttkzwpKZBEiJkdiWSzVNQvS;5Sg1vv51KGCSDF2gBHgbNATCEXFjYtVhWgztNUwtgJYD;5o9sE9FEVC12zWBd2zqPXAhoVyRiNjGfaYX6hS3Ppump;5pSEZw1iytqYznD7crsGyKNek7q5JkjBqj2KmfqxUVZd;6VMsrZvNaSzddT6vkY6dEDoFMeK5EoHD4KCAycfQpump;6sFMbTF2VTzutzKekenJujFZBqb4TiBZJKfyLMUbpump;7271ZR6GBzaGqdtP28ZqZ5BKRt2ziu4AnPnVCAL7pump;8qT3o4k4aUmyLrgd7hHYmVxin3kFhQ9QsXdSXTP6pump;9CzNGAEutxKHJ5CwYC5Lk8X8YzgYrQnvKChP2BFEpump;9xhMStAAufkH5jA5nevaGy6M9fCsQ74BZnsXyo93DkfA;Ajz86fyiygsv8kZkUyDxogxkz5VfKRs4HTEABVTfpump;CSLP8Vp7u9hrXQi7crPXqCp7BaJaG4JrNxqvR3jDpump;EHUzmwAzmUix7TkwVr7b16U9ChJDr3RpjfXshR5swy5j;EkTkjVEfhvgkoCwheMTnr8mhEmJ6Q7ZR8q7ZMCcnpump;EoKqyKksc4ekiPVuBD9FiztYQHkV59x8KTcZ3ReLpump;F59cEB3A7RAKHGtkvR577swnPSP6EsdaBoL5AcVZpump;GKTxLXsmkjLDo89XmPa5htwK7sAzdqZ3jmfV6gaTvK67;GL7M1C4QeLoURyexYgdhuP8SvaPh5LHQLRqKha3epump,2026-02-25T10:00:47Z,2026-09-17T20:01:28Z,HIGH,,True
J22N7rDd3J36P3QbTRc28R1UPpoRvCxa1tXfw9XyrtvQ,upstream,24,30,3vfxnHSCS139RZiw6MPZaEvhySnjbEi81GuF5EdNpump;47r9YPDeTVpwHjAakoVgnzNTJRChXC8f4KSUqMbEsBbM;4GRTznsfLTRqaB2uMAFmmgaWtvfVyBb4qCsTjskUpump;4kkrecvSVnnkK3RZcJ85tNFiZu9pWg584yHjNCqEpump;4n32UBFWKJNPQayeN25GrLJHswbja41XFMxebcg9pump;55bKo8bj1YVEgsbwkkd4Nwu7JhaZF9trUgbvpZ3YeVCA;57ANN8dAbPX8x1BEFFwzBttkzwpKZBEiJkdiWSzVNQvS;5Sg1vv51KGCSDF2gBHgbNATCEXFjYtVhWgztNUwtgJYD;5o9sE9FEVC12zWBd2zqPXAhoVyRiNjGfaYX6hS3Ppump;5pSEZw1iytqYznD7crsGyKNek7q5JkjBqj2KmfqxUVZd;6VMsrZvNaSzddT6vkY6dEDoFMeK5EoHD4KCAycfQpump;6sFMbTF2VTzutzKekenJujFZBqb4TiBZJKfyLMUbpump;7271ZR6GBzaGqdtP28ZqZ5BKRt2ziu4AnPnVCAL7pump;8qT3o4k4aUmyLrgd7hHYmVxin3kFhQ9QsXdSXTP6pump;9CzNGAEutxKHJ5CwYC5Lk8X8YzgYrQnvKChP2BFEpump;9xhMStAAufkH5jA5nevaGy6M9fCsQ74BZnsXyo93DkfA;Ajz86fyiygsv8kZkUyDxogxkz5VfKRs4HTEABVTfpump;CSLP8Vp7u9hrXQi7crPXqCp7BaJaG4JrNxqvR3jDpump;EHUzmwAzmUix7TkwVr7b16U9ChJDr3RpjfXshR5swy5j;EkTkjVEfhvgkoCwheMTnr8mhEmJ6Q7ZR8q7ZMCcnpump;EoKqyKksc4ekiPVuBD9FiztYQHkV59x8KTcZ3ReLpump;F59cEB3A7RAKHGtkvR577swnPSP6EsdaBoL5AcVZpump;GKTxLXsmkjLDo89XmPa5htwK7sAzdqZ3jmfV6gaTvK67;GL7M1C4QeLoURyexYgdhuP8SvaPh5LHQLRqKha3epump,2021-10-07T12:53:40Z,2021-10-07T12:53:40Z,MEDIUM,,True
BuHXgjWof8o3LnwCz7MADoe4GLZMzRpNpzKwfb3h86BS,upstream,24,15,28HydoWU7TZQxWiVQxGZyspE3qgWdCHToNDVgLoNpump;2iSB473Z7L2ndpWs3n22tb7H3KSGpswDTH3jP7qCCAZT;3uYT8w1FxasDGmM4WDG5kXu6D9BGvyP3iEfPJEVb6ewT;3vfxnHSCS139RZiw6MPZaEvhySnjbEi81GuF5EdNpump;4GRTznsfLTRqaB2uMAFmmgaWtvfVyBb4qCsTjskUpump;5Sg1vv51KGCSDF2gBHgbNATCEXFjYtVhWgztNUwtgJYD;5o9sE9FEVC12zWBd2zqPXAhoVyRiNjGfaYX6hS3Ppump;5pSEZw1iytqYznD7crsGyKNek7q5JkjBqj2KmfqxUVZd;67afrnTxo8DVc52Uev61Yo4Yr9BGQpRw1RpPMWcx42La;6XD1vorwquLXjTSL5W4MJMGewZBeiEcPFmZw527TSwva;6gKx5EMvnymTVz2JgFhJAqpGxTYaBdVsaLb9YfPfvg4Y;6sFMbTF2VTzutzKekenJujFZBqb4TiBZJKfyLMUbpump;7Q9VxTczrzgvjXWbJJZibR7hbYAohngsNsuEhdEcpump;7dACCWZXF4Lr9ftxFpi7TJk7a3hcPpUwGPAcTuXDpump;ASftCNtzPNmK3nMDvpQNvpLauKS45Vkq7kwTPutqUBL1;AgB5SxiP1DFZbW9uDAH7s8Mhv1HF21nJv67tnAAYpump;Ajz86fyiygsv8kZkUyDxogxkz5VfKRs4HTEABVTfpump;BZYpLHhui3qRNokWFg2JcX8CYtMqzWHR5R4xowjcbPqh;CziyAr14UNUrfkxpioWSumkLXMwWnDWN2bu2WR5ao7kc;D4aEpQLW45YnWrBmztcpJHqabbPtFe9F9PTv8Umvpump;EHUzmwAzmUix7TkwVr7b16U9ChJDr3RpjfXshR5swy5j;F41TwidZvJJcsx9c2BMwS6eH9W6HcUT4LzPmGvK9WU6N;GKTxLXsmkjLDo89XmPa5htwK7sAzdqZ3jmfV6gaTvK67;JAqRn24FuQ5MFReXNgXb8uFej5vHJDxhVtebpQvHTQZy,2022-09-20T03:44:07Z,2022-09-20T03:44:07Z,MEDIUM,,True
5zKxnTh4o2dXL1tmXpbPz9efCcc4c3z1Bva8N5UzKJyJ,upstream,24,3,25GrKYrc3y4LZmmuhppYgFRCKb7JyZ6grum4WhLYvA1z;28HydoWU7TZQxWiVQxGZyspE3qgWdCHToNDVgLoNpump;2Tiw1Tna3kAut868cjXuKoyrv8U8gi1YjTaXw7Czpump;3f8CKfznVUGrFfhcq8ZBY9M1xyDeEQGrh6iH372h3ebN;3uYT8w1FxasDGmM4WDG5kXu6D9BGvyP3iEfPJEVb6ewT;4ZUjJ5EJbwfh7teotB29uHc1SC3SiqbrkwJoNgsxibbU;69N7rm9nnp6sVoULtp5toD26F25rYum8593GupxkUYvH;6XD1vorwquLXjTSL5W4MJMGewZBeiEcPFmZw527TSwva;6akNLpNd11oq4q5zxhXGwr5jwUi6Ke4CvKmF6QeUwJCQ;7HiD5rzoZxAYXEJ8Z4t3WgM8VE1iSKWJdxPPyEdDNzwN;7Q9VxTczrzgvjXWbJJZibR7hbYAohngsNsuEhdEcpump;9PNfxvTARzdxvQas2uknW57bnfMCS1dxW1He7rPbuhuQ;9ek8utEujXFmiM9wXcWKPF18y57PmeG8rsiBZGzzpump;BE5ciZmcADAX78u2a1GrFiPMPC3rNXtdPGUrhzWB4k5d;BZYpLHhui3qRNokWFg2JcX8CYtMqzWHR5R4xowjcbPqh;CziyAr14UNUrfkxpioWSumkLXMwWnDWN2bu2WR5ao7kc;DJejJn1iJntJVTAixy4VRgqJFF3NMKPEMgVzbJFmpump;DkDwxjD5JFK7hd7qUNHqNaTeqDGcZ1ia3Y6E7EUiehEn;Er5RuNhTEwJH5dHv9c3YGATjgkLCETH4dKazntyWEtXY;F41TwidZvJJcsx9c2BMwS6eH9W6HcUT4LzPmGvK9WU6N;GfqKCwNeAdHHi97AmgCLP5qrwcSJRDdyZ1huiU6xUXTz;H8oe2SCksJcYzhPeS4TsbteusgZW5k7QaZ4boKyq8C7U;H9GGsNc7vA4hN13N1oU4itq8x3mrdZBdw2XdK3Mipump;UsrcsZMqw6p53Fohu16UCBjsbjqc73XmoRFZDcnCtMR,2026-01-27T13:43:29Z,2026-01-27T13:43:29Z,MEDIUM,,True
CLiXvfYSJtG5SJTCWyLvXKtDag9pJiA4vSWZGgSKP19X,direct,24,3,25GrKYrc3y4LZmmuhppYgFRCKb7JyZ6grum4WhLYvA1z;28HydoWU7TZQxWiVQxGZyspE3qgWdCHToNDVgLoNpump;2Tiw1Tna3kAut868cjXuKoyrv8U8gi1YjTaXw7Czpump;3f8CKfznVUGrFfhcq8ZBY9M1xyDeEQGrh6iH372h3ebN;3uYT8w1FxasDGmM4WDG5kXu6D9BGvyP3iEfPJEVb6ewT;4ZUjJ5EJbwfh7teotB29uHc1SC3SiqbrkwJoNgsxibbU;69N7rm9nnp6sVoULtp5toD26F25rYum8593GupxkUYvH;6XD1vorwquLXjTSL5W4MJMGewZBeiEcPFmZw527TSwva;6akNLpNd11oq4q5zxhXGwr5jwUi6Ke4CvKmF6QeUwJCQ;7HiD5rzoZxAYXEJ8Z4t3WgM8VE1iSKWJdxPPyEdDNzwN;7Q9VxTczrzgvjXWbJJZibR7hbYAohngsNsuEhdEcpump;9PNfxvTARzdxvQas2uknW57bnfMCS1dxW1He7rPbuhuQ;9ek8utEujXFmiM9wXcWKPF18y57PmeG8rsiBZGzzpump;BE5ciZmcADAX78u2a1GrFiPMPC3rNXtdPGUrhzWB4k5d;BZYpLHhui3qRNokWFg2JcX8CYtMqzWHR5R4xowjcbPqh;CziyAr14UNUrfkxpioWSumkLXMwWnDWN2bu2WR5ao7kc;DJejJn1iJntJVTAixy4VRgqJFF3NMKPEMgVzbJFmpump;DkDwxjD5JFK7hd7qUNHqNaTeqDGcZ1ia3Y6E7EUiehEn;Er5RuNhTEwJH5dHv9c3YGATjgkLCETH4dKazntyWEtXY;F41TwidZvJJcsx9c2BMwS6eH9W6HcUT4LzPmGvK9WU6N;GfqKCwNeAdHHi97AmgCLP5qrwcSJRDdyZ1huiU6xUXTz;H8oe2SCksJcYzhPeS4TsbteusgZW5k7QaZ4boKyq8C7U;H9GGsNc7vA4hN13N1oU4itq8x3mrdZBdw2XdK3Mipump;UsrcsZMqw6p53Fohu16UCBjsbjqc73XmoRFZDcnCtMR,2026-05-01T21:27:05Z,2026-08-25T16:15:01Z,HIGH,,True
HBxZShcE86UMmF93KUM8eWJKqeEXi5cqWCLYLMMhqMYm,upstream,22,28,13V3CbY7Q7AXnf24FMsUaQrmLxnRU4Md9phDEWZvpump;25GrKYrc3y4LZmmuhppYgFRCKb7JyZ6grum4WhLYvA1z;4GRTznsfLTRqaB2uMAFmmgaWtvfVyBb4qCsTjskUpump;4ZUjJ5EJbwfh7teotB29uHc1SC3SiqbrkwJoNgsxibbU;55bKo8bj1YVEgsbwkkd4Nwu7JhaZF9trUgbvpZ3YeVCA;5Sg1vv51KGCSDF2gBHgbNATCEXFjYtVhWgztNUwtgJYD;5nnWe5SCBaNMC3oNiR7utth6kx3mH1dhmCarjDb91shW;5o43e7gYZWFNEpdqkegHY6LXkhMXB1z6f7d6TAVGEMTM;5pSEZw1iytqYznD7crsGyKNek7q5JkjBqj2KmfqxUVZd;6VMsrZvNaSzddT6vkY6dEDoFMeK5EoHD4KCAycfQpump;6akNLpNd11oq4q5zxhXGwr5jwUi6Ke4CvKmF6QeUwJCQ;6sFMbTF2VTzutzKekenJujFZBqb4TiBZJKfyLMUbpump;7mRDn1rAqjwFQXacodr1UmkNdvAGPbtNP9k5jvBZqt9J;8qT3o4k4aUmyLrgd7hHYmVxin3kFhQ9QsXdSXTP6pump;9ek8utEujXFmiM9wXcWKPF18y57PmeG8rsiBZGzzpump;9hAojtonqe4RUQarvUYZhFqC99VK1S3LCewYkSjnpump;BZYpLHhui3qRNokWFg2JcX8CYtMqzWHR5R4xowjcbPqh;BmU6YJP2YCAo8sc2dkeR8KjvF3rGFBHZL25ejysppump;D4aEpQLW45YnWrBmztcpJHqabbPtFe9F9PTv8Umvpump;EHUzmwAzmUix7TkwVr7b16U9ChJDr3RpjfXshR5swy5j;F41TwidZvJJcsx9c2BMwS6eH9W6HcUT4LzPmGvK9WU6N;H9GGsNc7vA4hN13N1oU4itq8x3mrdZBdw2XdK3Mipump,2023-03-31T09:41:58Z,2025-03-25T10:41:26Z,MEDIUM,,True
4AcmsW4k1JKCRv9irityUMkJ8eMm1JSqG9rR5FcNdZvy,upstream,22,2,25GrKYrc3y4LZmmuhppYgFRCKb7JyZ6grum4WhLYvA1z;2BucyGvsg9wwTwsaFsEUFgdphrCtp94pDRtHowJUpump;2iSB473Z7L2ndpWs3n22tb7H3KSGpswDTH3jP7qCCAZT;5EZ7yagvcsHcwH3e17khLwGzhFrCsx7CKS7ZN6J6i4Lh;67afrnTxo8DVc52Uev61Yo4Yr9BGQpRw1RpPMWcx42La;69N7rm9nnp6sVoULtp5toD26F25rYum8593GupxkUYvH;6XD1vorwquLXjTSL5W4MJMGewZBeiEcPFmZw527TSwva;7HiD5rzoZxAYXEJ8Z4t3WgM8VE1iSKWJdxPPyEdDNzwN;7dACCWZXF4Lr9ftxFpi7TJk7a3hcPpUwGPAcTuXDpump;9mqJNDG2squcqZt2zC7cWWNtVozUbQUnzVnP1jG6pump;ASftCNtzPNmK3nMDvpQNvpLauKS45Vkq7kwTPutqUBL1;AbpJywMWmkf1MFonRddPVogSwPPZHB9pG4x2nKb1YaPn;AgB5SxiP1DFZbW9uDAH7s8Mhv1HF21nJv67tnAAYpump;Ajz86fyiygsv8kZkUyDxogxkz5VfKRs4HTEABVTfpump;CSLP8Vp7u9hrXQi7crPXqCp7BaJaG4JrNxqvR3jDpump;F59cEB3A7RAKHGtkvR577swnPSP6EsdaBoL5AcVZpump;H8oe2SCksJcYzhPeS4TsbteusgZW5k7QaZ4boKyq8C7U;H9GGsNc7vA4hN13N1oU4itq8x3mrdZBdw2XdK3Mipump;HJPjdsDmcvgCj4MV3NvqCWd78qDP8BMzGfrsk4Nbpump;UsrcsZMqw6p53Fohu16UCBjsbjqc73XmoRFZDcnCtMR;rMPLDvnn6KR773WNhZvtFNcgFwnRkc7UbPkUaiMpump;sMe5iUcgTe4VXmg4WaShF5kuk6GmcKF3y4HqKGZpump,2025-12-03T10:42:20Z,2025-12-03T10:42:20Z,MEDIUM,,True
2jb8nQfckg9mNJzaiRsxEoQGuAHXz5dnuDEiBUAzNxXo,upstream,21,23,13V3CbY7Q7AXnf24FMsUaQrmLxnRU4Md9phDEWZvpump;21XJbyQWEhmeoxKRHdGrEjetSfHopvtp68LWzdvT471M;2A6sLqrw8WN6KkgnCsN4xJkyAowBZHr2H9xQ4u3Mpump;3coFBLantjJkMRmzaQ4znMQQzfqFYTyBeNhdXYAzpump;4kkrecvSVnnkK3RZcJ85tNFiZu9pWg584yHjNCqEpump;4n32UBFWKJNPQayeN25GrLJHswbja41XFMxebcg9pump;4prKtarobdhYDY4Hu3uGZMx7Je4HqPJeLVyxN6m4Ld3T;5L6As5obMTXxKwjmGBy1LTRwW2Hm1PjSK18JhETrpump;5pSEZw1iytqYznD7crsGyKNek7q5JkjBqj2KmfqxUVZd;7p4MwwkUaMv4gBThVkW46QjwVaosaUrccbFV1MbXpump;7xXo3JYBqzh6D91XRppzFRLfw8wJHypeukGaNWwKgZ8m;8G7aM6Gco4fHjVpmVvUdVvhKMKaWXJEqkCKRvPdepump;8ypYfW5cjafrfAZij8TZj5SFHAbPNpiRio96LMzypDkn;AbpJywMWmkf1MFonRddPVogSwPPZHB9pG4x2nKb1YaPn;DTm66ivA96mhuQnqTy1cv7uELS4MHdYtpbRGJdW9t7Fn;F59cEB3A7RAKHGtkvR577swnPSP6EsdaBoL5AcVZpump;FuF2M5T79HJdpJUbp46qwWssLXQ1Xjf1yiNSfyo5UEGC;GKTxLXsmkjLDo89XmPa5htwK7sAzdqZ3jmfV6gaTvK67;hHc9579gpKUnvYvgcKyjdpe1UhmfVfGzGwMQCADpump;omskHvyNvQSn3PFak3E8JHQJeSVJFsrc6izWT12pump;xeKm1qmxyHLJZLdwKpsZdx5UFtYyb124GTWRZWypump,2024-11-20T01:05:58Z,2024-11-20T01:05:58Z,MEDIUM,,True
D89hHJT5Aqyx1trP6EnGY9jJUB3whgnq3aUvvCqedvzf,direct,21,23,13V3CbY7Q7AXnf24FMsUaQrmLxnRU4Md9phDEWZvpump;21XJbyQWEhmeoxKRHdGrEjetSfHopvtp68LWzdvT471M;2A6sLqrw8WN6KkgnCsN4xJkyAowBZHr2H9xQ4u3Mpump;3coFBLantjJkMRmzaQ4znMQQzfqFYTyBeNhdXYAzpump;4kkrecvSVnnkK3RZcJ85tNFiZu9pWg584yHjNCqEpump;4n32UBFWKJNPQayeN25GrLJHswbja41XFMxebcg9pump;4prKtarobdhYDY4Hu3uGZMx7Je4HqPJeLVyxN6m4Ld3T;5L6As5obMTXxKwjmGBy1LTRwW2Hm1PjSK18JhETrpump;5pSEZw1iytqYznD7crsGyKNek7q5JkjBqj2KmfqxUVZd;7p4MwwkUaMv4gBThVkW46QjwVaosaUrccbFV1MbXpump;7xXo3JYBqzh6D91XRppzFRLfw8wJHypeukGaNWwKgZ8m;8G7aM6Gco4fHjVpmVvUdVvhKMKaWXJEqkCKRvPdepump;8ypYfW5cjafrfAZij8TZj5SFHAbPNpiRio96LMzypDkn;AbpJywMWmkf1MFonRddPVogSwPPZHB9pG4x2nKb1YaPn;DTm66ivA96mhuQnqTy1cv7uELS4MHdYtpbRGJdW9t7Fn;F59cEB3A7RAKHGtkvR577swnPSP6EsdaBoL5AcVZpump;FuF2M5T79HJdpJUbp46qwWssLXQ1Xjf1yiNSfyo5UEGC;GKTxLXsmkjLDo89XmPa5htwK7sAzdqZ3jmfV6gaTvK67;hHc9579gpKUnvYvgcKyjdpe1UhmfVfGzGwMQCADpump;omskHvyNvQSn3PFak3E8JHQJeSVJFsrc6izWT12pump;xeKm1qmxyHLJZLdwKpsZdx5UFtYyb124GTWRZWypump,2024-11-23T19:29:08Z,2026-09-28T01:01:17Z,HIGH,,True
D89hHJT5Aqyx1trP6EnGY9jJUB3whgnq3aUvvCqedvzf,upstream,21,20,13V3CbY7Q7AXnf24FMsUaQrmLxnRU4Md9phDEWZvpump;2Tiw1Tna3kAut868cjXuKoyrv8U8gi1YjTaXw7Czpump;3GeNgcFpMwH9ts5b3W3jddtfwhwAURaykTy8YjtrGQWT;3coFBLantjJkMRmzaQ4znMQQzfqFYTyBeNhdXYAzpump;3f8CKfznVUGrFfhcq8ZBY9M1xyDeEQGrh6iH372h3ebN;4prKtarobdhYDY4Hu3uGZMx7Je4HqPJeLVyxN6m4Ld3T;4sjtHGeAKP6DoMUdvFqQuiYKhhPpwa9XCxUyuFD2pump;55bKo8bj1YVEgsbwkkd4Nwu7JhaZF9trUgbvpZ3YeVCA;7p4MwwkUaMv4gBThVkW46QjwVaosaUrccbFV1MbXpump;7xXo3JYBqzh6D91XRppzFRLfw8wJHypeukGaNWwKgZ8m;8ypYfW5cjafrfAZij8TZj5SFHAbPNpiRio96LMzypDkn;9PNfxvTARzdxvQas2uknW57bnfMCS1dxW1He7rPbuhuQ;ASftCNtzPNmK3nMDvpQNvpLauKS45Vkq7kwTPutqUBL1;AmWCcDf6tG7zB3VPeDVjeXL5N567fXAiHcTKw3xXpump;BE5ciZmcADAX78u2a1GrFiPMPC3rNXtdPGUrhzWB4k5d;BUPNYwndVGfzVb6RG6q2PX53VdAimw2Mi98QxqeWpump;CziyAr14UNUrfkxpioWSumkLXMwWnDWN2bu2WR5ao7kc;D4aEpQLW45YnWrBmztcpJHqabbPtFe9F9PTv8Umvpump;Er5RuNhTEwJH5dHv9c3YGATjgkLCETH4dKazntyWEtXY;GfqKCwNeAdHHi97AmgCLP5qrwcSJRDdyZ1huiU6xUXTz;HJPjdsDmcvgCj4MV3NvqCWd78qDP8BMzGfrsk4Nbpump,2024-12-15T21:49:40Z,2026-09-04T14:42:10Z,MEDIUM,,True
F7p3dFrjRTbtRp8FRF6qHLomXbKRBzpvBLjtQcfcgmNe,upstream,21,19,3GeNgcFpMwH9ts5b3W3jddtfwhwAURaykTy8YjtrGQWT;3f8CKfznVUGrFfhcq8ZBY9M1xyDeEQGrh6iH372h3ebN;47r9YPDeTVpwHjAakoVgnzNTJRChXC8f4KSUqMbEsBbM;49aM4HrGABwG9F8iAn385zzcsS6mxHEFY8YN3H7y1Cd9;55bKo8bj1YVEgsbwkkd4Nwu7JhaZF9trUgbvpZ3YeVCA;5EZ7yagvcsHcwH3e17khLwGzhFrCsx7CKS7ZN6J6i4Lh;6VMsrZvNaSzddT6vkY6dEDoFMeK5EoHD4KCAycfQpump;6wSQipxdE9Suf8tVNaCEbcqavUbLT7gL9tibpm3Jpump;7HiD5rzoZxAYXEJ8Z4t3WgM8VE1iSKWJdxPPyEdDNzwN;7xXo3JYBqzh6D91XRppzFRLfw8wJHypeukGaNWwKgZ8m;8ypYfW5cjafrfAZij8TZj5SFHAbPNpiRio96LMzypDkn;9hAojtonqe4RUQarvUYZhFqC99VK1S3LCewYkSjnpump;9xhMStAAufkH5jA5nevaGy6M9fCsQ74BZnsXyo93DkfA;BE5ciZmcADAX78u2a1GrFiPMPC3rNXtdPGUrhzWB4k5d;EoKqyKksc4ekiPVuBD9FiztYQHkV59x8KTcZ3ReLpump;Er5RuNhTEwJH5dHv9c3YGATjgkLCETH4dKazntyWEtXY;F41TwidZvJJcsx9c2BMwS6eH9W6HcUT4LzPmGvK9WU6N;G9r7nnHSgvb7LUfCE8kavRaKokEMMYBjVHGKvQ6dpump;GfqKCwNeAdHHi97AmgCLP5qrwcSJRDdyZ1huiU6xUXTz;JAqRn24FuQ5MFReXNgXb8uFej5vHJDxhVtebpQvHTQZy;omskHvyNvQSn3PFak3E8JHQJeSVJFsrc6izWT12pump,2025-06-01T04:27:10Z,2026-09-30T15:30:30Z,MEDIUM,,True
DQ5JWbJyWdJeyBxZuuyu36sUBud6L6wo3aN1QC1bRmsR,direct,21,16,21XJbyQWEhmeoxKRHdGrEjetSfHopvtp68LWzdvT471M;25GrKYrc3y4LZmmuhppYgFRCKb7JyZ6grum4WhLYvA1z;2iSB473Z7L2ndpWs3n22tb7H3KSGpswDTH3jP7qCCAZT;3f8CKfznVUGrFfhcq8ZBY9M1xyDeEQGrh6iH372h3ebN;49aM4HrGABwG9F8iAn385zzcsS6mxHEFY8YN3H7y1Cd9;4n32UBFWKJNPQayeN25GrLJHswbja41XFMxebcg9pump;4sjtHGeAKP6DoMUdvFqQuiYKhhPpwa9XCxUyuFD2pump;5EZ7yagvcsHcwH3e17khLwGzhFrCsx7CKS7ZN6J6i4Lh;5Sg1vv51KGCSDF2gBHgbNATCEXFjYtVhWgztNUwtgJYD;69N7rm9nnp6sVoULtp5toD26F25rYum8593GupxkUYvH;7271ZR6GBzaGqdtP28ZqZ5BKRt2ziu4AnPnVCAL7pump;ASftCNtzPNmK3nMDvpQNvpLauKS45Vkq7kwTPutqUBL1;Ajz86fyiygsv8kZkUyDxogxkz5VfKRs4HTEABVTfpump;CHygERrxnc5QByNCwxUNSMhP7tKJA7rh6hNBdJ2spump;DJejJn1iJntJVTAixy4VRgqJFF3NMKPEMgVzbJFmpump;DkDwxjD5JFK7hd7qUNHqNaTeqDGcZ1ia3Y6E7EUiehEn;F41TwidZvJJcsx9c2BMwS6eH9W6HcUT4LzPmGvK9WU6N;F59cEB3A7RAKHGtkvR577swnPSP6EsdaBoL5AcVZpump;G9r7nnHSgvb7LUfCE8kavRaKokEMMYBjVHGKvQ6dpump;H9GGsNc7vA4hN13N1oU4itq8x3mrdZBdw2XdK3Mipump;JAqRn24FuQ5MFReXNgXb8uFej5vHJDxhVtebpQvHTQZy,2025-11-25T07:15:33Z,2026-09-19T11:45:57Z,HIGH,,True
EBcfPtP3w7VKtYemb8ddCVYjXcsfiu61PPJ9vd89u4AU,upstream,21,16,21XJbyQWEhmeoxKRHdGrEjetSfHopvtp68LWzdvT471M;25GrKYrc3y4LZmmuhppYgFRCKb7JyZ6grum4WhLYvA1z;2iSB473Z7L2ndpWs3n22tb7H3KSGpswDTH3jP7qCCAZT;3f8CKfznVUGrFfhcq8ZBY9M1xyDeEQGrh6iH372h3ebN;49aM4HrGABwG9F8iAn385zzcsS6mxHEFY8YN3H7y1Cd9;4n32UBFWKJNPQayeN25GrLJHswbja41XFMxebcg9pump;4sjtHGeAKP6DoMUdvFqQuiYKhhPpwa9XCxUyuFD2pump;5EZ7yagvcsHcwH3e17khLwGzhFrCsx7CKS7ZN6J6i4Lh;5Sg1vv51KGCSDF2gBHgbNATCEXFjYtVhWgztNUwtgJYD;69N7rm9nnp6sVoULtp5toD26F25rYum8593GupxkUYvH;7271ZR6GBzaGqdtP28ZqZ5BKRt2ziu4AnPnVCAL7pump;ASftCNtzPNmK3nMDvpQNvpLauKS45Vkq7kwTPutqUBL1;Ajz86fyiygsv8kZkUyDxogxkz5VfKRs4HTEABVTfpump;CHygERrxnc5QByNCwxUNSMhP7tKJA7rh6hNBdJ2spump;DJejJn1iJntJVTAixy4VRgqJFF3NMKPEMgVzbJFmpump;DkDwxjD5JFK7hd7qUNHqNaTeqDGcZ1ia3Y6E7EUiehEn;F41TwidZvJJcsx9c2BMwS6eH9W6HcUT4LzPmGvK9WU6N;F59cEB3A7RAKHGtkvR577swnPSP6EsdaBoL5AcVZpump;G9r7nnHSgvb7LUfCE8kavRaKokEMMYBjVHGKvQ6dpump;H9GGsNc7vA4hN13N1oU4itq8x3mrdZBdw2XdK3Mipump;JAqRn24FuQ5MFReXNgXb8uFej5vHJDxhVtebpQvHTQZy,2023-06-26T12:50:41Z,2023-06-26T12:50:41Z,MEDIUM,,True
Dv34prGm2BT7Ph2n6qKLgzeLgjnii87RJJ7Db6ZQQvKM,direct,20,30,2BucyGvsg9wwTwsaFsEUFgdphrCtp94pDRtHowJUpump;2iSB473Z7L2ndpWs3n22tb7H3KSGpswDTH3jP7qCCAZT;3GeNgcFpMwH9ts5b3W3jddtfwhwAURaykTy8YjtrGQWT;3uYT8w1FxasDGmM4WDG5kXu6D9BGvyP3iEfPJEVb6ewT;5Sg1vv51KGCSDF2gBHgbNATCEXFjYtVhWgztNUwtgJYD;5nnWe5SCBaNMC3oNiR7utth6kx3mH1dhmCarjDb91shW;67afrnTxo8DVc52Uev61Yo4Yr9BGQpRw1RpPMWcx42La;9xhMStAAufkH5jA5nevaGy6M9fCsQ74BZnsXyo93DkfA;ASftCNtzPNmK3nMDvpQNvpLauKS45Vkq7kwTPutqUBL1;AbpJywMWmkf1MFonRddPVogSwPPZHB9pG4x2nKb1YaPn;AgB5SxiP1DFZbW9uDAH7s8Mhv1HF21nJv67tnAAYpump;DJejJn1iJntJVTAixy4VRgqJFF3NMKPEMgVzbJFmpump;Er5RuNhTEwJH5dHv9c3YGATjgkLCETH4dKazntyWEtXY;FuF2M5T79HJdpJUbp46qwWssLXQ1Xjf1yiNSfyo5UEGC;GL7M1C4QeLoURyexYgdhuP8SvaPh5LHQLRqKha3epump;GfqKCwNeAdHHi97AmgCLP5qrwcSJRDdyZ1huiU6xUXTz;H9GGsNc7vA4hN13N1oU4itq8x3mrdZBdw2XdK3Mipump;JAqRn24FuQ5MFReXNgXb8uFej5vHJDxhVtebpQvHTQZy;dy6zeSw9j2zHprXLwk1uUGAD4d2HF5R3pAFrL6bRAKs;rMPLDvnn6KR773WNhZvtFNcgFwnRkc7UbPkUaiMpump,2026-05-28T14:23:21Z,2026-09-22T22:22:15Z,HIGH,,True
5X1KAV2EUHdVRTFzPThQnnZGQXRycDafCmkSjS6DRph,upstream,20,24,25GrKYrc3y4LZmmuhppYgFRCKb7JyZ6grum4WhLYvA1z;2Tiw1Tna3kAut868cjXuKoyrv8U8gi1YjTaXw7Czpump;3coFBLantjJkMRmzaQ4znMQQzfqFYTyBeNhdXYAzpump;3vfxnHSCS139RZiw6MPZaEvhySnjbEi81GuF5EdNpump;4prKtarobdhYDY4Hu3uGZMx7Je4HqPJeLVyxN6m4Ld3T;4sjtHGeAKP6DoMUdvFqQuiYKhhPpwa9XCxUyuFD2pump;5DoZAeBkoci5t5zPhUiuhQFjuzYTfkSv5Seojsxppump;6VMsrZvNaSzddT6vkY6dEDoFMeK5EoHD4KCAycfQpump;6XD1vorwquLXjTSL5W4MJMGewZBeiEcPFmZw527TSwva;6akNLpNd11oq4q5zxhXGwr5jwUi6Ke4CvKmF6QeUwJCQ;7HiD5rzoZxAYXEJ8Z4t3WgM8VE1iSKWJdxPPyEdDNzwN;7Q9VxTczrzgvjXWbJJZibR7hbYAohngsNsuEhdEcpump;7xXo3JYBqzh6D91XRppzFRLfw8wJHypeukGaNWwKgZ8m;9hAojtonqe4RUQarvUYZhFqC99VK1S3LCewYkSjnpump;AbpJywMWmkf1MFonRddPVogSwPPZHB9pG4x2nKb1YaPn;AmWCcDf6tG7zB3VPeDVjeXL5N567fXAiHcTKw3xXpump;BE5ciZmcADAX78u2a1GrFiPMPC3rNXtdPGUrhzWB4k5d;DJejJn1iJntJVTAixy4VRgqJFF3NMKPEMgVzbJFmpump;GKTxLXsmkjLDo89XmPa5htwK7sAzdqZ3jmfV6gaTvK67;sMe5iUcgTe4VXmg4WaShF5kuk6GmcKF3y4HqKGZpump,2021-10-29T07:29:17Z,2024-03-14T19:21:10Z,MEDIUM,,True
AobVSwdW9BbpMdJvTqeCN4hPAmh4rHm7vwLnQ5ATSyrS,direct,20,11,13V3CbY7Q7AXnf24FMsUaQrmLxnRU4Md9phDEWZvpump;28HydoWU7TZQxWiVQxGZyspE3qgWdCHToNDVgLoNpump;3GeNgcFpMwH9ts5b3W3jddtfwhwAURaykTy8YjtrGQWT;3vfxnHSCS139RZiw6MPZaEvhySnjbEi81GuF5EdNpump;4kkrecvSVnnkK3RZcJ85tNFiZu9pWg584yHjNCqEpump;4prKtarobdhYDY4Hu3uGZMx7Je4HqPJeLVyxN6m4Ld3T;55bKo8bj1YVEgsbwkkd4Nwu7JhaZF9trUgbvpZ3YeVCA;5DoZAeBkoci5t5zPhUiuhQFjuzYTfkSv5Seojsxppump;6VMsrZvNaSzddT6vkY6dEDoFMeK5EoHD4KCAycfQpump;6gKx5EMvnymTVz2JgFhJAqpGxTYaBdVsaLb9YfPfvg4Y;6wSQipxdE9Suf8tVNaCEbcqavUbLT7gL9tibpm3Jpump;7xXo3JYBqzh6D91XRppzFRLfw8wJHypeukGaNWwKgZ8m;8ypYfW5cjafrfAZij8TZj5SFHAbPNpiRio96LMzypDkn;B3xU49SW3khA7m5Lgata2fmPxZeQRuaJbCruPsVDpump;CziyAr14UNUrfkxpioWSumkLXMwWnDWN2bu2WR5ao7kc;EkTkjVEfhvgkoCwheMTnr8mhEmJ6Q7ZR8q7ZMCcnpump;F59cEB3A7RAKHGtkvR577swnPSP6EsdaBoL5AcVZpump;GL7M1C4QeLoURyexYgdhuP8SvaPh5LHQLRqKha3epump;hHc9579gpKUnvYvgcKyjdpe1UhmfVfGzGwMQCADpump;sMe5iUcgTe4VXmg4WaShF5kuk6GmcKF3y4HqKGZpump,2024-11-22T01:47:12Z,2026-09-12T03:55:58Z,HIGH,,True
B48kNVXs4YK4amkBCH2XokQiv1SeiVQGHDR17xDeKAAn,upstream,20,10,13V3CbY7Q7AXnf24FMsUaQrmLxnRU4Md9phDEWZvpump;21XJbyQWEhmeoxKRHdGrEjetSfHopvtp68LWzdvT471M;25GrKYrc3y4LZmmuhppYgFRCKb7JyZ6grum4WhLYvA1z;2Tiw1Tna3kAut868cjXuKoyrv8U8gi1YjTaXw7Czpump;44s336LDz8bXp4rpxy1qwUfysZ4THjpReQWTKQg7pump;49aM4HrGABwG9F8iAn385zzcsS6mxHEFY8YN3H7y1Cd9;4GRTznsfLTRqaB2uMAFmmgaWtvfVyBb4qCsTjskUpump;5DoZAeBkoci5t5zPhUiuhQFjuzYTfkSv5Seojsxppump;6XD1vorwquLXjTSL5W4MJMGewZBeiEcPFmZw527TSwva;6akNLpNd11oq4q5zxhXGwr5jwUi6Ke4CvKmF6QeUwJCQ;7aLLQRBpGCaSLmmHGf34MGtbdtTumiB14d14TtDnpump;9ek8utEujXFmiM9wXcWKPF18y57PmeG8rsiBZGzzpump;9hAojtonqe4RUQarvUYZhFqC99VK1S3LCewYkSjnpump;AmWCcDf6tG7zB3VPeDVjeXL5N567fXAiHcTKw3xXpump;CSLP8Vp7u9hrXQi7crPXqCp7BaJaG4JrNxqvR3jDpump;CziyAr14UNUrfkxpioWSumkLXMwWnDWN2bu2WR5ao7kc;DkDwxjD5JFK7hd7qUNHqNaTeqDGcZ1ia3Y6E7EUiehEn;GL7M1C4QeLoURyexYgdhuP8SvaPh5LHQLRqKha3epump;hHc9579gpKUnvYvgcKyjdpe1UhmfVfGzGwMQCADpump;sMe5iUcgTe4VXmg4WaShF5kuk6GmcKF3y4HqKGZpump,2026-04-17T22:07:29Z,2026-09-27T13:31:35Z,MEDIUM,,True
Gu9viX22AFFtn7JH34exTTX6c743zkBV9qR5JdPMfaVH,upstream,20,3,25GrKYrc3y4LZmmuhppYgFRCKb7JyZ6grum4WhLYvA1z;2BucyGvsg9wwTwsaFsEUFgdphrCtp94pDRtHowJUpump;2iSB473Z7L2ndpWs3n22tb7H3KSGpswDTH3jP7qCCAZT;3coFBLantjJkMRmzaQ4znMQQzfqFYTyBeNhdXYAzpump;3vfxnHSCS139RZiw6MPZaEvhySnjbEi81GuF5EdNpump;49aM4HrGABwG9F8iAn385zzcsS6mxHEFY8YN3H7y1Cd9;5nnWe5SCBaNMC3oNiR7utth6kx3mH1dhmCarjDb91shW;5o9sE9FEVC12zWBd2zqPXAhoVyRiNjGfaYX6hS3Ppump;7271ZR6GBzaGqdtP28ZqZ5BKRt2ziu4AnPnVCAL7pump;7aLLQRBpGCaSLmmHGf34MGtbdtTumiB14d14TtDnpump;9CzNGAEutxKHJ5CwYC5Lk8X8YzgYrQnvKChP2BFEpump;9mqJNDG2squcqZt2zC7cWWNtVozUbQUnzVnP1jG6pump;AbpJywMWmkf1MFonRddPVogSwPPZHB9pG4x2nKb1YaPn;AmWCcDf6tG7zB3VPeDVjeXL5N567fXAiHcTKw3xXpump;B3xU49SW3khA7m5Lgata2fmPxZeQRuaJbCruPsVDpump;DTm66ivA96mhuQnqTy1cv7uELS4MHdYtpbRGJdW9t7Fn;EkTkjVEfhvgkoCwheMTnr8mhEmJ6Q7ZR8q7ZMCcnpump;FuF2M5T79HJdpJUbp46qwWssLXQ1Xjf1yiNSfyo5UEGC;G9r7nnHSgvb7LUfCE8kavRaKokEMMYBjVHGKvQ6dpump;hHc9579gpKUnvYvgcKyjdpe1UhmfVfGzGwMQCADpump,2026-08-21T17:32:31Z,2026-08-30T22:00:11Z,MEDIUM,,True
APhyMCpYjQ9RdEBn8cs4ifyBXjxAS5JtM3wYpWMJjsY5,upstream,20,2,28HydoWU7TZQxWiVQxGZyspE3qgWdCHToNDVgLoNpump;2A6sLqrw8WN6KkgnCsN4xJkyAowBZHr2H9xQ4u3Mpump;2BucyGvsg9wwTwsaFsEUFgdphrCtp94pDRtHowJUpump;4GRTznsfLTRqaB2uMAFmmgaWtvfVyBb4qCsTjskUpump;4prKtarobdhYDY4Hu3uGZMx7Je4HqPJeLVyxN6m4Ld3T;67afrnTxo8DVc52Uev61Yo4Yr9BGQpRw1RpPMWcx42La;6VMsrZvNaSzddT6vkY6dEDoFMeK5EoHD4KCAycfQpump;6XD1vorwquLXjTSL5W4MJMGewZBeiEcPFmZw527TSwva;6wSQipxdE9Suf8tVNaCEbcqavUbLT7gL9tibpm3Jpump;7dACCWZXF4Lr9ftxFpi7TJk7a3hcPpUwGPAcTuXDpump;AgB5SxiP1DFZbW9uDAH7s8Mhv1HF21nJv67tnAAYpump;BUPNYwndVGfzVb6RG6q2PX53VdAimw2Mi98QxqeWpump;EoKqyKksc4ekiPVuBD9FiztYQHkV59x8KTcZ3ReLpump;F59cEB3A7RAKHGtkvR577swnPSP6EsdaBoL5AcVZpump;G9r7nnHSgvb7LUfCE8kavRaKokEMMYBjVHGKvQ6dpump;H9GGsNc7vA4hN13N1oU4itq8x3mrdZBdw2XdK3Mipump;JAqRn24FuQ5MFReXNgXb8uFej5vHJDxhVtebpQvHTQZy;omskHvyNvQSn3PFak3E8JHQJeSVJFsrc6izWT12pump;rMPLDvnn6KR773WNhZvtFNcgFwnRkc7UbPkUaiMpump;sMe5iUcgTe4VXmg4WaShF5kuk6GmcKF3y4HqKGZpump,2021-09-04T22:11:27Z,2022-01-27T00:26:08Z,MEDIUM,,True
5F1seMKUqSNhv45f6FhB2cFmgJbk8U1avJw7M6TexUq1,direct,19,25,3GeNgcFpMwH9ts5b3W3jddtfwhwAURaykTy8YjtrGQWT;3uYT8w1FxasDGmM4WDG5kXu6D9BGvyP3iEfPJEVb6ewT;44s336LDz8bXp4rpxy1qwUfysZ4THjpReQWTKQg7pump;5o43e7gYZWFNEpdqkegHY6LXkhMXB1z6f7d6TAVGEMTM;6gKx5EMvnymTVz2JgFhJAqpGxTYaBdVsaLb9YfPfvg4Y;7p4MwwkUaMv4gBThVkW46QjwVaosaUrccbFV1MbXpump;8G7aM6Gco4fHjVpmVvUdVvhKMKaWXJEqkCKRvPdepump;9PNfxvTARzdxvQas2uknW57bnfMCS1dxW1He7rPbuhuQ;9hAojtonqe4RUQarvUYZhFqC99VK1S3LCewYkSjnpump;BE5ciZmcADAX78u2a1GrFiPMPC3rNXtdPGUrhzWB4k5d;CHygERrxnc5QByNCwxUNSMhP7tKJA7rh6hNBdJ2spump;D4aEpQLW45YnWrBmztcpJHqabbPtFe9F9PTv8Umvpump;DJejJn1iJntJVTAixy4VRgqJFF3NMKPEMgVzbJFmpump;Er5RuNhTEwJH5dHv9c3YGATjgkLCETH4dKazntyWEtXY;F59cEB3A7RAKHGtkvR577swnPSP6EsdaBoL5AcVZpump;FuF2M5T79HJdpJUbp46qwWssLXQ1Xjf1yiNSfyo5UEGC;GKTxLXsmkjLDo89XmPa5htwK7sAzdqZ3jmfV6gaTvK67;GfqKCwNeAdHHi97AmgCLP5qrwcSJRDdyZ1huiU6xUXTz;H8oe2SCksJcYzhPeS4TsbteusgZW5k7QaZ4boKyq8C7U,2025-08-24T15:00:35Z,2026-10-02T20:12:29Z,HIGH,,True
A77HErqtfN1hLLpvZ9pCtu66FEtM8BveoaKbbMoZ4RiR,direct,19,23,25GrKYrc3y4LZmmuhppYgFRCKb7JyZ6grum4WhLYvA1z;2Tiw1Tna3kAut868cjXuKoyrv8U8gi1YjTaXw7Czpump;3coFBLantjJkMRmzaQ4znMQQzfqFYTyBeNhdXYAzpump;3vfxnHSCS139RZiw6MPZaEvhySnjbEi81GuF5EdNpump;4prKtarobdhYDY4Hu3uGZMx7Je4HqPJeLVyxN6m4Ld3T;4sjtHGeAKP6DoMUdvFqQuiYKhhPpwa9XCxUyuFD2pump;5DoZAeBkoci5t5zPhUiuhQFjuzYTfkSv5Seojsxppump;6VMsrZvNaSzddT6vkY6dEDoFMeK5EoHD4KCAycfQpump;6XD1vorwquLXjTSL5W4MJMGewZBeiEcPFmZw527TSwva;6akNLpNd11oq4q5zxhXGwr5jwUi6Ke4CvKmF6QeUwJCQ;7HiD5rzoZxAYXEJ8Z4t3WgM8VE1iSKWJdxPPyEdDNzwN;7Q9VxTczrzgvjXWbJJZibR7hbYAohngsNsuEhdEcpump;7xXo3JYBqzh6D91XRppzFRLfw8wJHypeukGaNWwKgZ8m;9hAojtonqe4RUQarvUYZhFqC99VK1S3LCewYkSjnpump;AmWCcDf6tG7zB3VPeDVjeXL5N567fXAiHcTKw3xXpump;BE5ciZmcADAX78u2a1GrFiPMPC3rNXtdPGUrhzWB4k5d;DJejJn1iJntJVTAixy4VRgqJFF3NMKPEMgVzbJFmpump;GKTxLXsmkjLDo89XmPa5htwK7sAzdqZ3jmfV6gaTvK67;sMe5iUcgTe4VXmg4WaShF5kuk6GmcKF3y4HqKGZpump,2025-01-27T14:19:32Z,2026-09-08T09:55:31Z,HIGH,,True
GJRs4FwHtemZ5ZE9x3FNvJ8TMwitKTh21yxdRPqn7npE,direct,19,15,3coFBLantjJkMRmzaQ4znMQQzfqFYTyBeNhdXYAzpump;3uYT8w1FxasDGmM4WDG5kXu6D9BGvyP3iEfPJEVb6ewT;5o9sE9FEVC12zWBd2zqPXAhoVyRiNjGfaYX6hS3Ppump;6VMsrZvNaSzddT6vkY6dEDoFMeK5EoHD4KCAycfQpump;7p4MwwkUaMv4gBThVkW46QjwVaosaUrccbFV1MbXpump;8ypYfW5cjafrfAZij8TZj5SFHAbPNpiRio96LMzypDkn;9PNfxvTARzdxvQas2uknW57bnfMCS1dxW1He7rPbuhuQ;9hAojtonqe4RUQarvUYZhFqC99VK1S3LCewYkSjnpump;AbpJywMWmkf1MFonRddPVogSwPPZHB9pG4x2nKb1YaPn;AgB5SxiP1DFZbW9uDAH7s8Mhv1HF21nJv67tnAAYpump;CHygERrxnc5QByNCwxUNSMhP7tKJA7rh6hNBdJ2spump;CziyAr14UNUrfkxpioWSumkLXMwWnDWN2bu2WR5ao7kc;DJejJn1iJntJVTAixy4VRgqJFF3NMKPEMgVzbJFmpump;EoKqyKksc4ekiPVuBD9FiztYQHkV59x8KTcZ3ReLpump;G9r7nnHSgvb7LUfCE8kavRaKokEMMYBjVHGKvQ6dpump;GKTxLXsmkjLDo89XmPa5htwK7sAzdqZ3jmfV6gaTvK67;GL7M1C4QeLoURyexYgdhuP8SvaPh5LHQLRqKha3epump;HJPjdsDmcvgCj4MV3NvqCWd78qDP8BMzGfrsk4Nbpump;dy6zeSw9j2zHprXLwk1uUGAD4d2HF5R3pAFrL6bRAKs,2024-07-16T01:42:54Z,2026-09-24T11:06:57Z,HIGH,,True
D4YBDBbhbTwfSTPaYPhZ2giiaNKD9qbzRzLMubT4WMoj,direct,19,11,25GrKYrc3y4LZmmuhppYgFRCKb7JyZ6grum4WhLYvA1z;2Tiw1Tna3kAut868cjXuKoyrv8U8gi1YjTaXw7Czpump;3f8CKfznVUGrFfhcq8ZBY9M1xyDeEQGrh6iH372h3ebN;4ZUjJ5EJbwfh7teotB29uHc1SC3SiqbrkwJoNgsxibbU;4prKtarobdhYDY4Hu3uGZMx7Je4HqPJeLVyxN6m4Ld3T;5pSEZw1iytqYznD7crsGyKNek7q5JkjBqj2KmfqxUVZd;6akNLpNd11oq4q5zxhXGwr5jwUi6Ke4CvKmF6QeUwJCQ;6wSQipxdE9Suf8tVNaCEbcqavUbLT7gL9tibpm3Jpump;7xXo3JYBqzh6D91XRppzFRLfw8wJHypeukGaNWwKgZ8m;8G7aM6Gco4fHjVpmVvUdVvhKMKaWXJEqkCKRvPdepump;BE5ciZmcADAX78u2a1GrFiPMPC3rNXtdPGUrhzWB4k5d;CHygERrxnc5QByNCwxUNSMhP7tKJA7rh6hNBdJ2spump;D4aEpQLW45YnWrBmztcpJHqabbPtFe9F9PTv8Umvpump;GL7M1C4QeLoURyexYgdhuP8SvaPh5LHQLRqKha3epump;H8oe2SCksJcYzhPeS4TsbteusgZW5k7QaZ4boKyq8C7U;H9GGsNc7vA4hN13N1oU4itq8x3mrdZBdw2XdK3Mipump;HJPjdsDmcvgCj4MV3NvqCWd78qDP8BMzGfrsk4Nbpump;omskHvyNvQSn3PFak3E8JHQJeSVJFsrc6izWT12pump;rMPLDvnn6KR773WNhZvtFNcgFwnRkc7UbPkUaiMpump,2026-06-04T14:13:36Z,2026-06-04T14:14:02Z,HIGH,,True
HQ8Mb1h5DCC2m9J3V9BcAkMj9o6zfLoCCuFvFREc2UHK,upstream,19,11,25GrKYrc3y4LZmmuhppYgFRCKb7JyZ6grum4WhLYvA1z;2Tiw1Tna3kAut868cjXuKoyrv8U8gi1YjTaXw7Czpump;3f8CKfznVUGrFfhcq8ZBY9M1xyDeEQGrh6iH372h3ebN;4ZUjJ5EJbwfh7teotB29uHc1SC3SiqbrkwJoNgsxibbU;4prKtarobdhYDY4Hu3uGZMx7Je4HqPJeLVyxN6m4Ld3T;5pSEZw1iytqYznD7crsGyKNek7q5JkjBqj2KmfqxUVZd;6akNLpNd11oq4q5zxhXGwr5jwUi6Ke4CvKmF6QeUwJCQ;6wSQipxdE9Suf8tVNaCEbcqavUbLT7gL9tibpm3Jpump;7xXo3JYBqzh6D91XRppzFRLfw8wJHypeukGaNWwKgZ8m;8G7aM6Gco4fHjVpmVvUdVvhKMKaWXJEqkCKRvPdepump;BE5ciZmcADAX78u2a1GrFiPMPC3rNXtdPGUrhzWB4k5d;CHygERrxnc5QByNCwxUNSMhP7tKJA7rh6hNBdJ2spump;D4aEpQLW45YnWrBmztcpJHqabbPtFe9F9PTv8Umvpump;GL7M1C4QeLoURyexYgdhuP8SvaPh5LHQLRqKha3epump;H8oe2SCksJcYzhPeS4TsbteusgZW5k7QaZ4boKyq8C7U;H9GGsNc7vA4hN13N1oU4itq8x3mrdZBdw2XdK3Mipump;HJPjdsDmcvgCj4MV3NvqCWd78qDP8BMzGfrsk4Nbpump;omskHvyNvQSn3PFak3E8JHQJeSVJFsrc6izWT12pump;rMPLDvnn6KR773WNhZvtFNcgFwnRkc7UbPkUaiMpump,2026-06-04T13:52:07Z,2026-06-04T13:52:07Z,MEDIUM,,True
bZDAfkARHkuKihHxHSyfNShpyhHXPSSL5xPZEmGoDrp,upstream,19,11,25GrKYrc3y4LZmmuhppYgFRCKb7JyZ6grum4WhLYvA1z;2Tiw1Tna3kAut868cjXuKoyrv8U8gi1YjTaXw7Czpump;3f8CKfznVUGrFfhcq8ZBY9M1xyDeEQGrh6iH372h3ebN;4ZUjJ5EJbwfh7teotB29uHc1SC3SiqbrkwJoNgsxibbU;4prKtarobdhYDY4Hu3uGZMx7Je4HqPJeLVyxN6m4Ld3T;5pSEZw1iytqYznD7crsGyKNek7q5JkjBqj2KmfqxUVZd;6akNLpNd11oq4q5zxhXGwr5jwUi6Ke4CvKmF6QeUwJCQ;6wSQipxdE9Suf8tVNaCEbcqavUbLT7gL9tibpm3Jpump;7xXo3JYBqzh6D91XRppzFRLfw8wJHypeukGaNWwKgZ8m;8G7aM6Gco4fHjVpmVvUdVvhKMKaWXJEqkCKRvPdepump;BE5ciZmcADAX78u2a1GrFiPMPC3rNXtdPGUrhzWB4k5d;CHygERrxnc5QByNCwxUNSMhP7tKJA7rh6hNBdJ2spump;D4aEpQLW45YnWrBmztcpJHqabbPtFe9F9PTv8Umvpump;GL7M1C4QeLoURyexYgdhuP8SvaPh5LHQLRqKha3epump;H8oe2SCksJcYzhPeS4TsbteusgZW5k7QaZ4boKyq8C7U;H9GGsNc7vA4hN13N1oU4itq8x3mrdZBdw2XdK3Mipump;HJPjdsDmcvgCj4MV3NvqCWd78qDP8BMzGfrsk4Nbpump;omskHvyNvQSn3PFak3E8JHQJeSVJFsrc6izWT12pump;rMPLDvnn6KR773WNhZvtFNcgFwnRkc7UbPkUaiMpump,2026-06-04T13:01:10Z,2026-06-04T13:01:10Z,MEDIUM,,True
46Zk9VL676HwJTMWrhFTxLdFeP1oL4vsCwRnK9g2HMbj,direct,19,7,21XJbyQWEhmeoxKRHdGrEjetSfHopvtp68LWzdvT471M;25GrKYrc3y4LZmmuhppYgFRCKb7JyZ6grum4WhLYvA1z;28HydoWU7TZQxWiVQxGZyspE3qgWdCHToNDVgLoNpump;3f8CKfznVUGrFfhcq8ZBY9M1xyDeEQGrh6iH372h3ebN;4n32UBFWKJNPQayeN25GrLJHswbja41XFMxebcg9pump;5o43e7gYZWFNEpdqkegHY6LXkhMXB1z6f7d6TAVGEMTM;6XD1vorwquLXjTSL5W4MJMGewZBeiEcPFmZw527TSwva;6akNLpNd11oq4q5zxhXGwr5jwUi6Ke4CvKmF6QeUwJCQ;7HiD5rzoZxAYXEJ8Z4t3WgM8VE1iSKWJdxPPyEdDNzwN;7aLLQRBpGCaSLmmHGf34MGtbdtTumiB14d14TtDnpump;9mqJNDG2squcqZt2zC7cWWNtVozUbQUnzVnP1jG6pump;ASftCNtzPNmK3nMDvpQNvpLauKS45Vkq7kwTPutqUBL1;BE5ciZmcADAX78u2a1GrFiPMPC3rNXtdPGUrhzWB4k5d;GL7M1C4QeLoURyexYgdhuP8SvaPh5LHQLRqKha3epump;GfqKCwNeAdHHi97AmgCLP5qrwcSJRDdyZ1huiU6xUXTz;H8oe2SCksJcYzhPeS4TsbteusgZW5k7QaZ4boKyq8C7U;H9GGsNc7vA4hN13N1oU4itq8x3mrdZBdw2XdK3Mipump;UsrcsZMqw6p53Fohu16UCBjsbjqc73XmoRFZDcnCtMR;hHc9579gpKUnvYvgcKyjdpe1UhmfVfGzGwMQCADpump,2026-08-26T15:38:25Z,2026-08-27T10:39:58Z,HIGH,,True
4BANhFgDVFh9WL8MDb3jbYS1D7oW9LaoWaPAMpV65kbU,upstream,19,6,25GrKYrc3y4LZmmuhppYgFRCKb7JyZ6grum4WhLYvA1z;2A6sLqrw8WN6KkgnCsN4xJkyAowBZHr2H9xQ4u3Mpump;3coFBLantjJkMRmzaQ4znMQQzfqFYTyBeNhdXYAzpump;47r9YPDeTVpwHjAakoVgnzNTJRChXC8f4KSUqMbEsBbM;4sjtHGeAKP6DoMUdvFqQuiYKhhPpwa9XCxUyuFD2pump;5o9sE9FEVC12zWBd2zqPXAhoVyRiNjGfaYX6hS3Ppump;69N7rm9nnp6sVoULtp5toD26F25rYum8593GupxkUYvH;6gKx5EMvnymTVz2JgFhJAqpGxTYaBdVsaLb9YfPfvg4Y;7HiD5rzoZxAYXEJ8Z4t3WgM8VE1iSKWJdxPPyEdDNzwN;7aLLQRBpGCaSLmmHGf34MGtbdtTumiB14d14TtDnpump;9mqJNDG2squcqZt2zC7cWWNtVozUbQUnzVnP1jG6pump;AmWCcDf6tG7zB3VPeDVjeXL5N567fXAiHcTKw3xXpump;BUPNYwndVGfzVb6RG6q2PX53VdAimw2Mi98QxqeWpump;BmU6YJP2YCAo8sc2dkeR8KjvF3rGFBHZL25ejysppump;CHygERrxnc5QByNCwxUNSMhP7tKJA7rh6hNBdJ2spump;D4aEpQLW45YnWrBmztcpJHqabbPtFe9F9PTv8Umvpump;EoKqyKksc4ekiPVuBD9FiztYQHkV59x8KTcZ3ReLpump;UsrcsZMqw6p53Fohu16UCBjsbjqc73XmoRFZDcnCtMR;xeKm1qmxyHLJZLdwKpsZdx5UFtYyb124GTWRZWypump,2026-06-30T06:50:57Z,2026-06-30T06:50:59Z,MEDIUM,,True
54RTekQXXX2XkdMPrvfYgtGPHDxEhLWV1fef4u3SVg6s,upstream,19,1,28HydoWU7TZQxWiVQxGZyspE3qgWdCHToNDVgLoNpump;2A6sLqrw8WN6KkgnCsN4xJkyAowBZHr2H9xQ4u3Mpump;2BucyGvsg9wwTwsaFsEUFgdphrCtp94pDRtHowJUpump;4GRTznsfLTRqaB2uMAFmmgaWtvfVyBb4qCsTjskUpump;4prKtarobdhYDY4Hu3uGZMx7Je4HqPJeLVyxN6m4Ld3T;67afrnTxo8DVc52Uev61Yo4Yr9BGQpRw1RpPMWcx42La;6VMsrZvNaSzddT6vkY6dEDoFMeK5EoHD4KCAycfQpump;6XD1vorwquLXjTSL5W4MJMGewZBeiEcPFmZw527TSwva;6wSQipxdE9Suf8tVNaCEbcqavUbLT7gL9tibpm3Jpump;7dACCWZXF4Lr9ftxFpi7TJk7a3hcPpUwGPAcTuXDpump;AgB5SxiP1DFZbW9uDAH7s8Mhv1HF21nJv67tnAAYpump;BUPNYwndVGfzVb6RG6q2PX53VdAimw2Mi98QxqeWpump;EoKqyKksc4ekiPVuBD9FiztYQHkV59x8KTcZ3ReLpump;F59cEB3A7RAKHGtkvR577swnPSP6EsdaBoL5AcVZpump;G9r7nnHSgvb7LUfCE8kavRaKokEMMYBjVHGKvQ6dpump;H9GGsNc7vA4hN13N1oU4itq8x3mrdZBdw2XdK3Mipump;omskHvyNvQSn3PFak3E8JHQJeSVJFsrc6izWT12pump;rMPLDvnn6KR773WNhZvtFNcgFwnRkc7UbPkUaiMpump;sMe5iUcgTe4VXmg4WaShF5kuk6GmcKF3y4HqKGZpump,2025-05-21T07:06:28Z,2025-05-21T07:06:28Z,MEDIUM,,True
Fi3kigPLsFtSvq7N1KBtz51C8Gc8XyMFWhYjbRkaFMxS,direct,19,1,28HydoWU7TZQxWiVQxGZyspE3qgWdCHToNDVgLoNpump;2A6sLqrw8WN6KkgnCsN4xJkyAowBZHr2H9xQ4u3Mpump;2BucyGvsg9wwTwsaFsEUFgdphrCtp94pDRtHowJUpump;4GRTznsfLTRqaB2uMAFmmgaWtvfVyBb4qCsTjskUpump;4prKtarobdhYDY4Hu3uGZMx7Je4HqPJeLVyxN6m4Ld3T;67afrnTxo8DVc52Uev61Yo4Yr9BGQpRw1RpPMWcx42La;6VMsrZvNaSzddT6vkY6dEDoFMeK5EoHD4KCAycfQpump;6XD1vorwquLXjTSL5W4MJMGewZBeiEcPFmZw527TSwva;6wSQipxdE9Suf8tVNaCEbcqavUbLT7gL9tibpm3Jpump;7dACCWZXF4Lr9ftxFpi7TJk7a3hcPpUwGPAcTuXDpump;AgB5SxiP1DFZbW9uDAH7s8Mhv1HF21nJv67tnAAYpump;BUPNYwndVGfzVb6RG6q2PX53VdAimw2Mi98QxqeWpump;EoKqyKksc4ekiPVuBD9FiztYQHkV59x8KTcZ3ReLpump;F59cEB3A7RAKHGtkvR577swnPSP6EsdaBoL5AcVZpump;G9r7nnHSgvb7LUfCE8kavRaKokEMMYBjVHGKvQ6dpump;H9GGsNc7vA4hN13N1oU4itq8x3mrdZBdw2XdK3Mipump;omskHvyNvQSn3PFak3E8JHQJeSVJFsrc6izWT12pump;rMPLDvnn6KR773WNhZvtFNcgFwnRkc7UbPkUaiMpump;sMe5iUcgTe4VXmg4WaShF5kuk6GmcKF3y4HqKGZpump,2025-08-18T11:41:12Z,2025-08-18T11:41:12Z,HIGH,,True
A77HErqtfN1hLLpvZ9pCtu66FEtM8BveoaKbbMoZ4RiR,upstream,18,20,2BucyGvsg9wwTwsaFsEUFgdphrCtp94pDRtHowJUpump;2Tiw1Tna3kAut868cjXuKoyrv8U8gi1YjTaXw7Czpump;3coFBLantjJkMRmzaQ4znMQQzfqFYTyBeNhdXYAzpump;4kkrecvSVnnkK3RZcJ85tNFiZu9pWg584yHjNCqEpump;4sjtHGeAKP6DoMUdvFqQuiYKhhPpwa9XCxUyuFD2pump;55bKo8bj1YVEgsbwkkd4Nwu7JhaZF9trUgbvpZ3YeVCA;7HiD5rzoZxAYXEJ8Z4t3WgM8VE1iSKWJdxPPyEdDNzwN;7Q9VxTczrzgvjXWbJJZibR7hbYAohngsNsuEhdEcpump;7aLLQRBpGCaSLmmHGf34MGtbdtTumiB14d14TtDnpump;7p4MwwkUaMv4gBThVkW46QjwVaosaUrccbFV1MbXpump;7xXo3JYBqzh6D91XRppzFRLfw8wJHypeukGaNWwKgZ8m;8qT3o4k4aUmyLrgd7hHYmVxin3kFhQ9QsXdSXTP6pump;9CzNGAEutxKHJ5CwYC5Lk8X8YzgYrQnvKChP2BFEpump;AgB5SxiP1DFZbW9uDAH7s8Mhv1HF21nJv67tnAAYpump;BZYpLHhui3qRNokWFg2JcX8CYtMqzWHR5R4xowjcbPqh;UsrcsZMqw6p53Fohu16UCBjsbjqc73XmoRFZDcnCtMR;hHc9579gpKUnvYvgcKyjdpe1UhmfVfGzGwMQCADpump;rMPLDvnn6KR773WNhZvtFNcgFwnRkc7UbPkUaiMpump,2024-10-01T22:27:03Z,2026-09-23T06:07:32Z,MEDIUM,,True
Cc3bpPzUvgAzdW9Nv7dUQ8cpap8Xa7ujJgLdpqGrTCu6,upstream,18,17,28HydoWU7TZQxWiVQxGZyspE3qgWdCHToNDVgLoNpump;2A6sLqrw8WN6KkgnCsN4xJkyAowBZHr2H9xQ4u3Mpump;3coFBLantjJkMRmzaQ4znMQQzfqFYTyBeNhdXYAzpump;4ZUjJ5EJbwfh7teotB29uHc1SC3SiqbrkwJoNgsxibbU;5DoZAeBkoci5t5zPhUiuhQFjuzYTfkSv5Seojsxppump;5o43e7gYZWFNEpdqkegHY6LXkhMXB1z6f7d6TAVGEMTM;67afrnTxo8DVc52Uev61Yo4Yr9BGQpRw1RpPMWcx42La;7mRDn1rAqjwFQXacodr1UmkNdvAGPbtNP9k5jvBZqt9J;9CzNGAEutxKHJ5CwYC5Lk8X8YzgYrQnvKChP2BFEpump;9hAojtonqe4RUQarvUYZhFqC99VK1S3LCewYkSjnpump;B3xU49SW3khA7m5Lgata2fmPxZeQRuaJbCruPsVDpump;DTm66ivA96mhuQnqTy1cv7uELS4MHdYtpbRGJdW9t7Fn;DkDwxjD5JFK7hd7qUNHqNaTeqDGcZ1ia3Y6E7EUiehEn;EkTkjVEfhvgkoCwheMTnr8mhEmJ6Q7ZR8q7ZMCcnpump;FuF2M5T79HJdpJUbp46qwWssLXQ1Xjf1yiNSfyo5UEGC;GL7M1C4QeLoURyexYgdhuP8SvaPh5LHQLRqKha3epump;H9GGsNc7vA4hN13N1oU4itq8x3mrdZBdw2XdK3Mipump;HJPjdsDmcvgCj4MV3NvqCWd78qDP8BMzGfrsk4Nbpump,2024-12-12T01:56:39Z,2026-10-04T03:58:47Z,MEDIUM,,True
FpwQQhQQoEaVu3WU2qZMfF1hx48YyfwsLoRgXG83E99Q,direct,18,16,21XJbyQWEhmeoxKRHdGrEjetSfHopvtp68LWzdvT471M;2iSB473Z7L2ndpWs3n22tb7H3KSGpswDTH3jP7qCCAZT;4ZUjJ5EJbwfh7teotB29uHc1SC3SiqbrkwJoNgsxibbU;4n32UBFWKJNPQayeN25GrLJHswbja41XFMxebcg9pump;5L6As5obMTXxKwjmGBy1LTRwW2Hm1PjSK18JhETrpump;6VMsrZvNaSzddT6vkY6dEDoFMeK5EoHD4KCAycfQpump;7mRDn1rAqjwFQXacodr1UmkNdvAGPbtNP9k5jvBZqt9J;7p4MwwkUaMv4gBThVkW46QjwVaosaUrccbFV1MbXpump;9PNfxvTARzdxvQas2uknW57bnfMCS1dxW1He7rPbuhuQ;9hAojtonqe4RUQarvUYZhFqC99VK1S3LCewYkSjnpump;AmWCcDf6tG7zB3VPeDVjeXL5N567fXAiHcTKw3xXpump;D4aEpQLW45YnWrBmztcpJHqabbPtFe9F9PTv8Umvpump;F41TwidZvJJcsx9c2BMwS6eH9W6HcUT4LzPmGvK9WU6N;GKTxLXsmkjLDo89XmPa5htwK7sAzdqZ3jmfV6gaTvK67;GL7M1C4QeLoURyexYgdhuP8SvaPh5LHQLRqKha3epump;GfqKCwNeAdHHi97AmgCLP5qrwcSJRDdyZ1huiU6xUXTz;H8oe2SCksJcYzhPeS4TsbteusgZW5k7QaZ4boKyq8C7U;UsrcsZMqw6p53Fohu16UCBjsbjqc73XmoRFZDcnCtMR,2024-11-26T22:32:35Z,2026-09-29T14:30:18Z,HIGH,,True
Fhbh1DTUDKt6qu9zVg8Q5VgnZa1WWWbxBxG6pCoJoggA,direct,18,9,3coFBLantjJkMRmzaQ4znMQQzfqFYTyBeNhdXYAzpump;49aM4HrGABwG9F8iAn385zzcsS6mxHEFY8YN3H7y1Cd9;5EZ7yagvcsHcwH3e17khLwGzhFrCsx7CKS7ZN6J6i4Lh;69N7rm9nnp6sVoULtp5toD26F25rYum8593GupxkUYvH;7HiD5rzoZxAYXEJ8Z4t3WgM8VE1iSKWJdxPPyEdDNzwN;7Q9VxTczrzgvjXWbJJZibR7hbYAohngsNsuEhdEcpump;7aLLQRBpGCaSLmmHGf34MGtbdtTumiB14d14TtDnpump;9ek8utEujXFmiM9wXcWKPF18y57PmeG8rsiBZGzzpump;AbpJywMWmkf1MFonRddPVogSwPPZHB9pG4x2nKb1YaPn;AgB5SxiP1DFZbW9uDAH7s8Mhv1HF21nJv67tnAAYpump;BE5ciZmcADAX78u2a1GrFiPMPC3rNXtdPGUrhzWB4k5d;BUPNYwndVGfzVb6RG6q2PX53VdAimw2Mi98QxqeWpump;EkTkjVEfhvgkoCwheMTnr8mhEmJ6Q7ZR8q7ZMCcnpump;EoKqyKksc4ekiPVuBD9FiztYQHkV59x8KTcZ3ReLpump;GL7M1C4QeLoURyexYgdhuP8SvaPh5LHQLRqKha3epump;H8oe2SCksJcYzhPeS4TsbteusgZW5k7QaZ4boKyq8C7U;H9GGsNc7vA4hN13N1oU4itq8x3mrdZBdw2XdK3Mipump;hHc9579gpKUnvYvgcKyjdpe1UhmfVfGzGwMQCADpump,2026-08-25T21:55:37Z,2026-09-04T16:16:17Z,HIGH,,True
EVtyyoCXZ79fc9C7u17bF6skmgfqXueNMNL6HrtWPMe,upstream,18,6,2A6sLqrw8WN6KkgnCsN4xJkyAowBZHr2H9xQ4u3Mpump;44s336LDz8bXp4rpxy1qwUfysZ4THjpReQWTKQg7pump;47r9YPDeTVpwHjAakoVgnzNTJRChXC8f4KSUqMbEsBbM;4GRTznsfLTRqaB2uMAFmmgaWtvfVyBb4qCsTjskUpump;5nnWe5SCBaNMC3oNiR7utth6kx3mH1dhmCarjDb91shW;5o9sE9FEVC12zWBd2zqPXAhoVyRiNjGfaYX6hS3Ppump;67afrnTxo8DVc52Uev61Yo4Yr9BGQpRw1RpPMWcx42La;6XD1vorwquLXjTSL5W4MJMGewZBeiEcPFmZw527TSwva;7xXo3JYBqzh6D91XRppzFRLfw8wJHypeukGaNWwKgZ8m;8qT3o4k4aUmyLrgd7hHYmVxin3kFhQ9QsXdSXTP6pump;9CzNGAEutxKHJ5CwYC5Lk8X8YzgYrQnvKChP2BFEpump;BZYpLHhui3qRNokWFg2JcX8CYtMqzWHR5R4xowjcbPqh;D4aEpQLW45YnWrBmztcpJHqabbPtFe9F9PTv8Umvpump;DTm66ivA96mhuQnqTy1cv7uELS4MHdYtpbRGJdW9t7Fn;EHUzmwAzmUix7TkwVr7b16U9ChJDr3RpjfXshR5swy5j;GKTxLXsmkjLDo89XmPa5htwK7sAzdqZ3jmfV6gaTvK67;omskHvyNvQSn3PFak3E8JHQJeSVJFsrc6izWT12pump;rMPLDvnn6KR773WNhZvtFNcgFwnRkc7UbPkUaiMpump,2021-06-10T19:14:59Z,2021-06-10T19:14:59Z,MEDIUM,,True
FWznbcNXWQuHTawe9RxvQ2LdCENssh12dsznf4RiouN5,direct,18,6,2A6sLqrw8WN6KkgnCsN4xJkyAowBZHr2H9xQ4u3Mpump;44s336LDz8bXp4rpxy1qwUfysZ4THjpReQWTKQg7pump;47r9YPDeTVpwHjAakoVgnzNTJRChXC8f4KSUqMbEsBbM;4GRTznsfLTRqaB2uMAFmmgaWtvfVyBb4qCsTjskUpump;5nnWe5SCBaNMC3oNiR7utth6kx3mH1dhmCarjDb91shW;5o9sE9FEVC12zWBd2zqPXAhoVyRiNjGfaYX6hS3Ppump;67afrnTxo8DVc52Uev61Yo4Yr9BGQpRw1RpPMWcx42La;6XD1vorwquLXjTSL5W4MJMGewZBeiEcPFmZw527TSwva;7xXo3JYBqzh6D91XRppzFRLfw8wJHypeukGaNWwKgZ8m;8qT3o4k4aUmyLrgd7hHYmVxin3kFhQ9QsXdSXTP6pump;9CzNGAEutxKHJ5CwYC5Lk8X8YzgYrQnvKChP2BFEpump;BZYpLHhui3qRNokWFg2JcX8CYtMqzWHR5R4xowjcbPqh;D4aEpQLW45YnWrBmztcpJHqabbPtFe9F9PTv8Umvpump;DTm66ivA96mhuQnqTy1cv7uELS4MHdYtpbRGJdW9t7Fn;EHUzmwAzmUix7TkwVr7b16U9ChJDr3RpjfXshR5swy5j;GKTxLXsmkjLDo89XmPa5htwK7sAzdqZ3jmfV6gaTvK67;omskHvyNvQSn3PFak3E8JHQJeSVJFsrc6izWT12pump;rMPLDvnn6KR773WNhZvtFNcgFwnRkc7UbPkUaiMpump,2025-01-28T19:21:35Z,2025-07-27T14:32:05Z,HIGH,,True
9BhkaAybG824w5Hk2A1Np22ZwYN74f6kisJtLEK9C6Ns,direct,18,2,13V3CbY7Q7AXnf24FMsUaQrmLxnRU4Md9phDEWZvpump;3f8CKfznVUGrFfhcq8ZBY9M1xyDeEQGrh6iH372h3ebN;47r9YPDeTVpwHjAakoVgnzNTJRChXC8f4KSUqMbEsBbM;4prKtarobdhYDY4Hu3uGZMx7Je4HqPJeLVyxN6m4Ld3T;5L6As5obMTXxKwjmGBy1LTRwW2Hm1PjSK18JhETrpump;5o43e7gYZWFNEpdqkegHY6LXkhMXB1z6f7d6TAVGEMTM;6sFMbTF2VTzutzKekenJujFZBqb4TiBZJKfyLMUbpump;7mRDn1rAqjwFQXacodr1UmkNdvAGPbtNP9k5jvBZqt9J;8qT3o4k4aUmyLrgd7hHYmVxin3kFhQ9QsXdSXTP6pump;8ypYfW5cjafrfAZij8TZj5SFHAbPNpiRio96LMzypDkn;9mqJNDG2squcqZt2zC7cWWNtVozUbQUnzVnP1jG6pump;BZYpLHhui3qRNokWFg2JcX8CYtMqzWHR5R4xowjcbPqh;DQ2H7qcj262RAKfSxGYeL7cYJq54mVdXe4gYxUwxpump;EkTkjVEfhvgkoCwheMTnr8mhEmJ6Q7ZR8q7ZMCcnpump;Er5RuNhTEwJH5dHv9c3YGATjgkLCETH4dKazntyWEtXY;H9GGsNc7vA4hN13N1oU4itq8x3mrdZBdw2XdK3Mipump;omskHvyNvQSn3PFak3E8JHQJeSVJFsrc6izWT12pump;sMe5iUcgTe4VXmg4WaShF5kuk6GmcKF3y4HqKGZpump,2026-05-26T06:19:51Z,2026-10-05T10:43:40Z,HIGH,,True
9CHibAsuWZD9q7EVsDR2MUs9UddFQ5dPERS26cXNPUhW,upstream,18,1,13V3CbY7Q7AXnf24FMsUaQrmLxnRU4Md9phDEWZvpump;28HydoWU7TZQxWiVQxGZyspE3qgWdCHToNDVgLoNpump;2Tiw1Tna3kAut868cjXuKoyrv8U8gi1YjTaXw7Czpump;4GRTznsfLTRqaB2uMAFmmgaWtvfVyBb4qCsTjskUpump;5EZ7yagvcsHcwH3e17khLwGzhFrCsx7CKS7ZN6J6i4Lh;5Sg1vv51KGCSDF2gBHgbNATCEXFjYtVhWgztNUwtgJYD;6XD1vorwquLXjTSL5W4MJMGewZBeiEcPFmZw527TSwva;7mRDn1rAqjwFQXacodr1UmkNdvAGPbtNP9k5jvBZqt9J;8G7aM6Gco4fHjVpmVvUdVvhKMKaWXJEqkCKRvPdepump;AmWCcDf6tG7zB3VPeDVjeXL5N567fXAiHcTKw3xXpump;B3xU49SW3khA7m5Lgata2fmPxZeQRuaJbCruPsVDpump;BUPNYwndVGfzVb6RG6q2PX53VdAimw2Mi98QxqeWpump;CSLP8Vp7u9hrXQi7crPXqCp7BaJaG4JrNxqvR3jDpump;D4aEpQLW45YnWrBmztcpJHqabbPtFe9F9PTv8Umvpump;DQ2H7qcj262RAKfSxGYeL7cYJq54mVdXe4gYxUwxpump;G9r7nnHSgvb7LUfCE8kavRaKokEMMYBjVHGKvQ6dpump;hHc9579gpKUnvYvgcKyjdpe1UhmfVfGzGwMQCADpump;xeKm1qmxyHLJZLdwKpsZdx5UFtYyb124GTWRZWypump,2026-02-23T21:48:55Z,2026-02-23T21:48:55Z,MEDIUM,,True
Ez2jYoXp45DZxr7JVhiqbDNirgBT37MErjZGxA8jZkTf,direct,18,1,2A6sLqrw8WN6KkgnCsN4xJkyAowBZHr2H9xQ4u3Mpump;3GeNgcFpMwH9ts5b3W3jddtfwhwAURaykTy8YjtrGQWT;3vfxnHSCS139RZiw6MPZaEvhySnjbEi81GuF5EdNpump;4GRTznsfLTRqaB2uMAFmmgaWtvfVyBb4qCsTjskUpump;6wSQipxdE9Suf8tVNaCEbcqavUbLT7gL9tibpm3Jpump;7271ZR6GBzaGqdtP28ZqZ5BKRt2ziu4AnPnVCAL7pump;8qT3o4k4aUmyLrgd7hHYmVxin3kFhQ9QsXdSXTP6pump;8ypYfW5cjafrfAZij8TZj5SFHAbPNpiRio96LMzypDkn;ASftCNtzPNmK3nMDvpQNvpLauKS45Vkq7kwTPutqUBL1;AbpJywMWmkf1MFonRddPVogSwPPZHB9pG4x2nKb1YaPn;CSLP8Vp7u9hrXQi7crPXqCp7BaJaG4JrNxqvR3jDpump;EHUzmwAzmUix7TkwVr7b16U9ChJDr3RpjfXshR5swy5j;EoKqyKksc4ekiPVuBD9FiztYQHkV59x8KTcZ3ReLpump;H9GGsNc7vA4hN13N1oU4itq8x3mrdZBdw2XdK3Mipump;HJPjdsDmcvgCj4MV3NvqCWd78qDP8BMzGfrsk4Nbpump;omskHvyNvQSn3PFak3E8JHQJeSVJFsrc6izWT12pump;rMPLDvnn6KR773WNhZvtFNcgFwnRkc7UbPkUaiMpump;sMe5iUcgTe4VXmg4WaShF5kuk6GmcKF3y4HqKGZpump,2026-06-25T13:38:34Z,2026-06-25T13:38:34Z,HIGH,,True
HKVWNVvThgGpRTQiALg3VQ4F9dQGLUhdm3jJFhdZrx1j,direct,18,1,13V3CbY7Q7AXnf24FMsUaQrmLxnRU4Md9phDEWZvpump;28HydoWU7TZQxWiVQxGZyspE3qgWdCHToNDVgLoNpump;2Tiw1Tna3kAut868cjXuKoyrv8U8gi1YjTaXw7Czpump;4GRTznsfLTRqaB2uMAFmmgaWtvfVyBb4qCsTjskUpump;5EZ7yagvcsHcwH3e17khLwGzhFrCsx7CKS7ZN6J6i4Lh;5Sg1vv51KGCSDF2gBHgbNATCEXFjYtVhWgztNUwtgJYD;6XD1vorwquLXjTSL5W4MJMGewZBeiEcPFmZw527TSwva;7mRDn1rAqjwFQXacodr1UmkNdvAGPbtNP9k5jvBZqt9J;8G7aM6Gco4fHjVpmVvUdVvhKMKaWXJEqkCKRvPdepump;AmWCcDf6tG7zB3VPeDVjeXL5N567fXAiHcTKw3xXpump;B3xU49SW3khA7m5Lgata2fmPxZeQRuaJbCruPsVDpump;BUPNYwndVGfzVb6RG6q2PX53VdAimw2Mi98QxqeWpump;CSLP8Vp7u9hrXQi7crPXqCp7BaJaG4JrNxqvR3jDpump;D4aEpQLW45YnWrBmztcpJHqabbPtFe9F9PTv8Umvpump;DQ2H7qcj262RAKfSxGYeL7cYJq54mVdXe4gYxUwxpump;G9r7nnHSgvb7LUfCE8kavRaKokEMMYBjVHGKvQ6dpump;hHc9579gpKUnvYvgcKyjdpe1UhmfVfGzGwMQCADpump;xeKm1qmxyHLJZLdwKpsZdx5UFtYyb124GTWRZWypump,2026-03-01T16:50:04Z,2026-03-01T16:50:04Z,HIGH,,True
5g7yNHyGLJ7fiQ9SN9mf47opDnMjc585kqXWt6d7aBWs,direct,17,17,2A6sLqrw8WN6KkgnCsN4xJkyAowBZHr2H9xQ4u3Mpump;3GeNgcFpMwH9ts5b3W3jddtfwhwAURaykTy8YjtrGQWT;3coFBLantjJkMRmzaQ4znMQQzfqFYTyBeNhdXYAzpump;44s336LDz8bXp4rpxy1qwUfysZ4THjpReQWTKQg7pump;4n32UBFWKJNPQayeN25GrLJHswbja41XFMxebcg9pump;5DoZAeBkoci5t5zPhUiuhQFjuzYTfkSv5Seojsxppump;5o43e7gYZWFNEpdqkegHY6LXkhMXB1z6f7d6TAVGEMTM;5o9sE9FEVC12zWBd2zqPXAhoVyRiNjGfaYX6hS3Ppump;5pSEZw1iytqYznD7crsGyKNek7q5JkjBqj2KmfqxUVZd;69N7rm9nnp6sVoULtp5toD26F25rYum8593GupxkUYvH;7p4MwwkUaMv4gBThVkW46QjwVaosaUrccbFV1MbXpump;9PNfxvTARzdxvQas2uknW57bnfMCS1dxW1He7rPbuhuQ;CziyAr14UNUrfkxpioWSumkLXMwWnDWN2bu2WR5ao7kc;D4aEpQLW45YnWrBmztcpJHqabbPtFe9F9PTv8Umvpump;DJejJn1iJntJVTAixy4VRgqJFF3NMKPEMgVzbJFmpump;DkDwxjD5JFK7hd7qUNHqNaTeqDGcZ1ia3Y6E7EUiehEn;EoKqyKksc4ekiPVuBD9FiztYQHkV59x8KTcZ3ReLpump,2025-07-22T09:53:02Z,2026-09-25T16:32:02Z,HIGH,,True
9obNtb5GyUegcs3a1CbBkLuc5hEWynWfJC6gjz5uWQkE,direct,17,14,2iSB473Z7L2ndpWs3n22tb7H3KSGpswDTH3jP7qCCAZT;44s336LDz8bXp4rpxy1qwUfysZ4THjpReQWTKQg7pump;49aM4HrGABwG9F8iAn385zzcsS6mxHEFY8YN3H7y1Cd9;5o9sE9FEVC12zWBd2zqPXAhoVyRiNjGfaYX6hS3Ppump;6VMsrZvNaSzddT6vkY6dEDoFMeK5EoHD4KCAycfQpump;6sFMbTF2VTzutzKekenJujFZBqb4TiBZJKfyLMUbpump;6wSQipxdE9Suf8tVNaCEbcqavUbLT7gL9tibpm3Jpump;7p4MwwkUaMv4gBThVkW46QjwVaosaUrccbFV1MbXpump;7xXo3JYBqzh6D91XRppzFRLfw8wJHypeukGaNWwKgZ8m;8G7aM6Gco4fHjVpmVvUdVvhKMKaWXJEqkCKRvPdepump;9hAojtonqe4RUQarvUYZhFqC99VK1S3LCewYkSjnpump;9mqJNDG2squcqZt2zC7cWWNtVozUbQUnzVnP1jG6pump;ASftCNtzPNmK3nMDvpQNvpLauKS45Vkq7kwTPutqUBL1;B3xU49SW3khA7m5Lgata2fmPxZeQRuaJbCruPsVDpump;BUPNYwndVGfzVb6RG6q2PX53VdAimw2Mi98QxqeWpump;BZYpLHhui3qRNokWFg2JcX8CYtMqzWHR5R4xowjcbPqh;EoKqyKksc4ekiPVuBD9FiztYQHkV59x8KTcZ3ReLpump,2025-01-05T20:20:57Z,2026-09-09T03:30:16Z,HIGH,,True
8d9aV5LRyFV17xm3EBhaWbXv6vYMF8AerZCPPCN3EAGj,direct,17,6,2A6sLqrw8WN6KkgnCsN4xJkyAowBZHr2H9xQ4u3Mpump;2BucyGvsg9wwTwsaFsEUFgdphrCtp94pDRtHowJUpump;4prKtarobdhYDY4Hu3uGZMx7Je4HqPJeLVyxN6m4Ld3T;5pSEZw1iytqYznD7crsGyKNek7q5JkjBqj2KmfqxUVZd;67afrnTxo8DVc52Uev61Yo4Yr9BGQpRw1RpPMWcx42La;69N7rm9nnp6sVoULtp5toD26F25rYum8593GupxkUYvH;6gKx5EMvnymTVz2JgFhJAqpGxTYaBdVsaLb9YfPfvg4Y;7xXo3JYBqzh6D91XRppzFRLfw8wJHypeukGaNWwKgZ8m;9hAojtonqe4RUQarvUYZhFqC99VK1S3LCewYkSjnpump;BZYpLHhui3qRNokWFg2JcX8CYtMqzWHR5R4xowjcbPqh;BmU6YJP2YCAo8sc2dkeR8KjvF3rGFBHZL25ejysppump;CziyAr14UNUrfkxpioWSumkLXMwWnDWN2bu2WR5ao7kc;GfqKCwNeAdHHi97AmgCLP5qrwcSJRDdyZ1huiU6xUXTz;H8oe2SCksJcYzhPeS4TsbteusgZW5k7QaZ4boKyq8C7U;HJPjdsDmcvgCj4MV3NvqCWd78qDP8BMzGfrsk4Nbpump;JAqRn24FuQ5MFReXNgXb8uFej5vHJDxhVtebpQvHTQZy;UsrcsZMqw6p53Fohu16UCBjsbjqc73XmoRFZDcnCtMR,2026-08-09T21:41:46Z,2026-08-29T08:25:03Z,HIGH,,True
2AQdpHJ2JpcEgPiATUXjQxA8QmafFegfQwSLWSprPicm,direct,16,14,2A6sLqrw8WN6KkgnCsN4xJkyAowBZHr2H9xQ4u3Mpump;3GeNgcFpMwH9ts5b3W3jddtfwhwAURaykTy8YjtrGQWT;3f8CKfznVUGrFfhcq8ZBY9M1xyDeEQGrh6iH372h3ebN;44s336LDz8bXp4rpxy1qwUfysZ4THjpReQWTKQg7pump;4ZUjJ5EJbwfh7teotB29uHc1SC3SiqbrkwJoNgsxibbU;69N7rm9nnp6sVoULtp5toD26F25rYum8593GupxkUYvH;6sFMbTF2VTzutzKekenJujFZBqb4TiBZJKfyLMUbpump;7aLLQRBpGCaSLmmHGf34MGtbdtTumiB14d14TtDnpump;7p4MwwkUaMv4gBThVkW46QjwVaosaUrccbFV1MbXpump;7xXo3JYBqzh6D91XRppzFRLfw8wJHypeukGaNWwKgZ8m;8ypYfW5cjafrfAZij8TZj5SFHAbPNpiRio96LMzypDkn;AbpJywMWmkf1MFonRddPVogSwPPZHB9pG4x2nKb1YaPn;BE5ciZmcADAX78u2a1GrFiPMPC3rNXtdPGUrhzWB4k5d;BUPNYwndVGfzVb6RG6q2PX53VdAimw2Mi98QxqeWpump;DJejJn1iJntJVTAixy4VRgqJFF3NMKPEMgVzbJFmpump;DkDwxjD5JFK7hd7qUNHqNaTeqDGcZ1ia3Y6E7EUiehEn,2025-02-27T16:44:17Z,2026-09-14T15:01:27Z,HIGH,,True
3oUEaNt7uL7pjZ6gdiAiEVRp9ZCcGRec7B5aSvXcjbWS,upstream,16,4,13V3CbY7Q7AXnf24FMsUaQrmLxnRU4Md9phDEWZvpump;2A6sLqrw8WN6KkgnCsN4xJkyAowBZHr2H9xQ4u3Mpump;47r9YPDeTVpwHjAakoVgnzNTJRChXC8f4KSUqMbEsBbM;4GRTznsfLTRqaB2uMAFmmgaWtvfVyBb4qCsTjskUpump;5o9sE9FEVC12zWBd2zqPXAhoVyRiNjGfaYX6hS3Ppump;7aLLQRBpGCaSLmmHGf34MGtbdtTumiB14d14TtDnpump;7dACCWZXF4Lr9ftxFpi7TJk7a3hcPpUwGPAcTuXDpump;BUPNYwndVGfzVb6RG6q2PX53VdAimw2Mi98QxqeWpump;BZYpLHhui3qRNokWFg2JcX8CYtMqzWHR5R4xowjcbPqh;DJejJn1iJntJVTAixy4VRgqJFF3NMKPEMgVzbJFmpump;DQ2H7qcj262RAKfSxGYeL7cYJq54mVdXe4gYxUwxpump;DTm66ivA96mhuQnqTy1cv7uELS4MHdYtpbRGJdW9t7Fn;EoKqyKksc4ekiPVuBD9FiztYQHkV59x8KTcZ3ReLpump;G9r7nnHSgvb7LUfCE8kavRaKokEMMYBjVHGKvQ6dpump;omskHvyNvQSn3PFak3E8JHQJeSVJFsrc6izWT12pump;rMPLDvnn6KR773WNhZvtFNcgFwnRkc7UbPkUaiMpump,2026-06-28T21:59:15Z,2026-06-28T21:59:15Z,MEDIUM,,True
4BANhFgDVFh9WL8MDb3jbYS1D7oW9LaoWaPAMpV65kbU,direct,16,4,13V3CbY7Q7AXnf24FMsUaQrmLxnRU4Md9phDEWZvpump;2A6sLqrw8WN6KkgnCsN4xJkyAowBZHr2H9xQ4u3Mpump;47r9YPDeTVpwHjAakoVgnzNTJRChXC8f4KSUqMbEsBbM;4GRTznsfLTRqaB2uMAFmmgaWtvfVyBb4qCsTjskUpump;5o9sE9FEVC12zWBd2zqPXAhoVyRiNjGfaYX6hS3Ppump;7aLLQRBpGCaSLmmHGf34MGtbdtTumiB14d14TtDnpump;7dACCWZXF4Lr9ftxFpi7TJk7a3hcPpUwGPAcTuXDpump;BUPNYwndVGfzVb6RG6q2PX53VdAimw2Mi98QxqeWpump;BZYpLHhui3qRNokWFg2JcX8CYtMqzWHR5R4xowjcbPqh;DJejJn1iJntJVTAixy4VRgqJFF3NMKPEMgVzbJFmpump;DQ2H7qcj262RAKfSxGYeL7cYJq54mVdXe4gYxUwxpump;DTm66ivA96mhuQnqTy1cv7uELS4MHdYtpbRGJdW9t7Fn;EoKqyKksc4ekiPVuBD9FiztYQHkV59x8KTcZ3ReLpump;G9r7nnHSgvb7LUfCE8kavRaKokEMMYBjVHGKvQ6dpump;omskHvyNvQSn3PFak3E8JHQJeSVJFsrc6izWT12pump;rMPLDvnn6KR773WNhZvtFNcgFwnRkc7UbPkUaiMpump,2026-06-30T06:50:57Z,2026-07-03T11:10:07Z,HIGH,,True
6ED9YuJXMRjUCEYWQGbbsy8fXW9ae9WtpDHYGEoKstjV,direct,16,2,13V3CbY7Q7AXnf24FMsUaQrmLxnRU4Md9phDEWZvpump;2iSB473Z7L2ndpWs3n22tb7H3KSGpswDTH3jP7qCCAZT;49aM4HrGABwG9F8iAn385zzcsS6mxHEFY8YN3H7y1Cd9;4sjtHGeAKP6DoMUdvFqQuiYKhhPpwa9XCxUyuFD2pump;5o9sE9FEVC12zWBd2zqPXAhoVyRiNjGfaYX6hS3Ppump;6XD1vorwquLXjTSL5W4MJMGewZBeiEcPFmZw527TSwva;7271ZR6GBzaGqdtP28ZqZ5BKRt2ziu4AnPnVCAL7pump;7HiD5rzoZxAYXEJ8Z4t3WgM8VE1iSKWJdxPPyEdDNzwN;7dACCWZXF4Lr9ftxFpi7TJk7a3hcPpUwGPAcTuXDpump;AgB5SxiP1DFZbW9uDAH7s8Mhv1HF21nJv67tnAAYpump;AmWCcDf6tG7zB3VPeDVjeXL5N567fXAiHcTKw3xXpump;BUPNYwndVGfzVb6RG6q2PX53VdAimw2Mi98QxqeWpump;DJejJn1iJntJVTAixy4VRgqJFF3NMKPEMgVzbJFmpump;omskHvyNvQSn3PFak3E8JHQJeSVJFsrc6izWT12pump;rMPLDvnn6KR773WNhZvtFNcgFwnRkc7UbPkUaiMpump;xeKm1qmxyHLJZLdwKpsZdx5UFtYyb124GTWRZWypump,2026-04-17T18:37:59Z,2026-04-28T09:26:22Z,HIGH,,True
AvmoaxAG6Uwh1f9HjrxdNzc78ach9SkZp9nLpeoChQBa,direct,16,1,2BucyGvsg9wwTwsaFsEUFgdphrCtp94pDRtHowJUpump;3coFBLantjJkMRmzaQ4znMQQzfqFYTyBeNhdXYAzpump;3vfxnHSCS139RZiw6MPZaEvhySnjbEi81GuF5EdNpump;5nnWe5SCBaNMC3oNiR7utth6kx3mH1dhmCarjDb91shW;5o9sE9FEVC12zWBd2zqPXAhoVyRiNjGfaYX6hS3Ppump;7271ZR6GBzaGqdtP28ZqZ5BKRt2ziu4AnPnVCAL7pump;7aLLQRBpGCaSLmmHGf34MGtbdtTumiB14d14TtDnpump;9CzNGAEutxKHJ5CwYC5Lk8X8YzgYrQnvKChP2BFEpump;9mqJNDG2squcqZt2zC7cWWNtVozUbQUnzVnP1jG6pump;AbpJywMWmkf1MFonRddPVogSwPPZHB9pG4x2nKb1YaPn;AmWCcDf6tG7zB3VPeDVjeXL5N567fXAiHcTKw3xXpump;B3xU49SW3khA7m5Lgata2fmPxZeQRuaJbCruPsVDpump;DTm66ivA96mhuQnqTy1cv7uELS4MHdYtpbRGJdW9t7Fn;EkTkjVEfhvgkoCwheMTnr8mhEmJ6Q7ZR8q7ZMCcnpump;FuF2M5T79HJdpJUbp46qwWssLXQ1Xjf1yiNSfyo5UEGC;hHc9579gpKUnvYvgcKyjdpe1UhmfVfGzGwMQCADpump,2026-08-30T22:38:47Z,2026-08-30T22:38:47Z,HIGH,,True
5S2iHMLcM2vNT71QUk4QtapvXwaJ5i74ZeKVhUJyziiN,upstream,15,23,2iSB473Z7L2ndpWs3n22tb7H3KSGpswDTH3jP7qCCAZT;44s336LDz8bXp4rpxy1qwUfysZ4THjpReQWTKQg7pump;5o9sE9FEVC12zWBd2zqPXAhoVyRiNjGfaYX6hS3Ppump;6gKx5EMvnymTVz2JgFhJAqpGxTYaBdVsaLb9YfPfvg4Y;7aLLQRBpGCaSLmmHGf34MGtbdtTumiB14d14TtDnpump;7dACCWZXF4Lr9ftxFpi7TJk7a3hcPpUwGPAcTuXDpump;7mRDn1rAqjwFQXacodr1UmkNdvAGPbtNP9k5jvBZqt9J;9hAojtonqe4RUQarvUYZhFqC99VK1S3LCewYkSjnpump;ASftCNtzPNmK3nMDvpQNvpLauKS45Vkq7kwTPutqUBL1;AmWCcDf6tG7zB3VPeDVjeXL5N567fXAiHcTKw3xXpump;BUPNYwndVGfzVb6RG6q2PX53VdAimw2Mi98QxqeWpump;DTm66ivA96mhuQnqTy1cv7uELS4MHdYtpbRGJdW9t7Fn;F59cEB3A7RAKHGtkvR577swnPSP6EsdaBoL5AcVZpump;H8oe2SCksJcYzhPeS4TsbteusgZW5k7QaZ4boKyq8C7U;rMPLDvnn6KR773WNhZvtFNcgFwnRkc7UbPkUaiMpump,2026-07-16T22:41:51Z,2026-07-16T22:41:51Z,MEDIUM,,True
791eGAi3H3KjFPq9Fg9nwLk46UxYACcPGLJKtAzvx87Y,direct,15,23,2iSB473Z7L2ndpWs3n22tb7H3KSGpswDTH3jP7qCCAZT;44s336LDz8bXp4rpxy1qwUfysZ4THjpReQWTKQg7pump;5o9sE9FEVC12zWBd2zqPXAhoVyRiNjGfaYX6hS3Ppump;6gKx5EMvnymTVz2JgFhJAqpGxTYaBdVsaLb9YfPfvg4Y;7aLLQRBpGCaSLmmHGf34MGtbdtTumiB14d14TtDnpump;7dACCWZXF4Lr9ftxFpi7TJk7a3hcPpUwGPAcTuXDpump;7mRDn1rAqjwFQXacodr1UmkNdvAGPbtNP9k5jvBZqt9J;9hAojtonqe4RUQarvUYZhFqC99VK1S3LCewYkSjnpump;ASftCNtzPNmK3nMDvpQNvpLauKS45Vkq7kwTPutqUBL1;AmWCcDf6tG7zB3VPeDVjeXL5N567fXAiHcTKw3xXpump;BUPNYwndVGfzVb6RG6q2PX53VdAimw2Mi98QxqeWpump;DTm66ivA96mhuQnqTy1cv7uELS4MHdYtpbRGJdW9t7Fn;F59cEB3A7RAKHGtkvR577swnPSP6EsdaBoL5AcVZpump;H8oe2SCksJcYzhPeS4TsbteusgZW5k7QaZ4boKyq8C7U;rMPLDvnn6KR773WNhZvtFNcgFwnRkc7UbPkUaiMpump,2026-09-02T00:21:57Z,2026-10-06T00:04:07Z,HIGH,,True
B48kNVXs4YK4amkBCH2XokQiv1SeiVQGHDR17xDeKAAn,direct,15,18,21XJbyQWEhmeoxKRHdGrEjetSfHopvtp68LWzdvT471M;2BucyGvsg9wwTwsaFsEUFgdphrCtp94pDRtHowJUpump;47r9YPDeTVpwHjAakoVgnzNTJRChXC8f4KSUqMbEsBbM;55bKo8bj1YVEgsbwkkd4Nwu7JhaZF9trUgbvpZ3YeVCA;5L6As5obMTXxKwjmGBy1LTRwW2Hm1PjSK18JhETrpump;BmU6YJP2YCAo8sc2dkeR8KjvF3rGFBHZL25ejysppump;CHygERrxnc5QByNCwxUNSMhP7tKJA7rh6hNBdJ2spump;CziyAr14UNUrfkxpioWSumkLXMwWnDWN2bu2WR5ao7kc;D4aEpQLW45YnWrBmztcpJHqabbPtFe9F9PTv8Umvpump;DQ2H7qcj262RAKfSxGYeL7cYJq54mVdXe4gYxUwxpump;DTm66ivA96mhuQnqTy1cv7uELS4MHdYtpbRGJdW9t7Fn;DkDwxjD5JFK7hd7qUNHqNaTeqDGcZ1ia3Y6E7EUiehEn;F41TwidZvJJcsx9c2BMwS6eH9W6HcUT4LzPmGvK9WU6N;G9r7nnHSgvb7LUfCE8kavRaKokEMMYBjVHGKvQ6dpump;HJPjdsDmcvgCj4MV3NvqCWd78qDP8BMzGfrsk4Nbpump,2026-04-22T18:51:22Z,2026-09-16T13:09:10Z,HIGH,,True
AgmLJBMDCqWynYnQiPCuj9ewsNNsBJXyzoUhD9LJzN51,upstream,15,14,47r9YPDeTVpwHjAakoVgnzNTJRChXC8f4KSUqMbEsBbM;49aM4HrGABwG9F8iAn385zzcsS6mxHEFY8YN3H7y1Cd9;4prKtarobdhYDY4Hu3uGZMx7Je4HqPJeLVyxN6m4Ld3T;7dACCWZXF4Lr9ftxFpi7TJk7a3hcPpUwGPAcTuXDpump;7xXo3JYBqzh6D91XRppzFRLfw8wJHypeukGaNWwKgZ8m;8G7aM6Gco4fHjVpmVvUdVvhKMKaWXJEqkCKRvPdepump;9CzNGAEutxKHJ5CwYC5Lk8X8YzgYrQnvKChP2BFEpump;BZYpLHhui3qRNokWFg2JcX8CYtMqzWHR5R4xowjcbPqh;DTm66ivA96mhuQnqTy1cv7uELS4MHdYtpbRGJdW9t7Fn;F41TwidZvJJcsx9c2BMwS6eH9W6HcUT4LzPmGvK9WU6N;GKTxLXsmkjLDo89XmPa5htwK7sAzdqZ3jmfV6gaTvK67;GfqKCwNeAdHHi97AmgCLP5qrwcSJRDdyZ1huiU6xUXTz;H9GGsNc7vA4hN13N1oU4itq8x3mrdZBdw2XdK3Mipump;HJPjdsDmcvgCj4MV3NvqCWd78qDP8BMzGfrsk4Nbpump;JAqRn24FuQ5MFReXNgXb8uFej5vHJDxhVtebpQvHTQZy,2025-11-13T02:33:42Z,2026-09-21T20:07:25Z,MEDIUM,,True
H8sMJSCQxfKiFTCfDR3DUMLPwcRbM61LGFJ8N4dK3WjS,direct,15,14,13V3CbY7Q7AXnf24FMsUaQrmLxnRU4Md9phDEWZvpump;4kkrecvSVnnkK3RZcJ85tNFiZu9pWg584yHjNCqEpump;57ANN8dAbPX8x1BEFFwzBttkzwpKZBEiJkdiWSzVNQvS;5o43e7gYZWFNEpdqkegHY6LXkhMXB1z6f7d6TAVGEMTM;6VMsrZvNaSzddT6vkY6dEDoFMeK5EoHD4KCAycfQpump;6wSQipxdE9Suf8tVNaCEbcqavUbLT7gL9tibpm3Jpump;7Q9VxTczrzgvjXWbJJZibR7hbYAohngsNsuEhdEcpump;7xXo3JYBqzh6D91XRppzFRLfw8wJHypeukGaNWwKgZ8m;8G7aM6Gco4fHjVpmVvUdVvhKMKaWXJEqkCKRvPdepump;8qT3o4k4aUmyLrgd7hHYmVxin3kFhQ9QsXdSXTP6pump;EkTkjVEfhvgkoCwheMTnr8mhEmJ6Q7ZR8q7ZMCcnpump;F59cEB3A7RAKHGtkvR577swnPSP6EsdaBoL5AcVZpump;FuF2M5T79HJdpJUbp46qwWssLXQ1Xjf1yiNSfyo5UEGC;GL7M1C4QeLoURyexYgdhuP8SvaPh5LHQLRqKha3epump;JAqRn24FuQ5MFReXNgXb8uFej5vHJDxhVtebpQvHTQZy,2024-12-21T16:13:10Z,2026-09-07T01:30:37Z,HIGH,,True
A4fUQMPdeXDVuAxJf5tdouEoWF52atfZc3tV1Y9acKPr,upstream,15,12,13V3CbY7Q7AXnf24FMsUaQrmLxnRU4Md9phDEWZvpump;4ZUjJ5EJbwfh7teotB29uHc1SC3SiqbrkwJoNgsxibbU;7xXo3JYBqzh6D91XRppzFRLfw8wJHypeukGaNWwKgZ8m;8ypYfW5cjafrfAZij8TZj5SFHAbPNpiRio96LMzypDkn;9ek8utEujXFmiM9wXcWKPF18y57PmeG8rsiBZGzzpump;9mqJNDG2squcqZt2zC7cWWNtVozUbQUnzVnP1jG6pump;BmU6YJP2YCAo8sc2dkeR8KjvF3rGFBHZL25ejysppump;EHUzmwAzmUix7TkwVr7b16U9ChJDr3RpjfXshR5swy5j;Er5RuNhTEwJH5dHv9c3YGATjgkLCETH4dKazntyWEtXY;F41TwidZvJJcsx9c2BMwS6eH9W6HcUT4LzPmGvK9WU6N;FuF2M5T79HJdpJUbp46qwWssLXQ1Xjf1yiNSfyo5UEGC;GKTxLXsmkjLDo89XmPa5htwK7sAzdqZ3jmfV6gaTvK67;H8oe2SCksJcYzhPeS4TsbteusgZW5k7QaZ4boKyq8C7U;H9GGsNc7vA4hN13N1oU4itq8x3mrdZBdw2XdK3Mipump;HJPjdsDmcvgCj4MV3NvqCWd78qDP8BMzGfrsk4Nbpump,2025-01-19T20:10:26Z,2025-01-19T20:10:26Z,MEDIUM,,True
5ndLnEYqSFiA5yUFHo6LVZ1eWc6Rhh11K5CfJNkoHEPs,upstream,15,8,21XJbyQWEhmeoxKRHdGrEjetSfHopvtp68LWzdvT471M;4GRTznsfLTRqaB2uMAFmmgaWtvfVyBb4qCsTjskUpump;5EZ7yagvcsHcwH3e17khLwGzhFrCsx7CKS7ZN6J6i4Lh;5Sg1vv51KGCSDF2gBHgbNATCEXFjYtVhWgztNUwtgJYD;5o9sE9FEVC12zWBd2zqPXAhoVyRiNjGfaYX6hS3Ppump;5pSEZw1iytqYznD7crsGyKNek7q5JkjBqj2KmfqxUVZd;67afrnTxo8DVc52Uev61Yo4Yr9BGQpRw1RpPMWcx42La;69N7rm9nnp6sVoULtp5toD26F25rYum8593GupxkUYvH;6XD1vorwquLXjTSL5W4MJMGewZBeiEcPFmZw527TSwva;7HiD5rzoZxAYXEJ8Z4t3WgM8VE1iSKWJdxPPyEdDNzwN;7dACCWZXF4Lr9ftxFpi7TJk7a3hcPpUwGPAcTuXDpump;Ajz86fyiygsv8kZkUyDxogxkz5VfKRs4HTEABVTfpump;BZYpLHhui3qRNokWFg2JcX8CYtMqzWHR5R4xowjcbPqh;EHUzmwAzmUix7TkwVr7b16U9ChJDr3RpjfXshR5swy5j;GKTxLXsmkjLDo89XmPa5htwK7sAzdqZ3jmfV6gaTvK67,2023-01-06T16:20:57Z,2026-08-26T17:38:32Z,MEDIUM,,True
46Zk9VL676HwJTMWrhFTxLdFeP1oL4vsCwRnK9g2HMbj,upstream,15,6,3vfxnHSCS139RZiw6MPZaEvhySnjbEi81GuF5EdNpump;49aM4HrGABwG9F8iAn385zzcsS6mxHEFY8YN3H7y1Cd9;5EZ7yagvcsHcwH3e17khLwGzhFrCsx7CKS7ZN6J6i4Lh;5Sg1vv51KGCSDF2gBHgbNATCEXFjYtVhWgztNUwtgJYD;5nnWe5SCBaNMC3oNiR7utth6kx3mH1dhmCarjDb91shW;5pSEZw1iytqYznD7crsGyKNek7q5JkjBqj2KmfqxUVZd;6XD1vorwquLXjTSL5W4MJMGewZBeiEcPFmZw527TSwva;6akNLpNd11oq4q5zxhXGwr5jwUi6Ke4CvKmF6QeUwJCQ;6gKx5EMvnymTVz2JgFhJAqpGxTYaBdVsaLb9YfPfvg4Y;7dACCWZXF4Lr9ftxFpi7TJk7a3hcPpUwGPAcTuXDpump;8ypYfW5cjafrfAZij8TZj5SFHAbPNpiRio96LMzypDkn;AgB5SxiP1DFZbW9uDAH7s8Mhv1HF21nJv67tnAAYpump;EHUzmwAzmUix7TkwVr7b16U9ChJDr3RpjfXshR5swy5j;G9r7nnHSgvb7LUfCE8kavRaKokEMMYBjVHGKvQ6dpump;omskHvyNvQSn3PFak3E8JHQJeSVJFsrc6izWT12pump,2026-08-26T15:38:26Z,2026-08-27T10:39:58Z,MEDIUM,,True
2ccgxuZv5NEngCwWqj6zjwxHWVc8RDwXgMUfUnmpTYHQ,direct,15,3,2BucyGvsg9wwTwsaFsEUFgdphrCtp94pDRtHowJUpump;3coFBLantjJkMRmzaQ4znMQQzfqFYTyBeNhdXYAzpump;4sjtHGeAKP6DoMUdvFqQuiYKhhPpwa9XCxUyuFD2pump;7aLLQRBpGCaSLmmHGf34MGtbdtTumiB14d14TtDnpump;9mqJNDG2squcqZt2zC7cWWNtVozUbQUnzVnP1jG6pump;AgB5SxiP1DFZbW9uDAH7s8Mhv1HF21nJv67tnAAYpump;AmWCcDf6tG7zB3VPeDVjeXL5N567fXAiHcTKw3xXpump;B3xU49SW3khA7m5Lgata2fmPxZeQRuaJbCruPsVDpump;BUPNYwndVGfzVb6RG6q2PX53VdAimw2Mi98QxqeWpump;DQ2H7qcj262RAKfSxGYeL7cYJq54mVdXe4gYxUwxpump;EHUzmwAzmUix7TkwVr7b16U9ChJDr3RpjfXshR5swy5j;EoKqyKksc4ekiPVuBD9FiztYQHkV59x8KTcZ3ReLpump;G9r7nnHSgvb7LUfCE8kavRaKokEMMYBjVHGKvQ6dpump;omskHvyNvQSn3PFak3E8JHQJeSVJFsrc6izWT12pump;xeKm1qmxyHLJZLdwKpsZdx5UFtYyb124GTWRZWypump,2026-05-17T15:40:27Z,2026-06-15T21:08:26Z,HIGH,,True
6FBtm9MASG6fRudBP2w53ffdARzCVHvdD9SCrPu2VSF1,upstream,15,3,2BucyGvsg9wwTwsaFsEUFgdphrCtp94pDRtHowJUpump;3coFBLantjJkMRmzaQ4znMQQzfqFYTyBeNhdXYAzpump;4sjtHGeAKP6DoMUdvFqQuiYKhhPpwa9XCxUyuFD2pump;7aLLQRBpGCaSLmmHGf34MGtbdtTumiB14d14TtDnpump;9mqJNDG2squcqZt2zC7cWWNtVozUbQUnzVnP1jG6pump;AgB5SxiP1DFZbW9uDAH7s8Mhv1HF21nJv67tnAAYpump;AmWCcDf6tG7zB3VPeDVjeXL5N567fXAiHcTKw3xXpump;B3xU49SW3khA7m5Lgata2fmPxZeQRuaJbCruPsVDpump;BUPNYwndVGfzVb6RG6q2PX53VdAimw2Mi98QxqeWpump;DQ2H7qcj262RAKfSxGYeL7cYJq54mVdXe4gYxUwxpump;EHUzmwAzmUix7TkwVr7b16U9ChJDr3RpjfXshR5swy5j;EoKqyKksc4ekiPVuBD9FiztYQHkV59x8KTcZ3ReLpump;G9r7nnHSgvb7LUfCE8kavRaKokEMMYBjVHGKvQ6dpump;omskHvyNvQSn3PFak3E8JHQJeSVJFsrc6izWT12pump;xeKm1qmxyHLJZLdwKpsZdx5UFtYyb124GTWRZWypump,2026-05-04T11:41:04Z,2026-05-04T11:41:04Z,MEDIUM,,True
599zpgHycc7uyWBgnhhsRSVXAfGDPWaameLkwUnTGd1k,direct,15,2,25GrKYrc3y4LZmmuhppYgFRCKb7JyZ6grum4WhLYvA1z;28HydoWU7TZQxWiVQxGZyspE3qgWdCHToNDVgLoNpump;3f8CKfznVUGrFfhcq8ZBY9M1xyDeEQGrh6iH372h3ebN;49aM4HrGABwG9F8iAn385zzcsS6mxHEFY8YN3H7y1Cd9;4GRTznsfLTRqaB2uMAFmmgaWtvfVyBb4qCsTjskUpump;4ZUjJ5EJbwfh7teotB29uHc1SC3SiqbrkwJoNgsxibbU;5nnWe5SCBaNMC3oNiR7utth6kx3mH1dhmCarjDb91shW;5o9sE9FEVC12zWBd2zqPXAhoVyRiNjGfaYX6hS3Ppump;6wSQipxdE9Suf8tVNaCEbcqavUbLT7gL9tibpm3Jpump;7dACCWZXF4Lr9ftxFpi7TJk7a3hcPpUwGPAcTuXDpump;F59cEB3A7RAKHGtkvR577swnPSP6EsdaBoL5AcVZpump;H9GGsNc7vA4hN13N1oU4itq8x3mrdZBdw2XdK3Mipump;rMPLDvnn6KR773WNhZvtFNcgFwnRkc7UbPkUaiMpump;sMe5iUcgTe4VXmg4WaShF5kuk6GmcKF3y4HqKGZpump;xeKm1qmxyHLJZLdwKpsZdx5UFtYyb124GTWRZWypump,2026-03-10T19:20:04Z,2026-05-11T03:14:16Z,HIGH,,True
CEHdauzuhhNxrh5WDdA9qnjwSQLAoTcy3bpMaRPGcMNR,upstream,15,2,28HydoWU7TZQxWiVQxGZyspE3qgWdCHToNDVgLoNpump;2BucyGvsg9wwTwsaFsEUFgdphrCtp94pDRtHowJUpump;3coFBLantjJkMRmzaQ4znMQQzfqFYTyBeNhdXYAzpump;4GRTznsfLTRqaB2uMAFmmgaWtvfVyBb4qCsTjskUpump;5o9sE9FEVC12zWBd2zqPXAhoVyRiNjGfaYX6hS3Ppump;5pSEZw1iytqYznD7crsGyKNek7q5JkjBqj2KmfqxUVZd;7aLLQRBpGCaSLmmHGf34MGtbdtTumiB14d14TtDnpump;AmWCcDf6tG7zB3VPeDVjeXL5N567fXAiHcTKw3xXpump;BUPNYwndVGfzVb6RG6q2PX53VdAimw2Mi98QxqeWpump;DQ2H7qcj262RAKfSxGYeL7cYJq54mVdXe4gYxUwxpump;DTm66ivA96mhuQnqTy1cv7uELS4MHdYtpbRGJdW9t7Fn;H9GGsNc7vA4hN13N1oU4itq8x3mrdZBdw2XdK3Mipump;HJPjdsDmcvgCj4MV3NvqCWd78qDP8BMzGfrsk4Nbpump;hHc9579gpKUnvYvgcKyjdpe1UhmfVfGzGwMQCADpump;omskHvyNvQSn3PFak3E8JHQJeSVJFsrc6izWT12pump,2025-10-29T22:36:50Z,2026-06-09T11:48:17Z,MEDIUM,,True
CuCApcakpKR5c2a2JnqYqmiKBNeiDhx2R6QccX4DeMfy,upstream,15,2,2BucyGvsg9wwTwsaFsEUFgdphrCtp94pDRtHowJUpump;2iSB473Z7L2ndpWs3n22tb7H3KSGpswDTH3jP7qCCAZT;5EZ7yagvcsHcwH3e17khLwGzhFrCsx7CKS7ZN6J6i4Lh;67afrnTxo8DVc52Uev61Yo4Yr9BGQpRw1RpPMWcx42La;7mRDn1rAqjwFQXacodr1UmkNdvAGPbtNP9k5jvBZqt9J;9mqJNDG2squcqZt2zC7cWWNtVozUbQUnzVnP1jG6pump;ASftCNtzPNmK3nMDvpQNvpLauKS45Vkq7kwTPutqUBL1;AbpJywMWmkf1MFonRddPVogSwPPZHB9pG4x2nKb1YaPn;AgB5SxiP1DFZbW9uDAH7s8Mhv1HF21nJv67tnAAYpump;CSLP8Vp7u9hrXQi7crPXqCp7BaJaG4JrNxqvR3jDpump;Er5RuNhTEwJH5dHv9c3YGATjgkLCETH4dKazntyWEtXY;F59cEB3A7RAKHGtkvR577swnPSP6EsdaBoL5AcVZpump;H9GGsNc7vA4hN13N1oU4itq8x3mrdZBdw2XdK3Mipump;rMPLDvnn6KR773WNhZvtFNcgFwnRkc7UbPkUaiMpump;sMe5iUcgTe4VXmg4WaShF5kuk6GmcKF3y4HqKGZpump,2026-05-21T03:33:29Z,2026-05-21T03:33:29Z,MEDIUM,,True
GAATeBugAfzHyC82CFoKYYkXbUN6ZeteL177En4aCQf8,upstream,15,2,25GrKYrc3y4LZmmuhppYgFRCKb7JyZ6grum4WhLYvA1z;28HydoWU7TZQxWiVQxGZyspE3qgWdCHToNDVgLoNpump;3f8CKfznVUGrFfhcq8ZBY9M1xyDeEQGrh6iH372h3ebN;49aM4HrGABwG9F8iAn385zzcsS6mxHEFY8YN3H7y1Cd9;4GRTznsfLTRqaB2uMAFmmgaWtvfVyBb4qCsTjskUpump;4ZUjJ5EJbwfh7teotB29uHc1SC3SiqbrkwJoNgsxibbU;5nnWe5SCBaNMC3oNiR7utth6kx3mH1dhmCarjDb91shW;5o9sE9FEVC12zWBd2zqPXAhoVyRiNjGfaYX6hS3Ppump;6wSQipxdE9Suf8tVNaCEbcqavUbLT7gL9tibpm3Jpump;7dACCWZXF4Lr9ftxFpi7TJk7a3hcPpUwGPAcTuXDpump;F59cEB3A7RAKHGtkvR577swnPSP6EsdaBoL5AcVZpump;H9GGsNc7vA4hN13N1oU4itq8x3mrdZBdw2XdK3Mipump;rMPLDvnn6KR773WNhZvtFNcgFwnRkc7UbPkUaiMpump;sMe5iUcgTe4VXmg4WaShF5kuk6GmcKF3y4HqKGZpump;xeKm1qmxyHLJZLdwKpsZdx5UFtYyb124GTWRZWypump,2024-10-21T11:25:14Z,2024-10-21T11:25:14Z,MEDIUM,,True
GnWFhrfgciKVoqgAqarwWEQ79NuD2LnRd9EEYaB1kUoc,direct,15,2,25GrKYrc3y4LZmmuhppYgFRCKb7JyZ6grum4WhLYvA1z;3f8CKfznVUGrFfhcq8ZBY9M1xyDeEQGrh6iH372h3ebN;49aM4HrGABwG9F8iAn385zzcsS6mxHEFY8YN3H7y1Cd9;4ZUjJ5EJbwfh7teotB29uHc1SC3SiqbrkwJoNgsxibbU;4kkrecvSVnnkK3RZcJ85tNFiZu9pWg584yHjNCqEpump;4sjtHGeAKP6DoMUdvFqQuiYKhhPpwa9XCxUyuFD2pump;5nnWe5SCBaNMC3oNiR7utth6kx3mH1dhmCarjDb91shW;5o9sE9FEVC12zWBd2zqPXAhoVyRiNjGfaYX6hS3Ppump;7Q9VxTczrzgvjXWbJJZibR7hbYAohngsNsuEhdEcpump;DTm66ivA96mhuQnqTy1cv7uELS4MHdYtpbRGJdW9t7Fn;F59cEB3A7RAKHGtkvR577swnPSP6EsdaBoL5AcVZpump;H9GGsNc7vA4hN13N1oU4itq8x3mrdZBdw2XdK3Mipump;UsrcsZMqw6p53Fohu16UCBjsbjqc73XmoRFZDcnCtMR;sMe5iUcgTe4VXmg4WaShF5kuk6GmcKF3y4HqKGZpump;xeKm1qmxyHLJZLdwKpsZdx5UFtYyb124GTWRZWypump,2026-01-05T15:52:47Z,2026-03-13T23:57:16Z,HIGH,,True
HcMDKpLr5tDVDzaZRaBV4sdSUN254Jx2Ww8aWBX85QEb,upstream,15,2,25GrKYrc3y4LZmmuhppYgFRCKb7JyZ6grum4WhLYvA1z;28HydoWU7TZQxWiVQxGZyspE3qgWdCHToNDVgLoNpump;3f8CKfznVUGrFfhcq8ZBY9M1xyDeEQGrh6iH372h3ebN;49aM4HrGABwG9F8iAn385zzcsS6mxHEFY8YN3H7y1Cd9;4GRTznsfLTRqaB2uMAFmmgaWtvfVyBb4qCsTjskUpump;4ZUjJ5EJbwfh7teotB29uHc1SC3SiqbrkwJoNgsxibbU;5nnWe5SCBaNMC3oNiR7utth6kx3mH1dhmCarjDb91shW;5o9sE9FEVC12zWBd2zqPXAhoVyRiNjGfaYX6hS3Ppump;6wSQipxdE9Suf8tVNaCEbcqavUbLT7gL9tibpm3Jpump;7dACCWZXF4Lr9ftxFpi7TJk7a3hcPpUwGPAcTuXDpump;F59cEB3A7RAKHGtkvR577swnPSP6EsdaBoL5AcVZpump;H9GGsNc7vA4hN13N1oU4itq8x3mrdZBdw2XdK3Mipump;rMPLDvnn6KR773WNhZvtFNcgFwnRkc7UbPkUaiMpump;sMe5iUcgTe4VXmg4WaShF5kuk6GmcKF3y4HqKGZpump;xeKm1qmxyHLJZLdwKpsZdx5UFtYyb124GTWRZWypump,2024-10-21T07:22:06Z,2024-10-21T07:22:06Z,MEDIUM,,True
6ED9YuJXMRjUCEYWQGbbsy8fXW9ae9WtpDHYGEoKstjV,upstream,15,1,13V3CbY7Q7AXnf24FMsUaQrmLxnRU4Md9phDEWZvpump;2iSB473Z7L2ndpWs3n22tb7H3KSGpswDTH3jP7qCCAZT;4GRTznsfLTRqaB2uMAFmmgaWtvfVyBb4qCsTjskUpump;4sjtHGeAKP6DoMUdvFqQuiYKhhPpwa9XCxUyuFD2pump;5EZ7yagvcsHcwH3e17khLwGzhFrCsx7CKS7ZN6J6i4Lh;5Sg1vv51KGCSDF2gBHgbNATCEXFjYtVhWgztNUwtgJYD;5o9sE9FEVC12zWBd2zqPXAhoVyRiNjGfaYX6hS3Ppump;7dACCWZXF4Lr9ftxFpi7TJk7a3hcPpUwGPAcTuXDpump;CziyAr14UNUrfkxpioWSumkLXMwWnDWN2bu2WR5ao7kc;DQ2H7qcj262RAKfSxGYeL7cYJq54mVdXe4gYxUwxpump;EHUzmwAzmUix7TkwVr7b16U9ChJDr3RpjfXshR5swy5j;H8oe2SCksJcYzhPeS4TsbteusgZW5k7QaZ4boKyq8C7U;omskHvyNvQSn3PFak3E8JHQJeSVJFsrc6izWT12pump;sMe5iUcgTe4VXmg4WaShF5kuk6GmcKF3y4HqKGZpump;xeKm1qmxyHLJZLdwKpsZdx5UFtYyb124GTWRZWypump,2026-04-17T18:37:59Z,2026-04-17T18:37:59Z,MEDIUM,,True
8nNrb4fxH7DDfSe5MMV3TibWF6ZgWA6jqTAVydePXJyz,direct,15,1,13V3CbY7Q7AXnf24FMsUaQrmLxnRU4Md9phDEWZvpump;2iSB473Z7L2ndpWs3n22tb7H3KSGpswDTH3jP7qCCAZT;4GRTznsfLTRqaB2uMAFmmgaWtvfVyBb4qCsTjskUpump;4sjtHGeAKP6DoMUdvFqQuiYKhhPpwa9XCxUyuFD2pump;5EZ7yagvcsHcwH3e17khLwGzhFrCsx7CKS7ZN6J6i4Lh;5Sg1vv51KGCSDF2gBHgbNATCEXFjYtVhWgztNUwtgJYD;5o9sE9FEVC12zWBd2zqPXAhoVyRiNjGfaYX6hS3Ppump;7dACCWZXF4Lr9ftxFpi7TJk7a3hcPpUwGPAcTuXDpump;CziyAr14UNUrfkxpioWSumkLXMwWnDWN2bu2WR5ao7kc;DQ2H7qcj262RAKfSxGYeL7cYJq54mVdXe4gYxUwxpump;EHUzmwAzmUix7TkwVr7b16U9ChJDr3RpjfXshR5swy5j;H8oe2SCksJcYzhPeS4TsbteusgZW5k7QaZ4boKyq8C7U;omskHvyNvQSn3PFak3E8JHQJeSVJFsrc6izWT12pump;sMe5iUcgTe4VXmg4WaShF5kuk6GmcKF3y4HqKGZpump;xeKm1qmxyHLJZLdwKpsZdx5UFtYyb124GTWRZWypump,2026-07-20T15:27:25Z,2026-07-20T15:27:25Z,HIGH,,True
EEHcVr9tk4wU58ctyKkDbmRhRv9aH4S1RH41TEB3zsA5,upstream,15,1,13V3CbY7Q7AXnf24FMsUaQrmLxnRU4Md9phDEWZvpump;2iSB473Z7L2ndpWs3n22tb7H3KSGpswDTH3jP7qCCAZT;4GRTznsfLTRqaB2uMAFmmgaWtvfVyBb4qCsTjskUpump;4sjtHGeAKP6DoMUdvFqQuiYKhhPpwa9XCxUyuFD2pump;5EZ7yagvcsHcwH3e17khLwGzhFrCsx7CKS7ZN6J6i4Lh;5Sg1vv51KGCSDF2gBHgbNATCEXFjYtVhWgztNUwtgJYD;5o9sE9FEVC12zWBd2zqPXAhoVyRiNjGfaYX6hS3Ppump;7dACCWZXF4Lr9ftxFpi7TJk7a3hcPpUwGPAcTuXDpump;CziyAr14UNUrfkxpioWSumkLXMwWnDWN2bu2WR5ao7kc;DQ2H7qcj262RAKfSxGYeL7cYJq54mVdXe4gYxUwxpump;EHUzmwAzmUix7TkwVr7b16U9ChJDr3RpjfXshR5swy5j;H8oe2SCksJcYzhPeS4TsbteusgZW5k7QaZ4boKyq8C7U;omskHvyNvQSn3PFak3E8JHQJeSVJFsrc6izWT12pump;sMe5iUcgTe4VXmg4WaShF5kuk6GmcKF3y4HqKGZpump;xeKm1qmxyHLJZLdwKpsZdx5UFtYyb124GTWRZWypump,2026-05-29T12:36:00Z,2026-05-29T12:36:00Z,MEDIUM,,True
4CLsJtrAcjJGzYwimbByHz4vgARqGz7VjMeeD11w1gU6,upstream,14,12,3f8CKfznVUGrFfhcq8ZBY9M1xyDeEQGrh6iH372h3ebN;4n32UBFWKJNPQayeN25GrLJHswbja41XFMxebcg9pump;5Sg1vv51KGCSDF2gBHgbNATCEXFjYtVhWgztNUwtgJYD;6sFMbTF2VTzutzKekenJujFZBqb4TiBZJKfyLMUbpump;9CzNGAEutxKHJ5CwYC5Lk8X8YzgYrQnvKChP2BFEpump;9xhMStAAufkH5jA5nevaGy6M9fCsQ74BZnsXyo93DkfA;BmU6YJP2YCAo8sc2dkeR8KjvF3rGFBHZL25ejysppump;CSLP8Vp7u9hrXQi7crPXqCp7BaJaG4JrNxqvR3jDpump;CziyAr14UNUrfkxpioWSumkLXMwWnDWN2bu2WR5ao7kc;DTm66ivA96mhuQnqTy1cv7uELS4MHdYtpbRGJdW9t7Fn;F41TwidZvJJcsx9c2BMwS6eH9W6HcUT4LzPmGvK9WU6N;FuF2M5T79HJdpJUbp46qwWssLXQ1Xjf1yiNSfyo5UEGC;H9GGsNc7vA4hN13N1oU4itq8x3mrdZBdw2XdK3Mipump;JAqRn24FuQ5MFReXNgXb8uFej5vHJDxhVtebpQvHTQZy,2022-05-27T07:10:50Z,2022-05-27T07:10:50Z,MEDIUM,,True
43DbAvKxhXh1oSxkJSqGosNw3HpBnmsWiak6tB5wpecN,upstream,14,10,3GeNgcFpMwH9ts5b3W3jddtfwhwAURaykTy8YjtrGQWT;5o9sE9FEVC12zWBd2zqPXAhoVyRiNjGfaYX6hS3Ppump;7Q9VxTczrzgvjXWbJJZibR7hbYAohngsNsuEhdEcpump;7aLLQRBpGCaSLmmHGf34MGtbdtTumiB14d14TtDnpump;7xXo3JYBqzh6D91XRppzFRLfw8wJHypeukGaNWwKgZ8m;BE5ciZmcADAX78u2a1GrFiPMPC3rNXtdPGUrhzWB4k5d;BZYpLHhui3qRNokWFg2JcX8CYtMqzWHR5R4xowjcbPqh;DJejJn1iJntJVTAixy4VRgqJFF3NMKPEMgVzbJFmpump;DQ2H7qcj262RAKfSxGYeL7cYJq54mVdXe4gYxUwxpump;DkDwxjD5JFK7hd7qUNHqNaTeqDGcZ1ia3Y6E7EUiehEn;EkTkjVEfhvgkoCwheMTnr8mhEmJ6Q7ZR8q7ZMCcnpump;Er5RuNhTEwJH5dHv9c3YGATjgkLCETH4dKazntyWEtXY;GfqKCwNeAdHHi97AmgCLP5qrwcSJRDdyZ1huiU6xUXTz;JAqRn24FuQ5MFReXNgXb8uFej5vHJDxhVtebpQvHTQZy,2025-11-11T14:47:13Z,2026-02-04T17:24:37Z,MEDIUM,,True
5ndLnEYqSFiA5yUFHo6LVZ1eWc6Rhh11K5CfJNkoHEPs,direct,14,9,28HydoWU7TZQxWiVQxGZyspE3qgWdCHToNDVgLoNpump;2iSB473Z7L2ndpWs3n22tb7H3KSGpswDTH3jP7qCCAZT;3uYT8w1FxasDGmM4WDG5kXu6D9BGvyP3iEfPJEVb6ewT;3vfxnHSCS139RZiw6MPZaEvhySnjbEi81GuF5EdNpump;5pSEZw1iytqYznD7crsGyKNek7q5JkjBqj2KmfqxUVZd;6gKx5EMvnymTVz2JgFhJAqpGxTYaBdVsaLb9YfPfvg4Y;6sFMbTF2VTzutzKekenJujFZBqb4TiBZJKfyLMUbpump;7Q9VxTczrzgvjXWbJJZibR7hbYAohngsNsuEhdEcpump;ASftCNtzPNmK3nMDvpQNvpLauKS45Vkq7kwTPutqUBL1;AgB5SxiP1DFZbW9uDAH7s8Mhv1HF21nJv67tnAAYpump;CziyAr14UNUrfkxpioWSumkLXMwWnDWN2bu2WR5ao7kc;D4aEpQLW45YnWrBmztcpJHqabbPtFe9F9PTv8Umvpump;F41TwidZvJJcsx9c2BMwS6eH9W6HcUT4LzPmGvK9WU6N;JAqRn24FuQ5MFReXNgXb8uFej5vHJDxhVtebpQvHTQZy,2025-08-12T11:16:04Z,2026-09-13T12:13:18Z,HIGH,,True
827wk5SMxHQ5haSyCp2qX3srKy6P22KuJjTWyv1KvA7n,upstream,14,9,28HydoWU7TZQxWiVQxGZyspE3qgWdCHToNDVgLoNpump;2iSB473Z7L2ndpWs3n22tb7H3KSGpswDTH3jP7qCCAZT;3uYT8w1FxasDGmM4WDG5kXu6D9BGvyP3iEfPJEVb6ewT;3vfxnHSCS139RZiw6MPZaEvhySnjbEi81GuF5EdNpump;5pSEZw1iytqYznD7crsGyKNek7q5JkjBqj2KmfqxUVZd;6gKx5EMvnymTVz2JgFhJAqpGxTYaBdVsaLb9YfPfvg4Y;6sFMbTF2VTzutzKekenJujFZBqb4TiBZJKfyLMUbpump;7Q9VxTczrzgvjXWbJJZibR7hbYAohngsNsuEhdEcpump;ASftCNtzPNmK3nMDvpQNvpLauKS45Vkq7kwTPutqUBL1;AgB5SxiP1DFZbW9uDAH7s8Mhv1HF21nJv67tnAAYpump;CziyAr14UNUrfkxpioWSumkLXMwWnDWN2bu2WR5ao7kc;D4aEpQLW45YnWrBmztcpJHqabbPtFe9F9PTv8Umvpump;F41TwidZvJJcsx9c2BMwS6eH9W6HcUT4LzPmGvK9WU6N;JAqRn24FuQ5MFReXNgXb8uFej5vHJDxhVtebpQvHTQZy,2022-09-20T03:43:49Z,2022-09-20T03:43:49Z,MEDIUM,,True
DSYq7yD7ewHeDETSWFZZQzPYhGEdtNs1YCu3RduCUHCT,upstream,14,7,3vfxnHSCS139RZiw6MPZaEvhySnjbEi81GuF5EdNpump;44s336LDz8bXp4rpxy1qwUfysZ4THjpReQWTKQg7pump;5Sg1vv51KGCSDF2gBHgbNATCEXFjYtVhWgztNUwtgJYD;5o9sE9FEVC12zWBd2zqPXAhoVyRiNjGfaYX6hS3Ppump;7aLLQRBpGCaSLmmHGf34MGtbdtTumiB14d14TtDnpump;7p4MwwkUaMv4gBThVkW46QjwVaosaUrccbFV1MbXpump;AbpJywMWmkf1MFonRddPVogSwPPZHB9pG4x2nKb1YaPn;AmWCcDf6tG7zB3VPeDVjeXL5N567fXAiHcTKw3xXpump;BE5ciZmcADAX78u2a1GrFiPMPC3rNXtdPGUrhzWB4k5d;DQ2H7qcj262RAKfSxGYeL7cYJq54mVdXe4gYxUwxpump;EkTkjVEfhvgkoCwheMTnr8mhEmJ6Q7ZR8q7ZMCcnpump;F41TwidZvJJcsx9c2BMwS6eH9W6HcUT4LzPmGvK9WU6N;FuF2M5T79HJdpJUbp46qwWssLXQ1Xjf1yiNSfyo5UEGC;UsrcsZMqw6p53Fohu16UCBjsbjqc73XmoRFZDcnCtMR,2025-04-25T09:13:59Z,2025-04-25T09:13:59Z,MEDIUM,,True
EKF7tL1PxXE9UBPQmpLcsUe9uvGEAaX1ddNgLydv1XFS,upstream,14,3,3GeNgcFpMwH9ts5b3W3jddtfwhwAURaykTy8YjtrGQWT;67afrnTxo8DVc52Uev61Yo4Yr9BGQpRw1RpPMWcx42La;6XD1vorwquLXjTSL5W4MJMGewZBeiEcPFmZw527TSwva;6akNLpNd11oq4q5zxhXGwr5jwUi6Ke4CvKmF6QeUwJCQ;7271ZR6GBzaGqdtP28ZqZ5BKRt2ziu4AnPnVCAL7pump;7aLLQRBpGCaSLmmHGf34MGtbdtTumiB14d14TtDnpump;7dACCWZXF4Lr9ftxFpi7TJk7a3hcPpUwGPAcTuXDpump;8ypYfW5cjafrfAZij8TZj5SFHAbPNpiRio96LMzypDkn;AmWCcDf6tG7zB3VPeDVjeXL5N567fXAiHcTKw3xXpump;D4aEpQLW45YnWrBmztcpJHqabbPtFe9F9PTv8Umvpump;DJejJn1iJntJVTAixy4VRgqJFF3NMKPEMgVzbJFmpump;DTm66ivA96mhuQnqTy1cv7uELS4MHdYtpbRGJdW9t7Fn;EHUzmwAzmUix7TkwVr7b16U9ChJDr3RpjfXshR5swy5j;F59cEB3A7RAKHGtkvR577swnPSP6EsdaBoL5AcVZpump,2022-10-12T11:32:38Z,2022-10-12T11:32:38Z,MEDIUM,,True
3Le7cTELrgoSX51gRZagrueWsm4fPJWMa64sXAqYcJk9,direct,14,2,3f8CKfznVUGrFfhcq8ZBY9M1xyDeEQGrh6iH372h3ebN;57ANN8dAbPX8x1BEFFwzBttkzwpKZBEiJkdiWSzVNQvS;5pSEZw1iytqYznD7crsGyKNek7q5JkjBqj2KmfqxUVZd;9CzNGAEutxKHJ5CwYC5Lk8X8YzgYrQnvKChP2BFEpump;ASftCNtzPNmK3nMDvpQNvpLauKS45Vkq7kwTPutqUBL1;BE5ciZmcADAX78u2a1GrFiPMPC3rNXtdPGUrhzWB4k5d;BZYpLHhui3qRNokWFg2JcX8CYtMqzWHR5R4xowjcbPqh;CSLP8Vp7u9hrXQi7crPXqCp7BaJaG4JrNxqvR3jDpump;DQ2H7qcj262RAKfSxGYeL7cYJq54mVdXe4gYxUwxpump;GfqKCwNeAdHHi97AmgCLP5qrwcSJRDdyZ1huiU6xUXTz;H8oe2SCksJcYzhPeS4TsbteusgZW5k7QaZ4boKyq8C7U;H9GGsNc7vA4hN13N1oU4itq8x3mrdZBdw2XdK3Mipump;HJPjdsDmcvgCj4MV3NvqCWd78qDP8BMzGfrsk4Nbpump;UsrcsZMqw6p53Fohu16UCBjsbjqc73XmoRFZDcnCtMR,2026-08-26T15:38:34Z,2026-08-26T15:39:20Z,HIGH,,True
3jvM9vL8SAh1xVbXPkbd5uLiA5VaFN1VBMgb7ManU6vM,upstream,14,1,13V3CbY7Q7AXnf24FMsUaQrmLxnRU4Md9phDEWZvpump;2A6sLqrw8WN6KkgnCsN4xJkyAowBZHr2H9xQ4u3Mpump;2iSB473Z7L2ndpWs3n22tb7H3KSGpswDTH3jP7qCCAZT;3vfxnHSCS139RZiw6MPZaEvhySnjbEi81GuF5EdNpump;4GRTznsfLTRqaB2uMAFmmgaWtvfVyBb4qCsTjskUpump;5DoZAeBkoci5t5zPhUiuhQFjuzYTfkSv5Seojsxppump;6sFMbTF2VTzutzKekenJujFZBqb4TiBZJKfyLMUbpump;7aLLQRBpGCaSLmmHGf34MGtbdtTumiB14d14TtDnpump;9mqJNDG2squcqZt2zC7cWWNtVozUbQUnzVnP1jG6pump;AbpJywMWmkf1MFonRddPVogSwPPZHB9pG4x2nKb1YaPn;BUPNYwndVGfzVb6RG6q2PX53VdAimw2Mi98QxqeWpump;EkTkjVEfhvgkoCwheMTnr8mhEmJ6Q7ZR8q7ZMCcnpump;GL7M1C4QeLoURyexYgdhuP8SvaPh5LHQLRqKha3epump;omskHvyNvQSn3PFak3E8JHQJeSVJFsrc6izWT12pump,2026-07-16T11:15:11Z,2026-07-16T11:15:11Z,MEDIUM,,True
BcKvePyFUjLG3meXpTs72FY5yuvGf2XAa2qXQp3E4qxu,upstream,14,1,13V3CbY7Q7AXnf24FMsUaQrmLxnRU4Md9phDEWZvpump;2A6sLqrw8WN6KkgnCsN4xJkyAowBZHr2H9xQ4u3Mpump;2iSB473Z7L2ndpWs3n22tb7H3KSGpswDTH3jP7qCCAZT;3vfxnHSCS139RZiw6MPZaEvhySnjbEi81GuF5EdNpump;4GRTznsfLTRqaB2uMAFmmgaWtvfVyBb4qCsTjskUpump;5DoZAeBkoci5t5zPhUiuhQFjuzYTfkSv5Seojsxppump;6sFMbTF2VTzutzKekenJujFZBqb4TiBZJKfyLMUbpump;7aLLQRBpGCaSLmmHGf34MGtbdtTumiB14d14TtDnpump;9mqJNDG2squcqZt2zC7cWWNtVozUbQUnzVnP1jG6pump;AbpJywMWmkf1MFonRddPVogSwPPZHB9pG4x2nKb1YaPn;BUPNYwndVGfzVb6RG6q2PX53VdAimw2Mi98QxqeWpump;EkTkjVEfhvgkoCwheMTnr8mhEmJ6Q7ZR8q7ZMCcnpump;GL7M1C4QeLoURyexYgdhuP8SvaPh5LHQLRqKha3epump;omskHvyNvQSn3PFak3E8JHQJeSVJFsrc6izWT12pump,2026-03-18T22:37:31Z,2026-03-18T22:37:31Z,MEDIUM,,True
ByV1UsQzksXJ8MG3rNFwDnaTTbHk9iThWc12nEVKjdHL,direct,14,1,13V3CbY7Q7AXnf24FMsUaQrmLxnRU4Md9phDEWZvpump;2A6sLqrw8WN6KkgnCsN4xJkyAowBZHr2H9xQ4u3Mpump;2iSB473Z7L2ndpWs3n22tb7H3KSGpswDTH3jP7qCCAZT;3vfxnHSCS139RZiw6MPZaEvhySnjbEi81GuF5EdNpump;4GRTznsfLTRqaB2uMAFmmgaWtvfVyBb4qCsTjskUpump;5DoZAeBkoci5t5zPhUiuhQFjuzYTfkSv5Seojsxppump;6sFMbTF2VTzutzKekenJujFZBqb4TiBZJKfyLMUbpump;7aLLQRBpGCaSLmmHGf34MGtbdtTumiB14d14TtDnpump;9mqJNDG2squcqZt2zC7cWWNtVozUbQUnzVnP1jG6pump;AbpJywMWmkf1MFonRddPVogSwPPZHB9pG4x2nKb1YaPn;BUPNYwndVGfzVb6RG6q2PX53VdAimw2Mi98QxqeWpump;EkTkjVEfhvgkoCwheMTnr8mhEmJ6Q7ZR8q7ZMCcnpump;GL7M1C4QeLoURyexYgdhuP8SvaPh5LHQLRqKha3epump;omskHvyNvQSn3PFak3E8JHQJeSVJFsrc6izWT12pump,2026-08-30T22:08:05Z,2026-08-30T22:08:05Z,HIGH,,True
Cc3bpPzUvgAzdW9Nv7dUQ8cpap8Xa7ujJgLdpqGrTCu6,direct,13,15,13V3CbY7Q7AXnf24FMsUaQrmLxnRU4Md9phDEWZvpump;4ZUjJ5EJbwfh7teotB29uHc1SC3SiqbrkwJoNgsxibbU;5o43e7gYZWFNEpdqkegHY6LXkhMXB1z6f7d6TAVGEMTM;5pSEZw1iytqYznD7crsGyKNek7q5JkjBqj2KmfqxUVZd;6VMsrZvNaSzddT6vkY6dEDoFMeK5EoHD4KCAycfQpump;6akNLpNd11oq4q5zxhXGwr5jwUi6Ke4CvKmF6QeUwJCQ;6sFMbTF2VTzutzKekenJujFZBqb4TiBZJKfyLMUbpump;8qT3o4k4aUmyLrgd7hHYmVxin3kFhQ9QsXdSXTP6pump;9ek8utEujXFmiM9wXcWKPF18y57PmeG8rsiBZGzzpump;BZYpLHhui3qRNokWFg2JcX8CYtMqzWHR5R4xowjcbPqh;BmU6YJP2YCAo8sc2dkeR8KjvF3rGFBHZL25ejysppump;F41TwidZvJJcsx9c2BMwS6eH9W6HcUT4LzPmGvK9WU6N;H9GGsNc7vA4hN13N1oU4itq8x3mrdZBdw2XdK3Mipump,2025-08-30T05:43:54Z,2026-10-02T14:47:52Z,HIGH,,True
DQ5JWbJyWdJeyBxZuuyu36sUBud6L6wo3aN1QC1bRmsR,upstream,13,11,3f8CKfznVUGrFfhcq8ZBY9M1xyDeEQGrh6iH372h3ebN;3uYT8w1FxasDGmM4WDG5kXu6D9BGvyP3iEfPJEVb6ewT;3vfxnHSCS139RZiw6MPZaEvhySnjbEi81GuF5EdNpump;67afrnTxo8DVc52Uev61Yo4Yr9BGQpRw1RpPMWcx42La;6gKx5EMvnymTVz2JgFhJAqpGxTYaBdVsaLb9YfPfvg4Y;7HiD5rzoZxAYXEJ8Z4t3WgM8VE1iSKWJdxPPyEdDNzwN;8ypYfW5cjafrfAZij8TZj5SFHAbPNpiRio96LMzypDkn;DkDwxjD5JFK7hd7qUNHqNaTeqDGcZ1ia3Y6E7EUiehEn;EHUzmwAzmUix7TkwVr7b16U9ChJDr3RpjfXshR5swy5j;G9r7nnHSgvb7LUfCE8kavRaKokEMMYBjVHGKvQ6dpump;GKTxLXsmkjLDo89XmPa5htwK7sAzdqZ3jmfV6gaTvK67;hHc9579gpKUnvYvgcKyjdpe1UhmfVfGzGwMQCADpump;xeKm1qmxyHLJZLdwKpsZdx5UFtYyb124GTWRZWypump,2023-12-03T18:55:35Z,2026-09-21T15:56:17Z,MEDIUM,,True
4NyK1AdJBNbgaJ9EsKz3J4rfeHsuYdjkTPg3JaNdLeFw,direct,13,10,13V3CbY7Q7AXnf24FMsUaQrmLxnRU4Md9phDEWZvpump;4ZUjJ5EJbwfh7teotB29uHc1SC3SiqbrkwJoNgsxibbU;7xXo3JYBqzh6D91XRppzFRLfw8wJHypeukGaNWwKgZ8m;8ypYfW5cjafrfAZij8TZj5SFHAbPNpiRio96LMzypDkn;9ek8utEujXFmiM9wXcWKPF18y57PmeG8rsiBZGzzpump;BmU6YJP2YCAo8sc2dkeR8KjvF3rGFBHZL25ejysppump;EHUzmwAzmUix7TkwVr7b16U9ChJDr3RpjfXshR5swy5j;F41TwidZvJJcsx9c2BMwS6eH9W6HcUT4LzPmGvK9WU6N;FuF2M5T79HJdpJUbp46qwWssLXQ1Xjf1yiNSfyo5UEGC;GKTxLXsmkjLDo89XmPa5htwK7sAzdqZ3jmfV6gaTvK67;H8oe2SCksJcYzhPeS4TsbteusgZW5k7QaZ4boKyq8C7U;H9GGsNc7vA4hN13N1oU4itq8x3mrdZBdw2XdK3Mipump;HJPjdsDmcvgCj4MV3NvqCWd78qDP8BMzGfrsk4Nbpump,2025-05-23T03:34:03Z,2026-09-22T05:37:21Z,HIGH,,True
7gCXbx72G9TqsXCi3dkDYC8xSb2Dec5S3Mq9VF6cB5DD,upstream,13,10,13V3CbY7Q7AXnf24FMsUaQrmLxnRU4Md9phDEWZvpump;4ZUjJ5EJbwfh7teotB29uHc1SC3SiqbrkwJoNgsxibbU;7xXo3JYBqzh6D91XRppzFRLfw8wJHypeukGaNWwKgZ8m;8ypYfW5cjafrfAZij8TZj5SFHAbPNpiRio96LMzypDkn;9ek8utEujXFmiM9wXcWKPF18y57PmeG8rsiBZGzzpump;BmU6YJP2YCAo8sc2dkeR8KjvF3rGFBHZL25ejysppump;EHUzmwAzmUix7TkwVr7b16U9ChJDr3RpjfXshR5swy5j;F41TwidZvJJcsx9c2BMwS6eH9W6HcUT4LzPmGvK9WU6N;FuF2M5T79HJdpJUbp46qwWssLXQ1Xjf1yiNSfyo5UEGC;GKTxLXsmkjLDo89XmPa5htwK7sAzdqZ3jmfV6gaTvK67;H8oe2SCksJcYzhPeS4TsbteusgZW5k7QaZ4boKyq8C7U;H9GGsNc7vA4hN13N1oU4itq8x3mrdZBdw2XdK3Mipump;HJPjdsDmcvgCj4MV3NvqCWd78qDP8BMzGfrsk4Nbpump,2025-01-18T04:35:36Z,2025-01-18T04:35:36Z,MEDIUM,,True
7Gsmp3QhJj3Wkt9Pjg5H3mGnUwAALwQfTz2cJS7tzYfh,upstream,13,4,25GrKYrc3y4LZmmuhppYgFRCKb7JyZ6grum4WhLYvA1z;4GRTznsfLTRqaB2uMAFmmgaWtvfVyBb4qCsTjskUpump;4sjtHGeAKP6DoMUdvFqQuiYKhhPpwa9XCxUyuFD2pump;67afrnTxo8DVc52Uev61Yo4Yr9BGQpRw1RpPMWcx42La;6wSQipxdE9Suf8tVNaCEbcqavUbLT7gL9tibpm3Jpump;7Q9VxTczrzgvjXWbJJZibR7hbYAohngsNsuEhdEcpump;AbpJywMWmkf1MFonRddPVogSwPPZHB9pG4x2nKb1YaPn;BE5ciZmcADAX78u2a1GrFiPMPC3rNXtdPGUrhzWB4k5d;BUPNYwndVGfzVb6RG6q2PX53VdAimw2Mi98QxqeWpump;DTm66ivA96mhuQnqTy1cv7uELS4MHdYtpbRGJdW9t7Fn;G9r7nnHSgvb7LUfCE8kavRaKokEMMYBjVHGKvQ6dpump;H9GGsNc7vA4hN13N1oU4itq8x3mrdZBdw2XdK3Mipump;omskHvyNvQSn3PFak3E8JHQJeSVJFsrc6izWT12pump,2024-12-08T12:25:54Z,2024-12-11T19:21:45Z,MEDIUM,,True
9999huSCf6QpepPHQVFLZ9smhsbwkV4XWPLboiy9qqRj,direct,13,1,2BucyGvsg9wwTwsaFsEUFgdphrCtp94pDRtHowJUpump;2iSB473Z7L2ndpWs3n22tb7H3KSGpswDTH3jP7qCCAZT;5EZ7yagvcsHcwH3e17khLwGzhFrCsx7CKS7ZN6J6i4Lh;67afrnTxo8DVc52Uev61Yo4Yr9BGQpRw1RpPMWcx42La;9mqJNDG2squcqZt2zC7cWWNtVozUbQUnzVnP1jG6pump;ASftCNtzPNmK3nMDvpQNvpLauKS45Vkq7kwTPutqUBL1;AbpJywMWmkf1MFonRddPVogSwPPZHB9pG4x2nKb1YaPn;AgB5SxiP1DFZbW9uDAH7s8Mhv1HF21nJv67tnAAYpump;CSLP8Vp7u9hrXQi7crPXqCp7BaJaG4JrNxqvR3jDpump;F59cEB3A7RAKHGtkvR577swnPSP6EsdaBoL5AcVZpump;H9GGsNc7vA4hN13N1oU4itq8x3mrdZBdw2XdK3Mipump;rMPLDvnn6KR773WNhZvtFNcgFwnRkc7UbPkUaiMpump;sMe5iUcgTe4VXmg4WaShF5kuk6GmcKF3y4HqKGZpump,2026-07-29T07:25:59Z,2026-07-29T07:25:59Z,HIGH,,True
4xLpwxgYuPwPvtQjE94RLS4WZ4aD8NJYYKr2AJk99Qdg,upstream,12,14,3GeNgcFpMwH9ts5b3W3jddtfwhwAURaykTy8YjtrGQWT;5nnWe5SCBaNMC3oNiR7utth6kx3mH1dhmCarjDb91shW;7p4MwwkUaMv4gBThVkW46QjwVaosaUrccbFV1MbXpump;8qT3o4k4aUmyLrgd7hHYmVxin3kFhQ9QsXdSXTP6pump;9xhMStAAufkH5jA5nevaGy6M9fCsQ74BZnsXyo93DkfA;ASftCNtzPNmK3nMDvpQNvpLauKS45Vkq7kwTPutqUBL1;BE5ciZmcADAX78u2a1GrFiPMPC3rNXtdPGUrhzWB4k5d;BmU6YJP2YCAo8sc2dkeR8KjvF3rGFBHZL25ejysppump;DQ2H7qcj262RAKfSxGYeL7cYJq54mVdXe4gYxUwxpump;DTm66ivA96mhuQnqTy1cv7uELS4MHdYtpbRGJdW9t7Fn;EHUzmwAzmUix7TkwVr7b16U9ChJDr3RpjfXshR5swy5j;FuF2M5T79HJdpJUbp46qwWssLXQ1Xjf1yiNSfyo5UEGC,2025-06-20T18:16:56Z,2025-06-24T21:22:06Z,MEDIUM,,True
DPqsobysNf5iA9w7zrQM8HLzCKZEDMkZsWbiidsAt1xo,direct,12,14,2A6sLqrw8WN6KkgnCsN4xJkyAowBZHr2H9xQ4u3Mpump;2iSB473Z7L2ndpWs3n22tb7H3KSGpswDTH3jP7qCCAZT;3GeNgcFpMwH9ts5b3W3jddtfwhwAURaykTy8YjtrGQWT;3coFBLantjJkMRmzaQ4znMQQzfqFYTyBeNhdXYAzpump;3f8CKfznVUGrFfhcq8ZBY9M1xyDeEQGrh6iH372h3ebN;6XD1vorwquLXjTSL5W4MJMGewZBeiEcPFmZw527TSwva;6akNLpNd11oq4q5zxhXGwr5jwUi6Ke4CvKmF6QeUwJCQ;8ypYfW5cjafrfAZij8TZj5SFHAbPNpiRio96LMzypDkn;AbpJywMWmkf1MFonRddPVogSwPPZHB9pG4x2nKb1YaPn;EoKqyKksc4ekiPVuBD9FiztYQHkV59x8KTcZ3ReLpump;UsrcsZMqw6p53Fohu16UCBjsbjqc73XmoRFZDcnCtMR;xeKm1qmxyHLJZLdwKpsZdx5UFtYyb124GTWRZWypump,2025-07-16T12:29:38Z,2026-09-21T23:23:52Z,HIGH,,True
AaZkwhkiDStDcgrU37XAj9fpNLrD8Erz5PNkdm4k5hjy,direct,12,11,3f8CKfznVUGrFfhcq8ZBY9M1xyDeEQGrh6iH372h3ebN;4n32UBFWKJNPQayeN25GrLJHswbja41XFMxebcg9pump;5Sg1vv51KGCSDF2gBHgbNATCEXFjYtVhWgztNUwtgJYD;9CzNGAEutxKHJ5CwYC5Lk8X8YzgYrQnvKChP2BFEpump;9xhMStAAufkH5jA5nevaGy6M9fCsQ74BZnsXyo93DkfA;BmU6YJP2YCAo8sc2dkeR8KjvF3rGFBHZL25ejysppump;CSLP8Vp7u9hrXQi7crPXqCp7BaJaG4JrNxqvR3jDpump;CziyAr14UNUrfkxpioWSumkLXMwWnDWN2bu2WR5ao7kc;DTm66ivA96mhuQnqTy1cv7uELS4MHdYtpbRGJdW9t7Fn;F41TwidZvJJcsx9c2BMwS6eH9W6HcUT4LzPmGvK9WU6N;FuF2M5T79HJdpJUbp46qwWssLXQ1Xjf1yiNSfyo5UEGC;JAqRn24FuQ5MFReXNgXb8uFej5vHJDxhVtebpQvHTQZy,2026-01-31T19:05:11Z,2026-09-13T16:46:34Z,HIGH,,True
FpwQQhQQoEaVu3WU2qZMfF1hx48YyfwsLoRgXG83E99Q,upstream,12,11,13V3CbY7Q7AXnf24FMsUaQrmLxnRU4Md9phDEWZvpump;4ZUjJ5EJbwfh7teotB29uHc1SC3SiqbrkwJoNgsxibbU;4kkrecvSVnnkK3RZcJ85tNFiZu9pWg584yHjNCqEpump;5DoZAeBkoci5t5zPhUiuhQFjuzYTfkSv5Seojsxppump;6gKx5EMvnymTVz2JgFhJAqpGxTYaBdVsaLb9YfPfvg4Y;7aLLQRBpGCaSLmmHGf34MGtbdtTumiB14d14TtDnpump;8G7aM6Gco4fHjVpmVvUdVvhKMKaWXJEqkCKRvPdepump;AmWCcDf6tG7zB3VPeDVjeXL5N567fXAiHcTKw3xXpump;EHUzmwAzmUix7TkwVr7b16U9ChJDr3RpjfXshR5swy5j;F59cEB3A7RAKHGtkvR577swnPSP6EsdaBoL5AcVZpump;HJPjdsDmcvgCj4MV3NvqCWd78qDP8BMzGfrsk4Nbpump;dy6zeSw9j2zHprXLwk1uUGAD4d2HF5R3pAFrL6bRAKs,2024-12-02T09:19:59Z,2026-07-20T22:11:22Z,MEDIUM,,True
9obNtb5GyUegcs3a1CbBkLuc5hEWynWfJC6gjz5uWQkE,upstream,12,9,2iSB473Z7L2ndpWs3n22tb7H3KSGpswDTH3jP7qCCAZT;5EZ7yagvcsHcwH3e17khLwGzhFrCsx7CKS7ZN6J6i4Lh;5o43e7gYZWFNEpdqkegHY6LXkhMXB1z6f7d6TAVGEMTM;8G7aM6Gco4fHjVpmVvUdVvhKMKaWXJEqkCKRvPdepump;8ypYfW5cjafrfAZij8TZj5SFHAbPNpiRio96LMzypDkn;9PNfxvTARzdxvQas2uknW57bnfMCS1dxW1He7rPbuhuQ;9hAojtonqe4RUQarvUYZhFqC99VK1S3LCewYkSjnpump;9mqJNDG2squcqZt2zC7cWWNtVozUbQUnzVnP1jG6pump;B3xU49SW3khA7m5Lgata2fmPxZeQRuaJbCruPsVDpump;BUPNYwndVGfzVb6RG6q2PX53VdAimw2Mi98QxqeWpump;CSLP8Vp7u9hrXQi7crPXqCp7BaJaG4JrNxqvR3jDpump;DQ2H7qcj262RAKfSxGYeL7cYJq54mVdXe4gYxUwxpump,2024-12-04T21:22:38Z,2026-09-30T15:27:45Z,MEDIUM,,True
AxiomRYAid8ZDhS1bJUAzEaNSr69aTWB9ATfdDLfUbnc,upstream,12,8,2A6sLqrw8WN6KkgnCsN4xJkyAowBZHr2H9xQ4u3Mpump;3GeNgcFpMwH9ts5b3W3jddtfwhwAURaykTy8YjtrGQWT;5pSEZw1iytqYznD7crsGyKNek7q5JkjBqj2KmfqxUVZd;6sFMbTF2VTzutzKekenJujFZBqb4TiBZJKfyLMUbpump;7271ZR6GBzaGqdtP28ZqZ5BKRt2ziu4AnPnVCAL7pump;7dACCWZXF4Lr9ftxFpi7TJk7a3hcPpUwGPAcTuXDpump;9CzNGAEutxKHJ5CwYC5Lk8X8YzgYrQnvKChP2BFEpump;AmWCcDf6tG7zB3VPeDVjeXL5N567fXAiHcTKw3xXpump;B3xU49SW3khA7m5Lgata2fmPxZeQRuaJbCruPsVDpump;BZYpLHhui3qRNokWFg2JcX8CYtMqzWHR5R4xowjcbPqh;CziyAr14UNUrfkxpioWSumkLXMwWnDWN2bu2WR5ao7kc;DQ2H7qcj262RAKfSxGYeL7cYJq54mVdXe4gYxUwxpump,2025-02-20T02:25:13Z,2025-06-02T17:13:31Z,MEDIUM,,True
Fhbh1DTUDKt6qu9zVg8Q5VgnZa1WWWbxBxG6pCoJoggA,upstream,12,5,49aM4HrGABwG9F8iAn385zzcsS6mxHEFY8YN3H7y1Cd9;4n32UBFWKJNPQayeN25GrLJHswbja41XFMxebcg9pump;5Sg1vv51KGCSDF2gBHgbNATCEXFjYtVhWgztNUwtgJYD;7HiD5rzoZxAYXEJ8Z4t3WgM8VE1iSKWJdxPPyEdDNzwN;9ek8utEujXFmiM9wXcWKPF18y57PmeG8rsiBZGzzpump;BE5ciZmcADAX78u2a1GrFiPMPC3rNXtdPGUrhzWB4k5d;EHUzmwAzmUix7TkwVr7b16U9ChJDr3RpjfXshR5swy5j;GfqKCwNeAdHHi97AmgCLP5qrwcSJRDdyZ1huiU6xUXTz;H8oe2SCksJcYzhPeS4TsbteusgZW5k7QaZ4boKyq8C7U;HJPjdsDmcvgCj4MV3NvqCWd78qDP8BMzGfrsk4Nbpump;omskHvyNvQSn3PFak3E8JHQJeSVJFsrc6izWT12pump;sMe5iUcgTe4VXmg4WaShF5kuk6GmcKF3y4HqKGZpump,2026-08-25T21:55:37Z,2026-09-01T06:18:47Z,MEDIUM,,True
AG7atvfS1vgJ6Y3r959LGi3XE6izmAitJH6JH6GViVQf,upstream,12,3,4GRTznsfLTRqaB2uMAFmmgaWtvfVyBb4qCsTjskUpump;4sjtHGeAKP6DoMUdvFqQuiYKhhPpwa9XCxUyuFD2pump;67afrnTxo8DVc52Uev61Yo4Yr9BGQpRw1RpPMWcx42La;6wSQipxdE9Suf8tVNaCEbcqavUbLT7gL9tibpm3Jpump;7Q9VxTczrzgvjXWbJJZibR7hbYAohngsNsuEhdEcpump;AbpJywMWmkf1MFonRddPVogSwPPZHB9pG4x2nKb1YaPn;BE5ciZmcADAX78u2a1GrFiPMPC3rNXtdPGUrhzWB4k5d;BUPNYwndVGfzVb6RG6q2PX53VdAimw2Mi98QxqeWpump;DTm66ivA96mhuQnqTy1cv7uELS4MHdYtpbRGJdW9t7Fn;G9r7nnHSgvb7LUfCE8kavRaKokEMMYBjVHGKvQ6dpump;H9GGsNc7vA4hN13N1oU4itq8x3mrdZBdw2XdK3Mipump;omskHvyNvQSn3PFak3E8JHQJeSVJFsrc6izWT12pump,2024-11-20T10:52:51Z,2024-11-20T10:52:51Z,MEDIUM,,True
49Pvtit7pgtrUpSBpmN8A3BnVFqZ14BUfvqd5VCAykbP,upstream,12,2,28HydoWU7TZQxWiVQxGZyspE3qgWdCHToNDVgLoNpump;2BucyGvsg9wwTwsaFsEUFgdphrCtp94pDRtHowJUpump;2iSB473Z7L2ndpWs3n22tb7H3KSGpswDTH3jP7qCCAZT;5o9sE9FEVC12zWBd2zqPXAhoVyRiNjGfaYX6hS3Ppump;5pSEZw1iytqYznD7crsGyKNek7q5JkjBqj2KmfqxUVZd;7aLLQRBpGCaSLmmHGf34MGtbdtTumiB14d14TtDnpump;AmWCcDf6tG7zB3VPeDVjeXL5N567fXAiHcTKw3xXpump;BE5ciZmcADAX78u2a1GrFiPMPC3rNXtdPGUrhzWB4k5d;DTm66ivA96mhuQnqTy1cv7uELS4MHdYtpbRGJdW9t7Fn;H9GGsNc7vA4hN13N1oU4itq8x3mrdZBdw2XdK3Mipump;hHc9579gpKUnvYvgcKyjdpe1UhmfVfGzGwMQCADpump;omskHvyNvQSn3PFak3E8JHQJeSVJFsrc6izWT12pump,2026-07-14T22:55:34Z,2026-07-14T22:55:34Z,MEDIUM,,True
9p4Qxov71uutY4VMwqrvMUb8BpXSo2QR25uBsVhaTkQA,upstream,12,2,25GrKYrc3y4LZmmuhppYgFRCKb7JyZ6grum4WhLYvA1z;2BucyGvsg9wwTwsaFsEUFgdphrCtp94pDRtHowJUpump;2iSB473Z7L2ndpWs3n22tb7H3KSGpswDTH3jP7qCCAZT;3f8CKfznVUGrFfhcq8ZBY9M1xyDeEQGrh6iH372h3ebN;5EZ7yagvcsHcwH3e17khLwGzhFrCsx7CKS7ZN6J6i4Lh;7HiD5rzoZxAYXEJ8Z4t3WgM8VE1iSKWJdxPPyEdDNzwN;AbpJywMWmkf1MFonRddPVogSwPPZHB9pG4x2nKb1YaPn;B3xU49SW3khA7m5Lgata2fmPxZeQRuaJbCruPsVDpump;EoKqyKksc4ekiPVuBD9FiztYQHkV59x8KTcZ3ReLpump;F59cEB3A7RAKHGtkvR577swnPSP6EsdaBoL5AcVZpump;G9r7nnHSgvb7LUfCE8kavRaKokEMMYBjVHGKvQ6dpump;sMe5iUcgTe4VXmg4WaShF5kuk6GmcKF3y4HqKGZpump,2026-08-04T16:30:25Z,2026-08-04T16:30:25Z,MEDIUM,,True
Aeubzk4q2GST66a17h2ssFX1podokjNX8jGAzim9dPAi,direct,12,1,13V3CbY7Q7AXnf24FMsUaQrmLxnRU4Md9phDEWZvpump;2A6sLqrw8WN6KkgnCsN4xJkyAowBZHr2H9xQ4u3Mpump;3vfxnHSCS139RZiw6MPZaEvhySnjbEi81GuF5EdNpump;5DoZAeBkoci5t5zPhUiuhQFjuzYTfkSv5Seojsxppump;6sFMbTF2VTzutzKekenJujFZBqb4TiBZJKfyLMUbpump;7aLLQRBpGCaSLmmHGf34MGtbdtTumiB14d14TtDnpump;9CzNGAEutxKHJ5CwYC5Lk8X8YzgYrQnvKChP2BFEpump;AbpJywMWmkf1MFonRddPVogSwPPZHB9pG4x2nKb1YaPn;Ajz86fyiygsv8kZkUyDxogxkz5VfKRs4HTEABVTfpump;BUPNYwndVGfzVb6RG6q2PX53VdAimw2Mi98QxqeWpump;EkTkjVEfhvgkoCwheMTnr8mhEmJ6Q7ZR8q7ZMCcnpump;GL7M1C4QeLoURyexYgdhuP8SvaPh5LHQLRqKha3epump,2026-08-30T22:10:36Z,2026-08-30T22:10:36Z,HIGH,,True
CuCApcakpKR5c2a2JnqYqmiKBNeiDhx2R6QccX4DeMfy,direct,12,1,25GrKYrc3y4LZmmuhppYgFRCKb7JyZ6grum4WhLYvA1z;5EZ7yagvcsHcwH3e17khLwGzhFrCsx7CKS7ZN6J6i4Lh;67afrnTxo8DVc52Uev61Yo4Yr9BGQpRw1RpPMWcx42La;69N7rm9nnp6sVoULtp5toD26F25rYum8593GupxkUYvH;6XD1vorwquLXjTSL5W4MJMGewZBeiEcPFmZw527TSwva;7HiD5rzoZxAYXEJ8Z4t3WgM8VE1iSKWJdxPPyEdDNzwN;7dACCWZXF4Lr9ftxFpi7TJk7a3hcPpUwGPAcTuXDpump;AbpJywMWmkf1MFonRddPVogSwPPZHB9pG4x2nKb1YaPn;Ajz86fyiygsv8kZkUyDxogxkz5VfKRs4HTEABVTfpump;H8oe2SCksJcYzhPeS4TsbteusgZW5k7QaZ4boKyq8C7U;HJPjdsDmcvgCj4MV3NvqCWd78qDP8BMzGfrsk4Nbpump;UsrcsZMqw6p53Fohu16UCBjsbjqc73XmoRFZDcnCtMR,2026-05-21T03:33:29Z,2026-05-21T03:33:29Z,HIGH,,True
F1WYv89YB2T5ENvVjq5NA8aCFmPJj4uThoXUerDrbSnJ,upstream,12,1,13V3CbY7Q7AXnf24FMsUaQrmLxnRU4Md9phDEWZvpump;2A6sLqrw8WN6KkgnCsN4xJkyAowBZHr2H9xQ4u3Mpump;3vfxnHSCS139RZiw6MPZaEvhySnjbEi81GuF5EdNpump;5DoZAeBkoci5t5zPhUiuhQFjuzYTfkSv5Seojsxppump;6sFMbTF2VTzutzKekenJujFZBqb4TiBZJKfyLMUbpump;7aLLQRBpGCaSLmmHGf34MGtbdtTumiB14d14TtDnpump;9CzNGAEutxKHJ5CwYC5Lk8X8YzgYrQnvKChP2BFEpump;AbpJywMWmkf1MFonRddPVogSwPPZHB9pG4x2nKb1YaPn;Ajz86fyiygsv8kZkUyDxogxkz5VfKRs4HTEABVTfpump;BUPNYwndVGfzVb6RG6q2PX53VdAimw2Mi98QxqeWpump;EkTkjVEfhvgkoCwheMTnr8mhEmJ6Q7ZR8q7ZMCcnpump;GL7M1C4QeLoURyexYgdhuP8SvaPh5LHQLRqKha3epump,2026-06-09T10:59:03Z,2026-06-09T10:59:03Z,MEDIUM,,True
Fdw2m5S1sHPHn1hvtCpEYSDCadTDQWCMvPgZ8P5EJz75,direct,12,1,25GrKYrc3y4LZmmuhppYgFRCKb7JyZ6grum4WhLYvA1z;2BucyGvsg9wwTwsaFsEUFgdphrCtp94pDRtHowJUpump;3f8CKfznVUGrFfhcq8ZBY9M1xyDeEQGrh6iH372h3ebN;57ANN8dAbPX8x1BEFFwzBttkzwpKZBEiJkdiWSzVNQvS;67afrnTxo8DVc52Uev61Yo4Yr9BGQpRw1RpPMWcx42La;69N7rm9nnp6sVoULtp5toD26F25rYum8593GupxkUYvH;7271ZR6GBzaGqdtP28ZqZ5BKRt2ziu4AnPnVCAL7pump;7Q9VxTczrzgvjXWbJJZibR7hbYAohngsNsuEhdEcpump;EHUzmwAzmUix7TkwVr7b16U9ChJDr3RpjfXshR5swy5j;Er5RuNhTEwJH5dHv9c3YGATjgkLCETH4dKazntyWEtXY;dy6zeSw9j2zHprXLwk1uUGAD4d2HF5R3pAFrL6bRAKs;sMe5iUcgTe4VXmg4WaShF5kuk6GmcKF3y4HqKGZpump,2026-08-22T15:23:24Z,2026-08-22T15:23:24Z,HIGH,,True
HnVKeQdZsb7vvqnikhqnW34Ntydf9f8JR78qYAAediWU,upstream,12,1,13V3CbY7Q7AXnf24FMsUaQrmLxnRU4Md9phDEWZvpump;2A6sLqrw8WN6KkgnCsN4xJkyAowBZHr2H9xQ4u3Mpump;3vfxnHSCS139RZiw6MPZaEvhySnjbEi81GuF5EdNpump;5DoZAeBkoci5t5zPhUiuhQFjuzYTfkSv5Seojsxppump;6sFMbTF2VTzutzKekenJujFZBqb4TiBZJKfyLMUbpump;7aLLQRBpGCaSLmmHGf34MGtbdtTumiB14d14TtDnpump;9CzNGAEutxKHJ5CwYC5Lk8X8YzgYrQnvKChP2BFEpump;AbpJywMWmkf1MFonRddPVogSwPPZHB9pG4x2nKb1YaPn;Ajz86fyiygsv8kZkUyDxogxkz5VfKRs4HTEABVTfpump;BUPNYwndVGfzVb6RG6q2PX53VdAimw2Mi98QxqeWpump;EkTkjVEfhvgkoCwheMTnr8mhEmJ6Q7ZR8q7ZMCcnpump;GL7M1C4QeLoURyexYgdhuP8SvaPh5LHQLRqKha3epump,2026-07-12T04:15:46Z,2026-07-12T04:15:46Z,MEDIUM,,True
H7sWT7eP83vkim7Gp81qsPwQzuzJK3E6Ps9KLbUezoCc,direct,11,18,25GrKYrc3y4LZmmuhppYgFRCKb7JyZ6grum4WhLYvA1z;47r9YPDeTVpwHjAakoVgnzNTJRChXC8f4KSUqMbEsBbM;4sjtHGeAKP6DoMUdvFqQuiYKhhPpwa9XCxUyuFD2pump;5EZ7yagvcsHcwH3e17khLwGzhFrCsx7CKS7ZN6J6i4Lh;67afrnTxo8DVc52Uev61Yo4Yr9BGQpRw1RpPMWcx42La;7HiD5rzoZxAYXEJ8Z4t3WgM8VE1iSKWJdxPPyEdDNzwN;7Q9VxTczrzgvjXWbJJZibR7hbYAohngsNsuEhdEcpump;7dACCWZXF4Lr9ftxFpi7TJk7a3hcPpUwGPAcTuXDpump;G9r7nnHSgvb7LUfCE8kavRaKokEMMYBjVHGKvQ6dpump;H8oe2SCksJcYzhPeS4TsbteusgZW5k7QaZ4boKyq8C7U;UsrcsZMqw6p53Fohu16UCBjsbjqc73XmoRFZDcnCtMR,2024-10-24T21:57:16Z,2026-08-23T17:02:12Z,HIGH,,True
kimkbEWyFh5gdkziZzeDMztwD3CbCP3PHtp39XG67pi,upstream,11,18,25GrKYrc3y4LZmmuhppYgFRCKb7JyZ6grum4WhLYvA1z;47r9YPDeTVpwHjAakoVgnzNTJRChXC8f4KSUqMbEsBbM;4sjtHGeAKP6DoMUdvFqQuiYKhhPpwa9XCxUyuFD2pump;5EZ7yagvcsHcwH3e17khLwGzhFrCsx7CKS7ZN6J6i4Lh;67afrnTxo8DVc52Uev61Yo4Yr9BGQpRw1RpPMWcx42La;7HiD5rzoZxAYXEJ8Z4t3WgM8VE1iSKWJdxPPyEdDNzwN;7Q9VxTczrzgvjXWbJJZibR7hbYAohngsNsuEhdEcpump;7dACCWZXF4Lr9ftxFpi7TJk7a3hcPpUwGPAcTuXDpump;G9r7nnHSgvb7LUfCE8kavRaKokEMMYBjVHGKvQ6dpump;H8oe2SCksJcYzhPeS4TsbteusgZW5k7QaZ4boKyq8C7U;UsrcsZMqw6p53Fohu16UCBjsbjqc73XmoRFZDcnCtMR,2024-02-05T19:53:14Z,2024-02-05T19:53:14Z,MEDIUM,,True
3vxheE5C46XzK4XftziRhwAf8QAfipD7HXXWj25mgkom,upstream,11,12,13V3CbY7Q7AXnf24FMsUaQrmLxnRU4Md9phDEWZvpump;21XJbyQWEhmeoxKRHdGrEjetSfHopvtp68LWzdvT471M;28HydoWU7TZQxWiVQxGZyspE3qgWdCHToNDVgLoNpump;5L6As5obMTXxKwjmGBy1LTRwW2Hm1PjSK18JhETrpump;5pSEZw1iytqYznD7crsGyKNek7q5JkjBqj2KmfqxUVZd;9PNfxvTARzdxvQas2uknW57bnfMCS1dxW1He7rPbuhuQ;ASftCNtzPNmK3nMDvpQNvpLauKS45Vkq7kwTPutqUBL1;D4aEpQLW45YnWrBmztcpJHqabbPtFe9F9PTv8Umvpump;EoKqyKksc4ekiPVuBD9FiztYQHkV59x8KTcZ3ReLpump;GfqKCwNeAdHHi97AmgCLP5qrwcSJRDdyZ1huiU6xUXTz;dy6zeSw9j2zHprXLwk1uUGAD4d2HF5R3pAFrL6bRAKs,2024-05-23T12:43:31Z,2026-09-18T00:50:44Z,MEDIUM,,True
AxiomRXZAq1Jgjj9pHmNqVP7Lhu67wLXZJZbaK87TTSk,upstream,11,12,13V3CbY7Q7AXnf24FMsUaQrmLxnRU4Md9phDEWZvpump;3uYT8w1FxasDGmM4WDG5kXu6D9BGvyP3iEfPJEVb6ewT;3vfxnHSCS139RZiw6MPZaEvhySnjbEi81GuF5EdNpump;5L6As5obMTXxKwjmGBy1LTRwW2Hm1PjSK18JhETrpump;6wSQipxdE9Suf8tVNaCEbcqavUbLT7gL9tibpm3Jpump;7p4MwwkUaMv4gBThVkW46QjwVaosaUrccbFV1MbXpump;8qT3o4k4aUmyLrgd7hHYmVxin3kFhQ9QsXdSXTP6pump;ASftCNtzPNmK3nMDvpQNvpLauKS45Vkq7kwTPutqUBL1;CziyAr14UNUrfkxpioWSumkLXMwWnDWN2bu2WR5ao7kc;F59cEB3A7RAKHGtkvR577swnPSP6EsdaBoL5AcVZpump;xeKm1qmxyHLJZLdwKpsZdx5UFtYyb124GTWRZWypump,2025-08-25T04:20:27Z,2026-07-22T00:20:27Z,MEDIUM,Axiom trading infrastructure,True
5z7gxL5u4jCW9D6acu28LEw4RKTiBSG1EmXbtCX7efg2,upstream,11,10,25GrKYrc3y4LZmmuhppYgFRCKb7JyZ6grum4WhLYvA1z;3GeNgcFpMwH9ts5b3W3jddtfwhwAURaykTy8YjtrGQWT;4n32UBFWKJNPQayeN25GrLJHswbja41XFMxebcg9pump;4prKtarobdhYDY4Hu3uGZMx7Je4HqPJeLVyxN6m4Ld3T;4sjtHGeAKP6DoMUdvFqQuiYKhhPpwa9XCxUyuFD2pump;6wSQipxdE9Suf8tVNaCEbcqavUbLT7gL9tibpm3Jpump;7mRDn1rAqjwFQXacodr1UmkNdvAGPbtNP9k5jvBZqt9J;9CzNGAEutxKHJ5CwYC5Lk8X8YzgYrQnvKChP2BFEpump;9hAojtonqe4RUQarvUYZhFqC99VK1S3LCewYkSjnpump;BE5ciZmcADAX78u2a1GrFiPMPC3rNXtdPGUrhzWB4k5d;EkTkjVEfhvgkoCwheMTnr8mhEmJ6Q7ZR8q7ZMCcnpump,2026-03-17T16:21:40Z,2026-03-17T16:21:40Z,MEDIUM,,True
D8cJRpXaCWVK8c3doDq7Ymoz2XE4WyhFhbgNytWwqptA,upstream,11,9,3GeNgcFpMwH9ts5b3W3jddtfwhwAURaykTy8YjtrGQWT;5o9sE9FEVC12zWBd2zqPXAhoVyRiNjGfaYX6hS3Ppump;6VMsrZvNaSzddT6vkY6dEDoFMeK5EoHD4KCAycfQpump;7Q9VxTczrzgvjXWbJJZibR7hbYAohngsNsuEhdEcpump;7aLLQRBpGCaSLmmHGf34MGtbdtTumiB14d14TtDnpump;BE5ciZmcADAX78u2a1GrFiPMPC3rNXtdPGUrhzWB4k5d;DJejJn1iJntJVTAixy4VRgqJFF3NMKPEMgVzbJFmpump;DQ2H7qcj262RAKfSxGYeL7cYJq54mVdXe4gYxUwxpump;EkTkjVEfhvgkoCwheMTnr8mhEmJ6Q7ZR8q7ZMCcnpump;GfqKCwNeAdHHi97AmgCLP5qrwcSJRDdyZ1huiU6xUXTz;JAqRn24FuQ5MFReXNgXb8uFej5vHJDxhVtebpQvHTQZy,2026-06-21T09:45:16Z,2026-09-12T22:08:41Z,MEDIUM,,True
C5EMTGGE87SqLyuvhShLDMj2jUBwqBLJAZF6ybK8Jyqw,direct,11,3,44s336LDz8bXp4rpxy1qwUfysZ4THjpReQWTKQg7pump;49aM4HrGABwG9F8iAn385zzcsS6mxHEFY8YN3H7y1Cd9;4ZUjJ5EJbwfh7teotB29uHc1SC3SiqbrkwJoNgsxibbU;5DoZAeBkoci5t5zPhUiuhQFjuzYTfkSv5Seojsxppump;7HiD5rzoZxAYXEJ8Z4t3WgM8VE1iSKWJdxPPyEdDNzwN;9hAojtonqe4RUQarvUYZhFqC99VK1S3LCewYkSjnpump;9xhMStAAufkH5jA5nevaGy6M9fCsQ74BZnsXyo93DkfA;BE5ciZmcADAX78u2a1GrFiPMPC3rNXtdPGUrhzWB4k5d;BUPNYwndVGfzVb6RG6q2PX53VdAimw2Mi98QxqeWpump;GKTxLXsmkjLDo89XmPa5htwK7sAzdqZ3jmfV6gaTvK67;dy6zeSw9j2zHprXLwk1uUGAD4d2HF5R3pAFrL6bRAKs,2026-04-15T15:21:28Z,2026-09-15T20:02:18Z,HIGH,,True
BTLG71P7eH7hxT4MMv1DUaSkH6G2aYp7hRKqocjeYrSy,direct,11,2,3GeNgcFpMwH9ts5b3W3jddtfwhwAURaykTy8YjtrGQWT;67afrnTxo8DVc52Uev61Yo4Yr9BGQpRw1RpPMWcx42La;7271ZR6GBzaGqdtP28ZqZ5BKRt2ziu4AnPnVCAL7pump;7aLLQRBpGCaSLmmHGf34MGtbdtTumiB14d14TtDnpump;7dACCWZXF4Lr9ftxFpi7TJk7a3hcPpUwGPAcTuXDpump;8ypYfW5cjafrfAZij8TZj5SFHAbPNpiRio96LMzypDkn;AmWCcDf6tG7zB3VPeDVjeXL5N567fXAiHcTKw3xXpump;D4aEpQLW45YnWrBmztcpJHqabbPtFe9F9PTv8Umvpump;DJejJn1iJntJVTAixy4VRgqJFF3NMKPEMgVzbJFmpump;DTm66ivA96mhuQnqTy1cv7uELS4MHdYtpbRGJdW9t7Fn;F59cEB3A7RAKHGtkvR577swnPSP6EsdaBoL5AcVZpump,2026-07-15T11:22:49Z,2026-09-25T03:20:13Z,HIGH,,True
4whAbL6cygyPpydKjemp2wr4ZvspWe4BPiBPPxYwTZKo,direct,11,1,2Tiw1Tna3kAut868cjXuKoyrv8U8gi1YjTaXw7Czpump;3f8CKfznVUGrFfhcq8ZBY9M1xyDeEQGrh6iH372h3ebN;3vfxnHSCS139RZiw6MPZaEvhySnjbEi81GuF5EdNpump;4GRTznsfLTRqaB2uMAFmmgaWtvfVyBb4qCsTjskUpump;4ZUjJ5EJbwfh7teotB29uHc1SC3SiqbrkwJoNgsxibbU;4n32UBFWKJNPQayeN25GrLJHswbja41XFMxebcg9pump;5nnWe5SCBaNMC3oNiR7utth6kx3mH1dhmCarjDb91shW;5o9sE9FEVC12zWBd2zqPXAhoVyRiNjGfaYX6hS3Ppump;5pSEZw1iytqYznD7crsGyKNek7q5JkjBqj2KmfqxUVZd;67afrnTxo8DVc52Uev61Yo4Yr9BGQpRw1RpPMWcx42La;H8oe2SCksJcYzhPeS4TsbteusgZW5k7QaZ4boKyq8C7U,2026-03-05T09:26:51Z,2026-03-05T09:26:51Z,HIGH,,True
5zKxnTh4o2dXL1tmXpbPz9efCcc4c3z1Bva8N5UzKJyJ,direct,11,1,25GrKYrc3y4LZmmuhppYgFRCKb7JyZ6grum4WhLYvA1z;3f8CKfznVUGrFfhcq8ZBY9M1xyDeEQGrh6iH372h3ebN;69N7rm9nnp6sVoULtp5toD26F25rYum8593GupxkUYvH;6XD1vorwquLXjTSL5W4MJMGewZBeiEcPFmZw527TSwva;6akNLpNd11oq4q5zxhXGwr5jwUi6Ke4CvKmF6QeUwJCQ;7HiD5rzoZxAYXEJ8Z4t3WgM8VE1iSKWJdxPPyEdDNzwN;9PNfxvTARzdxvQas2uknW57bnfMCS1dxW1He7rPbuhuQ;BE5ciZmcADAX78u2a1GrFiPMPC3rNXtdPGUrhzWB4k5d;DJejJn1iJntJVTAixy4VRgqJFF3NMKPEMgVzbJFmpump;H8oe2SCksJcYzhPeS4TsbteusgZW5k7QaZ4boKyq8C7U;UsrcsZMqw6p53Fohu16UCBjsbjqc73XmoRFZDcnCtMR,2026-01-27T13:43:29Z,2026-01-27T13:43:29Z,HIGH,,True
9PgnUC8KAs1zePf7U3h3v2jdJZxYpNyshTgJDuyqvTnE,upstream,11,1,2Tiw1Tna3kAut868cjXuKoyrv8U8gi1YjTaXw7Czpump;3f8CKfznVUGrFfhcq8ZBY9M1xyDeEQGrh6iH372h3ebN;3vfxnHSCS139RZiw6MPZaEvhySnjbEi81GuF5EdNpump;4GRTznsfLTRqaB2uMAFmmgaWtvfVyBb4qCsTjskUpump;4ZUjJ5EJbwfh7teotB29uHc1SC3SiqbrkwJoNgsxibbU;4n32UBFWKJNPQayeN25GrLJHswbja41XFMxebcg9pump;5nnWe5SCBaNMC3oNiR7utth6kx3mH1dhmCarjDb91shW;5o9sE9FEVC12zWBd2zqPXAhoVyRiNjGfaYX6hS3Ppump;5pSEZw1iytqYznD7crsGyKNek7q5JkjBqj2KmfqxUVZd;67afrnTxo8DVc52Uev61Yo4Yr9BGQpRw1RpPMWcx42La;H8oe2SCksJcYzhPeS4TsbteusgZW5k7QaZ4boKyq8C7U,2026-02-16T19:56:28Z,2026-02-16T19:56:28Z,MEDIUM,,True
Gu9viX22AFFtn7JH34exTTX6c743zkBV9qR5JdPMfaVH,direct,11,1,2BucyGvsg9wwTwsaFsEUFgdphrCtp94pDRtHowJUpump;3vfxnHSCS139RZiw6MPZaEvhySnjbEi81GuF5EdNpump;5nnWe5SCBaNMC3oNiR7utth6kx3mH1dhmCarjDb91shW;7271ZR6GBzaGqdtP28ZqZ5BKRt2ziu4AnPnVCAL7pump;7aLLQRBpGCaSLmmHGf34MGtbdtTumiB14d14TtDnpump;9mqJNDG2squcqZt2zC7cWWNtVozUbQUnzVnP1jG6pump;AbpJywMWmkf1MFonRddPVogSwPPZHB9pG4x2nKb1YaPn;AmWCcDf6tG7zB3VPeDVjeXL5N567fXAiHcTKw3xXpump;B3xU49SW3khA7m5Lgata2fmPxZeQRuaJbCruPsVDpump;DTm66ivA96mhuQnqTy1cv7uELS4MHdYtpbRGJdW9t7Fn;hHc9579gpKUnvYvgcKyjdpe1UhmfVfGzGwMQCADpump,2026-08-30T22:00:11Z,2026-08-30T22:00:11Z,HIGH,,True
72tcEgR2vorCfo2XFyavXFSdDgpqbszHTWyt9eEG3YZZ,upstream,10,11,25GrKYrc3y4LZmmuhppYgFRCKb7JyZ6grum4WhLYvA1z;4GRTznsfLTRqaB2uMAFmmgaWtvfVyBb4qCsTjskUpump;4ZUjJ5EJbwfh7teotB29uHc1SC3SiqbrkwJoNgsxibbU;5Sg1vv51KGCSDF2gBHgbNATCEXFjYtVhWgztNUwtgJYD;5nnWe5SCBaNMC3oNiR7utth6kx3mH1dhmCarjDb91shW;7mRDn1rAqjwFQXacodr1UmkNdvAGPbtNP9k5jvBZqt9J;8ypYfW5cjafrfAZij8TZj5SFHAbPNpiRio96LMzypDkn;9hAojtonqe4RUQarvUYZhFqC99VK1S3LCewYkSjnpump;BmU6YJP2YCAo8sc2dkeR8KjvF3rGFBHZL25ejysppump;H9GGsNc7vA4hN13N1oU4itq8x3mrdZBdw2XdK3Mipump,2022-08-18T10:49:00Z,2022-08-18T10:49:00Z,MEDIUM,,True
88xTWZMeKfiTgbfEmPLdsUCQcZinwUfk25EBQZ21XMAZ,upstream,10,11,4prKtarobdhYDY4Hu3uGZMx7Je4HqPJeLVyxN6m4Ld3T;5DoZAeBkoci5t5zPhUiuhQFjuzYTfkSv5Seojsxppump;5o43e7gYZWFNEpdqkegHY6LXkhMXB1z6f7d6TAVGEMTM;6XD1vorwquLXjTSL5W4MJMGewZBeiEcPFmZw527TSwva;9PNfxvTARzdxvQas2uknW57bnfMCS1dxW1He7rPbuhuQ;9xhMStAAufkH5jA5nevaGy6M9fCsQ74BZnsXyo93DkfA;H8oe2SCksJcYzhPeS4TsbteusgZW5k7QaZ4boKyq8C7U;H9GGsNc7vA4hN13N1oU4itq8x3mrdZBdw2XdK3Mipump;UsrcsZMqw6p53Fohu16UCBjsbjqc73XmoRFZDcnCtMR;rMPLDvnn6KR773WNhZvtFNcgFwnRkc7UbPkUaiMpump,2021-10-03T11:27:35Z,2023-12-07T09:00:22Z,MEDIUM,,True
CSEncqtqbmNRjve42sNnbs5cCSmrjUNsAEwc17XY2RCs,direct,10,10,13V3CbY7Q7AXnf24FMsUaQrmLxnRU4Md9phDEWZvpump;21XJbyQWEhmeoxKRHdGrEjetSfHopvtp68LWzdvT471M;4kkrecvSVnnkK3RZcJ85tNFiZu9pWg584yHjNCqEpump;4n32UBFWKJNPQayeN25GrLJHswbja41XFMxebcg9pump;6VMsrZvNaSzddT6vkY6dEDoFMeK5EoHD4KCAycfQpump;6wSQipxdE9Suf8tVNaCEbcqavUbLT7gL9tibpm3Jpump;8G7aM6Gco4fHjVpmVvUdVvhKMKaWXJEqkCKRvPdepump;BE5ciZmcADAX78u2a1GrFiPMPC3rNXtdPGUrhzWB4k5d;GKTxLXsmkjLDo89XmPa5htwK7sAzdqZ3jmfV6gaTvK67;UsrcsZMqw6p53Fohu16UCBjsbjqc73XmoRFZDcnCtMR,2025-09-13T06:39:02Z,2026-09-04T12:04:42Z,HIGH,,True
DhEsUaJkT1DzkFUWLCkU21VruJQZk1es4zBRhU9QjK9R,upstream,10,9,3uYT8w1FxasDGmM4WDG5kXu6D9BGvyP3iEfPJEVb6ewT;44s336LDz8bXp4rpxy1qwUfysZ4THjpReQWTKQg7pump;5L6As5obMTXxKwjmGBy1LTRwW2Hm1PjSK18JhETrpump;69N7rm9nnp6sVoULtp5toD26F25rYum8593GupxkUYvH;7xXo3JYBqzh6D91XRppzFRLfw8wJHypeukGaNWwKgZ8m;9CzNGAEutxKHJ5CwYC5Lk8X8YzgYrQnvKChP2BFEpump;B3xU49SW3khA7m5Lgata2fmPxZeQRuaJbCruPsVDpump;D4aEpQLW45YnWrBmztcpJHqabbPtFe9F9PTv8Umvpump;EkTkjVEfhvgkoCwheMTnr8mhEmJ6Q7ZR8q7ZMCcnpump;GL7M1C4QeLoURyexYgdhuP8SvaPh5LHQLRqKha3epump,2024-10-30T01:25:47Z,2025-08-14T15:06:30Z,MEDIUM,,True
FUEiRTKsi4MozVStpKxdq3gdpxkfRjLnhvoznUcx69WU,upstream,10,8,5L6As5obMTXxKwjmGBy1LTRwW2Hm1PjSK18JhETrpump;67afrnTxo8DVc52Uev61Yo4Yr9BGQpRw1RpPMWcx42La;7Q9VxTczrzgvjXWbJJZibR7hbYAohngsNsuEhdEcpump;CziyAr14UNUrfkxpioWSumkLXMwWnDWN2bu2WR5ao7kc;DTm66ivA96mhuQnqTy1cv7uELS4MHdYtpbRGJdW9t7Fn;F41TwidZvJJcsx9c2BMwS6eH9W6HcUT4LzPmGvK9WU6N;G9r7nnHSgvb7LUfCE8kavRaKokEMMYBjVHGKvQ6dpump;JAqRn24FuQ5MFReXNgXb8uFej5vHJDxhVtebpQvHTQZy;rMPLDvnn6KR773WNhZvtFNcgFwnRkc7UbPkUaiMpump;sMe5iUcgTe4VXmg4WaShF5kuk6GmcKF3y4HqKGZpump,,,MEDIUM,,True
4bHUoZY36hmtW1FbJ1XJ5umWmFWXxx9voAe94M8PWNpL,direct,10,4,44s336LDz8bXp4rpxy1qwUfysZ4THjpReQWTKQg7pump;4n32UBFWKJNPQayeN25GrLJHswbja41XFMxebcg9pump;67afrnTxo8DVc52Uev61Yo4Yr9BGQpRw1RpPMWcx42La;7271ZR6GBzaGqdtP28ZqZ5BKRt2ziu4AnPnVCAL7pump;9ek8utEujXFmiM9wXcWKPF18y57PmeG8rsiBZGzzpump;B3xU49SW3khA7m5Lgata2fmPxZeQRuaJbCruPsVDpump;BE5ciZmcADAX78u2a1GrFiPMPC3rNXtdPGUrhzWB4k5d;CSLP8Vp7u9hrXQi7crPXqCp7BaJaG4JrNxqvR3jDpump;D4aEpQLW45YnWrBmztcpJHqabbPtFe9F9PTv8Umvpump;xeKm1qmxyHLJZLdwKpsZdx5UFtYyb124GTWRZWypump,2026-08-26T15:38:31Z,2026-09-03T18:00:38Z,HIGH,,True
DoAsxPQgiyAxyaJNvpAAUb2ups6rbJRdYrCPyWxwRxBb,upstream,10,3,3vfxnHSCS139RZiw6MPZaEvhySnjbEi81GuF5EdNpump;44s336LDz8bXp4rpxy1qwUfysZ4THjpReQWTKQg7pump;5o9sE9FEVC12zWBd2zqPXAhoVyRiNjGfaYX6hS3Ppump;7aLLQRBpGCaSLmmHGf34MGtbdtTumiB14d14TtDnpump;7p4MwwkUaMv4gBThVkW46QjwVaosaUrccbFV1MbXpump;AmWCcDf6tG7zB3VPeDVjeXL5N567fXAiHcTKw3xXpump;BE5ciZmcADAX78u2a1GrFiPMPC3rNXtdPGUrhzWB4k5d;EkTkjVEfhvgkoCwheMTnr8mhEmJ6Q7ZR8q7ZMCcnpump;F41TwidZvJJcsx9c2BMwS6eH9W6HcUT4LzPmGvK9WU6N;UsrcsZMqw6p53Fohu16UCBjsbjqc73XmoRFZDcnCtMR,2026-03-05T14:40:58Z,2026-05-12T18:57:28Z,MEDIUM,,True
E14xA9ASbrAzECUkUw87YDYEtWjSWTjVwYQfRD4NB9L,upstream,10,3,5nnWe5SCBaNMC3oNiR7utth6kx3mH1dhmCarjDb91shW;67afrnTxo8DVc52Uev61Yo4Yr9BGQpRw1RpPMWcx42La;6wSQipxdE9Suf8tVNaCEbcqavUbLT7gL9tibpm3Jpump;8G7aM6Gco4fHjVpmVvUdVvhKMKaWXJEqkCKRvPdepump;9hAojtonqe4RUQarvUYZhFqC99VK1S3LCewYkSjnpump;BUPNYwndVGfzVb6RG6q2PX53VdAimw2Mi98QxqeWpump;DQ2H7qcj262RAKfSxGYeL7cYJq54mVdXe4gYxUwxpump;DTm66ivA96mhuQnqTy1cv7uELS4MHdYtpbRGJdW9t7Fn;EoKqyKksc4ekiPVuBD9FiztYQHkV59x8KTcZ3ReLpump;xeKm1qmxyHLJZLdwKpsZdx5UFtYyb124GTWRZWypump,2025-08-17T14:45:51Z,2025-08-17T14:45:51Z,MEDIUM,,True
FpfsHusKvqc9LhupVPB1R67HuCiWDKrZMN4SJitrMdTj,upstream,10,3,4GRTznsfLTRqaB2uMAFmmgaWtvfVyBb4qCsTjskUpump;5EZ7yagvcsHcwH3e17khLwGzhFrCsx7CKS7ZN6J6i4Lh;5Sg1vv51KGCSDF2gBHgbNATCEXFjYtVhWgztNUwtgJYD;5nnWe5SCBaNMC3oNiR7utth6kx3mH1dhmCarjDb91shW;5pSEZw1iytqYznD7crsGyKNek7q5JkjBqj2KmfqxUVZd;7dACCWZXF4Lr9ftxFpi7TJk7a3hcPpUwGPAcTuXDpump;7mRDn1rAqjwFQXacodr1UmkNdvAGPbtNP9k5jvBZqt9J;BUPNYwndVGfzVb6RG6q2PX53VdAimw2Mi98QxqeWpump;EHUzmwAzmUix7TkwVr7b16U9ChJDr3RpjfXshR5swy5j;HJPjdsDmcvgCj4MV3NvqCWd78qDP8BMzGfrsk4Nbpump,2025-11-25T05:59:28Z,2025-12-10T05:27:00Z,MEDIUM,,True
GzgzW9SCpi1ZMMXeGHGAPFvVbpVMS7oFCRkEhqYZTzvF,upstream,10,3,5nnWe5SCBaNMC3oNiR7utth6kx3mH1dhmCarjDb91shW;67afrnTxo8DVc52Uev61Yo4Yr9BGQpRw1RpPMWcx42La;6wSQipxdE9Suf8tVNaCEbcqavUbLT7gL9tibpm3Jpump;8G7aM6Gco4fHjVpmVvUdVvhKMKaWXJEqkCKRvPdepump;9hAojtonqe4RUQarvUYZhFqC99VK1S3LCewYkSjnpump;BUPNYwndVGfzVb6RG6q2PX53VdAimw2Mi98QxqeWpump;DQ2H7qcj262RAKfSxGYeL7cYJq54mVdXe4gYxUwxpump;DTm66ivA96mhuQnqTy1cv7uELS4MHdYtpbRGJdW9t7Fn;EoKqyKksc4ekiPVuBD9FiztYQHkV59x8KTcZ3ReLpump;xeKm1qmxyHLJZLdwKpsZdx5UFtYyb124GTWRZWypump,2025-08-17T14:42:18Z,2025-08-17T14:42:18Z,MEDIUM,,True
WLZG31XNaD3GmdRW1GphLTLbWfh7REDQfYCURuxzAhU,direct,10,3,5nnWe5SCBaNMC3oNiR7utth6kx3mH1dhmCarjDb91shW;67afrnTxo8DVc52Uev61Yo4Yr9BGQpRw1RpPMWcx42La;6wSQipxdE9Suf8tVNaCEbcqavUbLT7gL9tibpm3Jpump;8G7aM6Gco4fHjVpmVvUdVvhKMKaWXJEqkCKRvPdepump;9hAojtonqe4RUQarvUYZhFqC99VK1S3LCewYkSjnpump;BUPNYwndVGfzVb6RG6q2PX53VdAimw2Mi98QxqeWpump;DQ2H7qcj262RAKfSxGYeL7cYJq54mVdXe4gYxUwxpump;DTm66ivA96mhuQnqTy1cv7uELS4MHdYtpbRGJdW9t7Fn;EoKqyKksc4ekiPVuBD9FiztYQHkV59x8KTcZ3ReLpump;xeKm1qmxyHLJZLdwKpsZdx5UFtYyb124GTWRZWypump,2025-09-07T13:52:43Z,2026-02-22T13:02:52Z,HIGH,,True
En6uMwunpPmcvXXBuDvuf8zwAY2yCFtxfBBUrt4ZArM3,upstream,10,2,2Tiw1Tna3kAut868cjXuKoyrv8U8gi1YjTaXw7Czpump;2iSB473Z7L2ndpWs3n22tb7H3KSGpswDTH3jP7qCCAZT;49aM4HrGABwG9F8iAn385zzcsS6mxHEFY8YN3H7y1Cd9;5nnWe5SCBaNMC3oNiR7utth6kx3mH1dhmCarjDb91shW;67afrnTxo8DVc52Uev61Yo4Yr9BGQpRw1RpPMWcx42La;6akNLpNd11oq4q5zxhXGwr5jwUi6Ke4CvKmF6QeUwJCQ;7dACCWZXF4Lr9ftxFpi7TJk7a3hcPpUwGPAcTuXDpump;9ek8utEujXFmiM9wXcWKPF18y57PmeG8rsiBZGzzpump;CSLP8Vp7u9hrXQi7crPXqCp7BaJaG4JrNxqvR3jDpump;UsrcsZMqw6p53Fohu16UCBjsbjqc73XmoRFZDcnCtMR,2024-11-08T07:37:21Z,2024-11-08T07:37:21Z,MEDIUM,,True
GfViU5vGuBHDdXMTvZRa9sS63krdCAz9siXAgbwf2HsL,upstream,10,2,3coFBLantjJkMRmzaQ4znMQQzfqFYTyBeNhdXYAzpump;47r9YPDeTVpwHjAakoVgnzNTJRChXC8f4KSUqMbEsBbM;4GRTznsfLTRqaB2uMAFmmgaWtvfVyBb4qCsTjskUpump;69N7rm9nnp6sVoULtp5toD26F25rYum8593GupxkUYvH;6akNLpNd11oq4q5zxhXGwr5jwUi6Ke4CvKmF6QeUwJCQ;CSLP8Vp7u9hrXQi7crPXqCp7BaJaG4JrNxqvR3jDpump;EoKqyKksc4ekiPVuBD9FiztYQHkV59x8KTcZ3ReLpump;HJPjdsDmcvgCj4MV3NvqCWd78qDP8BMzGfrsk4Nbpump;UsrcsZMqw6p53Fohu16UCBjsbjqc73XmoRFZDcnCtMR;omskHvyNvQSn3PFak3E8JHQJeSVJFsrc6izWT12pump,2025-09-19T11:13:13Z,2025-09-19T11:13:13Z,MEDIUM,,True
Hq3n2r7hZWUXCxUpqxzZiAh1Yt9dfvUyLj1sebXqFAe1,direct,10,2,2iSB473Z7L2ndpWs3n22tb7H3KSGpswDTH3jP7qCCAZT;5EZ7yagvcsHcwH3e17khLwGzhFrCsx7CKS7ZN6J6i4Lh;7HiD5rzoZxAYXEJ8Z4t3WgM8VE1iSKWJdxPPyEdDNzwN;7dACCWZXF4Lr9ftxFpi7TJk7a3hcPpUwGPAcTuXDpump;7mRDn1rAqjwFQXacodr1UmkNdvAGPbtNP9k5jvBZqt9J;BUPNYwndVGfzVb6RG6q2PX53VdAimw2Mi98QxqeWpump;CHygERrxnc5QByNCwxUNSMhP7tKJA7rh6hNBdJ2spump;CSLP8Vp7u9hrXQi7crPXqCp7BaJaG4JrNxqvR3jDpump;DQ2H7qcj262RAKfSxGYeL7cYJq54mVdXe4gYxUwxpump;EkTkjVEfhvgkoCwheMTnr8mhEmJ6Q7ZR8q7ZMCcnpump,2025-04-29T04:27:31Z,2025-05-03T09:07:39Z,HIGH,,True
ArRdqGfyY38dD9GrZfbr88HPTNN3NL9WQxG9LTsW6mxh,direct,10,1,2Tiw1Tna3kAut868cjXuKoyrv8U8gi1YjTaXw7Czpump;2iSB473Z7L2ndpWs3n22tb7H3KSGpswDTH3jP7qCCAZT;49aM4HrGABwG9F8iAn385zzcsS6mxHEFY8YN3H7y1Cd9;5nnWe5SCBaNMC3oNiR7utth6kx3mH1dhmCarjDb91shW;67afrnTxo8DVc52Uev61Yo4Yr9BGQpRw1RpPMWcx42La;6akNLpNd11oq4q5zxhXGwr5jwUi6Ke4CvKmF6QeUwJCQ;7dACCWZXF4Lr9ftxFpi7TJk7a3hcPpUwGPAcTuXDpump;9ek8utEujXFmiM9wXcWKPF18y57PmeG8rsiBZGzzpump;CSLP8Vp7u9hrXQi7crPXqCp7BaJaG4JrNxqvR3jDpump;UsrcsZMqw6p53Fohu16UCBjsbjqc73XmoRFZDcnCtMR,2025-03-08T06:01:24Z,2025-03-08T06:01:24Z,HIGH,,True
brobiNWSf8UAeWph1RY555JwgLo5WUPT7ncLQVmSiMW,direct,10,1,13V3CbY7Q7AXnf24FMsUaQrmLxnRU4Md9phDEWZvpump;44s336LDz8bXp4rpxy1qwUfysZ4THjpReQWTKQg7pump;49aM4HrGABwG9F8iAn385zzcsS6mxHEFY8YN3H7y1Cd9;5DoZAeBkoci5t5zPhUiuhQFjuzYTfkSv5Seojsxppump;7aLLQRBpGCaSLmmHGf34MGtbdtTumiB14d14TtDnpump;AmWCcDf6tG7zB3VPeDVjeXL5N567fXAiHcTKw3xXpump;CSLP8Vp7u9hrXQi7crPXqCp7BaJaG4JrNxqvR3jDpump;GL7M1C4QeLoURyexYgdhuP8SvaPh5LHQLRqKha3epump;hHc9579gpKUnvYvgcKyjdpe1UhmfVfGzGwMQCADpump;sMe5iUcgTe4VXmg4WaShF5kuk6GmcKF3y4HqKGZpump,2026-08-23T10:05:13Z,2026-08-23T10:05:13Z,HIGH,,True
Dv34prGm2BT7Ph2n6qKLgzeLgjnii87RJJ7Db6ZQQvKM,upstream,9,13,21XJbyQWEhmeoxKRHdGrEjetSfHopvtp68LWzdvT471M;3uYT8w1FxasDGmM4WDG5kXu6D9BGvyP3iEfPJEVb6ewT;47r9YPDeTVpwHjAakoVgnzNTJRChXC8f4KSUqMbEsBbM;4ZUjJ5EJbwfh7teotB29uHc1SC3SiqbrkwJoNgsxibbU;57ANN8dAbPX8x1BEFFwzBttkzwpKZBEiJkdiWSzVNQvS;AbpJywMWmkf1MFonRddPVogSwPPZHB9pG4x2nKb1YaPn;CSLP8Vp7u9hrXQi7crPXqCp7BaJaG4JrNxqvR3jDpump;HJPjdsDmcvgCj4MV3NvqCWd78qDP8BMzGfrsk4Nbpump;dy6zeSw9j2zHprXLwk1uUGAD4d2HF5R3pAFrL6bRAKs,2026-07-31T11:02:01Z,2026-09-14T20:18:06Z,MEDIUM,,True
5TjSh51DeZfDF2mWTYPDWzJhYkNkMQk3ZHfq13JaKHkf,direct,9,10,2BucyGvsg9wwTwsaFsEUFgdphrCtp94pDRtHowJUpump;47r9YPDeTVpwHjAakoVgnzNTJRChXC8f4KSUqMbEsBbM;4n32UBFWKJNPQayeN25GrLJHswbja41XFMxebcg9pump;57ANN8dAbPX8x1BEFFwzBttkzwpKZBEiJkdiWSzVNQvS;5nnWe5SCBaNMC3oNiR7utth6kx3mH1dhmCarjDb91shW;AmWCcDf6tG7zB3VPeDVjeXL5N567fXAiHcTKw3xXpump;CSLP8Vp7u9hrXQi7crPXqCp7BaJaG4JrNxqvR3jDpump;EHUzmwAzmUix7TkwVr7b16U9ChJDr3RpjfXshR5swy5j;omskHvyNvQSn3PFak3E8JHQJeSVJFsrc6izWT12pump,2026-03-05T08:28:20Z,2026-06-26T23:38:12Z,HIGH,,True
8Tp9fFkZ2KcRBLYDTUNXo98Ez6ojGb6MZEPXfGDdeBzG,upstream,9,9,3GeNgcFpMwH9ts5b3W3jddtfwhwAURaykTy8YjtrGQWT;5nnWe5SCBaNMC3oNiR7utth6kx3mH1dhmCarjDb91shW;7p4MwwkUaMv4gBThVkW46QjwVaosaUrccbFV1MbXpump;9xhMStAAufkH5jA5nevaGy6M9fCsQ74BZnsXyo93DkfA;ASftCNtzPNmK3nMDvpQNvpLauKS45Vkq7kwTPutqUBL1;BE5ciZmcADAX78u2a1GrFiPMPC3rNXtdPGUrhzWB4k5d;BmU6YJP2YCAo8sc2dkeR8KjvF3rGFBHZL25ejysppump;DQ2H7qcj262RAKfSxGYeL7cYJq54mVdXe4gYxUwxpump;FuF2M5T79HJdpJUbp46qwWssLXQ1Xjf1yiNSfyo5UEGC,2025-05-09T13:58:17Z,2025-05-09T13:58:17Z,MEDIUM,,True
2snHHreXbpJ7UwZxPe37gnUNf7Wx7wv6UKDSR2JckKuS,upstream,9,7,6wSQipxdE9Suf8tVNaCEbcqavUbLT7gL9tibpm3Jpump;7dACCWZXF4Lr9ftxFpi7TJk7a3hcPpUwGPAcTuXDpump;9CzNGAEutxKHJ5CwYC5Lk8X8YzgYrQnvKChP2BFEpump;9mqJNDG2squcqZt2zC7cWWNtVozUbQUnzVnP1jG6pump;CHygERrxnc5QByNCwxUNSMhP7tKJA7rh6hNBdJ2spump;CSLP8Vp7u9hrXQi7crPXqCp7BaJaG4JrNxqvR3jDpump;EHUzmwAzmUix7TkwVr7b16U9ChJDr3RpjfXshR5swy5j;F41TwidZvJJcsx9c2BMwS6eH9W6HcUT4LzPmGvK9WU6N;GfqKCwNeAdHHi97AmgCLP5qrwcSJRDdyZ1huiU6xUXTz,2025-01-14T19:03:41Z,2026-04-02T04:17:37Z,MEDIUM,,True
5bXMabHqB9a4SmyVw9w84nRtySGFTuCMaqcpmSmNoNiM,upstream,9,4,2A6sLqrw8WN6KkgnCsN4xJkyAowBZHr2H9xQ4u3Mpump;4n32UBFWKJNPQayeN25GrLJHswbja41XFMxebcg9pump;7dACCWZXF4Lr9ftxFpi7TJk7a3hcPpUwGPAcTuXDpump;CSLP8Vp7u9hrXQi7crPXqCp7BaJaG4JrNxqvR3jDpump;DQ2H7qcj262RAKfSxGYeL7cYJq54mVdXe4gYxUwxpump;EkTkjVEfhvgkoCwheMTnr8mhEmJ6Q7ZR8q7ZMCcnpump;Er5RuNhTEwJH5dHv9c3YGATjgkLCETH4dKazntyWEtXY;HJPjdsDmcvgCj4MV3NvqCWd78qDP8BMzGfrsk4Nbpump;omskHvyNvQSn3PFak3E8JHQJeSVJFsrc6izWT12pump,2024-04-08T22:17:32Z,2024-04-08T22:17:32Z,MEDIUM,,True
BrGihgGjCmpu2p96rou6GQj3sQpwgeud937jf4RvZP9G,upstream,9,4,57ANN8dAbPX8x1BEFFwzBttkzwpKZBEiJkdiWSzVNQvS;5EZ7yagvcsHcwH3e17khLwGzhFrCsx7CKS7ZN6J6i4Lh;7271ZR6GBzaGqdtP28ZqZ5BKRt2ziu4AnPnVCAL7pump;7p4MwwkUaMv4gBThVkW46QjwVaosaUrccbFV1MbXpump;AmWCcDf6tG7zB3VPeDVjeXL5N567fXAiHcTKw3xXpump;B3xU49SW3khA7m5Lgata2fmPxZeQRuaJbCruPsVDpump;CziyAr14UNUrfkxpioWSumkLXMwWnDWN2bu2WR5ao7kc;EHUzmwAzmUix7TkwVr7b16U9ChJDr3RpjfXshR5swy5j;GL7M1C4QeLoURyexYgdhuP8SvaPh5LHQLRqKha3epump,2025-10-03T10:16:25Z,2026-09-30T20:54:03Z,MEDIUM,,True
5bb5kQKhp4zT3MYuFp7QSpkvJkghfLp6yjQbvTDLK2vy,direct,9,3,25GrKYrc3y4LZmmuhppYgFRCKb7JyZ6grum4WhLYvA1z;2A6sLqrw8WN6KkgnCsN4xJkyAowBZHr2H9xQ4u3Mpump;5o9sE9FEVC12zWBd2zqPXAhoVyRiNjGfaYX6hS3Ppump;69N7rm9nnp6sVoULtp5toD26F25rYum8593GupxkUYvH;7aLLQRBpGCaSLmmHGf34MGtbdtTumiB14d14TtDnpump;9mqJNDG2squcqZt2zC7cWWNtVozUbQUnzVnP1jG6pump;AmWCcDf6tG7zB3VPeDVjeXL5N567fXAiHcTKw3xXpump;BmU6YJP2YCAo8sc2dkeR8KjvF3rGFBHZL25ejysppump;UsrcsZMqw6p53Fohu16UCBjsbjqc73XmoRFZDcnCtMR,2026-07-03T11:10:13Z,2026-07-09T15:37:48Z,HIGH,,True
ESJYxHNvEpqDMywGUD6Feo5JtQqBR6gHoainv1axUC8s,upstream,9,2,28HydoWU7TZQxWiVQxGZyspE3qgWdCHToNDVgLoNpump;2BucyGvsg9wwTwsaFsEUFgdphrCtp94pDRtHowJUpump;3coFBLantjJkMRmzaQ4znMQQzfqFYTyBeNhdXYAzpump;4GRTznsfLTRqaB2uMAFmmgaWtvfVyBb4qCsTjskUpump;5o9sE9FEVC12zWBd2zqPXAhoVyRiNjGfaYX6hS3Ppump;5pSEZw1iytqYznD7crsGyKNek7q5JkjBqj2KmfqxUVZd;7aLLQRBpGCaSLmmHGf34MGtbdtTumiB14d14TtDnpump;7dACCWZXF4Lr9ftxFpi7TJk7a3hcPpUwGPAcTuXDpump;DQ2H7qcj262RAKfSxGYeL7cYJq54mVdXe4gYxUwxpump,2026-07-14T03:08:25Z,2026-07-14T03:08:25Z,MEDIUM,,True
26tJwK8BF8hTwd4wxJPPubHLb6dH8uq6owQT4FFLsHtZ,direct,9,1,5L6As5obMTXxKwjmGBy1LTRwW2Hm1PjSK18JhETrpump;5o9sE9FEVC12zWBd2zqPXAhoVyRiNjGfaYX6hS3Ppump;6sFMbTF2VTzutzKekenJujFZBqb4TiBZJKfyLMUbpump;7271ZR6GBzaGqdtP28ZqZ5BKRt2ziu4AnPnVCAL7pump;7aLLQRBpGCaSLmmHGf34MGtbdtTumiB14d14TtDnpump;BUPNYwndVGfzVb6RG6q2PX53VdAimw2Mi98QxqeWpump;H9GGsNc7vA4hN13N1oU4itq8x3mrdZBdw2XdK3Mipump;hHc9579gpKUnvYvgcKyjdpe1UhmfVfGzGwMQCADpump;xeKm1qmxyHLJZLdwKpsZdx5UFtYyb124GTWRZWypump,2026-03-22T01:42:43Z,2026-03-22T01:42:43Z,HIGH,,True
9fnbCdCystXJP5Ggwub2AZL74B7Vusj2KDPAJQEgscgS,upstream,9,1,2Tiw1Tna3kAut868cjXuKoyrv8U8gi1YjTaXw7Czpump;4kkrecvSVnnkK3RZcJ85tNFiZu9pWg584yHjNCqEpump;8ypYfW5cjafrfAZij8TZj5SFHAbPNpiRio96LMzypDkn;CziyAr14UNUrfkxpioWSumkLXMwWnDWN2bu2WR5ao7kc;DkDwxjD5JFK7hd7qUNHqNaTeqDGcZ1ia3Y6E7EUiehEn;Er5RuNhTEwJH5dHv9c3YGATjgkLCETH4dKazntyWEtXY;F41TwidZvJJcsx9c2BMwS6eH9W6HcUT4LzPmGvK9WU6N;GfqKCwNeAdHHi97AmgCLP5qrwcSJRDdyZ1huiU6xUXTz;dy6zeSw9j2zHprXLwk1uUGAD4d2HF5R3pAFrL6bRAKs,2023-11-30T03:44:10Z,2023-11-30T03:44:10Z,MEDIUM,,True
C1RuNDzQBgfFaeNwTLX5ss5K9Sb8Zn79nQBADyNuh3Dy,upstream,9,1,2Tiw1Tna3kAut868cjXuKoyrv8U8gi1YjTaXw7Czpump;4kkrecvSVnnkK3RZcJ85tNFiZu9pWg584yHjNCqEpump;8ypYfW5cjafrfAZij8TZj5SFHAbPNpiRio96LMzypDkn;CziyAr14UNUrfkxpioWSumkLXMwWnDWN2bu2WR5ao7kc;DkDwxjD5JFK7hd7qUNHqNaTeqDGcZ1ia3Y6E7EUiehEn;Er5RuNhTEwJH5dHv9c3YGATjgkLCETH4dKazntyWEtXY;F41TwidZvJJcsx9c2BMwS6eH9W6HcUT4LzPmGvK9WU6N;GfqKCwNeAdHHi97AmgCLP5qrwcSJRDdyZ1huiU6xUXTz;dy6zeSw9j2zHprXLwk1uUGAD4d2HF5R3pAFrL6bRAKs,2023-11-30T04:28:32Z,2023-11-30T04:28:32Z,MEDIUM,,True
FGMJAT3Yrouh1eTWpAzNUfToupBggySqTUe8VfnJquVg,direct,9,1,28HydoWU7TZQxWiVQxGZyspE3qgWdCHToNDVgLoNpump;2BucyGvsg9wwTwsaFsEUFgdphrCtp94pDRtHowJUpump;5o9sE9FEVC12zWBd2zqPXAhoVyRiNjGfaYX6hS3Ppump;7aLLQRBpGCaSLmmHGf34MGtbdtTumiB14d14TtDnpump;AmWCcDf6tG7zB3VPeDVjeXL5N567fXAiHcTKw3xXpump;DTm66ivA96mhuQnqTy1cv7uELS4MHdYtpbRGJdW9t7Fn;H9GGsNc7vA4hN13N1oU4itq8x3mrdZBdw2XdK3Mipump;hHc9579gpKUnvYvgcKyjdpe1UhmfVfGzGwMQCADpump;omskHvyNvQSn3PFak3E8JHQJeSVJFsrc6izWT12pump,2026-08-30T22:30:43Z,2026-08-30T22:30:43Z,HIGH,,True
HLY1sYoeGPh8JxpsWy3K328dSb2gCBxGWiuWGMmNaNMD,direct,9,1,13V3CbY7Q7AXnf24FMsUaQrmLxnRU4Md9phDEWZvpump;3coFBLantjJkMRmzaQ4znMQQzfqFYTyBeNhdXYAzpump;3f8CKfznVUGrFfhcq8ZBY9M1xyDeEQGrh6iH372h3ebN;4GRTznsfLTRqaB2uMAFmmgaWtvfVyBb4qCsTjskUpump;5pSEZw1iytqYznD7crsGyKNek7q5JkjBqj2KmfqxUVZd;9CzNGAEutxKHJ5CwYC5Lk8X8YzgYrQnvKChP2BFEpump;CHygERrxnc5QByNCwxUNSMhP7tKJA7rh6hNBdJ2spump;F59cEB3A7RAKHGtkvR577swnPSP6EsdaBoL5AcVZpump;hHc9579gpKUnvYvgcKyjdpe1UhmfVfGzGwMQCADpump,2025-02-16T23:15:35Z,2025-02-16T23:15:35Z,HIGH,,True
cPabHQWcAH3PZu6qha2Tk8Zn9s1eD14GUZLb8ar2Gzs,direct,9,1,2Tiw1Tna3kAut868cjXuKoyrv8U8gi1YjTaXw7Czpump;4kkrecvSVnnkK3RZcJ85tNFiZu9pWg584yHjNCqEpump;8ypYfW5cjafrfAZij8TZj5SFHAbPNpiRio96LMzypDkn;CziyAr14UNUrfkxpioWSumkLXMwWnDWN2bu2WR5ao7kc;DkDwxjD5JFK7hd7qUNHqNaTeqDGcZ1ia3Y6E7EUiehEn;Er5RuNhTEwJH5dHv9c3YGATjgkLCETH4dKazntyWEtXY;F41TwidZvJJcsx9c2BMwS6eH9W6HcUT4LzPmGvK9WU6N;GfqKCwNeAdHHi97AmgCLP5qrwcSJRDdyZ1huiU6xUXTz;dy6zeSw9j2zHprXLwk1uUGAD4d2HF5R3pAFrL6bRAKs,2025-09-19T02:28:55Z,2025-09-19T02:28:55Z,HIGH,,True
8QCVZ7KL65pBhUxbvfwbyyg4ronxNAEXbDrGLYLrRNn5,upstream,8,9,4ZUjJ5EJbwfh7teotB29uHc1SC3SiqbrkwJoNgsxibbU;57ANN8dAbPX8x1BEFFwzBttkzwpKZBEiJkdiWSzVNQvS;6gKx5EMvnymTVz2JgFhJAqpGxTYaBdVsaLb9YfPfvg4Y;7p4MwwkUaMv4gBThVkW46QjwVaosaUrccbFV1MbXpump;8qT3o4k4aUmyLrgd7hHYmVxin3kFhQ9QsXdSXTP6pump;D4aEpQLW45YnWrBmztcpJHqabbPtFe9F9PTv8Umvpump;F59cEB3A7RAKHGtkvR577swnPSP6EsdaBoL5AcVZpump;UsrcsZMqw6p53Fohu16UCBjsbjqc73XmoRFZDcnCtMR,2025-09-11T11:32:15Z,2026-09-27T03:07:09Z,MEDIUM,,True
A9BP3ZP1wH7H3JwDXTThcC6fb7zUW5AfrLXbHHqBQsG,upstream,8,8,3GeNgcFpMwH9ts5b3W3jddtfwhwAURaykTy8YjtrGQWT;5pSEZw1iytqYznD7crsGyKNek7q5JkjBqj2KmfqxUVZd;8qT3o4k4aUmyLrgd7hHYmVxin3kFhQ9QsXdSXTP6pump;9PNfxvTARzdxvQas2uknW57bnfMCS1dxW1He7rPbuhuQ;9ek8utEujXFmiM9wXcWKPF18y57PmeG8rsiBZGzzpump;B3xU49SW3khA7m5Lgata2fmPxZeQRuaJbCruPsVDpump;BZYpLHhui3qRNokWFg2JcX8CYtMqzWHR5R4xowjcbPqh;FuF2M5T79HJdpJUbp46qwWssLXQ1Xjf1yiNSfyo5UEGC,2025-05-31T01:13:54Z,2025-05-31T01:13:54Z,MEDIUM,,True
7b9NQcnK1jjE4n13mXybtLoMCL9VSik7NJenFki14fLC,upstream,8,7,4n32UBFWKJNPQayeN25GrLJHswbja41XFMxebcg9pump;4prKtarobdhYDY4Hu3uGZMx7Je4HqPJeLVyxN6m4Ld3T;8G7aM6Gco4fHjVpmVvUdVvhKMKaWXJEqkCKRvPdepump;DkDwxjD5JFK7hd7qUNHqNaTeqDGcZ1ia3Y6E7EUiehEn;EoKqyKksc4ekiPVuBD9FiztYQHkV59x8KTcZ3ReLpump;F41TwidZvJJcsx9c2BMwS6eH9W6HcUT4LzPmGvK9WU6N;GL7M1C4QeLoURyexYgdhuP8SvaPh5LHQLRqKha3epump;xeKm1qmxyHLJZLdwKpsZdx5UFtYyb124GTWRZWypump,2025-04-02T03:36:02Z,2025-04-02T03:36:02Z,MEDIUM,,True
Hmc2dLxZZ4xfHqn2wFCTBu11oCpYiuwsj23JBjJmD4ni,upstream,8,7,21XJbyQWEhmeoxKRHdGrEjetSfHopvtp68LWzdvT471M;7mRDn1rAqjwFQXacodr1UmkNdvAGPbtNP9k5jvBZqt9J;7xXo3JYBqzh6D91XRppzFRLfw8wJHypeukGaNWwKgZ8m;ASftCNtzPNmK3nMDvpQNvpLauKS45Vkq7kwTPutqUBL1;B3xU49SW3khA7m5Lgata2fmPxZeQRuaJbCruPsVDpump;D4aEpQLW45YnWrBmztcpJHqabbPtFe9F9PTv8Umvpump;Er5RuNhTEwJH5dHv9c3YGATjgkLCETH4dKazntyWEtXY;GfqKCwNeAdHHi97AmgCLP5qrwcSJRDdyZ1huiU6xUXTz,2026-07-24T22:15:42Z,2026-09-21T20:26:08Z,MEDIUM,,True
3iai9tqkbkAxq3uvSEi7KLcQbroDPgcF72N3hAjkWA3E,upstream,8,4,5EZ7yagvcsHcwH3e17khLwGzhFrCsx7CKS7ZN6J6i4Lh;7271ZR6GBzaGqdtP28ZqZ5BKRt2ziu4AnPnVCAL7pump;7p4MwwkUaMv4gBThVkW46QjwVaosaUrccbFV1MbXpump;AmWCcDf6tG7zB3VPeDVjeXL5N567fXAiHcTKw3xXpump;B3xU49SW3khA7m5Lgata2fmPxZeQRuaJbCruPsVDpump;CziyAr14UNUrfkxpioWSumkLXMwWnDWN2bu2WR5ao7kc;F41TwidZvJJcsx9c2BMwS6eH9W6HcUT4LzPmGvK9WU6N;GL7M1C4QeLoURyexYgdhuP8SvaPh5LHQLRqKha3epump,2024-10-29T01:42:07Z,2024-10-29T01:42:07Z,MEDIUM,,True
5hpZag8AmNHtDnfs3oC8W74HRuL4WarDviYnAfHbm1XJ,upstream,8,2,3coFBLantjJkMRmzaQ4znMQQzfqFYTyBeNhdXYAzpump;4GRTznsfLTRqaB2uMAFmmgaWtvfVyBb4qCsTjskUpump;5pSEZw1iytqYznD7crsGyKNek7q5JkjBqj2KmfqxUVZd;7dACCWZXF4Lr9ftxFpi7TJk7a3hcPpUwGPAcTuXDpump;BUPNYwndVGfzVb6RG6q2PX53VdAimw2Mi98QxqeWpump;DQ2H7qcj262RAKfSxGYeL7cYJq54mVdXe4gYxUwxpump;HJPjdsDmcvgCj4MV3NvqCWd78qDP8BMzGfrsk4Nbpump;hHc9579gpKUnvYvgcKyjdpe1UhmfVfGzGwMQCADpump,2026-07-14T03:13:44Z,2026-07-14T03:13:44Z,MEDIUM,,True
6MQJCAvWhP5XH1kHY1ZfXm59RKTbL6vkpKFiFPyXugyk,direct,8,2,4sjtHGeAKP6DoMUdvFqQuiYKhhPpwa9XCxUyuFD2pump;67afrnTxo8DVc52Uev61Yo4Yr9BGQpRw1RpPMWcx42La;7Q9VxTczrzgvjXWbJJZibR7hbYAohngsNsuEhdEcpump;AbpJywMWmkf1MFonRddPVogSwPPZHB9pG4x2nKb1YaPn;BE5ciZmcADAX78u2a1GrFiPMPC3rNXtdPGUrhzWB4k5d;DTm66ivA96mhuQnqTy1cv7uELS4MHdYtpbRGJdW9t7Fn;G9r7nnHSgvb7LUfCE8kavRaKokEMMYBjVHGKvQ6dpump;H9GGsNc7vA4hN13N1oU4itq8x3mrdZBdw2XdK3Mipump,2026-05-16T11:47:59Z,2026-07-29T20:33:28Z,HIGH,,True
J6DdwTar52hc1Bk7idh8c4wJ8XwHkH2tkyHimXtKJuBk,direct,8,2,3f8CKfznVUGrFfhcq8ZBY9M1xyDeEQGrh6iH372h3ebN;4prKtarobdhYDY4Hu3uGZMx7Je4HqPJeLVyxN6m4Ld3T;57ANN8dAbPX8x1BEFFwzBttkzwpKZBEiJkdiWSzVNQvS;67afrnTxo8DVc52Uev61Yo4Yr9BGQpRw1RpPMWcx42La;8ypYfW5cjafrfAZij8TZj5SFHAbPNpiRio96LMzypDkn;9CzNGAEutxKHJ5CwYC5Lk8X8YzgYrQnvKChP2BFEpump;Ajz86fyiygsv8kZkUyDxogxkz5VfKRs4HTEABVTfpump;EHUzmwAzmUix7TkwVr7b16U9ChJDr3RpjfXshR5swy5j,2026-08-26T15:38:32Z,2026-08-26T15:38:32Z,HIGH,,True
2vRhXKm7w5VMhSMHLHKA3Hb6YUneKMDxj68xTPYiwZB9,direct,8,1,2BucyGvsg9wwTwsaFsEUFgdphrCtp94pDRtHowJUpump;4ZUjJ5EJbwfh7teotB29uHc1SC3SiqbrkwJoNgsxibbU;5pSEZw1iytqYznD7crsGyKNek7q5JkjBqj2KmfqxUVZd;AmWCcDf6tG7zB3VPeDVjeXL5N567fXAiHcTKw3xXpump;CHygERrxnc5QByNCwxUNSMhP7tKJA7rh6hNBdJ2spump;D4aEpQLW45YnWrBmztcpJHqabbPtFe9F9PTv8Umvpump;DTm66ivA96mhuQnqTy1cv7uELS4MHdYtpbRGJdW9t7Fn;hHc9579gpKUnvYvgcKyjdpe1UhmfVfGzGwMQCADpump,2026-08-30T21:56:44Z,2026-08-30T21:56:44Z,HIGH,,True
5HsChPkobFXfABqQgf223a4sdsyYuWecUG2VJXfCxE3r,upstream,8,1,2BucyGvsg9wwTwsaFsEUFgdphrCtp94pDRtHowJUpump;4ZUjJ5EJbwfh7teotB29uHc1SC3SiqbrkwJoNgsxibbU;5pSEZw1iytqYznD7crsGyKNek7q5JkjBqj2KmfqxUVZd;AmWCcDf6tG7zB3VPeDVjeXL5N567fXAiHcTKw3xXpump;CHygERrxnc5QByNCwxUNSMhP7tKJA7rh6hNBdJ2spump;D4aEpQLW45YnWrBmztcpJHqabbPtFe9F9PTv8Umvpump;DTm66ivA96mhuQnqTy1cv7uELS4MHdYtpbRGJdW9t7Fn;hHc9579gpKUnvYvgcKyjdpe1UhmfVfGzGwMQCADpump,2026-07-14T03:02:17Z,2026-07-14T03:02:17Z,MEDIUM,,True
8gQGv878ydpjjLqWL9Z3mUeKifQzwEe7uaJxwzniNrAW,upstream,8,1,28HydoWU7TZQxWiVQxGZyspE3qgWdCHToNDVgLoNpump;2BucyGvsg9wwTwsaFsEUFgdphrCtp94pDRtHowJUpump;3coFBLantjJkMRmzaQ4znMQQzfqFYTyBeNhdXYAzpump;4GRTznsfLTRqaB2uMAFmmgaWtvfVyBb4qCsTjskUpump;5o9sE9FEVC12zWBd2zqPXAhoVyRiNjGfaYX6hS3Ppump;5pSEZw1iytqYznD7crsGyKNek7q5JkjBqj2KmfqxUVZd;7aLLQRBpGCaSLmmHGf34MGtbdtTumiB14d14TtDnpump;DQ2H7qcj262RAKfSxGYeL7cYJq54mVdXe4gYxUwxpump,2026-06-09T11:28:12Z,2026-06-09T11:28:12Z,MEDIUM,,True
A7Gr6Z7hjM7TxokyohE9X9G6MeYVwuimXzLkkj66hKDh,direct,8,1,25GrKYrc3y4LZmmuhppYgFRCKb7JyZ6grum4WhLYvA1z;3f8CKfznVUGrFfhcq8ZBY9M1xyDeEQGrh6iH372h3ebN;69N7rm9nnp6sVoULtp5toD26F25rYum8593GupxkUYvH;6akNLpNd11oq4q5zxhXGwr5jwUi6Ke4CvKmF6QeUwJCQ;7HiD5rzoZxAYXEJ8Z4t3WgM8VE1iSKWJdxPPyEdDNzwN;BE5ciZmcADAX78u2a1GrFiPMPC3rNXtdPGUrhzWB4k5d;DJejJn1iJntJVTAixy4VRgqJFF3NMKPEMgVzbJFmpump;UsrcsZMqw6p53Fohu16UCBjsbjqc73XmoRFZDcnCtMR,2026-09-25T07:15:56Z,2026-09-25T07:15:56Z,HIGH,,True
AjvTRk59JnUir6VNU6T9Q7L1amSqFrsP62JAQdNjeR7g,upstream,8,1,25GrKYrc3y4LZmmuhppYgFRCKb7JyZ6grum4WhLYvA1z;3f8CKfznVUGrFfhcq8ZBY9M1xyDeEQGrh6iH372h3ebN;69N7rm9nnp6sVoULtp5toD26F25rYum8593GupxkUYvH;6akNLpNd11oq4q5zxhXGwr5jwUi6Ke4CvKmF6QeUwJCQ;7HiD5rzoZxAYXEJ8Z4t3WgM8VE1iSKWJdxPPyEdDNzwN;BE5ciZmcADAX78u2a1GrFiPMPC3rNXtdPGUrhzWB4k5d;DJejJn1iJntJVTAixy4VRgqJFF3NMKPEMgVzbJFmpump;UsrcsZMqw6p53Fohu16UCBjsbjqc73XmoRFZDcnCtMR,2026-08-12T18:09:16Z,2026-08-12T18:09:16Z,MEDIUM,,True
B1noB7cAikcp8iR95yAhtWyc7q8jnzUv5L2u9AS9vPRD,upstream,8,1,2BucyGvsg9wwTwsaFsEUFgdphrCtp94pDRtHowJUpump;4ZUjJ5EJbwfh7teotB29uHc1SC3SiqbrkwJoNgsxibbU;5pSEZw1iytqYznD7crsGyKNek7q5JkjBqj2KmfqxUVZd;AmWCcDf6tG7zB3VPeDVjeXL5N567fXAiHcTKw3xXpump;CHygERrxnc5QByNCwxUNSMhP7tKJA7rh6hNBdJ2spump;D4aEpQLW45YnWrBmztcpJHqabbPtFe9F9PTv8Umvpump;DTm66ivA96mhuQnqTy1cv7uELS4MHdYtpbRGJdW9t7Fn;hHc9579gpKUnvYvgcKyjdpe1UhmfVfGzGwMQCADpump,2026-06-09T11:15:57Z,2026-06-09T11:15:57Z,MEDIUM,,True
FMftf5KTGDHua5i7yw9qdGMoSUDzdurQNrDno22ZXGXx,direct,8,1,28HydoWU7TZQxWiVQxGZyspE3qgWdCHToNDVgLoNpump;2BucyGvsg9wwTwsaFsEUFgdphrCtp94pDRtHowJUpump;3coFBLantjJkMRmzaQ4znMQQzfqFYTyBeNhdXYAzpump;4GRTznsfLTRqaB2uMAFmmgaWtvfVyBb4qCsTjskUpump;5o9sE9FEVC12zWBd2zqPXAhoVyRiNjGfaYX6hS3Ppump;5pSEZw1iytqYznD7crsGyKNek7q5JkjBqj2KmfqxUVZd;7aLLQRBpGCaSLmmHGf34MGtbdtTumiB14d14TtDnpump;DQ2H7qcj262RAKfSxGYeL7cYJq54mVdXe4gYxUwxpump,2026-08-30T22:04:29Z,2026-08-30T22:04:29Z,HIGH,,True
GoCE4JwdgJgSv7PRy2CFZZQLrv69MWyanM5F1E4NXggo,upstream,8,1,25GrKYrc3y4LZmmuhppYgFRCKb7JyZ6grum4WhLYvA1z;3f8CKfznVUGrFfhcq8ZBY9M1xyDeEQGrh6iH372h3ebN;69N7rm9nnp6sVoULtp5toD26F25rYum8593GupxkUYvH;6akNLpNd11oq4q5zxhXGwr5jwUi6Ke4CvKmF6QeUwJCQ;7HiD5rzoZxAYXEJ8Z4t3WgM8VE1iSKWJdxPPyEdDNzwN;BE5ciZmcADAX78u2a1GrFiPMPC3rNXtdPGUrhzWB4k5d;DJejJn1iJntJVTAixy4VRgqJFF3NMKPEMgVzbJFmpump;UsrcsZMqw6p53Fohu16UCBjsbjqc73XmoRFZDcnCtMR,2024-03-09T04:51:40Z,2024-03-09T04:51:40Z,MEDIUM,,True
Hy3KPgfw7GVQgWixY3s3y6HFczSQhrKiZK6A7dWxCCyB,direct,8,1,2iSB473Z7L2ndpWs3n22tb7H3KSGpswDTH3jP7qCCAZT;3coFBLantjJkMRmzaQ4znMQQzfqFYTyBeNhdXYAzpump;5o9sE9FEVC12zWBd2zqPXAhoVyRiNjGfaYX6hS3Ppump;ASftCNtzPNmK3nMDvpQNvpLauKS45Vkq7kwTPutqUBL1;AmWCcDf6tG7zB3VPeDVjeXL5N567fXAiHcTKw3xXpump;D4aEpQLW45YnWrBmztcpJHqabbPtFe9F9PTv8Umvpump;DQ2H7qcj262RAKfSxGYeL7cYJq54mVdXe4gYxUwxpump;F59cEB3A7RAKHGtkvR577swnPSP6EsdaBoL5AcVZpump,2026-08-30T08:48:33Z,2026-08-30T08:48:33Z,HIGH,,True
54Pz1e35z9uoFdnxtzjp7xZQoFiofqhdayQWBMN7dsuy,direct,7,7,5pSEZw1iytqYznD7crsGyKNek7q5JkjBqj2KmfqxUVZd;8qT3o4k4aUmyLrgd7hHYmVxin3kFhQ9QsXdSXTP6pump;9PNfxvTARzdxvQas2uknW57bnfMCS1dxW1He7rPbuhuQ;9ek8utEujXFmiM9wXcWKPF18y57PmeG8rsiBZGzzpump;B3xU49SW3khA7m5Lgata2fmPxZeQRuaJbCruPsVDpump;BZYpLHhui3qRNokWFg2JcX8CYtMqzWHR5R4xowjcbPqh;FuF2M5T79HJdpJUbp46qwWssLXQ1Xjf1yiNSfyo5UEGC,2026-08-17T05:33:55Z,2026-09-23T18:45:18Z,HIGH,,True
95ipm63sgxs1oHtn9rHfuvPKRRA6ZGeL7yBni8aynDW5,upstream,7,7,25GrKYrc3y4LZmmuhppYgFRCKb7JyZ6grum4WhLYvA1z;3GeNgcFpMwH9ts5b3W3jddtfwhwAURaykTy8YjtrGQWT;4n32UBFWKJNPQayeN25GrLJHswbja41XFMxebcg9pump;6wSQipxdE9Suf8tVNaCEbcqavUbLT7gL9tibpm3Jpump;7mRDn1rAqjwFQXacodr1UmkNdvAGPbtNP9k5jvBZqt9J;9hAojtonqe4RUQarvUYZhFqC99VK1S3LCewYkSjnpump;EkTkjVEfhvgkoCwheMTnr8mhEmJ6Q7ZR8q7ZMCcnpump,2026-04-25T21:00:02Z,2026-09-20T18:31:45Z,MEDIUM,,True
BGXGZvwKDhJbXJHR9NRPof7DK4ZNFPyq4Hr9q5gmRJyJ,upstream,7,7,5pSEZw1iytqYznD7crsGyKNek7q5JkjBqj2KmfqxUVZd;8qT3o4k4aUmyLrgd7hHYmVxin3kFhQ9QsXdSXTP6pump;9PNfxvTARzdxvQas2uknW57bnfMCS1dxW1He7rPbuhuQ;9ek8utEujXFmiM9wXcWKPF18y57PmeG8rsiBZGzzpump;B3xU49SW3khA7m5Lgata2fmPxZeQRuaJbCruPsVDpump;BZYpLHhui3qRNokWFg2JcX8CYtMqzWHR5R4xowjcbPqh;FuF2M5T79HJdpJUbp46qwWssLXQ1Xjf1yiNSfyo5UEGC,2025-01-19T19:37:07Z,2025-01-19T19:37:07Z,MEDIUM,,True
EMXJqHznGSnSzeMyigBGQNEFw4EeaNDbj1UwaFTpp3sg,upstream,7,7,5nnWe5SCBaNMC3oNiR7utth6kx3mH1dhmCarjDb91shW;6XD1vorwquLXjTSL5W4MJMGewZBeiEcPFmZw527TSwva;7xXo3JYBqzh6D91XRppzFRLfw8wJHypeukGaNWwKgZ8m;8qT3o4k4aUmyLrgd7hHYmVxin3kFhQ9QsXdSXTP6pump;DQ2H7qcj262RAKfSxGYeL7cYJq54mVdXe4gYxUwxpump;DTm66ivA96mhuQnqTy1cv7uELS4MHdYtpbRGJdW9t7Fn;EHUzmwAzmUix7TkwVr7b16U9ChJDr3RpjfXshR5swy5j,2025-08-16T06:01:03Z,2026-08-27T08:17:45Z,MEDIUM,,True
6brjeZNfSpqjWoo16z1YbywKguAruXZhNz9bJMVZE8pD,upstream,7,6,44s336LDz8bXp4rpxy1qwUfysZ4THjpReQWTKQg7pump;47r9YPDeTVpwHjAakoVgnzNTJRChXC8f4KSUqMbEsBbM;55bKo8bj1YVEgsbwkkd4Nwu7JhaZF9trUgbvpZ3YeVCA;5pSEZw1iytqYznD7crsGyKNek7q5JkjBqj2KmfqxUVZd;9xhMStAAufkH5jA5nevaGy6M9fCsQ74BZnsXyo93DkfA;BZYpLHhui3qRNokWFg2JcX8CYtMqzWHR5R4xowjcbPqh;JAqRn24FuQ5MFReXNgXb8uFej5vHJDxhVtebpQvHTQZy,2022-05-26T17:28:15Z,2025-01-19T20:24:55Z,MEDIUM,,True
HxEpRcehmKJTNECxTcWYtRs4DxyD1FCXBVTQ4jERr5BZ,upstream,7,6,4prKtarobdhYDY4Hu3uGZMx7Je4HqPJeLVyxN6m4Ld3T;5DoZAeBkoci5t5zPhUiuhQFjuzYTfkSv5Seojsxppump;5o43e7gYZWFNEpdqkegHY6LXkhMXB1z6f7d6TAVGEMTM;6XD1vorwquLXjTSL5W4MJMGewZBeiEcPFmZw527TSwva;9PNfxvTARzdxvQas2uknW57bnfMCS1dxW1He7rPbuhuQ;9xhMStAAufkH5jA5nevaGy6M9fCsQ74BZnsXyo93DkfA;H9GGsNc7vA4hN13N1oU4itq8x3mrdZBdw2XdK3Mipump,2020-11-07T09:53:37Z,2020-11-07T09:53:37Z,MEDIUM,,True
32ngBETKhNWXei5choskVLneHzQzxcaaDEM2nDzgG9QW,upstream,7,3,2A6sLqrw8WN6KkgnCsN4xJkyAowBZHr2H9xQ4u3Mpump;3GeNgcFpMwH9ts5b3W3jddtfwhwAURaykTy8YjtrGQWT;7271ZR6GBzaGqdtP28ZqZ5BKRt2ziu4AnPnVCAL7pump;9mqJNDG2squcqZt2zC7cWWNtVozUbQUnzVnP1jG6pump;AmWCcDf6tG7zB3VPeDVjeXL5N567fXAiHcTKw3xXpump;B3xU49SW3khA7m5Lgata2fmPxZeQRuaJbCruPsVDpump;DQ2H7qcj262RAKfSxGYeL7cYJq54mVdXe4gYxUwxpump,2026-01-11T04:20:36Z,2026-01-11T04:20:36Z,MEDIUM,,True
46YixXTzvBCMRiqBiAQ7gZ2uLYFzob9Ansqns4tGGoAy,upstream,7,2,2iSB473Z7L2ndpWs3n22tb7H3KSGpswDTH3jP7qCCAZT;4n32UBFWKJNPQayeN25GrLJHswbja41XFMxebcg9pump;4prKtarobdhYDY4Hu3uGZMx7Je4HqPJeLVyxN6m4Ld3T;7xXo3JYBqzh6D91XRppzFRLfw8wJHypeukGaNWwKgZ8m;ASftCNtzPNmK3nMDvpQNvpLauKS45Vkq7kwTPutqUBL1;H8oe2SCksJcYzhPeS4TsbteusgZW5k7QaZ4boKyq8C7U;UsrcsZMqw6p53Fohu16UCBjsbjqc73XmoRFZDcnCtMR,2025-06-23T01:59:14Z,2025-06-23T01:59:14Z,MEDIUM,,True
5gw4qDkMhX81g2PHrhYg23RLcF9KWgVNMHHNdYgALaGi,upstream,7,2,2BucyGvsg9wwTwsaFsEUFgdphrCtp94pDRtHowJUpump;49aM4HrGABwG9F8iAn385zzcsS6mxHEFY8YN3H7y1Cd9;6sFMbTF2VTzutzKekenJujFZBqb4TiBZJKfyLMUbpump;7dACCWZXF4Lr9ftxFpi7TJk7a3hcPpUwGPAcTuXDpump;7mRDn1rAqjwFQXacodr1UmkNdvAGPbtNP9k5jvBZqt9J;9mqJNDG2squcqZt2zC7cWWNtVozUbQUnzVnP1jG6pump;H9GGsNc7vA4hN13N1oU4itq8x3mrdZBdw2XdK3Mipump,2026-02-18T18:21:38Z,2026-02-18T18:21:38Z,MEDIUM,,True
85yes56w1NijxFwDbLeEJnKsUUzibLr6nwE1YsHwgVkB,upstream,7,2,25GrKYrc3y4LZmmuhppYgFRCKb7JyZ6grum4WhLYvA1z;2iSB473Z7L2ndpWs3n22tb7H3KSGpswDTH3jP7qCCAZT;3f8CKfznVUGrFfhcq8ZBY9M1xyDeEQGrh6iH372h3ebN;5EZ7yagvcsHcwH3e17khLwGzhFrCsx7CKS7ZN6J6i4Lh;7HiD5rzoZxAYXEJ8Z4t3WgM8VE1iSKWJdxPPyEdDNzwN;G9r7nnHSgvb7LUfCE8kavRaKokEMMYBjVHGKvQ6dpump;omskHvyNvQSn3PFak3E8JHQJeSVJFsrc6izWT12pump,2026-08-22T18:44:08Z,2026-08-22T18:44:08Z,MEDIUM,,True
BDuAJGTuPcUgfxWyKJVrWPASRyVTT8iTEc3j6xXPt1My,direct,7,2,47r9YPDeTVpwHjAakoVgnzNTJRChXC8f4KSUqMbEsBbM;4sjtHGeAKP6DoMUdvFqQuiYKhhPpwa9XCxUyuFD2pump;7HiD5rzoZxAYXEJ8Z4t3WgM8VE1iSKWJdxPPyEdDNzwN;9mqJNDG2squcqZt2zC7cWWNtVozUbQUnzVnP1jG6pump;AmWCcDf6tG7zB3VPeDVjeXL5N567fXAiHcTKw3xXpump;BmU6YJP2YCAo8sc2dkeR8KjvF3rGFBHZL25ejysppump;CHygERrxnc5QByNCwxUNSMhP7tKJA7rh6hNBdJ2spump,2026-07-03T11:10:08Z,2026-07-03T11:10:10Z,HIGH,,True
3ReqHX4KZGTxNRbgTWqJUurACmKhpJ1QVjL9PETt871E,direct,7,1,2Tiw1Tna3kAut868cjXuKoyrv8U8gi1YjTaXw7Czpump;4GRTznsfLTRqaB2uMAFmmgaWtvfVyBb4qCsTjskUpump;5nnWe5SCBaNMC3oNiR7utth6kx3mH1dhmCarjDb91shW;5pSEZw1iytqYznD7crsGyKNek7q5JkjBqj2KmfqxUVZd;BUPNYwndVGfzVb6RG6q2PX53VdAimw2Mi98QxqeWpump;CziyAr14UNUrfkxpioWSumkLXMwWnDWN2bu2WR5ao7kc;HJPjdsDmcvgCj4MV3NvqCWd78qDP8BMzGfrsk4Nbpump,2026-08-30T22:16:29Z,2026-08-30T22:16:29Z,HIGH,,True
4uR3i2EfzGBMDoNUKGnnzdCvKa3cn49UJQwBt4YaqHc9,upstream,7,1,2Tiw1Tna3kAut868cjXuKoyrv8U8gi1YjTaXw7Czpump;4GRTznsfLTRqaB2uMAFmmgaWtvfVyBb4qCsTjskUpump;5nnWe5SCBaNMC3oNiR7utth6kx3mH1dhmCarjDb91shW;5pSEZw1iytqYznD7crsGyKNek7q5JkjBqj2KmfqxUVZd;BUPNYwndVGfzVb6RG6q2PX53VdAimw2Mi98QxqeWpump;CziyAr14UNUrfkxpioWSumkLXMwWnDWN2bu2WR5ao7kc;HJPjdsDmcvgCj4MV3NvqCWd78qDP8BMzGfrsk4Nbpump,2026-07-14T23:10:20Z,2026-07-14T23:10:20Z,MEDIUM,,True
4zAhesR8L36ULUXY33Ny85R7MWsELENCWkNfr2tJTYfr,direct,7,1,3coFBLantjJkMRmzaQ4znMQQzfqFYTyBeNhdXYAzpump;4GRTznsfLTRqaB2uMAFmmgaWtvfVyBb4qCsTjskUpump;5pSEZw1iytqYznD7crsGyKNek7q5JkjBqj2KmfqxUVZd;BUPNYwndVGfzVb6RG6q2PX53VdAimw2Mi98QxqeWpump;DQ2H7qcj262RAKfSxGYeL7cYJq54mVdXe4gYxUwxpump;HJPjdsDmcvgCj4MV3NvqCWd78qDP8BMzGfrsk4Nbpump;hHc9579gpKUnvYvgcKyjdpe1UhmfVfGzGwMQCADpump,2026-08-30T22:33:32Z,2026-08-30T22:33:32Z,HIGH,,True
7QpPsdPgZFnuNWJTSopvKjh7dvxVj4iTw7VF2MNJdMFp,direct,7,1,6VMsrZvNaSzddT6vkY6dEDoFMeK5EoHD4KCAycfQpump;7Q9VxTczrzgvjXWbJJZibR7hbYAohngsNsuEhdEcpump;AmWCcDf6tG7zB3VPeDVjeXL5N567fXAiHcTKw3xXpump;B3xU49SW3khA7m5Lgata2fmPxZeQRuaJbCruPsVDpump;EoKqyKksc4ekiPVuBD9FiztYQHkV59x8KTcZ3ReLpump;F59cEB3A7RAKHGtkvR577swnPSP6EsdaBoL5AcVZpump;HJPjdsDmcvgCj4MV3NvqCWd78qDP8BMzGfrsk4Nbpump,2025-04-02T11:50:24Z,2025-04-02T11:50:24Z,HIGH,,True
85yes56w1NijxFwDbLeEJnKsUUzibLr6nwE1YsHwgVkB,direct,7,1,2BucyGvsg9wwTwsaFsEUFgdphrCtp94pDRtHowJUpump;3f8CKfznVUGrFfhcq8ZBY9M1xyDeEQGrh6iH372h3ebN;AbpJywMWmkf1MFonRddPVogSwPPZHB9pG4x2nKb1YaPn;B3xU49SW3khA7m5Lgata2fmPxZeQRuaJbCruPsVDpump;EoKqyKksc4ekiPVuBD9FiztYQHkV59x8KTcZ3ReLpump;F59cEB3A7RAKHGtkvR577swnPSP6EsdaBoL5AcVZpump;sMe5iUcgTe4VXmg4WaShF5kuk6GmcKF3y4HqKGZpump,2026-08-22T18:44:08Z,2026-08-22T18:44:08Z,HIGH,,True
8TuTs4KCzRQZNuiJZaEG2JikytsockR4tg4qAQxqt3YL,upstream,7,1,47r9YPDeTVpwHjAakoVgnzNTJRChXC8f4KSUqMbEsBbM;69N7rm9nnp6sVoULtp5toD26F25rYum8593GupxkUYvH;6akNLpNd11oq4q5zxhXGwr5jwUi6Ke4CvKmF6QeUwJCQ;EoKqyKksc4ekiPVuBD9FiztYQHkV59x8KTcZ3ReLpump;HJPjdsDmcvgCj4MV3NvqCWd78qDP8BMzGfrsk4Nbpump;UsrcsZMqw6p53Fohu16UCBjsbjqc73XmoRFZDcnCtMR;omskHvyNvQSn3PFak3E8JHQJeSVJFsrc6izWT12pump,2025-10-03T12:42:36Z,2025-10-03T12:42:36Z,MEDIUM,,True
DCxq8uGBD1prJNbC1kgXWwhYtaXWP8d8CXoyKbYaHNb5,upstream,7,1,6VMsrZvNaSzddT6vkY6dEDoFMeK5EoHD4KCAycfQpump;7Q9VxTczrzgvjXWbJJZibR7hbYAohngsNsuEhdEcpump;AmWCcDf6tG7zB3VPeDVjeXL5N567fXAiHcTKw3xXpump;B3xU49SW3khA7m5Lgata2fmPxZeQRuaJbCruPsVDpump;EoKqyKksc4ekiPVuBD9FiztYQHkV59x8KTcZ3ReLpump;F59cEB3A7RAKHGtkvR577swnPSP6EsdaBoL5AcVZpump;HJPjdsDmcvgCj4MV3NvqCWd78qDP8BMzGfrsk4Nbpump,2025-04-02T11:49:48Z,2025-04-02T11:49:48Z,MEDIUM,,True
DzRqREhHeiSVpGSurhnHvyqoFrweh99u9yUSdXL6CQft,direct,7,1,4GRTznsfLTRqaB2uMAFmmgaWtvfVyBb4qCsTjskUpump;5Sg1vv51KGCSDF2gBHgbNATCEXFjYtVhWgztNUwtgJYD;5nnWe5SCBaNMC3oNiR7utth6kx3mH1dhmCarjDb91shW;5pSEZw1iytqYznD7crsGyKNek7q5JkjBqj2KmfqxUVZd;7dACCWZXF4Lr9ftxFpi7TJk7a3hcPpUwGPAcTuXDpump;BUPNYwndVGfzVb6RG6q2PX53VdAimw2Mi98QxqeWpump;HJPjdsDmcvgCj4MV3NvqCWd78qDP8BMzGfrsk4Nbpump,2025-12-24T08:51:50Z,2025-12-24T08:51:50Z,HIGH,,True
EQrBF1UsrRU2PY1XzEpqRf1LBrAScco8LZPRiTGCv53J,upstream,7,1,2Tiw1Tna3kAut868cjXuKoyrv8U8gi1YjTaXw7Czpump;4GRTznsfLTRqaB2uMAFmmgaWtvfVyBb4qCsTjskUpump;5nnWe5SCBaNMC3oNiR7utth6kx3mH1dhmCarjDb91shW;5pSEZw1iytqYznD7crsGyKNek7q5JkjBqj2KmfqxUVZd;BUPNYwndVGfzVb6RG6q2PX53VdAimw2Mi98QxqeWpump;CziyAr14UNUrfkxpioWSumkLXMwWnDWN2bu2WR5ao7kc;HJPjdsDmcvgCj4MV3NvqCWd78qDP8BMzGfrsk4Nbpump,2025-09-24T22:11:22Z,2025-09-24T22:11:22Z,MEDIUM,,True
EWdAgcTdywcj5JxK4PEB4wN9zW2vtJDDrZcjbCUo3QaL,direct,7,1,5EZ7yagvcsHcwH3e17khLwGzhFrCsx7CKS7ZN6J6i4Lh;5Sg1vv51KGCSDF2gBHgbNATCEXFjYtVhWgztNUwtgJYD;5nnWe5SCBaNMC3oNiR7utth6kx3mH1dhmCarjDb91shW;6akNLpNd11oq4q5zxhXGwr5jwUi6Ke4CvKmF6QeUwJCQ;8ypYfW5cjafrfAZij8TZj5SFHAbPNpiRio96LMzypDkn;AgB5SxiP1DFZbW9uDAH7s8Mhv1HF21nJv67tnAAYpump;EHUzmwAzmUix7TkwVr7b16U9ChJDr3RpjfXshR5swy5j,2026-09-07T08:07:32Z,2026-09-07T08:07:32Z,HIGH,,True
EeVuoLc8r744EmSiJKEbBuJhFbogdx3yxSjQmqtmFjxj,upstream,7,1,2A6sLqrw8WN6KkgnCsN4xJkyAowBZHr2H9xQ4u3Mpump;4kkrecvSVnnkK3RZcJ85tNFiZu9pWg584yHjNCqEpump;5DoZAeBkoci5t5zPhUiuhQFjuzYTfkSv5Seojsxppump;7p4MwwkUaMv4gBThVkW46QjwVaosaUrccbFV1MbXpump;9mqJNDG2squcqZt2zC7cWWNtVozUbQUnzVnP1jG6pump;AgB5SxiP1DFZbW9uDAH7s8Mhv1HF21nJv67tnAAYpump;Er5RuNhTEwJH5dHv9c3YGATjgkLCETH4dKazntyWEtXY,2026-08-27T19:32:40Z,2026-08-27T19:32:40Z,MEDIUM,,True
Egq3yfEVJHvKtX6ETbaUXSSNXPLidb4DuvMKuRFRHA8Z,direct,7,1,2A6sLqrw8WN6KkgnCsN4xJkyAowBZHr2H9xQ4u3Mpump;4kkrecvSVnnkK3RZcJ85tNFiZu9pWg584yHjNCqEpump;5DoZAeBkoci5t5zPhUiuhQFjuzYTfkSv5Seojsxppump;7p4MwwkUaMv4gBThVkW46QjwVaosaUrccbFV1MbXpump;9mqJNDG2squcqZt2zC7cWWNtVozUbQUnzVnP1jG6pump;AgB5SxiP1DFZbW9uDAH7s8Mhv1HF21nJv67tnAAYpump;Er5RuNhTEwJH5dHv9c3YGATjgkLCETH4dKazntyWEtXY,2026-08-31T19:43:49Z,2026-08-31T19:43:49Z,HIGH,,True
FMdL2mr1qVgxata25DLtR1Um7zdfKRC2vV4oV9HPJcb,direct,7,1,3uYT8w1FxasDGmM4WDG5kXu6D9BGvyP3iEfPJEVb6ewT;44s336LDz8bXp4rpxy1qwUfysZ4THjpReQWTKQg7pump;9mqJNDG2squcqZt2zC7cWWNtVozUbQUnzVnP1jG6pump;B3xU49SW3khA7m5Lgata2fmPxZeQRuaJbCruPsVDpump;DQ2H7qcj262RAKfSxGYeL7cYJq54mVdXe4gYxUwxpump;EoKqyKksc4ekiPVuBD9FiztYQHkV59x8KTcZ3ReLpump;omskHvyNvQSn3PFak3E8JHQJeSVJFsrc6izWT12pump,2026-01-09T03:12:19Z,2026-01-09T03:12:19Z,HIGH,,True
FWsiUemtwodckXXjzHd4JRFsuuHpHJoRscN9oSPLLCJj,upstream,7,1,6VMsrZvNaSzddT6vkY6dEDoFMeK5EoHD4KCAycfQpump;7Q9VxTczrzgvjXWbJJZibR7hbYAohngsNsuEhdEcpump;AmWCcDf6tG7zB3VPeDVjeXL5N567fXAiHcTKw3xXpump;B3xU49SW3khA7m5Lgata2fmPxZeQRuaJbCruPsVDpump;EoKqyKksc4ekiPVuBD9FiztYQHkV59x8KTcZ3ReLpump;F59cEB3A7RAKHGtkvR577swnPSP6EsdaBoL5AcVZpump;HJPjdsDmcvgCj4MV3NvqCWd78qDP8BMzGfrsk4Nbpump,2025-04-02T11:49:58Z,2025-04-02T11:49:58Z,MEDIUM,,True
G8cPR7uJAcQVxn27WLqSL9esgBEfSB1amMoxt4Eqf1vC,upstream,7,1,2A6sLqrw8WN6KkgnCsN4xJkyAowBZHr2H9xQ4u3Mpump;4kkrecvSVnnkK3RZcJ85tNFiZu9pWg584yHjNCqEpump;5DoZAeBkoci5t5zPhUiuhQFjuzYTfkSv5Seojsxppump;7p4MwwkUaMv4gBThVkW46QjwVaosaUrccbFV1MbXpump;9mqJNDG2squcqZt2zC7cWWNtVozUbQUnzVnP1jG6pump;AgB5SxiP1DFZbW9uDAH7s8Mhv1HF21nJv67tnAAYpump;Er5RuNhTEwJH5dHv9c3YGATjgkLCETH4dKazntyWEtXY,2026-08-25T17:51:40Z,2026-08-25T17:51:40Z,MEDIUM,,True
GpWzQoGQRY5Lcb4NTeZvb2HjCcG5y8Wy46TBejzZu18g,direct,7,1,47r9YPDeTVpwHjAakoVgnzNTJRChXC8f4KSUqMbEsBbM;69N7rm9nnp6sVoULtp5toD26F25rYum8593GupxkUYvH;6akNLpNd11oq4q5zxhXGwr5jwUi6Ke4CvKmF6QeUwJCQ;EoKqyKksc4ekiPVuBD9FiztYQHkV59x8KTcZ3ReLpump;HJPjdsDmcvgCj4MV3NvqCWd78qDP8BMzGfrsk4Nbpump;UsrcsZMqw6p53Fohu16UCBjsbjqc73XmoRFZDcnCtMR;omskHvyNvQSn3PFak3E8JHQJeSVJFsrc6izWT12pump,2026-09-01T12:16:29Z,2026-09-01T12:16:29Z,HIGH,,True
2h8JJq1kAsJvKYVrsEqwhQTcy99p465esHUFcJA94QY2,upstream,6,7,4sjtHGeAKP6DoMUdvFqQuiYKhhPpwa9XCxUyuFD2pump;55bKo8bj1YVEgsbwkkd4Nwu7JhaZF9trUgbvpZ3YeVCA;5DoZAeBkoci5t5zPhUiuhQFjuzYTfkSv5Seojsxppump;9ek8utEujXFmiM9wXcWKPF18y57PmeG8rsiBZGzzpump;DkDwxjD5JFK7hd7qUNHqNaTeqDGcZ1ia3Y6E7EUiehEn;FuF2M5T79HJdpJUbp46qwWssLXQ1Xjf1yiNSfyo5UEGC,2025-05-02T14:30:24Z,2025-05-02T14:30:24Z,MEDIUM,,True
4NyK1AdJBNbgaJ9EsKz3J4rfeHsuYdjkTPg3JaNdLeFw,upstream,6,7,55bKo8bj1YVEgsbwkkd4Nwu7JhaZF9trUgbvpZ3YeVCA;9mqJNDG2squcqZt2zC7cWWNtVozUbQUnzVnP1jG6pump;BmU6YJP2YCAo8sc2dkeR8KjvF3rGFBHZL25ejysppump;D4aEpQLW45YnWrBmztcpJHqabbPtFe9F9PTv8Umvpump;EkTkjVEfhvgkoCwheMTnr8mhEmJ6Q7ZR8q7ZMCcnpump;Er5RuNhTEwJH5dHv9c3YGATjgkLCETH4dKazntyWEtXY,2025-06-17T19:44:11Z,2026-08-02T21:53:25Z,MEDIUM,,True
FfxU1AEhdz2q16TAmzgG6wdYP3NKsFz5gkYt4DprYBsH,upstream,6,7,3f8CKfznVUGrFfhcq8ZBY9M1xyDeEQGrh6iH372h3ebN;4prKtarobdhYDY4Hu3uGZMx7Je4HqPJeLVyxN6m4Ld3T;9mqJNDG2squcqZt2zC7cWWNtVozUbQUnzVnP1jG6pump;Er5RuNhTEwJH5dHv9c3YGATjgkLCETH4dKazntyWEtXY;FuF2M5T79HJdpJUbp46qwWssLXQ1Xjf1yiNSfyo5UEGC;GKTxLXsmkjLDo89XmPa5htwK7sAzdqZ3jmfV6gaTvK67,2026-03-11T06:21:20Z,2026-08-18T01:29:01Z,MEDIUM,,True
2Kr5MG6mkBXWUGXkYVJxmgSR5sLaFmkkHGEQDUujmNKS,upstream,6,6,4ZUjJ5EJbwfh7teotB29uHc1SC3SiqbrkwJoNgsxibbU;57ANN8dAbPX8x1BEFFwzBttkzwpKZBEiJkdiWSzVNQvS;5L6As5obMTXxKwjmGBy1LTRwW2Hm1PjSK18JhETrpump;6wSQipxdE9Suf8tVNaCEbcqavUbLT7gL9tibpm3Jpump;9xhMStAAufkH5jA5nevaGy6M9fCsQ74BZnsXyo93DkfA;EHUzmwAzmUix7TkwVr7b16U9ChJDr3RpjfXshR5swy5j,2023-06-15T22:09:06Z,2025-02-17T16:05:41Z,MEDIUM,,True
5BCgqYg51CANe8qUMPYWJsqRA4Y8HnyfmvkoJxcEmQfY,upstream,6,6,6XD1vorwquLXjTSL5W4MJMGewZBeiEcPFmZw527TSwva;7mRDn1rAqjwFQXacodr1UmkNdvAGPbtNP9k5jvBZqt9J;8G7aM6Gco4fHjVpmVvUdVvhKMKaWXJEqkCKRvPdepump;9CzNGAEutxKHJ5CwYC5Lk8X8YzgYrQnvKChP2BFEpump;EHUzmwAzmUix7TkwVr7b16U9ChJDr3RpjfXshR5swy5j;F59cEB3A7RAKHGtkvR577swnPSP6EsdaBoL5AcVZpump,2024-05-28T13:06:06Z,2025-02-13T15:41:49Z,MEDIUM,,True
DwdrYTtTWHfnfJBiN2RH6EgPbquDQLjZTfTwpykPEq1g,direct,6,6,3GeNgcFpMwH9ts5b3W3jddtfwhwAURaykTy8YjtrGQWT;7p4MwwkUaMv4gBThVkW46QjwVaosaUrccbFV1MbXpump;9xhMStAAufkH5jA5nevaGy6M9fCsQ74BZnsXyo93DkfA;BmU6YJP2YCAo8sc2dkeR8KjvF3rGFBHZL25ejysppump;DQ2H7qcj262RAKfSxGYeL7cYJq54mVdXe4gYxUwxpump;FuF2M5T79HJdpJUbp46qwWssLXQ1Xjf1yiNSfyo5UEGC,2025-07-24T22:49:42Z,2026-08-29T02:03:24Z,HIGH,,True
xm4dC6XCRH4MWUXCNNZ1MqYm8jZjnabV4BHS7Eyoj29,upstream,6,6,13V3CbY7Q7AXnf24FMsUaQrmLxnRU4Md9phDEWZvpump;28HydoWU7TZQxWiVQxGZyspE3qgWdCHToNDVgLoNpump;5L6As5obMTXxKwjmGBy1LTRwW2Hm1PjSK18JhETrpump;6sFMbTF2VTzutzKekenJujFZBqb4TiBZJKfyLMUbpump;9PNfxvTARzdxvQas2uknW57bnfMCS1dxW1He7rPbuhuQ;ASftCNtzPNmK3nMDvpQNvpLauKS45Vkq7kwTPutqUBL1,2026-05-10T15:42:18Z,2026-06-05T18:57:34Z,MEDIUM,,True
BY4StcU9Y2BpgH8quZzorg31EGE4L1rjomN8FNsCBEcx,direct,6,5,4prKtarobdhYDY4Hu3uGZMx7Je4HqPJeLVyxN6m4Ld3T;5DoZAeBkoci5t5zPhUiuhQFjuzYTfkSv5Seojsxppump;5o43e7gYZWFNEpdqkegHY6LXkhMXB1z6f7d6TAVGEMTM;6XD1vorwquLXjTSL5W4MJMGewZBeiEcPFmZw527TSwva;9PNfxvTARzdxvQas2uknW57bnfMCS1dxW1He7rPbuhuQ;9xhMStAAufkH5jA5nevaGy6M9fCsQ74BZnsXyo93DkfA,2025-09-29T16:07:32Z,2026-05-26T02:46:55Z,HIGH,,True
Dn74e5D3RWA79MfB58CxoXyGWyhwuu9sDqDcL47bvm3q,upstream,6,5,4ZUjJ5EJbwfh7teotB29uHc1SC3SiqbrkwJoNgsxibbU;5L6As5obMTXxKwjmGBy1LTRwW2Hm1PjSK18JhETrpump;6wSQipxdE9Suf8tVNaCEbcqavUbLT7gL9tibpm3Jpump;CSLP8Vp7u9hrXQi7crPXqCp7BaJaG4JrNxqvR3jDpump;CziyAr14UNUrfkxpioWSumkLXMwWnDWN2bu2WR5ao7kc;EHUzmwAzmUix7TkwVr7b16U9ChJDr3RpjfXshR5swy5j,2022-06-06T15:00:24Z,2022-06-06T15:00:24Z,MEDIUM,,True
AxiomRYAid8ZDhS1bJUAzEaNSr69aTWB9ATfdDLfUbnc,direct,6,4,5o43e7gYZWFNEpdqkegHY6LXkhMXB1z6f7d6TAVGEMTM;9CzNGAEutxKHJ5CwYC5Lk8X8YzgYrQnvKChP2BFEpump;9xhMStAAufkH5jA5nevaGy6M9fCsQ74BZnsXyo93DkfA;G9r7nnHSgvb7LUfCE8kavRaKokEMMYBjVHGKvQ6dpump;hHc9579gpKUnvYvgcKyjdpe1UhmfVfGzGwMQCADpump;rMPLDvnn6KR773WNhZvtFNcgFwnRkc7UbPkUaiMpump,2025-02-16T18:25:31Z,2025-06-16T08:53:11Z,HIGH,,True
4Ri6Rd7zN6M6H8jF3vPc6MqnmFioVcPaizZt3crLVGXd,upstream,6,3,2A6sLqrw8WN6KkgnCsN4xJkyAowBZHr2H9xQ4u3Mpump;4n32UBFWKJNPQayeN25GrLJHswbja41XFMxebcg9pump;EkTkjVEfhvgkoCwheMTnr8mhEmJ6Q7ZR8q7ZMCcnpump;HJPjdsDmcvgCj4MV3NvqCWd78qDP8BMzGfrsk4Nbpump;dy6zeSw9j2zHprXLwk1uUGAD4d2HF5R3pAFrL6bRAKs;omskHvyNvQSn3PFak3E8JHQJeSVJFsrc6izWT12pump,2024-12-23T21:23:21Z,2026-04-27T07:52:37Z,MEDIUM,,True
6Aj7L9qekp4enKGKr5GrGP7bK4p494pCqmt7BaVAgcsG,upstream,6,2,2iSB473Z7L2ndpWs3n22tb7H3KSGpswDTH3jP7qCCAZT;49aM4HrGABwG9F8iAn385zzcsS6mxHEFY8YN3H7y1Cd9;6VMsrZvNaSzddT6vkY6dEDoFMeK5EoHD4KCAycfQpump;7aLLQRBpGCaSLmmHGf34MGtbdtTumiB14d14TtDnpump;ASftCNtzPNmK3nMDvpQNvpLauKS45Vkq7kwTPutqUBL1;sMe5iUcgTe4VXmg4WaShF5kuk6GmcKF3y4HqKGZpump,2026-08-25T23:07:18Z,2026-08-25T23:07:18Z,MEDIUM,,True
6aa89USZ9fwM1xAqgwh1kb7pnsuh58ohzBxBnJVtfokZ,direct,6,2,3coFBLantjJkMRmzaQ4znMQQzfqFYTyBeNhdXYAzpump;4GRTznsfLTRqaB2uMAFmmgaWtvfVyBb4qCsTjskUpump;7Q9VxTczrzgvjXWbJJZibR7hbYAohngsNsuEhdEcpump;Ajz86fyiygsv8kZkUyDxogxkz5VfKRs4HTEABVTfpump;AmWCcDf6tG7zB3VPeDVjeXL5N567fXAiHcTKw3xXpump;F59cEB3A7RAKHGtkvR577swnPSP6EsdaBoL5AcVZpump,2026-08-27T22:44:28Z,2026-08-27T22:44:41Z,HIGH,,True
ATwnkyg654y1Zys7s1vLVPtZzErZpH1ZxiCZvSWpvhmi,upstream,6,2,2iSB473Z7L2ndpWs3n22tb7H3KSGpswDTH3jP7qCCAZT;6VMsrZvNaSzddT6vkY6dEDoFMeK5EoHD4KCAycfQpump;7aLLQRBpGCaSLmmHGf34MGtbdtTumiB14d14TtDnpump;ASftCNtzPNmK3nMDvpQNvpLauKS45Vkq7kwTPutqUBL1;CSLP8Vp7u9hrXQi7crPXqCp7BaJaG4JrNxqvR3jDpump;sMe5iUcgTe4VXmg4WaShF5kuk6GmcKF3y4HqKGZpump,2026-08-22T13:05:07Z,2026-08-22T13:05:07Z,MEDIUM,,True
BThY85WeRSHgwuuj2SPFN4MAzBdc3Mcs5VDwQPe2EtSJ,direct,6,2,2A6sLqrw8WN6KkgnCsN4xJkyAowBZHr2H9xQ4u3Mpump;3GeNgcFpMwH9ts5b3W3jddtfwhwAURaykTy8YjtrGQWT;7271ZR6GBzaGqdtP28ZqZ5BKRt2ziu4AnPnVCAL7pump;AmWCcDf6tG7zB3VPeDVjeXL5N567fXAiHcTKw3xXpump;B3xU49SW3khA7m5Lgata2fmPxZeQRuaJbCruPsVDpump;DQ2H7qcj262RAKfSxGYeL7cYJq54mVdXe4gYxUwxpump,2026-01-11T04:21:01Z,2026-02-09T15:06:01Z,HIGH,,True
FALMyY4KdHXYdi6A78z7ysFJfP2MXXcFMB2At2fPywES,upstream,6,2,3coFBLantjJkMRmzaQ4znMQQzfqFYTyBeNhdXYAzpump;4GRTznsfLTRqaB2uMAFmmgaWtvfVyBb4qCsTjskUpump;7Q9VxTczrzgvjXWbJJZibR7hbYAohngsNsuEhdEcpump;Ajz86fyiygsv8kZkUyDxogxkz5VfKRs4HTEABVTfpump;AmWCcDf6tG7zB3VPeDVjeXL5N567fXAiHcTKw3xXpump;F59cEB3A7RAKHGtkvR577swnPSP6EsdaBoL5AcVZpump,2026-07-12T17:13:57Z,2026-07-12T17:13:57Z,MEDIUM,,True
rHgiEB6j8NyJBkJvJ5y9dEqitgL7xqoEmw431Q6qmbH,upstream,6,2,3coFBLantjJkMRmzaQ4znMQQzfqFYTyBeNhdXYAzpump;4GRTznsfLTRqaB2uMAFmmgaWtvfVyBb4qCsTjskUpump;7Q9VxTczrzgvjXWbJJZibR7hbYAohngsNsuEhdEcpump;Ajz86fyiygsv8kZkUyDxogxkz5VfKRs4HTEABVTfpump;AmWCcDf6tG7zB3VPeDVjeXL5N567fXAiHcTKw3xXpump;F59cEB3A7RAKHGtkvR577swnPSP6EsdaBoL5AcVZpump,2026-07-05T11:15:14Z,2026-07-05T11:15:14Z,MEDIUM,,True
2WiR5hyhLbpwkrZg2ZmhrwusVKFK2FdY4C81JiNY5L97,direct,6,1,47r9YPDeTVpwHjAakoVgnzNTJRChXC8f4KSUqMbEsBbM;4GRTznsfLTRqaB2uMAFmmgaWtvfVyBb4qCsTjskUpump;4kkrecvSVnnkK3RZcJ85tNFiZu9pWg584yHjNCqEpump;55bKo8bj1YVEgsbwkkd4Nwu7JhaZF9trUgbvpZ3YeVCA;5DoZAeBkoci5t5zPhUiuhQFjuzYTfkSv5Seojsxppump;hHc9579gpKUnvYvgcKyjdpe1UhmfVfGzGwMQCADpump,2026-08-05T18:46:54Z,2026-08-05T18:46:54Z,HIGH,,True
2a7uAn7EvxZcn4cq5FrmQwPyCxmuur5DkbRuiFwFv2Za,direct,6,1,13V3CbY7Q7AXnf24FMsUaQrmLxnRU4Md9phDEWZvpump;44s336LDz8bXp4rpxy1qwUfysZ4THjpReQWTKQg7pump;49aM4HrGABwG9F8iAn385zzcsS6mxHEFY8YN3H7y1Cd9;6VMsrZvNaSzddT6vkY6dEDoFMeK5EoHD4KCAycfQpump;8ypYfW5cjafrfAZij8TZj5SFHAbPNpiRio96LMzypDkn;AgB5SxiP1DFZbW9uDAH7s8Mhv1HF21nJv67tnAAYpump,2024-10-26T18:17:51Z,2024-10-26T18:17:51Z,HIGH,,True
3KKiingTj7vuJ6JSoqopnHDSdFiXkKHrxM1gZyPjrQNE,direct,6,1,3coFBLantjJkMRmzaQ4znMQQzfqFYTyBeNhdXYAzpump;6gKx5EMvnymTVz2JgFhJAqpGxTYaBdVsaLb9YfPfvg4Y;BUPNYwndVGfzVb6RG6q2PX53VdAimw2Mi98QxqeWpump;D4aEpQLW45YnWrBmztcpJHqabbPtFe9F9PTv8Umvpump;EoKqyKksc4ekiPVuBD9FiztYQHkV59x8KTcZ3ReLpump;xeKm1qmxyHLJZLdwKpsZdx5UFtYyb124GTWRZWypump,2026-07-07T13:58:37Z,2026-07-07T13:58:37Z,HIGH,,True
3t57E5DkEYVahjqSUjS9uDw5kzfhw85FZk7tLzm1jhnJ,direct,6,1,3uYT8w1FxasDGmM4WDG5kXu6D9BGvyP3iEfPJEVb6ewT;9CzNGAEutxKHJ5CwYC5Lk8X8YzgYrQnvKChP2BFEpump;9PNfxvTARzdxvQas2uknW57bnfMCS1dxW1He7rPbuhuQ;9xhMStAAufkH5jA5nevaGy6M9fCsQ74BZnsXyo93DkfA;CSLP8Vp7u9hrXQi7crPXqCp7BaJaG4JrNxqvR3jDpump;DQ2H7qcj262RAKfSxGYeL7cYJq54mVdXe4gYxUwxpump,2025-11-29T09:51:43Z,2025-11-29T09:51:43Z,HIGH,,True
4frBKrDzR63R8jAnZDkLTYRzUVByax6duBSruHeqdyv4,direct,6,1,6XD1vorwquLXjTSL5W4MJMGewZBeiEcPFmZw527TSwva;7mRDn1rAqjwFQXacodr1UmkNdvAGPbtNP9k5jvBZqt9J;9PNfxvTARzdxvQas2uknW57bnfMCS1dxW1He7rPbuhuQ;AgB5SxiP1DFZbW9uDAH7s8Mhv1HF21nJv67tnAAYpump;BZYpLHhui3qRNokWFg2JcX8CYtMqzWHR5R4xowjcbPqh;Er5RuNhTEwJH5dHv9c3YGATjgkLCETH4dKazntyWEtXY,2025-05-07T17:46:46Z,2025-05-07T17:46:46Z,HIGH,,True
4frBKrDzR63R8jAnZDkLTYRzUVByax6duBSruHeqdyv4,upstream,6,1,6XD1vorwquLXjTSL5W4MJMGewZBeiEcPFmZw527TSwva;7mRDn1rAqjwFQXacodr1UmkNdvAGPbtNP9k5jvBZqt9J;9PNfxvTARzdxvQas2uknW57bnfMCS1dxW1He7rPbuhuQ;AgB5SxiP1DFZbW9uDAH7s8Mhv1HF21nJv67tnAAYpump;BZYpLHhui3qRNokWFg2JcX8CYtMqzWHR5R4xowjcbPqh;Er5RuNhTEwJH5dHv9c3YGATjgkLCETH4dKazntyWEtXY,2025-05-07T17:46:46Z,2025-05-07T17:46:46Z,MEDIUM,,True
58F3sNyLPxJSHx8zbEMTKddVFaJXBMbZe4KVnbsP96sy,upstream,6,1,6XD1vorwquLXjTSL5W4MJMGewZBeiEcPFmZw527TSwva;7mRDn1rAqjwFQXacodr1UmkNdvAGPbtNP9k5jvBZqt9J;9PNfxvTARzdxvQas2uknW57bnfMCS1dxW1He7rPbuhuQ;AgB5SxiP1DFZbW9uDAH7s8Mhv1HF21nJv67tnAAYpump;BZYpLHhui3qRNokWFg2JcX8CYtMqzWHR5R4xowjcbPqh;Er5RuNhTEwJH5dHv9c3YGATjgkLCETH4dKazntyWEtXY,2025-04-13T13:23:10Z,2025-04-13T13:23:10Z,MEDIUM,,True
5CNnTuisNNkq7wH75soGHzEBNqYKPxxgac2rdZqAofBo,upstream,6,1,5EZ7yagvcsHcwH3e17khLwGzhFrCsx7CKS7ZN6J6i4Lh;5pSEZw1iytqYznD7crsGyKNek7q5JkjBqj2KmfqxUVZd;69N7rm9nnp6sVoULtp5toD26F25rYum8593GupxkUYvH;6XD1vorwquLXjTSL5W4MJMGewZBeiEcPFmZw527TSwva;7HiD5rzoZxAYXEJ8Z4t3WgM8VE1iSKWJdxPPyEdDNzwN;EHUzmwAzmUix7TkwVr7b16U9ChJDr3RpjfXshR5swy5j,2026-07-22T18:19:06Z,2026-07-22T18:19:06Z,MEDIUM,,True
5bb5kQKhp4zT3MYuFp7QSpkvJkghfLp6yjQbvTDLK2vy,upstream,6,1,3coFBLantjJkMRmzaQ4znMQQzfqFYTyBeNhdXYAzpump;6gKx5EMvnymTVz2JgFhJAqpGxTYaBdVsaLb9YfPfvg4Y;BUPNYwndVGfzVb6RG6q2PX53VdAimw2Mi98QxqeWpump;D4aEpQLW45YnWrBmztcpJHqabbPtFe9F9PTv8Umvpump;EoKqyKksc4ekiPVuBD9FiztYQHkV59x8KTcZ3ReLpump;xeKm1qmxyHLJZLdwKpsZdx5UFtYyb124GTWRZWypump,2026-07-03T11:10:16Z,2026-07-03T11:10:16Z,MEDIUM,,True
6VzXcLk9rCLDHgRBmUGKK8HY2KvhHmR4pZPCxi4tA1kx,direct,6,1,4n32UBFWKJNPQayeN25GrLJHswbja41XFMxebcg9pump;BE5ciZmcADAX78u2a1GrFiPMPC3rNXtdPGUrhzWB4k5d;GfqKCwNeAdHHi97AmgCLP5qrwcSJRDdyZ1huiU6xUXTz;H8oe2SCksJcYzhPeS4TsbteusgZW5k7QaZ4boKyq8C7U;HJPjdsDmcvgCj4MV3NvqCWd78qDP8BMzGfrsk4Nbpump;sMe5iUcgTe4VXmg4WaShF5kuk6GmcKF3y4HqKGZpump,2026-09-07T08:06:43Z,2026-09-07T08:06:43Z,HIGH,,True
6d9uznGiDAwkgVKFiReWgSp2RGtpuZ4gGbwjdNBi8EuA,direct,6,1,5o9sE9FEVC12zWBd2zqPXAhoVyRiNjGfaYX6hS3Ppump;7xXo3JYBqzh6D91XRppzFRLfw8wJHypeukGaNWwKgZ8m;BZYpLHhui3qRNokWFg2JcX8CYtMqzWHR5R4xowjcbPqh;DkDwxjD5JFK7hd7qUNHqNaTeqDGcZ1ia3Y6E7EUiehEn;Er5RuNhTEwJH5dHv9c3YGATjgkLCETH4dKazntyWEtXY;JAqRn24FuQ5MFReXNgXb8uFej5vHJDxhVtebpQvHTQZy,2026-03-21T14:41:04Z,2026-03-21T14:41:04Z,HIGH,,True
7s466j3RdULGfJjjVehcx32bVUeMyACgTzs3Z3tBwDJg,upstream,6,1,13V3CbY7Q7AXnf24FMsUaQrmLxnRU4Md9phDEWZvpump;44s336LDz8bXp4rpxy1qwUfysZ4THjpReQWTKQg7pump;49aM4HrGABwG9F8iAn385zzcsS6mxHEFY8YN3H7y1Cd9;6VMsrZvNaSzddT6vkY6dEDoFMeK5EoHD4KCAycfQpump;8ypYfW5cjafrfAZij8TZj5SFHAbPNpiRio96LMzypDkn;AgB5SxiP1DFZbW9uDAH7s8Mhv1HF21nJv67tnAAYpump,2024-10-23T02:33:21Z,2024-10-23T02:33:21Z,MEDIUM,,True
83Fh3RRxWPL1cJEH13SQTPoFiQ2AynNdcKjTx5Naznj8,upstream,6,1,3uYT8w1FxasDGmM4WDG5kXu6D9BGvyP3iEfPJEVb6ewT;9CzNGAEutxKHJ5CwYC5Lk8X8YzgYrQnvKChP2BFEpump;9PNfxvTARzdxvQas2uknW57bnfMCS1dxW1He7rPbuhuQ;9xhMStAAufkH5jA5nevaGy6M9fCsQ74BZnsXyo93DkfA;CSLP8Vp7u9hrXQi7crPXqCp7BaJaG4JrNxqvR3jDpump;DQ2H7qcj262RAKfSxGYeL7cYJq54mVdXe4gYxUwxpump,2025-10-06T05:00:15Z,2025-10-06T05:00:15Z,MEDIUM,,True
89HbgWduLwoxcofWpmn1EiF9wEdpgkNDEyPjzZ72mkDi,upstream,6,1,6XD1vorwquLXjTSL5W4MJMGewZBeiEcPFmZw527TSwva;7mRDn1rAqjwFQXacodr1UmkNdvAGPbtNP9k5jvBZqt9J;9PNfxvTARzdxvQas2uknW57bnfMCS1dxW1He7rPbuhuQ;AgB5SxiP1DFZbW9uDAH7s8Mhv1HF21nJv67tnAAYpump;BZYpLHhui3qRNokWFg2JcX8CYtMqzWHR5R4xowjcbPqh;Er5RuNhTEwJH5dHv9c3YGATjgkLCETH4dKazntyWEtXY,2025-09-22T11:12:37Z,2025-09-22T11:12:37Z,MEDIUM,,True
8vKELWvobdxNVodWFBmqkAFxqgaa6K3w6W4yvE8t8b4q,upstream,6,1,3GeNgcFpMwH9ts5b3W3jddtfwhwAURaykTy8YjtrGQWT;6gKx5EMvnymTVz2JgFhJAqpGxTYaBdVsaLb9YfPfvg4Y;7xXo3JYBqzh6D91XRppzFRLfw8wJHypeukGaNWwKgZ8m;8ypYfW5cjafrfAZij8TZj5SFHAbPNpiRio96LMzypDkn;AbpJywMWmkf1MFonRddPVogSwPPZHB9pG4x2nKb1YaPn;GfqKCwNeAdHHi97AmgCLP5qrwcSJRDdyZ1huiU6xUXTz,2024-10-24T10:35:56Z,2024-10-24T10:35:56Z,MEDIUM,,True
9AWUjwAQeb8ENB2sMwKH1oSER2Wx6va3XpiXoF1D31Nk,direct,6,1,5EZ7yagvcsHcwH3e17khLwGzhFrCsx7CKS7ZN6J6i4Lh;5pSEZw1iytqYznD7crsGyKNek7q5JkjBqj2KmfqxUVZd;69N7rm9nnp6sVoULtp5toD26F25rYum8593GupxkUYvH;6XD1vorwquLXjTSL5W4MJMGewZBeiEcPFmZw527TSwva;7HiD5rzoZxAYXEJ8Z4t3WgM8VE1iSKWJdxPPyEdDNzwN;EHUzmwAzmUix7TkwVr7b16U9ChJDr3RpjfXshR5swy5j,2026-09-12T13:28:39Z,2026-09-12T13:28:39Z,HIGH,,True
ARM8eBW9m4pb5TqhoCqyUx628cBuDhWqte6dHnMk5UqM,direct,6,1,44s336LDz8bXp4rpxy1qwUfysZ4THjpReQWTKQg7pump;5o9sE9FEVC12zWBd2zqPXAhoVyRiNjGfaYX6hS3Ppump;7aLLQRBpGCaSLmmHGf34MGtbdtTumiB14d14TtDnpump;7p4MwwkUaMv4gBThVkW46QjwVaosaUrccbFV1MbXpump;AmWCcDf6tG7zB3VPeDVjeXL5N567fXAiHcTKw3xXpump;EkTkjVEfhvgkoCwheMTnr8mhEmJ6Q7ZR8q7ZMCcnpump,2026-06-12T20:58:46Z,2026-06-12T20:58:46Z,HIGH,,True
AsoEput4ppv8vGQdcNypQqpKDB8V5mTmVQf3RAcWCqTT,upstream,6,1,3GeNgcFpMwH9ts5b3W3jddtfwhwAURaykTy8YjtrGQWT;6gKx5EMvnymTVz2JgFhJAqpGxTYaBdVsaLb9YfPfvg4Y;7xXo3JYBqzh6D91XRppzFRLfw8wJHypeukGaNWwKgZ8m;8ypYfW5cjafrfAZij8TZj5SFHAbPNpiRio96LMzypDkn;AbpJywMWmkf1MFonRddPVogSwPPZHB9pG4x2nKb1YaPn;GfqKCwNeAdHHi97AmgCLP5qrwcSJRDdyZ1huiU6xUXTz,2024-11-06T13:05:14Z,2024-11-06T13:05:14Z,MEDIUM,,True
AzCkcwXgMmAS29uzFA15BBhW8y8MB8sTrEbNzY28pAZU,direct,6,1,2BucyGvsg9wwTwsaFsEUFgdphrCtp94pDRtHowJUpump;44s336LDz8bXp4rpxy1qwUfysZ4THjpReQWTKQg7pump;6sFMbTF2VTzutzKekenJujFZBqb4TiBZJKfyLMUbpump;AbpJywMWmkf1MFonRddPVogSwPPZHB9pG4x2nKb1YaPn;H9GGsNc7vA4hN13N1oU4itq8x3mrdZBdw2XdK3Mipump;JAqRn24FuQ5MFReXNgXb8uFej5vHJDxhVtebpQvHTQZy,2026-02-15T12:45:36Z,2026-02-15T12:45:36Z,HIGH,,True
BG8ZtBbibcEZ7SCzUU7D3HjBKyw7gM3XVsXKhvKgTsfk,upstream,6,1,5o9sE9FEVC12zWBd2zqPXAhoVyRiNjGfaYX6hS3Ppump;7xXo3JYBqzh6D91XRppzFRLfw8wJHypeukGaNWwKgZ8m;BZYpLHhui3qRNokWFg2JcX8CYtMqzWHR5R4xowjcbPqh;DkDwxjD5JFK7hd7qUNHqNaTeqDGcZ1ia3Y6E7EUiehEn;Er5RuNhTEwJH5dHv9c3YGATjgkLCETH4dKazntyWEtXY;JAqRn24FuQ5MFReXNgXb8uFej5vHJDxhVtebpQvHTQZy,2026-01-24T00:24:40Z,2026-01-24T00:24:40Z,MEDIUM,,True
BiRSoKU43cEFfQjntjfkRdsSmGpc9qF8pUnZDZfYpBqm,upstream,6,1,8qT3o4k4aUmyLrgd7hHYmVxin3kFhQ9QsXdSXTP6pump;AbpJywMWmkf1MFonRddPVogSwPPZHB9pG4x2nKb1YaPn;Ajz86fyiygsv8kZkUyDxogxkz5VfKRs4HTEABVTfpump;B3xU49SW3khA7m5Lgata2fmPxZeQRuaJbCruPsVDpump;DQ2H7qcj262RAKfSxGYeL7cYJq54mVdXe4gYxUwxpump;EoKqyKksc4ekiPVuBD9FiztYQHkV59x8KTcZ3ReLpump,2025-05-15T18:34:21Z,2025-05-15T18:34:21Z,MEDIUM,,True
BigrT9DAnXnzVNFQPg3VF4WvyGyifFtFMVALPVsLnvTu,direct,6,1,3GeNgcFpMwH9ts5b3W3jddtfwhwAURaykTy8YjtrGQWT;6gKx5EMvnymTVz2JgFhJAqpGxTYaBdVsaLb9YfPfvg4Y;7xXo3JYBqzh6D91XRppzFRLfw8wJHypeukGaNWwKgZ8m;8ypYfW5cjafrfAZij8TZj5SFHAbPNpiRio96LMzypDkn;AbpJywMWmkf1MFonRddPVogSwPPZHB9pG4x2nKb1YaPn;GfqKCwNeAdHHi97AmgCLP5qrwcSJRDdyZ1huiU6xUXTz,2025-07-15T03:19:43Z,2025-07-15T03:19:43Z,HIGH,,True
CfYz1rUY5cBBk7rv9DDJRP1edTaZGe5ZjyhgYFVbDT33,upstream,6,1,6XD1vorwquLXjTSL5W4MJMGewZBeiEcPFmZw527TSwva;7mRDn1rAqjwFQXacodr1UmkNdvAGPbtNP9k5jvBZqt9J;9PNfxvTARzdxvQas2uknW57bnfMCS1dxW1He7rPbuhuQ;AgB5SxiP1DFZbW9uDAH7s8Mhv1HF21nJv67tnAAYpump;BZYpLHhui3qRNokWFg2JcX8CYtMqzWHR5R4xowjcbPqh;Er5RuNhTEwJH5dHv9c3YGATjgkLCETH4dKazntyWEtXY,2025-04-28T18:55:39Z,2025-04-28T18:55:39Z,MEDIUM,,True
D5Koegb2gqSwX8Gp6ze7V2Q8jKxnwHP6rCX7D2cdTJAL,direct,6,1,2A6sLqrw8WN6KkgnCsN4xJkyAowBZHr2H9xQ4u3Mpump;4kkrecvSVnnkK3RZcJ85tNFiZu9pWg584yHjNCqEpump;4n32UBFWKJNPQayeN25GrLJHswbja41XFMxebcg9pump;6VMsrZvNaSzddT6vkY6dEDoFMeK5EoHD4KCAycfQpump;AgB5SxiP1DFZbW9uDAH7s8Mhv1HF21nJv67tnAAYpump;dy6zeSw9j2zHprXLwk1uUGAD4d2HF5R3pAFrL6bRAKs,2026-09-06T04:18:33Z,2026-09-06T04:18:33Z,HIGH,,True
DN9AiZxa3zhxsphoxTpTR7wkXns3LpVq1mqrs1KMtsmX,upstream,6,1,3uYT8w1FxasDGmM4WDG5kXu6D9BGvyP3iEfPJEVb6ewT;9CzNGAEutxKHJ5CwYC5Lk8X8YzgYrQnvKChP2BFEpump;9PNfxvTARzdxvQas2uknW57bnfMCS1dxW1He7rPbuhuQ;9xhMStAAufkH5jA5nevaGy6M9fCsQ74BZnsXyo93DkfA;CSLP8Vp7u9hrXQi7crPXqCp7BaJaG4JrNxqvR3jDpump;DQ2H7qcj262RAKfSxGYeL7cYJq54mVdXe4gYxUwxpump,2025-10-07T08:21:11Z,2025-10-07T08:21:11Z,MEDIUM,,True
EvrZDaPt9S4MNzbzMZaPdG2KNyzu9w9TitWBu2Es3pJg,upstream,6,1,8qT3o4k4aUmyLrgd7hHYmVxin3kFhQ9QsXdSXTP6pump;AbpJywMWmkf1MFonRddPVogSwPPZHB9pG4x2nKb1YaPn;Ajz86fyiygsv8kZkUyDxogxkz5VfKRs4HTEABVTfpump;B3xU49SW3khA7m5Lgata2fmPxZeQRuaJbCruPsVDpump;DQ2H7qcj262RAKfSxGYeL7cYJq54mVdXe4gYxUwxpump;EoKqyKksc4ekiPVuBD9FiztYQHkV59x8KTcZ3ReLpump,2025-05-10T07:20:47Z,2025-05-10T07:20:47Z,MEDIUM,,True
EvsnmAWviUs9S2tiyK6RAwH5xUoaUFYiGHKHUMGk3ZGP,upstream,6,1,2A6sLqrw8WN6KkgnCsN4xJkyAowBZHr2H9xQ4u3Mpump;4kkrecvSVnnkK3RZcJ85tNFiZu9pWg584yHjNCqEpump;4n32UBFWKJNPQayeN25GrLJHswbja41XFMxebcg9pump;6VMsrZvNaSzddT6vkY6dEDoFMeK5EoHD4KCAycfQpump;AgB5SxiP1DFZbW9uDAH7s8Mhv1HF21nJv67tnAAYpump;dy6zeSw9j2zHprXLwk1uUGAD4d2HF5R3pAFrL6bRAKs,2025-10-03T16:11:10Z,2025-10-03T16:11:10Z,MEDIUM,,True
FMw5ksDXzAF1XAVcNwbZVfKJoG1H4Xa7PCFp8oEKTAKr,direct,6,1,8qT3o4k4aUmyLrgd7hHYmVxin3kFhQ9QsXdSXTP6pump;AbpJywMWmkf1MFonRddPVogSwPPZHB9pG4x2nKb1YaPn;Ajz86fyiygsv8kZkUyDxogxkz5VfKRs4HTEABVTfpump;B3xU49SW3khA7m5Lgata2fmPxZeQRuaJbCruPsVDpump;DQ2H7qcj262RAKfSxGYeL7cYJq54mVdXe4gYxUwxpump;EoKqyKksc4ekiPVuBD9FiztYQHkV59x8KTcZ3ReLpump,2026-02-10T07:09:36Z,2026-02-10T07:09:36Z,HIGH,,True
GeEwmJoPmvT7pjR7s7W1wLu98M978k4aR9oMD2JEyF4q,direct,6,1,6XD1vorwquLXjTSL5W4MJMGewZBeiEcPFmZw527TSwva;7mRDn1rAqjwFQXacodr1UmkNdvAGPbtNP9k5jvBZqt9J;9PNfxvTARzdxvQas2uknW57bnfMCS1dxW1He7rPbuhuQ;AgB5SxiP1DFZbW9uDAH7s8Mhv1HF21nJv67tnAAYpump;BZYpLHhui3qRNokWFg2JcX8CYtMqzWHR5R4xowjcbPqh;Er5RuNhTEwJH5dHv9c3YGATjgkLCETH4dKazntyWEtXY,2026-07-28T09:02:15Z,2026-07-28T09:02:15Z,HIGH,,True
GzGqsLiS3PDWNXDJesw1hA9qZSmkopUJvjJwvzPTxAKm,direct,6,1,21XJbyQWEhmeoxKRHdGrEjetSfHopvtp68LWzdvT471M;3vfxnHSCS139RZiw6MPZaEvhySnjbEi81GuF5EdNpump;BZYpLHhui3qRNokWFg2JcX8CYtMqzWHR5R4xowjcbPqh;BmU6YJP2YCAo8sc2dkeR8KjvF3rGFBHZL25ejysppump;DQ2H7qcj262RAKfSxGYeL7cYJq54mVdXe4gYxUwxpump;GL7M1C4QeLoURyexYgdhuP8SvaPh5LHQLRqKha3epump,2026-08-30T13:07:49Z,2026-08-30T13:07:49Z,HIGH,,True
HRCKY85VmMySEkkAdR9LtMs5BGinCyiHhTbnv4DNpBFG,direct,6,1,6XD1vorwquLXjTSL5W4MJMGewZBeiEcPFmZw527TSwva;7mRDn1rAqjwFQXacodr1UmkNdvAGPbtNP9k5jvBZqt9J;9PNfxvTARzdxvQas2uknW57bnfMCS1dxW1He7rPbuhuQ;AgB5SxiP1DFZbW9uDAH7s8Mhv1HF21nJv67tnAAYpump;BZYpLHhui3qRNokWFg2JcX8CYtMqzWHR5R4xowjcbPqh;Er5RuNhTEwJH5dHv9c3YGATjgkLCETH4dKazntyWEtXY,2026-09-03T11:20:52Z,2026-09-03T11:20:52Z,HIGH,,True
NajoJR4TibdKnVmz4rNGiNVz2jrrYc5AXm5XbiBkpXH,direct,6,1,25GrKYrc3y4LZmmuhppYgFRCKb7JyZ6grum4WhLYvA1z;2iSB473Z7L2ndpWs3n22tb7H3KSGpswDTH3jP7qCCAZT;3f8CKfznVUGrFfhcq8ZBY9M1xyDeEQGrh6iH372h3ebN;5EZ7yagvcsHcwH3e17khLwGzhFrCsx7CKS7ZN6J6i4Lh;7HiD5rzoZxAYXEJ8Z4t3WgM8VE1iSKWJdxPPyEdDNzwN;G9r7nnHSgvb7LUfCE8kavRaKokEMMYBjVHGKvQ6dpump,2026-09-17T12:57:53Z,2026-09-17T12:57:53Z,HIGH,,True
abc1LFfHbjZDCYS6Zrqqb5MLQHTvrr5PYuGKFw1vYuQ,direct,6,1,4ZUjJ5EJbwfh7teotB29uHc1SC3SiqbrkwJoNgsxibbU;4prKtarobdhYDY4Hu3uGZMx7Je4HqPJeLVyxN6m4Ld3T;5nnWe5SCBaNMC3oNiR7utth6kx3mH1dhmCarjDb91shW;9ek8utEujXFmiM9wXcWKPF18y57PmeG8rsiBZGzzpump;CHygERrxnc5QByNCwxUNSMhP7tKJA7rh6hNBdJ2spump;CSLP8Vp7u9hrXQi7crPXqCp7BaJaG4JrNxqvR3jDpump,2025-07-29T20:08:05Z,2025-07-29T20:08:05Z,HIGH,,True
8mowmVCEewZ9W2cEaQyQeQEeSxhGr1hvRviLwozwNtBt,upstream,5,7,4ZUjJ5EJbwfh7teotB29uHc1SC3SiqbrkwJoNgsxibbU;8ypYfW5cjafrfAZij8TZj5SFHAbPNpiRio96LMzypDkn;B3xU49SW3khA7m5Lgata2fmPxZeQRuaJbCruPsVDpump;GfqKCwNeAdHHi97AmgCLP5qrwcSJRDdyZ1huiU6xUXTz;dy6zeSw9j2zHprXLwk1uUGAD4d2HF5R3pAFrL6bRAKs,2022-04-20T13:33:55Z,2026-09-22T15:26:31Z,MEDIUM,,False
2nvBrX3EdKqhpqUMAhCu3LcEDno1tkbn8A95aGAocUNQ,upstream,5,5,55bKo8bj1YVEgsbwkkd4Nwu7JhaZF9trUgbvpZ3YeVCA;5Sg1vv51KGCSDF2gBHgbNATCEXFjYtVhWgztNUwtgJYD;DkDwxjD5JFK7hd7qUNHqNaTeqDGcZ1ia3Y6E7EUiehEn;GfqKCwNeAdHHi97AmgCLP5qrwcSJRDdyZ1huiU6xUXTz;HJPjdsDmcvgCj4MV3NvqCWd78qDP8BMzGfrsk4Nbpump,2025-03-15T00:39:32Z,2025-11-19T10:43:18Z,MEDIUM,,False
2snHHreXbpJ7UwZxPe37gnUNf7Wx7wv6UKDSR2JckKuS,direct,5,5,21XJbyQWEhmeoxKRHdGrEjetSfHopvtp68LWzdvT471M;4sjtHGeAKP6DoMUdvFqQuiYKhhPpwa9XCxUyuFD2pump;5L6As5obMTXxKwjmGBy1LTRwW2Hm1PjSK18JhETrpump;5nnWe5SCBaNMC3oNiR7utth6kx3mH1dhmCarjDb91shW;6gKx5EMvnymTVz2JgFhJAqpGxTYaBdVsaLb9YfPfvg4Y,2025-12-02T17:26:06Z,2026-09-15T10:22:34Z,HIGH,,False
3RgDwC2XFoc1SoyUVUeFN2gX5qQirrcgaeXuLhouGCMb,upstream,5,5,47r9YPDeTVpwHjAakoVgnzNTJRChXC8f4KSUqMbEsBbM;6gKx5EMvnymTVz2JgFhJAqpGxTYaBdVsaLb9YfPfvg4Y;9xhMStAAufkH5jA5nevaGy6M9fCsQ74BZnsXyo93DkfA;Ajz86fyiygsv8kZkUyDxogxkz5VfKRs4HTEABVTfpump;BZYpLHhui3qRNokWFg2JcX8CYtMqzWHR5R4xowjcbPqh,2021-10-13T15:08:59Z,2021-10-13T15:08:59Z,MEDIUM,,False
5g7yNHyGLJ7fiQ9SN9mf47opDnMjc585kqXWt6d7aBWs,upstream,5,5,21XJbyQWEhmeoxKRHdGrEjetSfHopvtp68LWzdvT471M;2A6sLqrw8WN6KkgnCsN4xJkyAowBZHr2H9xQ4u3Mpump;6akNLpNd11oq4q5zxhXGwr5jwUi6Ke4CvKmF6QeUwJCQ;7aLLQRBpGCaSLmmHGf34MGtbdtTumiB14d14TtDnpump;Er5RuNhTEwJH5dHv9c3YGATjgkLCETH4dKazntyWEtXY,2025-09-30T23:42:07Z,2026-09-16T22:25:23Z,MEDIUM,,False
8QCVZ7KL65pBhUxbvfwbyyg4ronxNAEXbDrGLYLrRNn5,direct,5,5,5o43e7gYZWFNEpdqkegHY6LXkhMXB1z6f7d6TAVGEMTM;7p4MwwkUaMv4gBThVkW46QjwVaosaUrccbFV1MbXpump;BmU6YJP2YCAo8sc2dkeR8KjvF3rGFBHZL25ejysppump;EkTkjVEfhvgkoCwheMTnr8mhEmJ6Q7ZR8q7ZMCcnpump;Er5RuNhTEwJH5dHv9c3YGATjgkLCETH4dKazntyWEtXY,2026-01-29T18:10:07Z,2026-10-05T14:59:28Z,HIGH,,False
AC5RDfQFmDS1deWZos921JfqscXdByf8BKHs5ACWjtW2,direct,5,5,47r9YPDeTVpwHjAakoVgnzNTJRChXC8f4KSUqMbEsBbM;6gKx5EMvnymTVz2JgFhJAqpGxTYaBdVsaLb9YfPfvg4Y;9xhMStAAufkH5jA5nevaGy6M9fCsQ74BZnsXyo93DkfA;Ajz86fyiygsv8kZkUyDxogxkz5VfKRs4HTEABVTfpump;BZYpLHhui3qRNokWFg2JcX8CYtMqzWHR5R4xowjcbPqh,2024-08-10T15:52:20Z,2025-06-11T12:39:54Z,HIGH,,False
bcnzSs3F6F3MG7utvEQHpd8A53nRBM8ZM4TfEs2Zmcp,direct,5,5,28HydoWU7TZQxWiVQxGZyspE3qgWdCHToNDVgLoNpump;69N7rm9nnp6sVoULtp5toD26F25rYum8593GupxkUYvH;CHygERrxnc5QByNCwxUNSMhP7tKJA7rh6hNBdJ2spump;DkDwxjD5JFK7hd7qUNHqNaTeqDGcZ1ia3Y6E7EUiehEn;F41TwidZvJJcsx9c2BMwS6eH9W6HcUT4LzPmGvK9WU6N,2026-06-15T09:24:03Z,2026-06-15T09:24:09Z,HIGH,,False
2Hgx1GjKRuH9H21Fzz7uGiqh1Fcz3wMP5PmgpDbyDDYp,direct,5,4,2A6sLqrw8WN6KkgnCsN4xJkyAowBZHr2H9xQ4u3Mpump;6wSQipxdE9Suf8tVNaCEbcqavUbLT7gL9tibpm3Jpump;ASftCNtzPNmK3nMDvpQNvpLauKS45Vkq7kwTPutqUBL1;hHc9579gpKUnvYvgcKyjdpe1UhmfVfGzGwMQCADpump;xeKm1qmxyHLJZLdwKpsZdx5UFtYyb124GTWRZWypump,2026-07-23T13:24:59Z,2026-09-01T10:37:46Z,HIGH,,False
66D1Lth3Qkgoh9Jj8uSWYASv8WnycTQkXXMct36bxJaL,direct,5,4,6sFMbTF2VTzutzKekenJujFZBqb4TiBZJKfyLMUbpump;9mqJNDG2squcqZt2zC7cWWNtVozUbQUnzVnP1jG6pump;CziyAr14UNUrfkxpioWSumkLXMwWnDWN2bu2WR5ao7kc;F59cEB3A7RAKHGtkvR577swnPSP6EsdaBoL5AcVZpump;hHc9579gpKUnvYvgcKyjdpe1UhmfVfGzGwMQCADpump,2026-08-29T16:18:01Z,2026-09-10T15:58:11Z,HIGH,,False
8Czzjeh2igeE7gSsbuuXVZUmZZ42yZTCNUZoZcCGRKdr,upstream,5,4,28HydoWU7TZQxWiVQxGZyspE3qgWdCHToNDVgLoNpump;4kkrecvSVnnkK3RZcJ85tNFiZu9pWg584yHjNCqEpump;5pSEZw1iytqYznD7crsGyKNek7q5JkjBqj2KmfqxUVZd;7p4MwwkUaMv4gBThVkW46QjwVaosaUrccbFV1MbXpump;H9GGsNc7vA4hN13N1oU4itq8x3mrdZBdw2XdK3Mipump,2024-04-04T20:38:37Z,2026-09-09T18:52:44Z,MEDIUM,,False
HsEJqJhzJPrMGopNtRW5PgTfZqrnZDTwtEUMfPx3Pz5P,upstream,5,4,2A6sLqrw8WN6KkgnCsN4xJkyAowBZHr2H9xQ4u3Mpump;6wSQipxdE9Suf8tVNaCEbcqavUbLT7gL9tibpm3Jpump;ASftCNtzPNmK3nMDvpQNvpLauKS45Vkq7kwTPutqUBL1;hHc9579gpKUnvYvgcKyjdpe1UhmfVfGzGwMQCADpump;xeKm1qmxyHLJZLdwKpsZdx5UFtYyb124GTWRZWypump,2025-10-21T14:29:20Z,2025-10-21T14:29:20Z,MEDIUM,,False
J1BDJEdvTmmcjeTMVTHLPaaNvuQ3mdxeuWEM1YyMksLy,upstream,5,4,8G7aM6Gco4fHjVpmVvUdVvhKMKaWXJEqkCKRvPdepump;EoKqyKksc4ekiPVuBD9FiztYQHkV59x8KTcZ3ReLpump;F41TwidZvJJcsx9c2BMwS6eH9W6HcUT4LzPmGvK9WU6N;GL7M1C4QeLoURyexYgdhuP8SvaPh5LHQLRqKha3epump;xeKm1qmxyHLJZLdwKpsZdx5UFtYyb124GTWRZWypump,2025-04-13T07:51:34Z,2026-07-12T13:54:55Z,MEDIUM,,False
E4rU2A9xN26hM9Ybjj1jTWnz4GZK2Cu4bsLdE6g1yV4q,upstream,5,3,25GrKYrc3y4LZmmuhppYgFRCKb7JyZ6grum4WhLYvA1z;3f8CKfznVUGrFfhcq8ZBY9M1xyDeEQGrh6iH372h3ebN;7HiD5rzoZxAYXEJ8Z4t3WgM8VE1iSKWJdxPPyEdDNzwN;H8oe2SCksJcYzhPeS4TsbteusgZW5k7QaZ4boKyq8C7U;UsrcsZMqw6p53Fohu16UCBjsbjqc73XmoRFZDcnCtMR,2022-02-12T17:27:17Z,2022-02-12T17:27:17Z,MEDIUM,,False
J2L495ZPcJ6Btuyd4YqXz5uw7hpKiQXGcLvALwumabED,upstream,5,3,44s336LDz8bXp4rpxy1qwUfysZ4THjpReQWTKQg7pump;5o43e7gYZWFNEpdqkegHY6LXkhMXB1z6f7d6TAVGEMTM;9xhMStAAufkH5jA5nevaGy6M9fCsQ74BZnsXyo93DkfA;hHc9579gpKUnvYvgcKyjdpe1UhmfVfGzGwMQCADpump;rMPLDvnn6KR773WNhZvtFNcgFwnRkc7UbPkUaiMpump,2025-01-24T09:40:25Z,2025-01-24T09:40:25Z,MEDIUM,,False
2zeqw7x4LrRXJzK8ydx6qw2EPYF7eynLBXwd9oJrkswA,upstream,5,2,47r9YPDeTVpwHjAakoVgnzNTJRChXC8f4KSUqMbEsBbM;5o9sE9FEVC12zWBd2zqPXAhoVyRiNjGfaYX6hS3Ppump;7mRDn1rAqjwFQXacodr1UmkNdvAGPbtNP9k5jvBZqt9J;9PNfxvTARzdxvQas2uknW57bnfMCS1dxW1He7rPbuhuQ;Er5RuNhTEwJH5dHv9c3YGATjgkLCETH4dKazntyWEtXY,2026-08-27T16:33:33Z,2026-08-27T16:33:33Z,MEDIUM,,False
273jG1gGxC7W5HdLfKLR2HhStjBkgAkiszpUHi921YSR,upstream,5,1,2iSB473Z7L2ndpWs3n22tb7H3KSGpswDTH3jP7qCCAZT;8ypYfW5cjafrfAZij8TZj5SFHAbPNpiRio96LMzypDkn;9mqJNDG2squcqZt2zC7cWWNtVozUbQUnzVnP1jG6pump;Er5RuNhTEwJH5dHv9c3YGATjgkLCETH4dKazntyWEtXY;omskHvyNvQSn3PFak3E8JHQJeSVJFsrc6izWT12pump,2026-09-11T12:21:01Z,2026-09-11T12:21:01Z,MEDIUM,,False
2Ujy5SeyUretAdeoK6uPtu8UnGoizJncMWQn21cP3CVj,direct,5,1,2iSB473Z7L2ndpWs3n22tb7H3KSGpswDTH3jP7qCCAZT;6VMsrZvNaSzddT6vkY6dEDoFMeK5EoHD4KCAycfQpump;7aLLQRBpGCaSLmmHGf34MGtbdtTumiB14d14TtDnpump;ASftCNtzPNmK3nMDvpQNvpLauKS45Vkq7kwTPutqUBL1;sMe5iUcgTe4VXmg4WaShF5kuk6GmcKF3y4HqKGZpump,2026-09-01T01:26:45Z,2026-09-01T01:26:45Z,HIGH,,False
3Fpi2fKrkcYVMwZGqPJojJfbakJAqwCjQUbHoA2xGnRc,direct,5,1,5o9sE9FEVC12zWBd2zqPXAhoVyRiNjGfaYX6hS3Ppump;6sFMbTF2VTzutzKekenJujFZBqb4TiBZJKfyLMUbpump;7271ZR6GBzaGqdtP28ZqZ5BKRt2ziu4AnPnVCAL7pump;B3xU49SW3khA7m5Lgata2fmPxZeQRuaJbCruPsVDpump;GL7M1C4QeLoURyexYgdhuP8SvaPh5LHQLRqKha3epump,2026-05-18T18:57:02Z,2026-05-18T18:57:02Z,HIGH,,False
41bHxJeGsNan3Nk5dtYYn5bioc8kpZ9borRGc1TGbAks,upstream,5,1,21XJbyQWEhmeoxKRHdGrEjetSfHopvtp68LWzdvT471M;47r9YPDeTVpwHjAakoVgnzNTJRChXC8f4KSUqMbEsBbM;5o43e7gYZWFNEpdqkegHY6LXkhMXB1z6f7d6TAVGEMTM;9PNfxvTARzdxvQas2uknW57bnfMCS1dxW1He7rPbuhuQ;Er5RuNhTEwJH5dHv9c3YGATjgkLCETH4dKazntyWEtXY,2026-07-10T16:39:59Z,2026-07-10T16:39:59Z,MEDIUM,,False
4SNG1GJudWdPB2sJXuu9AyCHQJF8Qg7cyqBJ2oqR6ACW,upstream,5,1,47r9YPDeTVpwHjAakoVgnzNTJRChXC8f4KSUqMbEsBbM;5o9sE9FEVC12zWBd2zqPXAhoVyRiNjGfaYX6hS3Ppump;7mRDn1rAqjwFQXacodr1UmkNdvAGPbtNP9k5jvBZqt9J;9PNfxvTARzdxvQas2uknW57bnfMCS1dxW1He7rPbuhuQ;Er5RuNhTEwJH5dHv9c3YGATjgkLCETH4dKazntyWEtXY,2026-07-07T10:15:22Z,2026-07-07T10:15:22Z,MEDIUM,,False
4bHUoZY36hmtW1FbJ1XJ5umWmFWXxx9voAe94M8PWNpL,upstream,5,1,2Tiw1Tna3kAut868cjXuKoyrv8U8gi1YjTaXw7Czpump;2iSB473Z7L2ndpWs3n22tb7H3KSGpswDTH3jP7qCCAZT;9mqJNDG2squcqZt2zC7cWWNtVozUbQUnzVnP1jG6pump;GL7M1C4QeLoURyexYgdhuP8SvaPh5LHQLRqKha3epump;H9GGsNc7vA4hN13N1oU4itq8x3mrdZBdw2XdK3Mipump,2026-08-26T15:38:31Z,2026-08-26T15:38:31Z,MEDIUM,,False
6TFjhks9MsKxgxw26MYzqY6ZF7G9pbKL4VyEjmJ48S7i,direct,5,1,44s336LDz8bXp4rpxy1qwUfysZ4THjpReQWTKQg7pump;AgB5SxiP1DFZbW9uDAH7s8Mhv1HF21nJv67tnAAYpump;DJejJn1iJntJVTAixy4VRgqJFF3NMKPEMgVzbJFmpump;EkTkjVEfhvgkoCwheMTnr8mhEmJ6Q7ZR8q7ZMCcnpump;HJPjdsDmcvgCj4MV3NvqCWd78qDP8BMzGfrsk4Nbpump,2026-01-17T11:50:47Z,2026-01-17T11:50:47Z,HIGH,,False
6f5REdk3QGK65aTa9nfw8B3r7f7UnwsKPnr7JWy7CKbS,upstream,5,1,21XJbyQWEhmeoxKRHdGrEjetSfHopvtp68LWzdvT471M;47r9YPDeTVpwHjAakoVgnzNTJRChXC8f4KSUqMbEsBbM;5o43e7gYZWFNEpdqkegHY6LXkhMXB1z6f7d6TAVGEMTM;9PNfxvTARzdxvQas2uknW57bnfMCS1dxW1He7rPbuhuQ;Er5RuNhTEwJH5dHv9c3YGATjgkLCETH4dKazntyWEtXY,2026-04-23T02:22:04Z,2026-04-23T02:22:04Z,MEDIUM,,False
76yGatLCWsbBXLumYURqgb6mV2gzTwAvgPKhKBSnDimu,upstream,5,1,25GrKYrc3y4LZmmuhppYgFRCKb7JyZ6grum4WhLYvA1z;ASftCNtzPNmK3nMDvpQNvpLauKS45Vkq7kwTPutqUBL1;CziyAr14UNUrfkxpioWSumkLXMwWnDWN2bu2WR5ao7kc;DkDwxjD5JFK7hd7qUNHqNaTeqDGcZ1ia3Y6E7EUiehEn;omskHvyNvQSn3PFak3E8JHQJeSVJFsrc6izWT12pump,2026-06-11T12:01:13Z,2026-06-11T12:01:13Z,MEDIUM,,False
7K7WwY9yEMpbAacgHvCfquyCHpRkVyNdroNrXZvj2drK,upstream,5,1,4GRTznsfLTRqaB2uMAFmmgaWtvfVyBb4qCsTjskUpump;AbpJywMWmkf1MFonRddPVogSwPPZHB9pG4x2nKb1YaPn;Ajz86fyiygsv8kZkUyDxogxkz5VfKRs4HTEABVTfpump;DTm66ivA96mhuQnqTy1cv7uELS4MHdYtpbRGJdW9t7Fn;hHc9579gpKUnvYvgcKyjdpe1UhmfVfGzGwMQCADpump,2026-06-09T11:06:45Z,2026-06-09T11:06:45Z,MEDIUM,,False
812SJrzYAc5X9inUdsRNz2Zr2yz6RPkLHJQMxugPqv5N,direct,5,1,47r9YPDeTVpwHjAakoVgnzNTJRChXC8f4KSUqMbEsBbM;5o9sE9FEVC12zWBd2zqPXAhoVyRiNjGfaYX6hS3Ppump;7mRDn1rAqjwFQXacodr1UmkNdvAGPbtNP9k5jvBZqt9J;9PNfxvTARzdxvQas2uknW57bnfMCS1dxW1He7rPbuhuQ;Er5RuNhTEwJH5dHv9c3YGATjgkLCETH4dKazntyWEtXY,2026-08-28T14:31:32Z,2026-08-28T14:31:32Z,HIGH,,False
8NmNgDKZYiqHfB4hgCcg2iYMi6UFcBCsvnatuVBqgZYG,upstream,5,1,4n32UBFWKJNPQayeN25GrLJHswbja41XFMxebcg9pump;7xXo3JYBqzh6D91XRppzFRLfw8wJHypeukGaNWwKgZ8m;ASftCNtzPNmK3nMDvpQNvpLauKS45Vkq7kwTPutqUBL1;H8oe2SCksJcYzhPeS4TsbteusgZW5k7QaZ4boKyq8C7U;UsrcsZMqw6p53Fohu16UCBjsbjqc73XmoRFZDcnCtMR,2026-08-11T11:13:45Z,2026-08-11T11:13:45Z,MEDIUM,,False
8Woxk2SLysxYaMja2Ew4DvEVFNVRGC7rniqEkNcAhUmq,direct,5,1,2Tiw1Tna3kAut868cjXuKoyrv8U8gi1YjTaXw7Czpump;6gKx5EMvnymTVz2JgFhJAqpGxTYaBdVsaLb9YfPfvg4Y;9ek8utEujXFmiM9wXcWKPF18y57PmeG8rsiBZGzzpump;F41TwidZvJJcsx9c2BMwS6eH9W6HcUT4LzPmGvK9WU6N;H9GGsNc7vA4hN13N1oU4itq8x3mrdZBdw2XdK3Mipump,2026-04-16T21:19:41Z,2026-04-16T21:19:41Z,HIGH,,False
8kLKsGS5qfydG7pfFbJSRAdx8CBhaePSHTr1yFh44bZ9,upstream,5,1,4GRTznsfLTRqaB2uMAFmmgaWtvfVyBb4qCsTjskUpump;5pSEZw1iytqYznD7crsGyKNek7q5JkjBqj2KmfqxUVZd;AbpJywMWmkf1MFonRddPVogSwPPZHB9pG4x2nKb1YaPn;DTm66ivA96mhuQnqTy1cv7uELS4MHdYtpbRGJdW9t7Fn;hHc9579gpKUnvYvgcKyjdpe1UhmfVfGzGwMQCADpump,2026-07-14T23:14:50Z,2026-07-14T23:14:50Z,MEDIUM,,False
8wD8FiqixA7whqeHLV84wMEGg8Uw2gXbB3ZpDzHqZFWN,direct,5,1,2iSB473Z7L2ndpWs3n22tb7H3KSGpswDTH3jP7qCCAZT;8ypYfW5cjafrfAZij8TZj5SFHAbPNpiRio96LMzypDkn;9mqJNDG2squcqZt2zC7cWWNtVozUbQUnzVnP1jG6pump;Er5RuNhTEwJH5dHv9c3YGATjgkLCETH4dKazntyWEtXY;omskHvyNvQSn3PFak3E8JHQJeSVJFsrc6izWT12pump,2026-09-11T14:17:28Z,2026-09-11T14:17:28Z,HIGH,,False
94RUpZL8F2o5stNnqKnYLNgAcQJYPy5h444Ui9GkUsJL,direct,5,1,5pSEZw1iytqYznD7crsGyKNek7q5JkjBqj2KmfqxUVZd;8qT3o4k4aUmyLrgd7hHYmVxin3kFhQ9QsXdSXTP6pump;B3xU49SW3khA7m5Lgata2fmPxZeQRuaJbCruPsVDpump;EkTkjVEfhvgkoCwheMTnr8mhEmJ6Q7ZR8q7ZMCcnpump;HJPjdsDmcvgCj4MV3NvqCWd78qDP8BMzGfrsk4Nbpump,2025-04-03T20:22:49Z,2025-04-03T20:22:49Z,HIGH,,False
9qfqFtj3DDdGAw8eMh8Lyc3Zbeeud4zxCPaAzHME6adp,upstream,5,1,2Tiw1Tna3kAut868cjXuKoyrv8U8gi1YjTaXw7Czpump;6gKx5EMvnymTVz2JgFhJAqpGxTYaBdVsaLb9YfPfvg4Y;9ek8utEujXFmiM9wXcWKPF18y57PmeG8rsiBZGzzpump;F41TwidZvJJcsx9c2BMwS6eH9W6HcUT4LzPmGvK9WU6N;H9GGsNc7vA4hN13N1oU4itq8x3mrdZBdw2XdK3Mipump,2026-04-16T21:18:37Z,2026-04-16T21:18:37Z,MEDIUM,,False
AKS98rbZY8WD7W1ZPZqsbrWBLQKE68Go6aDnUznRJHEo,direct,5,1,4GRTznsfLTRqaB2uMAFmmgaWtvfVyBb4qCsTjskUpump;7dACCWZXF4Lr9ftxFpi7TJk7a3hcPpUwGPAcTuXDpump;BZYpLHhui3qRNokWFg2JcX8CYtMqzWHR5R4xowjcbPqh;EHUzmwAzmUix7TkwVr7b16U9ChJDr3RpjfXshR5swy5j;GKTxLXsmkjLDo89XmPa5htwK7sAzdqZ3jmfV6gaTvK67,2024-11-18T06:03:41Z,2024-11-18T06:03:41Z,HIGH,,False
AStWR8n4R4zE5gQaagdgB6zqjE6jUwo6yFhr2SSDZxqu,direct,5,1,4ZUjJ5EJbwfh7teotB29uHc1SC3SiqbrkwJoNgsxibbU;7271ZR6GBzaGqdtP28ZqZ5BKRt2ziu4AnPnVCAL7pump;GfqKCwNeAdHHi97AmgCLP5qrwcSJRDdyZ1huiU6xUXTz;hHc9579gpKUnvYvgcKyjdpe1UhmfVfGzGwMQCADpump;sMe5iUcgTe4VXmg4WaShF5kuk6GmcKF3y4HqKGZpump,2026-05-18T15:43:39Z,2026-05-18T15:43:39Z,HIGH,,False
Anva6JEutaUxW9JDp2WZ9yq8yHFUpaBrV2BXshQHVJMf,direct,5,1,2Tiw1Tna3kAut868cjXuKoyrv8U8gi1YjTaXw7Czpump;2iSB473Z7L2ndpWs3n22tb7H3KSGpswDTH3jP7qCCAZT;9mqJNDG2squcqZt2zC7cWWNtVozUbQUnzVnP1jG6pump;GL7M1C4QeLoURyexYgdhuP8SvaPh5LHQLRqKha3epump;H9GGsNc7vA4hN13N1oU4itq8x3mrdZBdw2XdK3Mipump,2026-09-07T08:16:33Z,2026-09-07T08:16:33Z,HIGH,,False
B6gSJMXRJ4pSXtommyAkXf9rkCyGocM1Hn98X222z3Q2,upstream,5,1,5o9sE9FEVC12zWBd2zqPXAhoVyRiNjGfaYX6hS3Ppump;6sFMbTF2VTzutzKekenJujFZBqb4TiBZJKfyLMUbpump;7271ZR6GBzaGqdtP28ZqZ5BKRt2ziu4AnPnVCAL7pump;B3xU49SW3khA7m5Lgata2fmPxZeQRuaJbCruPsVDpump;GL7M1C4QeLoURyexYgdhuP8SvaPh5LHQLRqKha3epump,2026-03-16T16:02:11Z,2026-03-16T16:02:11Z,MEDIUM,,False
BLbboRQ2eWXAuno6BGQjRiKeW51cCEe6SaC92CghBog1,direct,5,1,2BucyGvsg9wwTwsaFsEUFgdphrCtp94pDRtHowJUpump;47r9YPDeTVpwHjAakoVgnzNTJRChXC8f4KSUqMbEsBbM;7p4MwwkUaMv4gBThVkW46QjwVaosaUrccbFV1MbXpump;9ek8utEujXFmiM9wXcWKPF18y57PmeG8rsiBZGzzpump;GL7M1C4QeLoURyexYgdhuP8SvaPh5LHQLRqKha3epump,2026-07-31T00:40:53Z,2026-07-31T00:40:53Z,HIGH,,False
BoduAmZsXFZZMPXWC53uJJACJENzNt2HtZGbQtQhMWfE,direct,5,1,4GRTznsfLTRqaB2uMAFmmgaWtvfVyBb4qCsTjskUpump;5pSEZw1iytqYznD7crsGyKNek7q5JkjBqj2KmfqxUVZd;AbpJywMWmkf1MFonRddPVogSwPPZHB9pG4x2nKb1YaPn;DTm66ivA96mhuQnqTy1cv7uELS4MHdYtpbRGJdW9t7Fn;hHc9579gpKUnvYvgcKyjdpe1UhmfVfGzGwMQCADpump,2026-08-30T22:24:43Z,2026-08-30T22:24:43Z,HIGH,,False
ByJ7XAjpjGAiE4jJHVZESFpKj9cC3Cma9YAcTTkAkJQz,direct,5,1,25GrKYrc3y4LZmmuhppYgFRCKb7JyZ6grum4WhLYvA1z;ASftCNtzPNmK3nMDvpQNvpLauKS45Vkq7kwTPutqUBL1;CziyAr14UNUrfkxpioWSumkLXMwWnDWN2bu2WR5ao7kc;DkDwxjD5JFK7hd7qUNHqNaTeqDGcZ1ia3Y6E7EUiehEn;omskHvyNvQSn3PFak3E8JHQJeSVJFsrc6izWT12pump,2026-09-05T23:20:07Z,2026-09-05T23:20:07Z,HIGH,,False
C3DzwFnpw9nwwRf4Xr8j4V8DrwfjawnuGXUPgYJJx6te,upstream,5,1,4GRTznsfLTRqaB2uMAFmmgaWtvfVyBb4qCsTjskUpump;AbpJywMWmkf1MFonRddPVogSwPPZHB9pG4x2nKb1YaPn;Ajz86fyiygsv8kZkUyDxogxkz5VfKRs4HTEABVTfpump;DTm66ivA96mhuQnqTy1cv7uELS4MHdYtpbRGJdW9t7Fn;hHc9579gpKUnvYvgcKyjdpe1UhmfVfGzGwMQCADpump,2026-07-12T04:22:13Z,2026-07-12T04:22:13Z,MEDIUM,,False
C9v3H5zA4jHYjQ1wj3zRScC3hMnHRSpcYNBt4hbHn7YT,upstream,5,1,4GRTznsfLTRqaB2uMAFmmgaWtvfVyBb4qCsTjskUpump;5pSEZw1iytqYznD7crsGyKNek7q5JkjBqj2KmfqxUVZd;AbpJywMWmkf1MFonRddPVogSwPPZHB9pG4x2nKb1YaPn;DTm66ivA96mhuQnqTy1cv7uELS4MHdYtpbRGJdW9t7Fn;hHc9579gpKUnvYvgcKyjdpe1UhmfVfGzGwMQCADpump,2025-09-28T12:34:35Z,2025-09-28T12:34:35Z,MEDIUM,,False
CEvz7hRVoYqWxQTFZVPFk2NPFdsyEJ7MmHrJigZLReTz,direct,5,1,4prKtarobdhYDY4Hu3uGZMx7Je4HqPJeLVyxN6m4Ld3T;5L6As5obMTXxKwjmGBy1LTRwW2Hm1PjSK18JhETrpump;6wSQipxdE9Suf8tVNaCEbcqavUbLT7gL9tibpm3Jpump;BmU6YJP2YCAo8sc2dkeR8KjvF3rGFBHZL25ejysppump;GKTxLXsmkjLDo89XmPa5htwK7sAzdqZ3jmfV6gaTvK67,2026-03-22T01:36:08Z,2026-03-22T01:36:08Z,HIGH,,False
CsWMAj1XMK9bCZHjXM7eaYw3era7apSUcG43EZtiy85u,direct,5,1,4n32UBFWKJNPQayeN25GrLJHswbja41XFMxebcg9pump;7xXo3JYBqzh6D91XRppzFRLfw8wJHypeukGaNWwKgZ8m;ASftCNtzPNmK3nMDvpQNvpLauKS45Vkq7kwTPutqUBL1;H8oe2SCksJcYzhPeS4TsbteusgZW5k7QaZ4boKyq8C7U;UsrcsZMqw6p53Fohu16UCBjsbjqc73XmoRFZDcnCtMR,2026-08-13T19:25:51Z,2026-08-13T19:25:51Z,HIGH,,False
DReGN3hKwQN5NqFRv1vFTAgKQUZkanYZKfuYi3RnRaSY,upstream,5,1,5o9sE9FEVC12zWBd2zqPXAhoVyRiNjGfaYX6hS3Ppump;6sFMbTF2VTzutzKekenJujFZBqb4TiBZJKfyLMUbpump;7271ZR6GBzaGqdtP28ZqZ5BKRt2ziu4AnPnVCAL7pump;B3xU49SW3khA7m5Lgata2fmPxZeQRuaJbCruPsVDpump;GL7M1C4QeLoURyexYgdhuP8SvaPh5LHQLRqKha3epump,2026-03-16T16:22:46Z,2026-03-16T16:22:46Z,MEDIUM,,False
F6XJTh93VGFcbnf2FJmyR6f3y2HZsav25EeEaZosYouk,direct,5,1,3vfxnHSCS139RZiw6MPZaEvhySnjbEi81GuF5EdNpump;49aM4HrGABwG9F8iAn385zzcsS6mxHEFY8YN3H7y1Cd9;7dACCWZXF4Lr9ftxFpi7TJk7a3hcPpUwGPAcTuXDpump;G9r7nnHSgvb7LUfCE8kavRaKokEMMYBjVHGKvQ6dpump;omskHvyNvQSn3PFak3E8JHQJeSVJFsrc6izWT12pump,2026-09-07T08:05:54Z,2026-09-07T08:05:54Z,HIGH,,False
Fn8WJ5afkGJp424indxe9jqNZDjbUDPsMcCm3tP8HEeP,direct,5,1,4GRTznsfLTRqaB2uMAFmmgaWtvfVyBb4qCsTjskUpump;AbpJywMWmkf1MFonRddPVogSwPPZHB9pG4x2nKb1YaPn;Ajz86fyiygsv8kZkUyDxogxkz5VfKRs4HTEABVTfpump;DTm66ivA96mhuQnqTy1cv7uELS4MHdYtpbRGJdW9t7Fn;hHc9579gpKUnvYvgcKyjdpe1UhmfVfGzGwMQCADpump,2026-08-30T21:53:11Z,2026-08-30T21:53:11Z,HIGH,,False
GcTQ5efBGcatMjG2Vef8DPuerNSkzTdQHbVF4NGTBqKn,upstream,5,1,4prKtarobdhYDY4Hu3uGZMx7Je4HqPJeLVyxN6m4Ld3T;5L6As5obMTXxKwjmGBy1LTRwW2Hm1PjSK18JhETrpump;6wSQipxdE9Suf8tVNaCEbcqavUbLT7gL9tibpm3Jpump;BmU6YJP2YCAo8sc2dkeR8KjvF3rGFBHZL25ejysppump;GKTxLXsmkjLDo89XmPa5htwK7sAzdqZ3jmfV6gaTvK67,2026-03-22T01:36:05Z,2026-03-22T01:36:05Z,MEDIUM,,False
GhvjpZmsAiemYChc8vrJNktJw2viVTQ78WeDQ337eCQD,upstream,5,1,5pSEZw1iytqYznD7crsGyKNek7q5JkjBqj2KmfqxUVZd;8qT3o4k4aUmyLrgd7hHYmVxin3kFhQ9QsXdSXTP6pump;B3xU49SW3khA7m5Lgata2fmPxZeQRuaJbCruPsVDpump;EkTkjVEfhvgkoCwheMTnr8mhEmJ6Q7ZR8q7ZMCcnpump;HJPjdsDmcvgCj4MV3NvqCWd78qDP8BMzGfrsk4Nbpump,2025-04-02T14:52:47Z,2025-04-02T14:52:47Z,MEDIUM,,False
LywHriV2Ghkx6jKhthiqPSr4f6mjppmKGhJBTWMctmH,upstream,5,1,5pSEZw1iytqYznD7crsGyKNek7q5JkjBqj2KmfqxUVZd;8qT3o4k4aUmyLrgd7hHYmVxin3kFhQ9QsXdSXTP6pump;B3xU49SW3khA7m5Lgata2fmPxZeQRuaJbCruPsVDpump;EkTkjVEfhvgkoCwheMTnr8mhEmJ6Q7ZR8q7ZMCcnpump;HJPjdsDmcvgCj4MV3NvqCWd78qDP8BMzGfrsk4Nbpump,2025-04-02T14:50:57Z,2025-04-02T14:50:57Z,MEDIUM,,False
Tjex5mpL36DEjqGyxKMdmBmXwCnCstsbmCRre1Bdime,direct,5,1,21XJbyQWEhmeoxKRHdGrEjetSfHopvtp68LWzdvT471M;47r9YPDeTVpwHjAakoVgnzNTJRChXC8f4KSUqMbEsBbM;5o43e7gYZWFNEpdqkegHY6LXkhMXB1z6f7d6TAVGEMTM;9PNfxvTARzdxvQas2uknW57bnfMCS1dxW1He7rPbuhuQ;Er5RuNhTEwJH5dHv9c3YGATjgkLCETH4dKazntyWEtXY,2026-07-10T16:40:38Z,2026-07-10T16:40:38Z,HIGH,,False
U3ty8ZwdCzSBRNK1VGuzxx9xTMBJ63RyERayWx5oSyo,upstream,5,1,25GrKYrc3y4LZmmuhppYgFRCKb7JyZ6grum4WhLYvA1z;ASftCNtzPNmK3nMDvpQNvpLauKS45Vkq7kwTPutqUBL1;CziyAr14UNUrfkxpioWSumkLXMwWnDWN2bu2WR5ao7kc;DkDwxjD5JFK7hd7qUNHqNaTeqDGcZ1ia3Y6E7EUiehEn;omskHvyNvQSn3PFak3E8JHQJeSVJFsrc6izWT12pump,2026-02-12T16:00:27Z,2026-02-12T16:00:27Z,MEDIUM,,False
eHgWQRohuMfdxPuXUhgMswMs3zbXMKtRRzKkNde76X5,direct,5,1,7aLLQRBpGCaSLmmHGf34MGtbdtTumiB14d14TtDnpump;AmWCcDf6tG7zB3VPeDVjeXL5N567fXAiHcTKw3xXpump;B3xU49SW3khA7m5Lgata2fmPxZeQRuaJbCruPsVDpump;BUPNYwndVGfzVb6RG6q2PX53VdAimw2Mi98QxqeWpump;GL7M1C4QeLoURyexYgdhuP8SvaPh5LHQLRqKha3epump,2026-08-04T15:24:28Z,2026-08-04T15:24:28Z,HIGH,,False
xgCByZAn5PP5ogNnm5ztgSF5xynZq1q6f5ovSMQ5EwX,direct,5,1,2BucyGvsg9wwTwsaFsEUFgdphrCtp94pDRtHowJUpump;6sFMbTF2VTzutzKekenJujFZBqb4TiBZJKfyLMUbpump;7dACCWZXF4Lr9ftxFpi7TJk7a3hcPpUwGPAcTuXDpump;9mqJNDG2squcqZt2zC7cWWNtVozUbQUnzVnP1jG6pump;H9GGsNc7vA4hN13N1oU4itq8x3mrdZBdw2XdK3Mipump,2026-04-10T21:31:54Z,2026-04-10T21:31:54Z,HIGH,,False
DhqjSn3wgTMAua6Cd9DHSZUtLuXMsyqky7Hy4mgtxvN6,direct,4,27,25GrKYrc3y4LZmmuhppYgFRCKb7JyZ6grum4WhLYvA1z;3f8CKfznVUGrFfhcq8ZBY9M1xyDeEQGrh6iH372h3ebN;5Sg1vv51KGCSDF2gBHgbNATCEXFjYtVhWgztNUwtgJYD;69N7rm9nnp6sVoULtp5toD26F25rYum8593GupxkUYvH,2026-09-25T13:41:36Z,2026-09-28T01:49:58Z,HIGH,,False
2UL8hbNaoErAYNePqgQYPP9yDCDRZGWbzKW4krLqkhNL,direct,4,4,55bKo8bj1YVEgsbwkkd4Nwu7JhaZF9trUgbvpZ3YeVCA;5DoZAeBkoci5t5zPhUiuhQFjuzYTfkSv5Seojsxppump;DkDwxjD5JFK7hd7qUNHqNaTeqDGcZ1ia3Y6E7EUiehEn;FuF2M5T79HJdpJUbp46qwWssLXQ1Xjf1yiNSfyo5UEGC,2026-04-25T19:07:31Z,2026-08-30T23:26:11Z,HIGH,,False
37kGnQ4gzX5LCBhXxAiGkaHX33bSX2aSiWxYjqapGKWe,upstream,4,4,4n32UBFWKJNPQayeN25GrLJHswbja41XFMxebcg9pump;4prKtarobdhYDY4Hu3uGZMx7Je4HqPJeLVyxN6m4Ld3T;DkDwxjD5JFK7hd7qUNHqNaTeqDGcZ1ia3Y6E7EUiehEn;GL7M1C4QeLoURyexYgdhuP8SvaPh5LHQLRqKha3epump,2024-10-18T17:37:05Z,2024-10-18T17:37:05Z,MEDIUM,,False
3PcFYzZaoYFAXSbBSUNFakm96oN1he3TT3ws2ZEpMKis,upstream,4,4,3coFBLantjJkMRmzaQ4znMQQzfqFYTyBeNhdXYAzpump;7p4MwwkUaMv4gBThVkW46QjwVaosaUrccbFV1MbXpump;CHygERrxnc5QByNCwxUNSMhP7tKJA7rh6hNBdJ2spump;xeKm1qmxyHLJZLdwKpsZdx5UFtYyb124GTWRZWypump,2025-05-30T19:41:26Z,2025-05-30T19:41:26Z,MEDIUM,,False
57WCAr4QVsgPSG7xd4CVPHYonP5s8EGgsk31fhhcGiKC,upstream,4,4,7xXo3JYBqzh6D91XRppzFRLfw8wJHypeukGaNWwKgZ8m;9xhMStAAufkH5jA5nevaGy6M9fCsQ74BZnsXyo93DkfA;ASftCNtzPNmK3nMDvpQNvpLauKS45Vkq7kwTPutqUBL1;F59cEB3A7RAKHGtkvR577swnPSP6EsdaBoL5AcVZpump,2025-01-16T13:35:12Z,2025-01-16T13:35:12Z,MEDIUM,,False
6xfPFKnwv48XvxpFf4athewqGFvSTKQcMmfzYapgZ2sG,upstream,4,4,13V3CbY7Q7AXnf24FMsUaQrmLxnRU4Md9phDEWZvpump;4n32UBFWKJNPQayeN25GrLJHswbja41XFMxebcg9pump;AmWCcDf6tG7zB3VPeDVjeXL5N567fXAiHcTKw3xXpump;DkDwxjD5JFK7hd7qUNHqNaTeqDGcZ1ia3Y6E7EUiehEn,2026-07-17T03:16:17Z,2026-07-17T03:16:17Z,MEDIUM,,False
6xh9dCmarfheM3GZsmaiB85n2LsMc3VJcQQTb47ETCpD,upstream,4,4,5Sg1vv51KGCSDF2gBHgbNATCEXFjYtVhWgztNUwtgJYD;AbpJywMWmkf1MFonRddPVogSwPPZHB9pG4x2nKb1YaPn;DQ2H7qcj262RAKfSxGYeL7cYJq54mVdXe4gYxUwxpump;FuF2M5T79HJdpJUbp46qwWssLXQ1Xjf1yiNSfyo5UEGC,2024-11-06T11:12:41Z,2024-11-06T11:12:41Z,MEDIUM,,False
982h1AkQEvPHbRr1a3JDJgiqFYs52VVNNgjWinoCyvrE,upstream,4,4,4kkrecvSVnnkK3RZcJ85tNFiZu9pWg584yHjNCqEpump;F59cEB3A7RAKHGtkvR577swnPSP6EsdaBoL5AcVZpump;GL7M1C4QeLoURyexYgdhuP8SvaPh5LHQLRqKha3epump;xeKm1qmxyHLJZLdwKpsZdx5UFtYyb124GTWRZWypump,2024-08-20T06:44:04Z,2024-08-20T06:44:04Z,MEDIUM,,False
ABNL41SwMLVRaCq6okEWsWyvLwm56nazUNwMrTHgmuyf,direct,4,4,28HydoWU7TZQxWiVQxGZyspE3qgWdCHToNDVgLoNpump;3vfxnHSCS139RZiw6MPZaEvhySnjbEi81GuF5EdNpump;5nnWe5SCBaNMC3oNiR7utth6kx3mH1dhmCarjDb91shW;7mRDn1rAqjwFQXacodr1UmkNdvAGPbtNP9k5jvBZqt9J,2025-04-17T14:23:19Z,2026-08-29T01:36:14Z,HIGH,,False
ALpUXHw8v739Dkt4oS8sjew1V8ymm7Bb7UKpJ6S4VAb7,direct,4,4,13V3CbY7Q7AXnf24FMsUaQrmLxnRU4Md9phDEWZvpump;4n32UBFWKJNPQayeN25GrLJHswbja41XFMxebcg9pump;AmWCcDf6tG7zB3VPeDVjeXL5N567fXAiHcTKw3xXpump;DkDwxjD5JFK7hd7qUNHqNaTeqDGcZ1ia3Y6E7EUiehEn,2026-08-13T14:05:32Z,2026-09-13T23:10:31Z,HIGH,,False
AqqiPxP5S8TdnoRKBbFAZMDrebcEQLMorM4vwXxYkvZL,upstream,4,4,55bKo8bj1YVEgsbwkkd4Nwu7JhaZF9trUgbvpZ3YeVCA;5DoZAeBkoci5t5zPhUiuhQFjuzYTfkSv5Seojsxppump;DkDwxjD5JFK7hd7qUNHqNaTeqDGcZ1ia3Y6E7EUiehEn;FuF2M5T79HJdpJUbp46qwWssLXQ1Xjf1yiNSfyo5UEGC,2021-12-01T17:34:22Z,2021-12-01T17:34:22Z,MEDIUM,,False
CSEncqtqbmNRjve42sNnbs5cCSmrjUNsAEwc17XY2RCs,upstream,4,4,13V3CbY7Q7AXnf24FMsUaQrmLxnRU4Md9phDEWZvpump;4prKtarobdhYDY4Hu3uGZMx7Je4HqPJeLVyxN6m4Ld3T;5o43e7gYZWFNEpdqkegHY6LXkhMXB1z6f7d6TAVGEMTM;dy6zeSw9j2zHprXLwk1uUGAD4d2HF5R3pAFrL6bRAKs,2022-07-24T13:13:13Z,2025-10-26T12:31:02Z,MEDIUM,,False
CdcVvn23Bzxj14ibBe7xRcK3g8QbrcXKYYQpqkTrW1KG,direct,4,4,3vfxnHSCS139RZiw6MPZaEvhySnjbEi81GuF5EdNpump;BZYpLHhui3qRNokWFg2JcX8CYtMqzWHR5R4xowjcbPqh;dy6zeSw9j2zHprXLwk1uUGAD4d2HF5R3pAFrL6bRAKs;rMPLDvnn6KR773WNhZvtFNcgFwnRkc7UbPkUaiMpump,2026-07-16T16:03:28Z,2026-09-15T15:56:49Z,HIGH,,False
Cp1WzVy6WLuJvrTsTJzdx4g9WwLZgfPFZxaNaNLmv7qL,upstream,4,4,4kkrecvSVnnkK3RZcJ85tNFiZu9pWg584yHjNCqEpump;F59cEB3A7RAKHGtkvR577swnPSP6EsdaBoL5AcVZpump;GL7M1C4QeLoURyexYgdhuP8SvaPh5LHQLRqKha3epump;xeKm1qmxyHLJZLdwKpsZdx5UFtYyb124GTWRZWypump,2024-08-20T06:44:30Z,2024-08-20T06:44:30Z,MEDIUM,,False
DAqCpTpQN1JNCDYLXWir28q1J2eXSufiNNADsSnUQTBZ,direct,4,4,28HydoWU7TZQxWiVQxGZyspE3qgWdCHToNDVgLoNpump;5L6As5obMTXxKwjmGBy1LTRwW2Hm1PjSK18JhETrpump;9PNfxvTARzdxvQas2uknW57bnfMCS1dxW1He7rPbuhuQ;ASftCNtzPNmK3nMDvpQNvpLauKS45Vkq7kwTPutqUBL1,2026-07-16T18:39:27Z,2026-10-02T17:48:59Z,HIGH,,False
DoAsxPQgiyAxyaJNvpAAUb2ups6rbJRdYrCPyWxwRxBb,direct,4,4,5Sg1vv51KGCSDF2gBHgbNATCEXFjYtVhWgztNUwtgJYD;AbpJywMWmkf1MFonRddPVogSwPPZHB9pG4x2nKb1YaPn;DQ2H7qcj262RAKfSxGYeL7cYJq54mVdXe4gYxUwxpump;FuF2M5T79HJdpJUbp46qwWssLXQ1Xjf1yiNSfyo5UEGC,2025-07-19T10:48:15Z,2026-08-26T21:03:54Z,HIGH,,False
FBfQEqTqKRDaPx8tdMnYfbF7GJESqpVq1h1YY4kUWnys,upstream,4,4,4prKtarobdhYDY4Hu3uGZMx7Je4HqPJeLVyxN6m4Ld3T;57ANN8dAbPX8x1BEFFwzBttkzwpKZBEiJkdiWSzVNQvS;69N7rm9nnp6sVoULtp5toD26F25rYum8593GupxkUYvH;7p4MwwkUaMv4gBThVkW46QjwVaosaUrccbFV1MbXpump,2026-08-04T23:20:17Z,2026-10-03T14:23:22Z,MEDIUM,,False
FfxU1AEhdz2q16TAmzgG6wdYP3NKsFz5gkYt4DprYBsH,direct,4,4,7p4MwwkUaMv4gBThVkW46QjwVaosaUrccbFV1MbXpump;BZYpLHhui3qRNokWFg2JcX8CYtMqzWHR5R4xowjcbPqh;CziyAr14UNUrfkxpioWSumkLXMwWnDWN2bu2WR5ao7kc;FuF2M5T79HJdpJUbp46qwWssLXQ1Xjf1yiNSfyo5UEGC,2025-10-24T17:12:23Z,2026-08-27T11:35:09Z,HIGH,,False
G9X7F4JzLzbSGMCndiBdWNi5YzZZakmtkdwq7xS3Q3FE,direct,4,4,4kkrecvSVnnkK3RZcJ85tNFiZu9pWg584yHjNCqEpump;F59cEB3A7RAKHGtkvR577swnPSP6EsdaBoL5AcVZpump;GL7M1C4QeLoURyexYgdhuP8SvaPh5LHQLRqKha3epump;xeKm1qmxyHLJZLdwKpsZdx5UFtYyb124GTWRZWypump,2025-02-15T13:16:57Z,2026-09-08T16:44:54Z,HIGH,,False
J1BDJEdvTmmcjeTMVTHLPaaNvuQ3mdxeuWEM1YyMksLy,direct,4,4,4n32UBFWKJNPQayeN25GrLJHswbja41XFMxebcg9pump;4prKtarobdhYDY4Hu3uGZMx7Je4HqPJeLVyxN6m4Ld3T;DkDwxjD5JFK7hd7qUNHqNaTeqDGcZ1ia3Y6E7EUiehEn;GL7M1C4QeLoURyexYgdhuP8SvaPh5LHQLRqKha3epump,2025-04-13T07:51:34Z,2026-06-09T14:54:00Z,HIGH,,False
J1BGeK3ojLF5dqaNFLg7WkQToyYisY79pWvHHscTJcpD,upstream,4,4,13V3CbY7Q7AXnf24FMsUaQrmLxnRU4Md9phDEWZvpump;4n32UBFWKJNPQayeN25GrLJHswbja41XFMxebcg9pump;AmWCcDf6tG7zB3VPeDVjeXL5N567fXAiHcTKw3xXpump;DkDwxjD5JFK7hd7qUNHqNaTeqDGcZ1ia3Y6E7EUiehEn,2025-05-23T09:44:49Z,2025-05-23T09:44:49Z,MEDIUM,,False
sWZsb5dzwQUKWA3DdrKDtw9mVZWrmAJJhqPK3iuGJMH,upstream,4,4,28HydoWU7TZQxWiVQxGZyspE3qgWdCHToNDVgLoNpump;3vfxnHSCS139RZiw6MPZaEvhySnjbEi81GuF5EdNpump;5nnWe5SCBaNMC3oNiR7utth6kx3mH1dhmCarjDb91shW;7mRDn1rAqjwFQXacodr1UmkNdvAGPbtNP9k5jvBZqt9J,2022-03-30T06:10:34Z,2022-03-30T06:10:34Z,MEDIUM,,False
95ipm63sgxs1oHtn9rHfuvPKRRA6ZGeL7yBni8aynDW5,direct,4,3,4prKtarobdhYDY4Hu3uGZMx7Je4HqPJeLVyxN6m4Ld3T;4sjtHGeAKP6DoMUdvFqQuiYKhhPpwa9XCxUyuFD2pump;9CzNGAEutxKHJ5CwYC5Lk8X8YzgYrQnvKChP2BFEpump;BE5ciZmcADAX78u2a1GrFiPMPC3rNXtdPGUrhzWB4k5d,2026-04-25T21:00:02Z,2026-08-28T10:43:56Z,HIGH,,False
AaZkwhkiDStDcgrU37XAj9fpNLrD8Erz5PNkdm4k5hjy,upstream,4,3,6sFMbTF2VTzutzKekenJujFZBqb4TiBZJKfyLMUbpump;D4aEpQLW45YnWrBmztcpJHqabbPtFe9F9PTv8Umvpump;H8oe2SCksJcYzhPeS4TsbteusgZW5k7QaZ4boKyq8C7U;H9GGsNc7vA4hN13N1oU4itq8x3mrdZBdw2XdK3Mipump,2026-05-22T16:38:19Z,2026-09-16T22:51:37Z,MEDIUM,,False
CyBiGyD1EunXXrNRsu6pKkCQPTbdZ9UTsxAum9twRcSt,direct,4,3,5Sg1vv51KGCSDF2gBHgbNATCEXFjYtVhWgztNUwtgJYD;5pSEZw1iytqYznD7crsGyKNek7q5JkjBqj2KmfqxUVZd;6XD1vorwquLXjTSL5W4MJMGewZBeiEcPFmZw527TSwva;6gKx5EMvnymTVz2JgFhJAqpGxTYaBdVsaLb9YfPfvg4Y,2026-09-01T06:04:56Z,2026-09-01T06:07:35Z,HIGH,,False
2LSncYjJrRsorTTG7UeTia9rmGo8pw8JtaAoYbq7CV5F,upstream,4,2,5Sg1vv51KGCSDF2gBHgbNATCEXFjYtVhWgztNUwtgJYD;7HiD5rzoZxAYXEJ8Z4t3WgM8VE1iSKWJdxPPyEdDNzwN;EHUzmwAzmUix7TkwVr7b16U9ChJDr3RpjfXshR5swy5j;omskHvyNvQSn3PFak3E8JHQJeSVJFsrc6izWT12pump,2026-09-07T09:26:05Z,2026-09-07T09:26:05Z,MEDIUM,,False
3V11R3pEGSt5XeRaoLDcCdkAB8zVSaKRCm8y3uKBgnsr,upstream,4,2,4prKtarobdhYDY4Hu3uGZMx7Je4HqPJeLVyxN6m4Ld3T;4sjtHGeAKP6DoMUdvFqQuiYKhhPpwa9XCxUyuFD2pump;6wSQipxdE9Suf8tVNaCEbcqavUbLT7gL9tibpm3Jpump;CziyAr14UNUrfkxpioWSumkLXMwWnDWN2bu2WR5ao7kc,2026-08-22T14:57:50Z,2026-09-13T13:51:40Z,MEDIUM,,False
4Ri6Rd7zN6M6H8jF3vPc6MqnmFioVcPaizZt3crLVGXd,direct,4,2,7dACCWZXF4Lr9ftxFpi7TJk7a3hcPpUwGPAcTuXDpump;CSLP8Vp7u9hrXQi7crPXqCp7BaJaG4JrNxqvR3jDpump;DQ2H7qcj262RAKfSxGYeL7cYJq54mVdXe4gYxUwxpump;Er5RuNhTEwJH5dHv9c3YGATjgkLCETH4dKazntyWEtXY,2026-07-14T00:51:19Z,2026-08-08T19:40:45Z,HIGH,,False
4kgP66iRUa4fv7Td77cuuii2baAzZtzPEy13QvTQ9TGq,upstream,4,2,25GrKYrc3y4LZmmuhppYgFRCKb7JyZ6grum4WhLYvA1z;6akNLpNd11oq4q5zxhXGwr5jwUi6Ke4CvKmF6QeUwJCQ;BE5ciZmcADAX78u2a1GrFiPMPC3rNXtdPGUrhzWB4k5d;UsrcsZMqw6p53Fohu16UCBjsbjqc73XmoRFZDcnCtMR,2026-09-25T00:21:47Z,2026-09-25T00:21:47Z,MEDIUM,,False
7uqNU9d8KPRFATwkxMySWwyQUEjxuuxNRCYoTSej8KYp,direct,4,2,49aM4HrGABwG9F8iAn385zzcsS6mxHEFY8YN3H7y1Cd9;7mRDn1rAqjwFQXacodr1UmkNdvAGPbtNP9k5jvBZqt9J;8ypYfW5cjafrfAZij8TZj5SFHAbPNpiRio96LMzypDkn;BUPNYwndVGfzVb6RG6q2PX53VdAimw2Mi98QxqeWpump,2025-04-12T14:12:31Z,2025-04-12T14:13:17Z,HIGH,,False
88NHCphrGXyP5sHxcStQSFsPAQyXQSeLWuUFzNWLzT3P,upstream,4,2,47r9YPDeTVpwHjAakoVgnzNTJRChXC8f4KSUqMbEsBbM;5nnWe5SCBaNMC3oNiR7utth6kx3mH1dhmCarjDb91shW;6sFMbTF2VTzutzKekenJujFZBqb4TiBZJKfyLMUbpump;AbpJywMWmkf1MFonRddPVogSwPPZHB9pG4x2nKb1YaPn,2025-06-06T23:01:15Z,2025-09-18T00:01:59Z,MEDIUM,,False
8RvtT8189KpAq5MkXGVHFn6LdZpxq9PkvDeAvs1g5Yj4,direct,4,2,5Sg1vv51KGCSDF2gBHgbNATCEXFjYtVhWgztNUwtgJYD;7HiD5rzoZxAYXEJ8Z4t3WgM8VE1iSKWJdxPPyEdDNzwN;EHUzmwAzmUix7TkwVr7b16U9ChJDr3RpjfXshR5swy5j;omskHvyNvQSn3PFak3E8JHQJeSVJFsrc6izWT12pump,2026-09-07T12:30:31Z,2026-10-04T12:17:28Z,HIGH,,False
8TQq9tVnqaaLYjiQNbQ1E1MLBkBGAffbrba5QdCj3pw8,direct,4,2,8ypYfW5cjafrfAZij8TZj5SFHAbPNpiRio96LMzypDkn;9PNfxvTARzdxvQas2uknW57bnfMCS1dxW1He7rPbuhuQ;DJejJn1iJntJVTAixy4VRgqJFF3NMKPEMgVzbJFmpump;H8oe2SCksJcYzhPeS4TsbteusgZW5k7QaZ4boKyq8C7U,2026-09-24T14:39:53Z,2026-10-01T08:53:56Z,HIGH,,False
99Xy6CWaX9Gi6jDs4Pju9UETZPGXFFDpG666V5D86d6w,upstream,4,2,8ypYfW5cjafrfAZij8TZj5SFHAbPNpiRio96LMzypDkn;9PNfxvTARzdxvQas2uknW57bnfMCS1dxW1He7rPbuhuQ;DJejJn1iJntJVTAixy4VRgqJFF3NMKPEMgVzbJFmpump;H8oe2SCksJcYzhPeS4TsbteusgZW5k7QaZ4boKyq8C7U,2026-09-16T02:07:49Z,2026-09-16T02:07:49Z,MEDIUM,,False
9xziNSwNxLEKPruLBbYNvcyctmFz79cL3uc5smUj14Ym,direct,4,2,7aLLQRBpGCaSLmmHGf34MGtbdtTumiB14d14TtDnpump;DJejJn1iJntJVTAixy4VRgqJFF3NMKPEMgVzbJFmpump;EkTkjVEfhvgkoCwheMTnr8mhEmJ6Q7ZR8q7ZMCcnpump;JAqRn24FuQ5MFReXNgXb8uFej5vHJDxhVtebpQvHTQZy,2026-08-24T05:06:03Z,2026-08-24T05:06:33Z,HIGH,,False
BTLG71P7eH7hxT4MMv1DUaSkH6G2aYp7hRKqocjeYrSy,upstream,4,2,6XD1vorwquLXjTSL5W4MJMGewZBeiEcPFmZw527TSwva;6akNLpNd11oq4q5zxhXGwr5jwUi6Ke4CvKmF6QeUwJCQ;EHUzmwAzmUix7TkwVr7b16U9ChJDr3RpjfXshR5swy5j;G9r7nnHSgvb7LUfCE8kavRaKokEMMYBjVHGKvQ6dpump,2026-07-15T11:22:49Z,2026-09-25T03:20:13Z,MEDIUM,,False
C9EQw1s7cVEhywcR7yPFiurThNigqNrCYHTxWekAWRm6,upstream,4,2,49aM4HrGABwG9F8iAn385zzcsS6mxHEFY8YN3H7y1Cd9;7mRDn1rAqjwFQXacodr1UmkNdvAGPbtNP9k5jvBZqt9J;8ypYfW5cjafrfAZij8TZj5SFHAbPNpiRio96LMzypDkn;BUPNYwndVGfzVb6RG6q2PX53VdAimw2Mi98QxqeWpump,2025-03-28T13:40:38Z,2025-03-28T13:40:38Z,MEDIUM,,False
FzZ77TM8Ekcb6gyWPmcT9upWkAZKZc5xrYfuFu7pifPn,upstream,4,2,47r9YPDeTVpwHjAakoVgnzNTJRChXC8f4KSUqMbEsBbM;5nnWe5SCBaNMC3oNiR7utth6kx3mH1dhmCarjDb91shW;8qT3o4k4aUmyLrgd7hHYmVxin3kFhQ9QsXdSXTP6pump;9ek8utEujXFmiM9wXcWKPF18y57PmeG8rsiBZGzzpump,2025-02-12T14:40:05Z,2025-04-29T20:48:41Z,MEDIUM,,False
HtvyWRnxhkm8GwdDQZuqHbf6ZR8Pi99aGjxCsbke43Gd,upstream,4,2,6akNLpNd11oq4q5zxhXGwr5jwUi6Ke4CvKmF6QeUwJCQ;BE5ciZmcADAX78u2a1GrFiPMPC3rNXtdPGUrhzWB4k5d;H8oe2SCksJcYzhPeS4TsbteusgZW5k7QaZ4boKyq8C7U;UsrcsZMqw6p53Fohu16UCBjsbjqc73XmoRFZDcnCtMR,2026-09-26T15:21:39Z,2026-09-26T15:21:39Z,MEDIUM,,False
UsGASwdfVpXaak8ZjvYEN4CPve91chx7YtUeyrq25ag,upstream,4,2,47r9YPDeTVpwHjAakoVgnzNTJRChXC8f4KSUqMbEsBbM;5nnWe5SCBaNMC3oNiR7utth6kx3mH1dhmCarjDb91shW;8qT3o4k4aUmyLrgd7hHYmVxin3kFhQ9QsXdSXTP6pump;9ek8utEujXFmiM9wXcWKPF18y57PmeG8rsiBZGzzpump,2024-11-08T11:27:51Z,2024-11-08T11:27:51Z,MEDIUM,,False
2i2WFxcBj2ah7iLowGnZkeEVdXvWR2xpJXXGqEA85y2R,direct,4,1,7271ZR6GBzaGqdtP28ZqZ5BKRt2ziu4AnPnVCAL7pump;B3xU49SW3khA7m5Lgata2fmPxZeQRuaJbCruPsVDpump;CziyAr14UNUrfkxpioWSumkLXMwWnDWN2bu2WR5ao7kc;GL7M1C4QeLoURyexYgdhuP8SvaPh5LHQLRqKha3epump,2026-07-13T05:40:24Z,2026-07-13T05:40:24Z,HIGH,,False
2qo8jvuc49pFmTjmUHLiARSV6ppPTaE7gw27ZJ6DnNZy,direct,4,1,6akNLpNd11oq4q5zxhXGwr5jwUi6Ke4CvKmF6QeUwJCQ;DJejJn1iJntJVTAixy4VRgqJFF3NMKPEMgVzbJFmpump;EHUzmwAzmUix7TkwVr7b16U9ChJDr3RpjfXshR5swy5j;H8oe2SCksJcYzhPeS4TsbteusgZW5k7QaZ4boKyq8C7U,2026-07-03T09:46:35Z,2026-07-03T09:46:35Z,HIGH,,False
3mtA8kFb8h5gDSR8HGMEKuQ1yah8wAViJQ3HzPdUr1EW,direct,4,1,3f8CKfznVUGrFfhcq8ZBY9M1xyDeEQGrh6iH372h3ebN;BE5ciZmcADAX78u2a1GrFiPMPC3rNXtdPGUrhzWB4k5d;F41TwidZvJJcsx9c2BMwS6eH9W6HcUT4LzPmGvK9WU6N;GfqKCwNeAdHHi97AmgCLP5qrwcSJRDdyZ1huiU6xUXTz,2026-08-24T02:28:12Z,2026-08-24T02:28:12Z,HIGH,,False
3zWgc3dLpQKZWFv1vQYU7utE7GJ44kEXmurYbSRQXMMa,direct,4,1,44s336LDz8bXp4rpxy1qwUfysZ4THjpReQWTKQg7pump;6sFMbTF2VTzutzKekenJujFZBqb4TiBZJKfyLMUbpump;9mqJNDG2squcqZt2zC7cWWNtVozUbQUnzVnP1jG6pump;AgB5SxiP1DFZbW9uDAH7s8Mhv1HF21nJv67tnAAYpump,2026-09-09T02:33:38Z,2026-09-09T02:33:38Z,HIGH,,False
4X8Vj7PuhjtDuU3r8LrJv1Z27dnzFvd9rTLwXv1adXVW,upstream,4,1,6XD1vorwquLXjTSL5W4MJMGewZBeiEcPFmZw527TSwva;6akNLpNd11oq4q5zxhXGwr5jwUi6Ke4CvKmF6QeUwJCQ;BE5ciZmcADAX78u2a1GrFiPMPC3rNXtdPGUrhzWB4k5d;UsrcsZMqw6p53Fohu16UCBjsbjqc73XmoRFZDcnCtMR,2026-03-29T21:13:46Z,2026-03-29T21:13:46Z,MEDIUM,,False
5cPfNrmpCaLUV5Ji5LJHJatWbb41996W3HnrBgkzEBRb,upstream,4,1,2A6sLqrw8WN6KkgnCsN4xJkyAowBZHr2H9xQ4u3Mpump;49aM4HrGABwG9F8iAn385zzcsS6mxHEFY8YN3H7y1Cd9;7mRDn1rAqjwFQXacodr1UmkNdvAGPbtNP9k5jvBZqt9J;AgB5SxiP1DFZbW9uDAH7s8Mhv1HF21nJv67tnAAYpump,2026-08-27T20:37:03Z,2026-08-27T20:37:03Z,MEDIUM,,False
5uNuVS493MR7ELATQWPTkBw691JLQPNecpzd6sCa5bzX,upstream,4,1,7p4MwwkUaMv4gBThVkW46QjwVaosaUrccbFV1MbXpump;8G7aM6Gco4fHjVpmVvUdVvhKMKaWXJEqkCKRvPdepump;8qT3o4k4aUmyLrgd7hHYmVxin3kFhQ9QsXdSXTP6pump;EkTkjVEfhvgkoCwheMTnr8mhEmJ6Q7ZR8q7ZMCcnpump,2025-11-29T19:18:54Z,2025-11-29T19:18:54Z,MEDIUM,,False
7FfB2zQRYUQwpPzkRxAeg2mCBGeCRKp4PCEeULJA9xTo,upstream,4,1,5Sg1vv51KGCSDF2gBHgbNATCEXFjYtVhWgztNUwtgJYD;9ek8utEujXFmiM9wXcWKPF18y57PmeG8rsiBZGzzpump;F59cEB3A7RAKHGtkvR577swnPSP6EsdaBoL5AcVZpump;H9GGsNc7vA4hN13N1oU4itq8x3mrdZBdw2XdK3Mipump,2024-05-29T09:14:13Z,2024-05-29T09:14:13Z,MEDIUM,,False
7TurS8qzRHQHiaZuD1P511eD2ZYs7a3AwPBhKfZZ1TsN,upstream,4,1,7p4MwwkUaMv4gBThVkW46QjwVaosaUrccbFV1MbXpump;8G7aM6Gco4fHjVpmVvUdVvhKMKaWXJEqkCKRvPdepump;8qT3o4k4aUmyLrgd7hHYmVxin3kFhQ9QsXdSXTP6pump;EkTkjVEfhvgkoCwheMTnr8mhEmJ6Q7ZR8q7ZMCcnpump,2025-11-29T03:59:52Z,2025-11-29T03:59:52Z,MEDIUM,,False
7ZjuE9qShyeXY8c2LWedeuYS3MZL7T2ZnFPnb7ZsuYfq,upstream,4,1,7p4MwwkUaMv4gBThVkW46QjwVaosaUrccbFV1MbXpump;8G7aM6Gco4fHjVpmVvUdVvhKMKaWXJEqkCKRvPdepump;8qT3o4k4aUmyLrgd7hHYmVxin3kFhQ9QsXdSXTP6pump;EkTkjVEfhvgkoCwheMTnr8mhEmJ6Q7ZR8q7ZMCcnpump,2025-11-29T18:40:21Z,2025-11-29T18:40:21Z,MEDIUM,,False
7nzEQip8bS7edWmaqyf1yC1hvggx754PLcMa9UqKA2cf,upstream,4,1,28HydoWU7TZQxWiVQxGZyspE3qgWdCHToNDVgLoNpump;4ZUjJ5EJbwfh7teotB29uHc1SC3SiqbrkwJoNgsxibbU;7Q9VxTczrzgvjXWbJJZibR7hbYAohngsNsuEhdEcpump;DkDwxjD5JFK7hd7qUNHqNaTeqDGcZ1ia3Y6E7EUiehEn,2025-03-27T17:18:16Z,2025-03-27T17:18:16Z,MEDIUM,,False
7r5K1W2SpmDoZ7y87QtSPovw93u3bse1cg8N8WaN8ym9,direct,4,1,4GRTznsfLTRqaB2uMAFmmgaWtvfVyBb4qCsTjskUpump;9CzNGAEutxKHJ5CwYC5Lk8X8YzgYrQnvKChP2BFEpump;DQ2H7qcj262RAKfSxGYeL7cYJq54mVdXe4gYxUwxpump;GL7M1C4QeLoURyexYgdhuP8SvaPh5LHQLRqKha3epump,2026-07-27T11:42:16Z,2026-07-27T11:42:16Z,HIGH,,False
8NmNgDKZYiqHfB4hgCcg2iYMi6UFcBCsvnatuVBqgZYG,direct,4,1,2iSB473Z7L2ndpWs3n22tb7H3KSGpswDTH3jP7qCCAZT;4n32UBFWKJNPQayeN25GrLJHswbja41XFMxebcg9pump;4prKtarobdhYDY4Hu3uGZMx7Je4HqPJeLVyxN6m4Ld3T;ASftCNtzPNmK3nMDvpQNvpLauKS45Vkq7kwTPutqUBL1,2026-07-20T17:48:36Z,2026-07-20T17:48:36Z,HIGH,,False
8TuTs4KCzRQZNuiJZaEG2JikytsockR4tg4qAQxqt3YL,direct,4,1,3coFBLantjJkMRmzaQ4znMQQzfqFYTyBeNhdXYAzpump;4GRTznsfLTRqaB2uMAFmmgaWtvfVyBb4qCsTjskUpump;CSLP8Vp7u9hrXQi7crPXqCp7BaJaG4JrNxqvR3jDpump;HJPjdsDmcvgCj4MV3NvqCWd78qDP8BMzGfrsk4Nbpump,2025-10-03T12:42:36Z,2025-10-03T12:42:36Z,HIGH,,False
8bwEbwjMpgyUSk2ngD8TjofqgrejGLjpHCHftM4SET68,direct,4,1,4GRTznsfLTRqaB2uMAFmmgaWtvfVyBb4qCsTjskUpump;CSLP8Vp7u9hrXQi7crPXqCp7BaJaG4JrNxqvR3jDpump;HJPjdsDmcvgCj4MV3NvqCWd78qDP8BMzGfrsk4Nbpump;hHc9579gpKUnvYvgcKyjdpe1UhmfVfGzGwMQCADpump,2026-04-04T12:31:49Z,2026-04-04T12:31:49Z,HIGH,,False
8cuk2oZtaE7tprXarmzKokHwu5mxzicjQ78hvHFYkKw8,upstream,4,1,3GeNgcFpMwH9ts5b3W3jddtfwhwAURaykTy8YjtrGQWT;7xXo3JYBqzh6D91XRppzFRLfw8wJHypeukGaNWwKgZ8m;8ypYfW5cjafrfAZij8TZj5SFHAbPNpiRio96LMzypDkn;Ajz86fyiygsv8kZkUyDxogxkz5VfKRs4HTEABVTfpump,2024-11-24T10:15:08Z,2024-11-24T10:15:08Z,MEDIUM,,False
8vXBHs6eE53pnSm5oGb84Zo5js4534GabyqnD1ycYy2M,upstream,4,1,4GRTznsfLTRqaB2uMAFmmgaWtvfVyBb4qCsTjskUpump;CSLP8Vp7u9hrXQi7crPXqCp7BaJaG4JrNxqvR3jDpump;HJPjdsDmcvgCj4MV3NvqCWd78qDP8BMzGfrsk4Nbpump;hHc9579gpKUnvYvgcKyjdpe1UhmfVfGzGwMQCADpump,2025-11-15T12:02:59Z,2025-11-15T12:02:59Z,MEDIUM,,False
9HV5mTUyyEqzTWYQZBPRTr1KVTQ19q163dB7HfwJJo2A,upstream,4,1,5Sg1vv51KGCSDF2gBHgbNATCEXFjYtVhWgztNUwtgJYD;9ek8utEujXFmiM9wXcWKPF18y57PmeG8rsiBZGzzpump;F59cEB3A7RAKHGtkvR577swnPSP6EsdaBoL5AcVZpump;H9GGsNc7vA4hN13N1oU4itq8x3mrdZBdw2XdK3Mipump,2022-12-30T16:54:43Z,2022-12-30T16:54:43Z,MEDIUM,,False
9XTR2ddvo5486pVtBmd52z8dcpMwsR4GTjRz4XL9oYT6,direct,4,1,2A6sLqrw8WN6KkgnCsN4xJkyAowBZHr2H9xQ4u3Mpump;9mqJNDG2squcqZt2zC7cWWNtVozUbQUnzVnP1jG6pump;BUPNYwndVGfzVb6RG6q2PX53VdAimw2Mi98QxqeWpump;G9r7nnHSgvb7LUfCE8kavRaKokEMMYBjVHGKvQ6dpump,2026-04-13T02:26:16Z,2026-04-13T02:26:16Z,HIGH,,False
9Xj7aXj37aREWyyBSYFKYvZjSqwgsUoo9grVomJU8gku,direct,4,1,3GeNgcFpMwH9ts5b3W3jddtfwhwAURaykTy8YjtrGQWT;7xXo3JYBqzh6D91XRppzFRLfw8wJHypeukGaNWwKgZ8m;8ypYfW5cjafrfAZij8TZj5SFHAbPNpiRio96LMzypDkn;Ajz86fyiygsv8kZkUyDxogxkz5VfKRs4HTEABVTfpump,2025-03-30T13:58:12Z,2025-03-30T13:58:12Z,HIGH,,False
A2JJrxHVxuAZUFSYX8ibMD5iFK1UEpetUEkW4wMeQbkK,upstream,4,1,2A6sLqrw8WN6KkgnCsN4xJkyAowBZHr2H9xQ4u3Mpump;49aM4HrGABwG9F8iAn385zzcsS6mxHEFY8YN3H7y1Cd9;7mRDn1rAqjwFQXacodr1UmkNdvAGPbtNP9k5jvBZqt9J;AgB5SxiP1DFZbW9uDAH7s8Mhv1HF21nJv67tnAAYpump,2026-08-12T07:47:51Z,2026-08-12T07:47:51Z,MEDIUM,,False
AKdUe9zfRoAytCeNLzF7Kz8Deh4yFZRySQ2Rx4wVMucc,direct,4,1,7p4MwwkUaMv4gBThVkW46QjwVaosaUrccbFV1MbXpump;8G7aM6Gco4fHjVpmVvUdVvhKMKaWXJEqkCKRvPdepump;8qT3o4k4aUmyLrgd7hHYmVxin3kFhQ9QsXdSXTP6pump;EkTkjVEfhvgkoCwheMTnr8mhEmJ6Q7ZR8q7ZMCcnpump,2025-11-29T04:21:26Z,2025-11-29T04:21:26Z,HIGH,,False
AYRNomUoh1dggsVTzLZ5tDb84zWn3RBokKHm8rCFwWhE,upstream,4,1,7p4MwwkUaMv4gBThVkW46QjwVaosaUrccbFV1MbXpump;8G7aM6Gco4fHjVpmVvUdVvhKMKaWXJEqkCKRvPdepump;8qT3o4k4aUmyLrgd7hHYmVxin3kFhQ9QsXdSXTP6pump;EkTkjVEfhvgkoCwheMTnr8mhEmJ6Q7ZR8q7ZMCcnpump,2025-11-29T01:19:01Z,2025-11-29T01:19:01Z,MEDIUM,,False
AafSV3e1bdTKteo9NpQg9iuLWHK5pG7hJSUYdzCZHQaE,direct,4,1,28HydoWU7TZQxWiVQxGZyspE3qgWdCHToNDVgLoNpump;4ZUjJ5EJbwfh7teotB29uHc1SC3SiqbrkwJoNgsxibbU;7Q9VxTczrzgvjXWbJJZibR7hbYAohngsNsuEhdEcpump;DkDwxjD5JFK7hd7qUNHqNaTeqDGcZ1ia3Y6E7EUiehEn,2026-01-28T13:19:50Z,2026-01-28T13:19:50Z,HIGH,,False
AeEz9p5AdV4LwqmNXD7d2v5ZDwLcLdt9GuTUWKEmC8qp,direct,4,1,7p4MwwkUaMv4gBThVkW46QjwVaosaUrccbFV1MbXpump;8G7aM6Gco4fHjVpmVvUdVvhKMKaWXJEqkCKRvPdepump;8qT3o4k4aUmyLrgd7hHYmVxin3kFhQ9QsXdSXTP6pump;EkTkjVEfhvgkoCwheMTnr8mhEmJ6Q7ZR8q7ZMCcnpump,2025-11-29T23:17:51Z,2025-11-29T23:17:51Z,HIGH,,False
AvmoaxAG6Uwh1f9HjrxdNzc78ach9SkZp9nLpeoChQBa,upstream,4,1,25GrKYrc3y4LZmmuhppYgFRCKb7JyZ6grum4WhLYvA1z;2iSB473Z7L2ndpWs3n22tb7H3KSGpswDTH3jP7qCCAZT;49aM4HrGABwG9F8iAn385zzcsS6mxHEFY8YN3H7y1Cd9;G9r7nnHSgvb7LUfCE8kavRaKokEMMYBjVHGKvQ6dpump,2026-08-30T22:38:47Z,2026-08-30T22:38:47Z,MEDIUM,,False
BPdHzYBbDPF1oBMexqVdM3LBNscoWgNR1hjf4RLFSK3h,upstream,4,1,44s336LDz8bXp4rpxy1qwUfysZ4THjpReQWTKQg7pump;AmWCcDf6tG7zB3VPeDVjeXL5N567fXAiHcTKw3xXpump;B3xU49SW3khA7m5Lgata2fmPxZeQRuaJbCruPsVDpump;BUPNYwndVGfzVb6RG6q2PX53VdAimw2Mi98QxqeWpump,2026-08-29T23:52:11Z,2026-08-29T23:52:11Z,MEDIUM,,False
BqZ5JypJLR4VQcXQ2LJtBZxvfEy9qcQMxtNQ5TMYdmBQ,upstream,4,1,3GeNgcFpMwH9ts5b3W3jddtfwhwAURaykTy8YjtrGQWT;5o9sE9FEVC12zWBd2zqPXAhoVyRiNjGfaYX6hS3Ppump;6VMsrZvNaSzddT6vkY6dEDoFMeK5EoHD4KCAycfQpump;7aLLQRBpGCaSLmmHGf34MGtbdtTumiB14d14TtDnpump,2026-09-02T16:17:56Z,2026-09-02T16:17:56Z,MEDIUM,,False
BuLwdEjWTHHGUiPpwiPn4jMCCRkHVcEFkViCk7cB5gY5,upstream,4,1,28HydoWU7TZQxWiVQxGZyspE3qgWdCHToNDVgLoNpump;4ZUjJ5EJbwfh7teotB29uHc1SC3SiqbrkwJoNgsxibbU;7Q9VxTczrzgvjXWbJJZibR7hbYAohngsNsuEhdEcpump;DkDwxjD5JFK7hd7qUNHqNaTeqDGcZ1ia3Y6E7EUiehEn,2025-03-27T17:31:45Z,2025-03-27T17:31:45Z,MEDIUM,,False
C7BZwDSbAcytCHn1iVULbLFLebe5hcDVcuGfLkSsYowa,direct,4,1,13V3CbY7Q7AXnf24FMsUaQrmLxnRU4Md9phDEWZvpump;4GRTznsfLTRqaB2uMAFmmgaWtvfVyBb4qCsTjskUpump;B3xU49SW3khA7m5Lgata2fmPxZeQRuaJbCruPsVDpump;GL7M1C4QeLoURyexYgdhuP8SvaPh5LHQLRqKha3epump,2026-08-11T09:49:54Z,2026-08-11T09:49:54Z,HIGH,,False
CLT8ep6inWM4FhgNhe3pN5yBUrTkBSm7eTcrn19JPGZi,upstream,4,1,3GeNgcFpMwH9ts5b3W3jddtfwhwAURaykTy8YjtrGQWT;7xXo3JYBqzh6D91XRppzFRLfw8wJHypeukGaNWwKgZ8m;8ypYfW5cjafrfAZij8TZj5SFHAbPNpiRio96LMzypDkn;Ajz86fyiygsv8kZkUyDxogxkz5VfKRs4HTEABVTfpump,2023-09-06T18:16:15Z,2023-09-06T18:16:15Z,MEDIUM,,False
Cq1WshUES6mMLZYnkaiy63k9QmN53cEwpomuL2iGdwLN,direct,4,1,4GRTznsfLTRqaB2uMAFmmgaWtvfVyBb4qCsTjskUpump;6wSQipxdE9Suf8tVNaCEbcqavUbLT7gL9tibpm3Jpump;BUPNYwndVGfzVb6RG6q2PX53VdAimw2Mi98QxqeWpump;omskHvyNvQSn3PFak3E8JHQJeSVJFsrc6izWT12pump,2026-04-25T10:38:35Z,2026-04-25T10:38:35Z,HIGH,,False
DBj5PCBzXQG1wqw5Wi7VY9Y6Ce5VirBPU7pnYFvKSshf,upstream,4,1,3coFBLantjJkMRmzaQ4znMQQzfqFYTyBeNhdXYAzpump;4GRTznsfLTRqaB2uMAFmmgaWtvfVyBb4qCsTjskUpump;CSLP8Vp7u9hrXQi7crPXqCp7BaJaG4JrNxqvR3jDpump;HJPjdsDmcvgCj4MV3NvqCWd78qDP8BMzGfrsk4Nbpump,2025-02-13T18:11:48Z,2025-02-13T18:11:48Z,MEDIUM,,False
DeftBKL2RPHizRMsiWSGKYdkbtCCdyWY22DNQfHfdgt7,upstream,4,1,3f8CKfznVUGrFfhcq8ZBY9M1xyDeEQGrh6iH372h3ebN;BE5ciZmcADAX78u2a1GrFiPMPC3rNXtdPGUrhzWB4k5d;F41TwidZvJJcsx9c2BMwS6eH9W6HcUT4LzPmGvK9WU6N;GfqKCwNeAdHHi97AmgCLP5qrwcSJRDdyZ1huiU6xUXTz,2026-07-16T05:14:42Z,2026-07-16T05:14:42Z,MEDIUM,,False
E39Wqhe1w8wWz7gyoNFnHU8BdpL2GXRNYaGMEUyJHomG,direct,4,1,3GeNgcFpMwH9ts5b3W3jddtfwhwAURaykTy8YjtrGQWT;5o9sE9FEVC12zWBd2zqPXAhoVyRiNjGfaYX6hS3Ppump;6VMsrZvNaSzddT6vkY6dEDoFMeK5EoHD4KCAycfQpump;7aLLQRBpGCaSLmmHGf34MGtbdtTumiB14d14TtDnpump,2026-09-05T08:59:56Z,2026-09-05T08:59:56Z,HIGH,,False
EC1SJENgWiuJBnQ1Jwj939fHw9cnsMb39oiFDomNZTYh,direct,4,1,25GrKYrc3y4LZmmuhppYgFRCKb7JyZ6grum4WhLYvA1z;2iSB473Z7L2ndpWs3n22tb7H3KSGpswDTH3jP7qCCAZT;49aM4HrGABwG9F8iAn385zzcsS6mxHEFY8YN3H7y1Cd9;G9r7nnHSgvb7LUfCE8kavRaKokEMMYBjVHGKvQ6dpump,2026-09-20T18:01:05Z,2026-09-20T18:01:05Z,HIGH,,False
EzUGhcucx8XJrnmfaBxhNyissC4KfboubodSDp7rkRkK,direct,4,1,7aLLQRBpGCaSLmmHGf34MGtbdtTumiB14d14TtDnpump;9CzNGAEutxKHJ5CwYC5Lk8X8YzgYrQnvKChP2BFEpump;B3xU49SW3khA7m5Lgata2fmPxZeQRuaJbCruPsVDpump;hHc9579gpKUnvYvgcKyjdpe1UhmfVfGzGwMQCADpump,2026-08-30T03:25:18Z,2026-08-30T03:25:18Z,HIGH,,False
Fd2NAQHYYdHLMzAubLrGxWogop3EoUCNxwouvGwT4ACJ,direct,4,1,6XD1vorwquLXjTSL5W4MJMGewZBeiEcPFmZw527TSwva;6akNLpNd11oq4q5zxhXGwr5jwUi6Ke4CvKmF6QeUwJCQ;BE5ciZmcADAX78u2a1GrFiPMPC3rNXtdPGUrhzWB4k5d;UsrcsZMqw6p53Fohu16UCBjsbjqc73XmoRFZDcnCtMR,2026-07-10T00:48:35Z,2026-07-10T00:48:35Z,HIGH,,False
Fkq1moifJz9WcFNMZ3AMnDQEjVyAZ6EzQxBSEgubiuEk,direct,4,1,5Sg1vv51KGCSDF2gBHgbNATCEXFjYtVhWgztNUwtgJYD;9ek8utEujXFmiM9wXcWKPF18y57PmeG8rsiBZGzzpump;F59cEB3A7RAKHGtkvR577swnPSP6EsdaBoL5AcVZpump;H9GGsNc7vA4hN13N1oU4itq8x3mrdZBdw2XdK3Mipump,2024-05-29T10:19:59Z,2024-05-29T10:19:59Z,HIGH,,False
FpAA7eBBmQ7jMYW9SQLPZPiSA73v76BYLZJG8J7Gg2E6,upstream,4,1,9ek8utEujXFmiM9wXcWKPF18y57PmeG8rsiBZGzzpump;DkDwxjD5JFK7hd7qUNHqNaTeqDGcZ1ia3Y6E7EUiehEn;F41TwidZvJJcsx9c2BMwS6eH9W6HcUT4LzPmGvK9WU6N;H9GGsNc7vA4hN13N1oU4itq8x3mrdZBdw2XdK3Mipump,2026-02-10T20:06:34Z,2026-02-10T20:06:34Z,MEDIUM,,False
Fqd6vwLNSdzc9sW3GRGVVMVgBQDR2axyXQByGsKNFicu,upstream,4,1,2iSB473Z7L2ndpWs3n22tb7H3KSGpswDTH3jP7qCCAZT;4n32UBFWKJNPQayeN25GrLJHswbja41XFMxebcg9pump;4prKtarobdhYDY4Hu3uGZMx7Je4HqPJeLVyxN6m4Ld3T;ASftCNtzPNmK3nMDvpQNvpLauKS45Vkq7kwTPutqUBL1,2025-06-20T23:21:39Z,2025-06-20T23:21:39Z,MEDIUM,,False
GSvtmUkVXcKFKJNToCYhmzYB8DDARXUzarmh6GPtMMRw,upstream,4,1,4GRTznsfLTRqaB2uMAFmmgaWtvfVyBb4qCsTjskUpump;CSLP8Vp7u9hrXQi7crPXqCp7BaJaG4JrNxqvR3jDpump;HJPjdsDmcvgCj4MV3NvqCWd78qDP8BMzGfrsk4Nbpump;hHc9579gpKUnvYvgcKyjdpe1UhmfVfGzGwMQCADpump,2026-04-04T12:31:07Z,2026-04-04T12:31:07Z,MEDIUM,,False
H3LkeBLx8s8B9XuzdBhQCqw5QPaMHcbMYC9PsfKgdLkQ,upstream,4,1,44s336LDz8bXp4rpxy1qwUfysZ4THjpReQWTKQg7pump;6sFMbTF2VTzutzKekenJujFZBqb4TiBZJKfyLMUbpump;9mqJNDG2squcqZt2zC7cWWNtVozUbQUnzVnP1jG6pump;AgB5SxiP1DFZbW9uDAH7s8Mhv1HF21nJv67tnAAYpump,2026-08-10T02:40:13Z,2026-08-10T02:40:13Z,MEDIUM,,False
HHDZ65tY9cayPykLunUazf4zPcFmzSWZKHRDmV4f4CVn,direct,4,1,3f8CKfznVUGrFfhcq8ZBY9M1xyDeEQGrh6iH372h3ebN;BE5ciZmcADAX78u2a1GrFiPMPC3rNXtdPGUrhzWB4k5d;F41TwidZvJJcsx9c2BMwS6eH9W6HcUT4LzPmGvK9WU6N;GfqKCwNeAdHHi97AmgCLP5qrwcSJRDdyZ1huiU6xUXTz,2026-08-08T17:36:29Z,2026-08-08T17:36:29Z,HIGH,,False
Hnb17TVQHomunFBxSWDoTLiKPKefaogHDpM8R1NUHYeU,direct,4,1,9ek8utEujXFmiM9wXcWKPF18y57PmeG8rsiBZGzzpump;DkDwxjD5JFK7hd7qUNHqNaTeqDGcZ1ia3Y6E7EUiehEn;F41TwidZvJJcsx9c2BMwS6eH9W6HcUT4LzPmGvK9WU6N;H9GGsNc7vA4hN13N1oU4itq8x3mrdZBdw2XdK3Mipump,2026-04-18T14:13:23Z,2026-04-18T14:13:23Z,HIGH,,False
HpDE9s5Y6Ed3PxMDuwMBZRLnWFv6uLYZ2cCr9rU2ECnM,direct,4,1,2A6sLqrw8WN6KkgnCsN4xJkyAowBZHr2H9xQ4u3Mpump;49aM4HrGABwG9F8iAn385zzcsS6mxHEFY8YN3H7y1Cd9;7mRDn1rAqjwFQXacodr1UmkNdvAGPbtNP9k5jvBZqt9J;AgB5SxiP1DFZbW9uDAH7s8Mhv1HF21nJv67tnAAYpump,2026-08-29T15:09:29Z,2026-08-29T15:09:29Z,HIGH,,False
J7pHJSM3SSzjFGs1bV4DQa7ADkj84ynEtFBL92rQjUXF,direct,4,1,5o43e7gYZWFNEpdqkegHY6LXkhMXB1z6f7d6TAVGEMTM;9xhMStAAufkH5jA5nevaGy6M9fCsQ74BZnsXyo93DkfA;hHc9579gpKUnvYvgcKyjdpe1UhmfVfGzGwMQCADpump;rMPLDvnn6KR773WNhZvtFNcgFwnRkc7UbPkUaiMpump,2025-06-30T14:18:36Z,2025-06-30T14:18:36Z,HIGH,,False
VejDZjHYpwGgwYisuDHVrsj9ryENj7mSpi5WWs2awfy,upstream,4,1,44s336LDz8bXp4rpxy1qwUfysZ4THjpReQWTKQg7pump;AmWCcDf6tG7zB3VPeDVjeXL5N567fXAiHcTKw3xXpump;B3xU49SW3khA7m5Lgata2fmPxZeQRuaJbCruPsVDpump;BUPNYwndVGfzVb6RG6q2PX53VdAimw2Mi98QxqeWpump,2026-08-29T23:52:14Z,2026-08-29T23:52:14Z,MEDIUM,,False
Vs8mZKY6huXzXHRZ8XRegA7oAt5Fc27gcdpJg256JJi,direct,4,1,44s336LDz8bXp4rpxy1qwUfysZ4THjpReQWTKQg7pump;AmWCcDf6tG7zB3VPeDVjeXL5N567fXAiHcTKw3xXpump;B3xU49SW3khA7m5Lgata2fmPxZeQRuaJbCruPsVDpump;BUPNYwndVGfzVb6RG6q2PX53VdAimw2Mi98QxqeWpump,2026-08-29T23:52:16Z,2026-08-29T23:52:16Z,HIGH,,False
cpaDpszLwgWUsVc2uc2S4Sv49dtLpkoavF4QCGjjqim,upstream,4,1,3f8CKfznVUGrFfhcq8ZBY9M1xyDeEQGrh6iH372h3ebN;BE5ciZmcADAX78u2a1GrFiPMPC3rNXtdPGUrhzWB4k5d;F41TwidZvJJcsx9c2BMwS6eH9W6HcUT4LzPmGvK9WU6N;GfqKCwNeAdHHi97AmgCLP5qrwcSJRDdyZ1huiU6xUXTz,2026-02-26T15:17:11Z,2026-02-26T15:17:11Z,MEDIUM,,False
J2tKRPLrfuqLcM5WXzeQ5zhZjT7dkZTwuzZ8FDCYXxcd,upstream,3,4,4kkrecvSVnnkK3RZcJ85tNFiZu9pWg584yHjNCqEpump;5pSEZw1iytqYznD7crsGyKNek7q5JkjBqj2KmfqxUVZd;EkTkjVEfhvgkoCwheMTnr8mhEmJ6Q7ZR8q7ZMCcnpump,2025-09-12T11:05:06Z,2025-09-12T11:05:06Z,MEDIUM,,False
QT3EFRuVnCV9aVMgZrAsfbqBo4LqYkQp4EAPKY5kYLk,direct,3,4,3f8CKfznVUGrFfhcq8ZBY9M1xyDeEQGrh6iH372h3ebN;9mqJNDG2squcqZt2zC7cWWNtVozUbQUnzVnP1jG6pump;GKTxLXsmkjLDo89XmPa5htwK7sAzdqZ3jmfV6gaTvK67,2026-08-09T15:12:01Z,2026-09-23T09:38:24Z,HIGH,,False
2UL8hbNaoErAYNePqgQYPP9yDCDRZGWbzKW4krLqkhNL,upstream,3,3,4sjtHGeAKP6DoMUdvFqQuiYKhhPpwa9XCxUyuFD2pump;9ek8utEujXFmiM9wXcWKPF18y57PmeG8rsiBZGzzpump;FuF2M5T79HJdpJUbp46qwWssLXQ1Xjf1yiNSfyo5UEGC,2025-05-25T19:04:12Z,2026-08-26T16:30:08Z,MEDIUM,,False
3EFPL3LixQ9LnwJVQd1JPCotc2NV6GkrFp1jBA1QkoST,upstream,3,3,7xXo3JYBqzh6D91XRppzFRLfw8wJHypeukGaNWwKgZ8m;9xhMStAAufkH5jA5nevaGy6M9fCsQ74BZnsXyo93DkfA;F59cEB3A7RAKHGtkvR577swnPSP6EsdaBoL5AcVZpump,2025-11-15T11:13:21Z,2026-08-11T08:24:04Z,MEDIUM,,False
42nQHDpyUQ73XUVcEAqG1c8MTiCuioGoeeBAFHJCoRRm,upstream,3,3,3coFBLantjJkMRmzaQ4znMQQzfqFYTyBeNhdXYAzpump;5L6As5obMTXxKwjmGBy1LTRwW2Hm1PjSK18JhETrpump;9ek8utEujXFmiM9wXcWKPF18y57PmeG8rsiBZGzzpump,2025-10-31T15:28:59Z,2025-10-31T15:28:59Z,MEDIUM,,False
4domd1azK6PRgeZD5bnGxrkf2KzBJmoq8U9aNDSGimRR,upstream,3,3,3GeNgcFpMwH9ts5b3W3jddtfwhwAURaykTy8YjtrGQWT;FuF2M5T79HJdpJUbp46qwWssLXQ1Xjf1yiNSfyo5UEGC;JAqRn24FuQ5MFReXNgXb8uFej5vHJDxhVtebpQvHTQZy,2024-03-14T16:55:02Z,2024-03-14T16:55:02Z,MEDIUM,,False
5HQZd9ovzAF1TLnHRAq1zcSnXC9HAp3EwhoxMHvo8rxB,upstream,3,3,3coFBLantjJkMRmzaQ4znMQQzfqFYTyBeNhdXYAzpump;7p4MwwkUaMv4gBThVkW46QjwVaosaUrccbFV1MbXpump;CHygERrxnc5QByNCwxUNSMhP7tKJA7rh6hNBdJ2spump,2025-07-14T20:00:14Z,2026-09-02T14:34:53Z,MEDIUM,,False
6s85Pgnzior5LcA9UyctYndAv6n1aGy9E19ybHY8pufj,upstream,3,3,28HydoWU7TZQxWiVQxGZyspE3qgWdCHToNDVgLoNpump;9ek8utEujXFmiM9wXcWKPF18y57PmeG8rsiBZGzzpump;UsrcsZMqw6p53Fohu16UCBjsbjqc73XmoRFZDcnCtMR,2025-01-14T14:27:01Z,2025-01-14T17:10:45Z,MEDIUM,,False
771zujoMQDHMGyBWu363HNHr3PPXbSkA7X5kiQBpPNSz,upstream,3,3,44s336LDz8bXp4rpxy1qwUfysZ4THjpReQWTKQg7pump;GKTxLXsmkjLDo89XmPa5htwK7sAzdqZ3jmfV6gaTvK67;JAqRn24FuQ5MFReXNgXb8uFej5vHJDxhVtebpQvHTQZy,2024-12-12T05:09:55Z,2026-02-15T21:25:06Z,MEDIUM,,False
7w75fZ3y3S2HeG6C9JFRVkLpob4Jf3bhGugkuVGtPMWD,direct,3,3,3coFBLantjJkMRmzaQ4znMQQzfqFYTyBeNhdXYAzpump;5L6As5obMTXxKwjmGBy1LTRwW2Hm1PjSK18JhETrpump;9ek8utEujXFmiM9wXcWKPF18y57PmeG8rsiBZGzzpump,2025-11-02T15:49:34Z,2026-08-19T08:40:20Z,HIGH,,False
8VUwMyYHkNn5qeC3Z2JY5k4BjkWXxNHoqvwSeWCSQKFu,upstream,3,3,7mRDn1rAqjwFQXacodr1UmkNdvAGPbtNP9k5jvBZqt9J;BZYpLHhui3qRNokWFg2JcX8CYtMqzWHR5R4xowjcbPqh;BmU6YJP2YCAo8sc2dkeR8KjvF3rGFBHZL25ejysppump,2026-02-05T18:36:24Z,2026-02-05T18:36:24Z,MEDIUM,,False
AeBwztwXScyNNuQCEdhS54wttRQrw3Nj1UtqddzB4C7b,upstream,3,3,44s336LDz8bXp4rpxy1qwUfysZ4THjpReQWTKQg7pump;47r9YPDeTVpwHjAakoVgnzNTJRChXC8f4KSUqMbEsBbM;9CzNGAEutxKHJ5CwYC5Lk8X8YzgYrQnvKChP2BFEpump,2024-11-17T22:25:08Z,2025-01-07T04:34:05Z,MEDIUM,,False
BBeft5QozTYdDPagToAjvcvCwBXXjzehxqs24BtCLMRD,upstream,3,3,3coFBLantjJkMRmzaQ4znMQQzfqFYTyBeNhdXYAzpump;5L6As5obMTXxKwjmGBy1LTRwW2Hm1PjSK18JhETrpump;9ek8utEujXFmiM9wXcWKPF18y57PmeG8rsiBZGzzpump,2025-11-01T10:39:37Z,2025-11-01T10:39:37Z,MEDIUM,,False
BqZyyCbokradQgbQkJeq9m3NtBz72Z3UjfAvs7qkcdNZ,upstream,3,3,3f8CKfznVUGrFfhcq8ZBY9M1xyDeEQGrh6iH372h3ebN;9mqJNDG2squcqZt2zC7cWWNtVozUbQUnzVnP1jG6pump;JAqRn24FuQ5MFReXNgXb8uFej5vHJDxhVtebpQvHTQZy,2025-08-13T13:04:47Z,2025-08-13T13:04:47Z,MEDIUM,,False
Bt5GSgDCwSN9yTwcT9RiDrmFDxjg6reCMoqpwfuc3pmq,upstream,3,3,2A6sLqrw8WN6KkgnCsN4xJkyAowBZHr2H9xQ4u3Mpump;5o9sE9FEVC12zWBd2zqPXAhoVyRiNjGfaYX6hS3Ppump;UsrcsZMqw6p53Fohu16UCBjsbjqc73XmoRFZDcnCtMR,2025-07-21T19:12:11Z,2025-07-21T19:12:11Z,MEDIUM,,False
CdcVvn23Bzxj14ibBe7xRcK3g8QbrcXKYYQpqkTrW1KG,upstream,3,3,3vfxnHSCS139RZiw6MPZaEvhySnjbEi81GuF5EdNpump;7aLLQRBpGCaSLmmHGf34MGtbdtTumiB14d14TtDnpump;JAqRn24FuQ5MFReXNgXb8uFej5vHJDxhVtebpQvHTQZy,2026-05-15T09:42:31Z,2026-07-17T15:13:38Z,MEDIUM,,False
EMXJqHznGSnSzeMyigBGQNEFw4EeaNDbj1UwaFTpp3sg,direct,3,3,5nnWe5SCBaNMC3oNiR7utth6kx3mH1dhmCarjDb91shW;ASftCNtzPNmK3nMDvpQNvpLauKS45Vkq7kwTPutqUBL1;BE5ciZmcADAX78u2a1GrFiPMPC3rNXtdPGUrhzWB4k5d,2026-07-30T19:59:25Z,2026-09-27T23:17:38Z,HIGH,,False
GCRJD52pGwcCSs4oswYxTBCPatxY1P6WpxCC9R9zty6r,direct,3,3,2A6sLqrw8WN6KkgnCsN4xJkyAowBZHr2H9xQ4u3Mpump;5o9sE9FEVC12zWBd2zqPXAhoVyRiNjGfaYX6hS3Ppump;UsrcsZMqw6p53Fohu16UCBjsbjqc73XmoRFZDcnCtMR,2025-07-24T04:09:33Z,2026-10-01T21:45:43Z,HIGH,,False
GT7fvH15kWfQhCaMkV4JttcRvBEGUnLpL9g3HSF4SK3a,upstream,3,3,2A6sLqrw8WN6KkgnCsN4xJkyAowBZHr2H9xQ4u3Mpump;5o9sE9FEVC12zWBd2zqPXAhoVyRiNjGfaYX6hS3Ppump;UsrcsZMqw6p53Fohu16UCBjsbjqc73XmoRFZDcnCtMR,2025-07-21T19:17:24Z,2025-07-21T19:17:24Z,MEDIUM,,False
GnWFhrfgciKVoqgAqarwWEQ79NuD2LnRd9EEYaB1kUoc,upstream,3,3,4kkrecvSVnnkK3RZcJ85tNFiZu9pWg584yHjNCqEpump;5o43e7gYZWFNEpdqkegHY6LXkhMXB1z6f7d6TAVGEMTM;GL7M1C4QeLoURyexYgdhuP8SvaPh5LHQLRqKha3epump,2025-08-15T17:42:54Z,2026-03-13T23:56:52Z,MEDIUM,,False
H4YJ7ESVkiiP9tGeQJy9jKVSHk98tSAUD3LqTowH9tEY,upstream,3,3,44s336LDz8bXp4rpxy1qwUfysZ4THjpReQWTKQg7pump;EkTkjVEfhvgkoCwheMTnr8mhEmJ6Q7ZR8q7ZMCcnpump;dy6zeSw9j2zHprXLwk1uUGAD4d2HF5R3pAFrL6bRAKs,2023-11-17T01:58:58Z,2023-11-17T01:58:58Z,MEDIUM,,False
HBxZShcE86UMmF93KUM8eWJKqeEXi5cqWCLYLMMhqMYm,direct,3,3,4ZUjJ5EJbwfh7teotB29uHc1SC3SiqbrkwJoNgsxibbU;5nnWe5SCBaNMC3oNiR7utth6kx3mH1dhmCarjDb91shW;8ypYfW5cjafrfAZij8TZj5SFHAbPNpiRio96LMzypDkn,2025-01-27T14:29:27Z,2025-03-04T10:05:05Z,HIGH,,False
HWjmoUNYckccg9Qrwi43JTzBcGcM1nbdAtATf9GXmz16,upstream,3,3,2A6sLqrw8WN6KkgnCsN4xJkyAowBZHr2H9xQ4u3Mpump;3coFBLantjJkMRmzaQ4znMQQzfqFYTyBeNhdXYAzpump;3uYT8w1FxasDGmM4WDG5kXu6D9BGvyP3iEfPJEVb6ewT,2026-04-04T23:05:12Z,2026-05-24T00:00:26Z,MEDIUM,,False
jgJtDpx8Vvd7BdXapHMamygH9wJANXtmPHWkAvnnRJc,upstream,3,3,7p4MwwkUaMv4gBThVkW46QjwVaosaUrccbFV1MbXpump;DkDwxjD5JFK7hd7qUNHqNaTeqDGcZ1ia3Y6E7EUiehEn;Er5RuNhTEwJH5dHv9c3YGATjgkLCETH4dKazntyWEtXY,2024-07-10T08:16:03Z,2024-11-29T18:44:55Z,MEDIUM,,False
2J63XsqjCtmMh2e2KF5epVTd63DgKs2P1xCsnEkP8ELx,upstream,3,2,4ZUjJ5EJbwfh7teotB29uHc1SC3SiqbrkwJoNgsxibbU;DJejJn1iJntJVTAixy4VRgqJFF3NMKPEMgVzbJFmpump;GfqKCwNeAdHHi97AmgCLP5qrwcSJRDdyZ1huiU6xUXTz,2025-01-05T15:26:06Z,2025-01-05T15:26:06Z,MEDIUM,,False
2Kr5MG6mkBXWUGXkYVJxmgSR5sLaFmkkHGEQDUujmNKS,direct,3,2,CSLP8Vp7u9hrXQi7crPXqCp7BaJaG4JrNxqvR3jDpump;CziyAr14UNUrfkxpioWSumkLXMwWnDWN2bu2WR5ao7kc;EHUzmwAzmUix7TkwVr7b16U9ChJDr3RpjfXshR5swy5j,2025-01-23T02:05:24Z,2025-02-17T16:05:41Z,HIGH,,False
37B54AfYYzMED31DCNKr2QvMKdQjsGmkj6joghcgSrNF,upstream,3,2,3GeNgcFpMwH9ts5b3W3jddtfwhwAURaykTy8YjtrGQWT;3coFBLantjJkMRmzaQ4znMQQzfqFYTyBeNhdXYAzpump;9CzNGAEutxKHJ5CwYC5Lk8X8YzgYrQnvKChP2BFEpump,2025-12-15T17:42:49Z,2025-12-15T17:42:49Z,MEDIUM,,False
3Q3pUQ5fkRjJFaMEuH7j3NQut3SuMRhASU6BRAgwsKMV,direct,3,2,7mRDn1rAqjwFQXacodr1UmkNdvAGPbtNP9k5jvBZqt9J;BZYpLHhui3qRNokWFg2JcX8CYtMqzWHR5R4xowjcbPqh;BmU6YJP2YCAo8sc2dkeR8KjvF3rGFBHZL25ejysppump,2026-06-19T14:02:19Z,2026-06-20T20:24:19Z,HIGH,,False
3eGdjMdQqFUNc4G64BZb7YCALDEaturLUWcixjJfKxEh,upstream,3,2,69N7rm9nnp6sVoULtp5toD26F25rYum8593GupxkUYvH;6VMsrZvNaSzddT6vkY6dEDoFMeK5EoHD4KCAycfQpump;GfqKCwNeAdHHi97AmgCLP5qrwcSJRDdyZ1huiU6xUXTz,2024-04-06T19:01:47Z,2025-01-02T07:17:20Z,MEDIUM,,False
3yhYHk8tR3WrUEcXAqk7BXwQmYzCfDHVw9XLSuu7NzKV,upstream,3,2,3GeNgcFpMwH9ts5b3W3jddtfwhwAURaykTy8YjtrGQWT;FuF2M5T79HJdpJUbp46qwWssLXQ1Xjf1yiNSfyo5UEGC;JAqRn24FuQ5MFReXNgXb8uFej5vHJDxhVtebpQvHTQZy,2023-12-25T17:30:00Z,2023-12-25T17:30:00Z,MEDIUM,,False
4Eye49HG88GRDC4gwz3ezyG4TjJgoadHRpB4hpM24Lew,direct,3,2,B3xU49SW3khA7m5Lgata2fmPxZeQRuaJbCruPsVDpump;CSLP8Vp7u9hrXQi7crPXqCp7BaJaG4JrNxqvR3jDpump;DQ2H7qcj262RAKfSxGYeL7cYJq54mVdXe4gYxUwxpump,2026-08-22T04:35:33Z,2026-08-27T15:44:18Z,HIGH,,False
4tBE6E7ULJXuwH7Lqyy7pJHCQdoniMHD2R4GeXMGmX6W,upstream,3,2,4ZUjJ5EJbwfh7teotB29uHc1SC3SiqbrkwJoNgsxibbU;DJejJn1iJntJVTAixy4VRgqJFF3NMKPEMgVzbJFmpump;GfqKCwNeAdHHi97AmgCLP5qrwcSJRDdyZ1huiU6xUXTz,2025-01-19T09:18:02Z,2025-01-19T09:18:02Z,MEDIUM,,False
5DvkepygZ2reBb36dDHFGcJgLKCq4sBJGGme5k5Zcv56,upstream,3,2,7mRDn1rAqjwFQXacodr1UmkNdvAGPbtNP9k5jvBZqt9J;BZYpLHhui3qRNokWFg2JcX8CYtMqzWHR5R4xowjcbPqh;BmU6YJP2YCAo8sc2dkeR8KjvF3rGFBHZL25ejysppump,2026-02-28T06:13:55Z,2026-02-28T06:13:55Z,MEDIUM,,False
5FdeqoNxzUgooTHc4wCUYf4W2on9HmYk7PKK4sD6bYX6,upstream,3,2,CSLP8Vp7u9hrXQi7crPXqCp7BaJaG4JrNxqvR3jDpump;CziyAr14UNUrfkxpioWSumkLXMwWnDWN2bu2WR5ao7kc;EHUzmwAzmUix7TkwVr7b16U9ChJDr3RpjfXshR5swy5j,2022-06-06T14:59:28Z,2022-06-06T14:59:28Z,MEDIUM,,False
5Nq49Jd7VopaAqwmhA4sVor9btjUdJ1grF5kNy7DvzoV,direct,3,2,2BucyGvsg9wwTwsaFsEUFgdphrCtp94pDRtHowJUpump;9CzNGAEutxKHJ5CwYC5Lk8X8YzgYrQnvKChP2BFEpump;AgB5SxiP1DFZbW9uDAH7s8Mhv1HF21nJv67tnAAYpump,2026-03-18T06:46:41Z,2026-03-18T06:48:27Z,HIGH,,False
5ZtzVYRuF7sEhot31S68xHRCKDMkDdFtTp1iujTRjowV,direct,3,2,7HiD5rzoZxAYXEJ8Z4t3WgM8VE1iSKWJdxPPyEdDNzwN;H8oe2SCksJcYzhPeS4TsbteusgZW5k7QaZ4boKyq8C7U;UsrcsZMqw6p53Fohu16UCBjsbjqc73XmoRFZDcnCtMR,2022-07-09T18:01:37Z,2022-07-09T18:01:37Z,HIGH,,False
6MaqJPii4YWZfokkVFU9YH1tAeVayEV8ubBrRTt1xNZG,direct,3,2,44s336LDz8bXp4rpxy1qwUfysZ4THjpReQWTKQg7pump;ASftCNtzPNmK3nMDvpQNvpLauKS45Vkq7kwTPutqUBL1;omskHvyNvQSn3PFak3E8JHQJeSVJFsrc6izWT12pump,2026-09-09T12:37:49Z,2026-09-09T16:07:28Z,HIGH,,False
6dUaYX9Z6aQPY66BgD4yzu1saifGAZLrhQqF9BugJxJ1,direct,3,2,3GeNgcFpMwH9ts5b3W3jddtfwhwAURaykTy8YjtrGQWT;5EZ7yagvcsHcwH3e17khLwGzhFrCsx7CKS7ZN6J6i4Lh;EHUzmwAzmUix7TkwVr7b16U9ChJDr3RpjfXshR5swy5j,2026-05-11T20:51:56Z,2026-10-02T11:04:49Z,HIGH,,False
8d9FNC7AgKLTCPKNd3MMkLLXZYLmiYFYR3vfXMBNJVNx,upstream,3,2,B3xU49SW3khA7m5Lgata2fmPxZeQRuaJbCruPsVDpump;D4aEpQLW45YnWrBmztcpJHqabbPtFe9F9PTv8Umvpump;GL7M1C4QeLoURyexYgdhuP8SvaPh5LHQLRqKha3epump,2025-11-17T18:02:35Z,2026-03-20T02:06:56Z,MEDIUM,,False
8oXDK6ZgtC9t3x6ieSNRXFfCydybGxGXYTbfRkFHTC4V,upstream,3,2,13V3CbY7Q7AXnf24FMsUaQrmLxnRU4Md9phDEWZvpump;9mqJNDG2squcqZt2zC7cWWNtVozUbQUnzVnP1jG6pump;AmWCcDf6tG7zB3VPeDVjeXL5N567fXAiHcTKw3xXpump,2026-09-01T22:06:02Z,2026-09-01T22:06:02Z,MEDIUM,,False
93xp5iGTMw6SKXsjnSKmCHNuZ78MncihFoHrZXdqqivi,direct,3,2,4ZUjJ5EJbwfh7teotB29uHc1SC3SiqbrkwJoNgsxibbU;DJejJn1iJntJVTAixy4VRgqJFF3NMKPEMgVzbJFmpump;GfqKCwNeAdHHi97AmgCLP5qrwcSJRDdyZ1huiU6xUXTz,2025-05-25T10:21:19Z,2025-05-26T10:51:09Z,HIGH,,False
9EGEoLk1S947Fa29WbvYBvqJHK4WCYt2dc91CxKJGonz,upstream,3,2,47r9YPDeTVpwHjAakoVgnzNTJRChXC8f4KSUqMbEsBbM;ASftCNtzPNmK3nMDvpQNvpLauKS45Vkq7kwTPutqUBL1;rMPLDvnn6KR773WNhZvtFNcgFwnRkc7UbPkUaiMpump,2026-08-26T08:44:18Z,2026-08-26T08:44:18Z,MEDIUM,,False
9bc61xemFMSZBsQZp59zQppw3sGXrPhRkxrdVBtip6om,upstream,3,2,9xhMStAAufkH5jA5nevaGy6M9fCsQ74BZnsXyo93DkfA;BZYpLHhui3qRNokWFg2JcX8CYtMqzWHR5R4xowjcbPqh;JAqRn24FuQ5MFReXNgXb8uFej5vHJDxhVtebpQvHTQZy,2025-05-07T19:32:49Z,2025-06-01T17:57:17Z,MEDIUM,,False
AgKXnkXhVAXw5SxBiD5gNamnfhwyXHYvvssuv31KG9c7,upstream,3,2,47r9YPDeTVpwHjAakoVgnzNTJRChXC8f4KSUqMbEsBbM;6sFMbTF2VTzutzKekenJujFZBqb4TiBZJKfyLMUbpump;AbpJywMWmkf1MFonRddPVogSwPPZHB9pG4x2nKb1YaPn,2026-04-16T16:05:22Z,2026-04-16T16:05:22Z,MEDIUM,,False
BHzUgVfdVVVqZF86v9S6aye8tizs4d8cZdAFXG6ku2EG,direct,3,2,47r9YPDeTVpwHjAakoVgnzNTJRChXC8f4KSUqMbEsBbM;ASftCNtzPNmK3nMDvpQNvpLauKS45Vkq7kwTPutqUBL1;rMPLDvnn6KR773WNhZvtFNcgFwnRkc7UbPkUaiMpump,2026-09-18T16:48:47Z,2026-09-19T05:20:58Z,HIGH,,False
BJBnHNvcZQJU1WoRVi6JiHQ2L95f8HAUWWWazJa71Udy,upstream,3,2,47r9YPDeTVpwHjAakoVgnzNTJRChXC8f4KSUqMbEsBbM;ASftCNtzPNmK3nMDvpQNvpLauKS45Vkq7kwTPutqUBL1;rMPLDvnn6KR773WNhZvtFNcgFwnRkc7UbPkUaiMpump,2026-09-15T14:44:02Z,2026-09-15T14:44:02Z,MEDIUM,,False
Bney7YfJwsNimbSYFzMimsCrZB78f41eazqMJei6iWZP,direct,3,2,3coFBLantjJkMRmzaQ4znMQQzfqFYTyBeNhdXYAzpump;7p4MwwkUaMv4gBThVkW46QjwVaosaUrccbFV1MbXpump;AmWCcDf6tG7zB3VPeDVjeXL5N567fXAiHcTKw3xXpump,2026-08-01T15:52:14Z,2026-09-09T18:15:09Z,HIGH,,False
BuaZosYJeooUaFiupEmd6YCNojJGY2AJnSrZVhZHSmdR,upstream,3,2,7HiD5rzoZxAYXEJ8Z4t3WgM8VE1iSKWJdxPPyEdDNzwN;H8oe2SCksJcYzhPeS4TsbteusgZW5k7QaZ4boKyq8C7U;UsrcsZMqw6p53Fohu16UCBjsbjqc73XmoRFZDcnCtMR,2022-07-03T14:02:53Z,2022-07-03T14:02:53Z,MEDIUM,,False
DvcxsHYssGm8dD6fENmfufDrq5jXDZZVydAfbbzM6fGN,upstream,3,2,3uYT8w1FxasDGmM4WDG5kXu6D9BGvyP3iEfPJEVb6ewT;44s336LDz8bXp4rpxy1qwUfysZ4THjpReQWTKQg7pump;7xXo3JYBqzh6D91XRppzFRLfw8wJHypeukGaNWwKgZ8m,2024-12-15T12:04:41Z,2024-12-15T12:04:41Z,MEDIUM,,False
F6byFuzbsgecuEqRXFFndYb6GFiRWdBCnZnJcQPMXcbu,upstream,3,2,3GeNgcFpMwH9ts5b3W3jddtfwhwAURaykTy8YjtrGQWT;5EZ7yagvcsHcwH3e17khLwGzhFrCsx7CKS7ZN6J6i4Lh;EHUzmwAzmUix7TkwVr7b16U9ChJDr3RpjfXshR5swy5j,2021-05-19T10:37:27Z,2021-05-19T10:37:27Z,MEDIUM,,False
G83xr8WJL8BTvWVwSmmcnwvEbjitD8ZDZVKAVHi6tian,direct,3,2,5EZ7yagvcsHcwH3e17khLwGzhFrCsx7CKS7ZN6J6i4Lh;6akNLpNd11oq4q5zxhXGwr5jwUi6Ke4CvKmF6QeUwJCQ;G9r7nnHSgvb7LUfCE8kavRaKokEMMYBjVHGKvQ6dpump,2026-10-01T14:02:46Z,2026-10-01T14:03:18Z,HIGH,,False
HMAc7MgAnzHGxU2SM1EUhWu4m2iBG9rLj499yqJxM3ec,upstream,3,2,57ANN8dAbPX8x1BEFFwzBttkzwpKZBEiJkdiWSzVNQvS;7271ZR6GBzaGqdtP28ZqZ5BKRt2ziu4AnPnVCAL7pump;Ajz86fyiygsv8kZkUyDxogxkz5VfKRs4HTEABVTfpump,2025-03-22T10:51:47Z,2025-09-13T05:45:50Z,MEDIUM,,False
HRsasidHLbhVz89XPuL3icQNKBukD8egiYfGuRWQ3Qcz,upstream,3,2,57ANN8dAbPX8x1BEFFwzBttkzwpKZBEiJkdiWSzVNQvS;EHUzmwAzmUix7TkwVr7b16U9ChJDr3RpjfXshR5swy5j;GfqKCwNeAdHHi97AmgCLP5qrwcSJRDdyZ1huiU6xUXTz,2025-03-26T09:56:46Z,2025-03-26T09:56:46Z,MEDIUM,,False
J7pHJSM3SSzjFGs1bV4DQa7ADkj84ynEtFBL92rQjUXF,upstream,3,2,44s336LDz8bXp4rpxy1qwUfysZ4THjpReQWTKQg7pump;5o43e7gYZWFNEpdqkegHY6LXkhMXB1z6f7d6TAVGEMTM;hHc9579gpKUnvYvgcKyjdpe1UhmfVfGzGwMQCADpump,2025-06-30T14:18:36Z,2025-06-30T14:18:36Z,MEDIUM,,False
JABz7x2RzZW1y1Ev4nzxvEk6GP9ii3k11N1hymBntD9G,upstream,3,2,3GeNgcFpMwH9ts5b3W3jddtfwhwAURaykTy8YjtrGQWT;5EZ7yagvcsHcwH3e17khLwGzhFrCsx7CKS7ZN6J6i4Lh;EHUzmwAzmUix7TkwVr7b16U9ChJDr3RpjfXshR5swy5j,2021-05-19T10:48:14Z,2021-05-19T10:48:14Z,MEDIUM,,False
PMJA8UQDyWTFw2Smhyp9jGA6aTaP7jKHR7BPudrgyYN,direct,3,2,44s336LDz8bXp4rpxy1qwUfysZ4THjpReQWTKQg7pump;5o43e7gYZWFNEpdqkegHY6LXkhMXB1z6f7d6TAVGEMTM;hHc9579gpKUnvYvgcKyjdpe1UhmfVfGzGwMQCADpump,2026-08-19T03:41:40Z,2026-08-19T03:41:59Z,HIGH,,False
2DrvaHk5xSwBRVYU165Bdt6Uv6pZWwLRU128vZ7fzDy1,upstream,3,1,3uYT8w1FxasDGmM4WDG5kXu6D9BGvyP3iEfPJEVb6ewT;5nnWe5SCBaNMC3oNiR7utth6kx3mH1dhmCarjDb91shW;xeKm1qmxyHLJZLdwKpsZdx5UFtYyb124GTWRZWypump,2025-08-07T00:46:19Z,2025-08-07T00:46:19Z,MEDIUM,,False
2RLMU5oeepXyQ98u6vG6Ssusr4ZRFRH7RxDWvkAEcDi5,direct,3,1,13V3CbY7Q7AXnf24FMsUaQrmLxnRU4Md9phDEWZvpump;9mqJNDG2squcqZt2zC7cWWNtVozUbQUnzVnP1jG6pump;AmWCcDf6tG7zB3VPeDVjeXL5N567fXAiHcTKw3xXpump,2026-09-01T23:08:16Z,2026-09-01T23:08:16Z,HIGH,,False
2RLMU5oeepXyQ98u6vG6Ssusr4ZRFRH7RxDWvkAEcDi5,upstream,3,1,13V3CbY7Q7AXnf24FMsUaQrmLxnRU4Md9phDEWZvpump;9mqJNDG2squcqZt2zC7cWWNtVozUbQUnzVnP1jG6pump;AmWCcDf6tG7zB3VPeDVjeXL5N567fXAiHcTKw3xXpump,2026-09-01T23:08:16Z,2026-09-01T23:08:16Z,MEDIUM,,False
3AgQMVQ7QyXmwfEcz8UXaGyHRmFuYnnYsaTKvAr6XTi6,direct,3,1,21XJbyQWEhmeoxKRHdGrEjetSfHopvtp68LWzdvT471M;47r9YPDeTVpwHjAakoVgnzNTJRChXC8f4KSUqMbEsBbM;4GRTznsfLTRqaB2uMAFmmgaWtvfVyBb4qCsTjskUpump,2026-08-19T01:57:07Z,2026-08-19T01:57:07Z,HIGH,,False
3ivfH1naWt6KcmAfXz7Sk235qsgn3aN6aMeFroaaGDCq,direct,3,1,7p4MwwkUaMv4gBThVkW46QjwVaosaUrccbFV1MbXpump;AmWCcDf6tG7zB3VPeDVjeXL5N567fXAiHcTKw3xXpump;B3xU49SW3khA7m5Lgata2fmPxZeQRuaJbCruPsVDpump,2025-10-03T10:20:29Z,2025-10-03T10:20:29Z,HIGH,,False
3nqtkTh2HErytGoNt6arqwzPGZnh1qFgC19TBN1rjyi1,upstream,3,1,57ANN8dAbPX8x1BEFFwzBttkzwpKZBEiJkdiWSzVNQvS;7271ZR6GBzaGqdtP28ZqZ5BKRt2ziu4AnPnVCAL7pump;Ajz86fyiygsv8kZkUyDxogxkz5VfKRs4HTEABVTfpump,2025-04-04T13:12:03Z,2025-04-04T13:12:03Z,MEDIUM,,False
3pipuMLaV85fAtxYWJkmpFnPfsKeacyZVLgsAJ799LTz,direct,3,1,9mqJNDG2squcqZt2zC7cWWNtVozUbQUnzVnP1jG6pump;CSLP8Vp7u9hrXQi7crPXqCp7BaJaG4JrNxqvR3jDpump;EHUzmwAzmUix7TkwVr7b16U9ChJDr3RpjfXshR5swy5j,2026-04-16T02:33:17Z,2026-04-16T02:33:17Z,HIGH,,False
4DiNzHdJiSBNXyYwv2V3VrfdSQ19KpX9PTsdom8uSFE8,direct,3,1,2BucyGvsg9wwTwsaFsEUFgdphrCtp94pDRtHowJUpump;49aM4HrGABwG9F8iAn385zzcsS6mxHEFY8YN3H7y1Cd9;6XD1vorwquLXjTSL5W4MJMGewZBeiEcPFmZw527TSwva,2026-08-23T06:15:50Z,2026-08-23T06:15:50Z,HIGH,,False
4EdNCf7oiFwRdT3V3iEcBKUTbJdwvHWaCkEHPgKxRR7M,upstream,3,1,49aM4HrGABwG9F8iAn385zzcsS6mxHEFY8YN3H7y1Cd9;5pSEZw1iytqYznD7crsGyKNek7q5JkjBqj2KmfqxUVZd;rMPLDvnn6KR773WNhZvtFNcgFwnRkc7UbPkUaiMpump,2026-08-02T15:01:11Z,2026-08-02T15:01:11Z,MEDIUM,,False
4GcCNFbMnCw1GX157hHCYyrSZFoxbWBdPbvZMboZHGfV,direct,3,1,2iSB473Z7L2ndpWs3n22tb7H3KSGpswDTH3jP7qCCAZT;5pSEZw1iytqYznD7crsGyKNek7q5JkjBqj2KmfqxUVZd;BE5ciZmcADAX78u2a1GrFiPMPC3rNXtdPGUrhzWB4k5d,2026-09-21T01:23:39Z,2026-09-21T01:23:39Z,HIGH,,False
4domd1azK6PRgeZD5bnGxrkf2KzBJmoq8U9aNDSGimRR,direct,3,1,3GeNgcFpMwH9ts5b3W3jddtfwhwAURaykTy8YjtrGQWT;FuF2M5T79HJdpJUbp46qwWssLXQ1Xjf1yiNSfyo5UEGC;JAqRn24FuQ5MFReXNgXb8uFej5vHJDxhVtebpQvHTQZy,2024-03-14T16:55:02Z,2024-03-14T16:55:02Z,HIGH,,False
4jqn2zUtoLPqJQJctojVgXMnBEgPpkZMHhki6JP55snq,direct,3,1,8qT3o4k4aUmyLrgd7hHYmVxin3kFhQ9QsXdSXTP6pump;AmWCcDf6tG7zB3VPeDVjeXL5N567fXAiHcTKw3xXpump;F59cEB3A7RAKHGtkvR577swnPSP6EsdaBoL5AcVZpump,2026-08-18T11:55:09Z,2026-08-18T11:55:09Z,HIGH,,False
4vUhZCb8FHDUtVrY7Ud2jrQ4TgfEXMvq1s4KP5thj197,direct,3,1,3GeNgcFpMwH9ts5b3W3jddtfwhwAURaykTy8YjtrGQWT;55bKo8bj1YVEgsbwkkd4Nwu7JhaZF9trUgbvpZ3YeVCA;6wSQipxdE9Suf8tVNaCEbcqavUbLT7gL9tibpm3Jpump,2025-08-01T05:48:14Z,2025-08-01T05:48:14Z,HIGH,,False
5DvkepygZ2reBb36dDHFGcJgLKCq4sBJGGme5k5Zcv56,direct,3,1,7mRDn1rAqjwFQXacodr1UmkNdvAGPbtNP9k5jvBZqt9J;BZYpLHhui3qRNokWFg2JcX8CYtMqzWHR5R4xowjcbPqh;BmU6YJP2YCAo8sc2dkeR8KjvF3rGFBHZL25ejysppump,2026-04-15T19:20:31Z,2026-04-15T19:20:31Z,HIGH,,False
5bf8yayaK5gSLxLY48ryuqrBpmrxVPrDzwLXE5u3Dj48,direct,3,1,3f8CKfznVUGrFfhcq8ZBY9M1xyDeEQGrh6iH372h3ebN;BE5ciZmcADAX78u2a1GrFiPMPC3rNXtdPGUrhzWB4k5d;GfqKCwNeAdHHi97AmgCLP5qrwcSJRDdyZ1huiU6xUXTz,2025-06-30T10:45:38Z,2025-06-30T10:45:38Z,HIGH,,False
5mF42hVfatHyb5c75dkvxiYWJ2SdbgrEtRBkEmu7Y57b,upstream,3,1,3uYT8w1FxasDGmM4WDG5kXu6D9BGvyP3iEfPJEVb6ewT;47r9YPDeTVpwHjAakoVgnzNTJRChXC8f4KSUqMbEsBbM;4ZUjJ5EJbwfh7teotB29uHc1SC3SiqbrkwJoNgsxibbU,2026-08-11T05:12:13Z,2026-08-11T05:12:13Z,MEDIUM,,False
66tLEBatrZdSivwLHT1BbJYrW6mWE5yQDoCbmHDVQu7A,direct,3,1,4n32UBFWKJNPQayeN25GrLJHswbja41XFMxebcg9pump;EkTkjVEfhvgkoCwheMTnr8mhEmJ6Q7ZR8q7ZMCcnpump;HJPjdsDmcvgCj4MV3NvqCWd78qDP8BMzGfrsk4Nbpump,2025-09-18T11:27:04Z,2025-09-18T11:27:04Z,HIGH,,False
6HdkbSHZmAna2Hsi7uKuqMAhroDdky1fvMDVWfJbNsKE,upstream,3,1,8qT3o4k4aUmyLrgd7hHYmVxin3kFhQ9QsXdSXTP6pump;AmWCcDf6tG7zB3VPeDVjeXL5N567fXAiHcTKw3xXpump;F59cEB3A7RAKHGtkvR577swnPSP6EsdaBoL5AcVZpump,2026-08-10T20:26:55Z,2026-08-10T20:26:55Z,MEDIUM,,False
6KU83HPei2obGTcRsMDrxQmLKV9XE3nRgATVyBJ1WBDd,upstream,3,1,6gKx5EMvnymTVz2JgFhJAqpGxTYaBdVsaLb9YfPfvg4Y;8G7aM6Gco4fHjVpmVvUdVvhKMKaWXJEqkCKRvPdepump;8qT3o4k4aUmyLrgd7hHYmVxin3kFhQ9QsXdSXTP6pump,2024-12-11T16:43:54Z,2024-12-11T16:43:54Z,MEDIUM,,False
6QRdkwTSk9Kop6VdqSkSPah7a3HfqKHU5DD4BqMFCUQP,upstream,3,1,7mRDn1rAqjwFQXacodr1UmkNdvAGPbtNP9k5jvBZqt9J;BZYpLHhui3qRNokWFg2JcX8CYtMqzWHR5R4xowjcbPqh;BmU6YJP2YCAo8sc2dkeR8KjvF3rGFBHZL25ejysppump,2025-09-26T16:14:51Z,2025-09-26T16:14:51Z,MEDIUM,,False
6YAnhaVXixs3bNDeecS8XRpn3bJ1mL3GG6TdBZiekGfh,upstream,3,1,44s336LDz8bXp4rpxy1qwUfysZ4THjpReQWTKQg7pump;6gKx5EMvnymTVz2JgFhJAqpGxTYaBdVsaLb9YfPfvg4Y;AgB5SxiP1DFZbW9uDAH7s8Mhv1HF21nJv67tnAAYpump,2026-08-13T12:09:25Z,2026-08-13T12:09:25Z,MEDIUM,,False
6gvSkLMB6j2dJwrcFVaTLnY4Jes3FKBdv62gxWFwjhUn,direct,3,1,6gKx5EMvnymTVz2JgFhJAqpGxTYaBdVsaLb9YfPfvg4Y;8G7aM6Gco4fHjVpmVvUdVvhKMKaWXJEqkCKRvPdepump;8qT3o4k4aUmyLrgd7hHYmVxin3kFhQ9QsXdSXTP6pump,2025-02-20T14:00:27Z,2025-02-20T14:00:27Z,HIGH,,False
6hWVaDnXEEUVRiDVQnnqgYjbGBPuG56LRLbGo2ynkB5y,upstream,3,1,5L6As5obMTXxKwjmGBy1LTRwW2Hm1PjSK18JhETrpump;8qT3o4k4aUmyLrgd7hHYmVxin3kFhQ9QsXdSXTP6pump;sMe5iUcgTe4VXmg4WaShF5kuk6GmcKF3y4HqKGZpump,2025-01-08T22:30:38Z,2025-01-08T22:30:38Z,MEDIUM,,False
6hh9uNdE2idxjZ2SUit4M2z2tGKe14sNsLiN6tZNNfew,direct,3,1,28HydoWU7TZQxWiVQxGZyspE3qgWdCHToNDVgLoNpump;2Tiw1Tna3kAut868cjXuKoyrv8U8gi1YjTaXw7Czpump;CHygERrxnc5QByNCwxUNSMhP7tKJA7rh6hNBdJ2spump,2026-07-28T23:02:33Z,2026-07-28T23:02:33Z,HIGH,,False
6xzdsrRyYvwu5M3z5cZFCDPfWzV1TZ1R19Anfz5NBNq7,upstream,3,1,47r9YPDeTVpwHjAakoVgnzNTJRChXC8f4KSUqMbEsBbM;6sFMbTF2VTzutzKekenJujFZBqb4TiBZJKfyLMUbpump;AbpJywMWmkf1MFonRddPVogSwPPZHB9pG4x2nKb1YaPn,2026-04-20T20:42:13Z,2026-04-20T20:42:13Z,MEDIUM,,False
6xzdsrRyYvwu5M3z5cZFCDPfWzV1TZ1R19Anfz5NBNq7,direct,3,1,47r9YPDeTVpwHjAakoVgnzNTJRChXC8f4KSUqMbEsBbM;6sFMbTF2VTzutzKekenJujFZBqb4TiBZJKfyLMUbpump;AbpJywMWmkf1MFonRddPVogSwPPZHB9pG4x2nKb1YaPn,2026-04-20T20:42:13Z,2026-04-20T20:42:13Z,HIGH,,False
7KV697MNagyACpt45qe74oMq4D4SFDW8Sd6TJYLSLDtk,direct,3,1,28HydoWU7TZQxWiVQxGZyspE3qgWdCHToNDVgLoNpump;2Tiw1Tna3kAut868cjXuKoyrv8U8gi1YjTaXw7Czpump;9ek8utEujXFmiM9wXcWKPF18y57PmeG8rsiBZGzzpump,2026-08-30T02:56:18Z,2026-08-30T02:56:18Z,HIGH,,False
7Vb6UZnndLUKx5pUwrzgPThRyo7tMnwZAZzgsZ67BqzL,direct,3,1,2iSB473Z7L2ndpWs3n22tb7H3KSGpswDTH3jP7qCCAZT;3f8CKfznVUGrFfhcq8ZBY9M1xyDeEQGrh6iH372h3ebN;GfqKCwNeAdHHi97AmgCLP5qrwcSJRDdyZ1huiU6xUXTz,2025-07-16T10:59:52Z,2025-07-16T10:59:52Z,HIGH,,False
7WGp6ZkX8JoKs8msMWzKQpDNTT7cQKQLVEtnR1aGDrFm,upstream,3,1,2Tiw1Tna3kAut868cjXuKoyrv8U8gi1YjTaXw7Czpump;9ek8utEujXFmiM9wXcWKPF18y57PmeG8rsiBZGzzpump;F41TwidZvJJcsx9c2BMwS6eH9W6HcUT4LzPmGvK9WU6N,2026-08-17T03:12:40Z,2026-08-17T03:12:40Z,MEDIUM,,False
7fUaeJtTSg9NcgerLpbByEAwsGyu2goXC4r3j439v4am,direct,3,1,9mqJNDG2squcqZt2zC7cWWNtVozUbQUnzVnP1jG6pump;B3xU49SW3khA7m5Lgata2fmPxZeQRuaJbCruPsVDpump;BUPNYwndVGfzVb6RG6q2PX53VdAimw2Mi98QxqeWpump,2025-06-07T23:35:25Z,2025-06-07T23:35:25Z,HIGH,,False
7moqFjvm2MwAiMtCZoqYoTAPzRBxxMRT2ddyHThQuWjr,upstream,3,1,9mqJNDG2squcqZt2zC7cWWNtVozUbQUnzVnP1jG6pump;B3xU49SW3khA7m5Lgata2fmPxZeQRuaJbCruPsVDpump;BUPNYwndVGfzVb6RG6q2PX53VdAimw2Mi98QxqeWpump,2025-10-21T21:47:27Z,2025-10-21T21:47:27Z,MEDIUM,,False
7moqFjvm2MwAiMtCZoqYoTAPzRBxxMRT2ddyHThQuWjr,direct,3,1,9mqJNDG2squcqZt2zC7cWWNtVozUbQUnzVnP1jG6pump;B3xU49SW3khA7m5Lgata2fmPxZeQRuaJbCruPsVDpump;BUPNYwndVGfzVb6RG6q2PX53VdAimw2Mi98QxqeWpump,2026-05-16T17:26:27Z,2026-05-16T17:26:27Z,HIGH,,False
7xVkXKdtCzprmLBMHuMVdM61AN1sgfgL6cGBZnNv6MWX,direct,3,1,3uYT8w1FxasDGmM4WDG5kXu6D9BGvyP3iEfPJEVb6ewT;5nnWe5SCBaNMC3oNiR7utth6kx3mH1dhmCarjDb91shW;xeKm1qmxyHLJZLdwKpsZdx5UFtYyb124GTWRZWypump,2025-08-07T15:35:26Z,2025-08-07T15:35:26Z,HIGH,,False
82Cs9tM2ouvvJQ16hopRSsjE8uPJ5HvgQEdcrQnUT9FV,upstream,3,1,3uYT8w1FxasDGmM4WDG5kXu6D9BGvyP3iEfPJEVb6ewT;5nnWe5SCBaNMC3oNiR7utth6kx3mH1dhmCarjDb91shW;xeKm1qmxyHLJZLdwKpsZdx5UFtYyb124GTWRZWypump,2025-08-03T20:08:13Z,2025-08-03T20:08:13Z,MEDIUM,,False
86W2aDu27zrxRhyb7iahuFBhisnLhEkJu7HGepEeWKwB,direct,3,1,2Tiw1Tna3kAut868cjXuKoyrv8U8gi1YjTaXw7Czpump;BE5ciZmcADAX78u2a1GrFiPMPC3rNXtdPGUrhzWB4k5d;CziyAr14UNUrfkxpioWSumkLXMwWnDWN2bu2WR5ao7kc,2026-04-30T04:56:47Z,2026-04-30T04:56:47Z,HIGH,,False
8YyVbhWWkoXZu4Az3b9QbgB4KY4FkCijFoyKB4LKaKv7,direct,3,1,2Tiw1Tna3kAut868cjXuKoyrv8U8gi1YjTaXw7Czpump;9ek8utEujXFmiM9wXcWKPF18y57PmeG8rsiBZGzzpump;F41TwidZvJJcsx9c2BMwS6eH9W6HcUT4LzPmGvK9WU6N,2026-09-02T13:00:13Z,2026-09-02T13:00:13Z,HIGH,,False
8d68B8Wo6QjMBpAnza29xNRjPyFPBG8dzuTFoofnjvHy,upstream,3,1,6gKx5EMvnymTVz2JgFhJAqpGxTYaBdVsaLb9YfPfvg4Y;8G7aM6Gco4fHjVpmVvUdVvhKMKaWXJEqkCKRvPdepump;8qT3o4k4aUmyLrgd7hHYmVxin3kFhQ9QsXdSXTP6pump,2024-10-30T14:03:27Z,2024-10-30T14:03:27Z,MEDIUM,,False
8h9qMcPD6EddExbrgaxWNh966WvWZVC8LtwoWYzM7mUV,direct,3,1,3vfxnHSCS139RZiw6MPZaEvhySnjbEi81GuF5EdNpump;CziyAr14UNUrfkxpioWSumkLXMwWnDWN2bu2WR5ao7kc;sMe5iUcgTe4VXmg4WaShF5kuk6GmcKF3y4HqKGZpump,2026-07-16T02:26:05Z,2026-07-16T02:26:05Z,HIGH,,False
8pmpt8nouiuNc3QWsJ8JMJ9NpjhrftetBirjoZzdg2vQ,direct,3,1,4n32UBFWKJNPQayeN25GrLJHswbja41XFMxebcg9pump;9ek8utEujXFmiM9wXcWKPF18y57PmeG8rsiBZGzzpump;CHygERrxnc5QByNCwxUNSMhP7tKJA7rh6hNBdJ2spump,2025-08-29T14:54:31Z,2025-08-29T14:54:31Z,HIGH,,False
8rtcDdAaeRX4wHNPuA4NaX1J1hPw3PQ8Mzp6wDirmPWb,upstream,3,1,44s336LDz8bXp4rpxy1qwUfysZ4THjpReQWTKQg7pump;6gKx5EMvnymTVz2JgFhJAqpGxTYaBdVsaLb9YfPfvg4Y;6sFMbTF2VTzutzKekenJujFZBqb4TiBZJKfyLMUbpump,2024-10-05T23:49:55Z,2024-10-05T23:49:55Z,MEDIUM,,False
8wggdJR2DnU6bnkRMD5ZPuppwWESa8mRcUpLG9iah9FV,direct,3,1,55bKo8bj1YVEgsbwkkd4Nwu7JhaZF9trUgbvpZ3YeVCA;7mRDn1rAqjwFQXacodr1UmkNdvAGPbtNP9k5jvBZqt9J;GKTxLXsmkjLDo89XmPa5htwK7sAzdqZ3jmfV6gaTvK67,2026-08-29T19:20:20Z,2026-08-29T19:20:20Z,HIGH,,False
8xmo2ZgPVxFUgRhSCGGCnFicGeVot79j54xCi8AoJTXW,upstream,3,1,47r9YPDeTVpwHjAakoVgnzNTJRChXC8f4KSUqMbEsBbM;6sFMbTF2VTzutzKekenJujFZBqb4TiBZJKfyLMUbpump;AbpJywMWmkf1MFonRddPVogSwPPZHB9pG4x2nKb1YaPn,2026-03-05T02:08:20Z,2026-03-05T02:08:20Z,MEDIUM,,False
91CJryJVoj7uwaeXikhcGktKk7yvPZRk7ua6Yz9furpb,direct,3,1,9hAojtonqe4RUQarvUYZhFqC99VK1S3LCewYkSjnpump;CSLP8Vp7u9hrXQi7crPXqCp7BaJaG4JrNxqvR3jDpump;DQ2H7qcj262RAKfSxGYeL7cYJq54mVdXe4gYxUwxpump,2025-12-29T23:53:58Z,2025-12-29T23:53:58Z,HIGH,,False
9999huSCf6QpepPHQVFLZ9smhsbwkV4XWPLboiy9qqRj,upstream,3,1,67afrnTxo8DVc52Uev61Yo4Yr9BGQpRw1RpPMWcx42La;7mRDn1rAqjwFQXacodr1UmkNdvAGPbtNP9k5jvBZqt9J;Er5RuNhTEwJH5dHv9c3YGATjgkLCETH4dKazntyWEtXY,2026-08-25T04:41:57Z,2026-08-25T04:41:57Z,MEDIUM,,False
99RvUgWCWZVmV1f68AJS43eLn24uugEtiq7Xx1LiyobK,direct,3,1,3uYT8w1FxasDGmM4WDG5kXu6D9BGvyP3iEfPJEVb6ewT;47r9YPDeTVpwHjAakoVgnzNTJRChXC8f4KSUqMbEsBbM;4ZUjJ5EJbwfh7teotB29uHc1SC3SiqbrkwJoNgsxibbU,2026-08-13T14:26:49Z,2026-08-13T14:26:49Z,HIGH,,False
9FPrGS2KJZKZMaXQ2z6YTQ66qd7ugA43xy1XsSfcLi7X,upstream,3,1,55bKo8bj1YVEgsbwkkd4Nwu7JhaZF9trUgbvpZ3YeVCA;7mRDn1rAqjwFQXacodr1UmkNdvAGPbtNP9k5jvBZqt9J;GKTxLXsmkjLDo89XmPa5htwK7sAzdqZ3jmfV6gaTvK67,2026-08-17T18:06:14Z,2026-08-17T18:06:14Z,MEDIUM,,False
9UEU5WSTcMfnuLZ2KFmSRpatYfabp4kaaBRZZwpRbRNA,direct,3,1,13V3CbY7Q7AXnf24FMsUaQrmLxnRU4Md9phDEWZvpump;9mqJNDG2squcqZt2zC7cWWNtVozUbQUnzVnP1jG6pump;AmWCcDf6tG7zB3VPeDVjeXL5N567fXAiHcTKw3xXpump,2026-09-02T11:03:24Z,2026-09-02T11:03:24Z,HIGH,,False
9UXzdWKncNoRVatj2E2ataobKhVKzrsfc59srbiVVbeA,upstream,3,1,55bKo8bj1YVEgsbwkkd4Nwu7JhaZF9trUgbvpZ3YeVCA;7mRDn1rAqjwFQXacodr1UmkNdvAGPbtNP9k5jvBZqt9J;GKTxLXsmkjLDo89XmPa5htwK7sAzdqZ3jmfV6gaTvK67,2026-07-28T13:41:56Z,2026-07-28T13:41:56Z,MEDIUM,,False
9UY5ewzDsCbaybQEXRJ4woHy2UatvQnXjGSAELTiSMGC,direct,3,1,5L6As5obMTXxKwjmGBy1LTRwW2Hm1PjSK18JhETrpump;8qT3o4k4aUmyLrgd7hHYmVxin3kFhQ9QsXdSXTP6pump;sMe5iUcgTe4VXmg4WaShF5kuk6GmcKF3y4HqKGZpump,2026-02-10T00:36:55Z,2026-02-10T00:36:55Z,HIGH,,False
9tbGNjKTcJiYNE8rnCBxnD9kateC7eeposZrzD35d5wt,direct,3,1,3GeNgcFpMwH9ts5b3W3jddtfwhwAURaykTy8YjtrGQWT;FuF2M5T79HJdpJUbp46qwWssLXQ1Xjf1yiNSfyo5UEGC;JAqRn24FuQ5MFReXNgXb8uFej5vHJDxhVtebpQvHTQZy,2025-05-16T12:04:02Z,2025-05-16T12:04:02Z,HIGH,,False
9zqq3mcvHYsSrgQ9QAvzdYE7AB3riC21uasF92Vq631B,upstream,3,1,3uYT8w1FxasDGmM4WDG5kXu6D9BGvyP3iEfPJEVb6ewT;5nnWe5SCBaNMC3oNiR7utth6kx3mH1dhmCarjDb91shW;xeKm1qmxyHLJZLdwKpsZdx5UFtYyb124GTWRZWypump,2025-06-20T23:42:43Z,2025-06-20T23:42:43Z,MEDIUM,,False
A6jd66HXfccpoJFMr1AMzYDLM5EdJpHh72qWXxvqTzJ9,direct,3,1,5o43e7gYZWFNEpdqkegHY6LXkhMXB1z6f7d6TAVGEMTM;9CzNGAEutxKHJ5CwYC5Lk8X8YzgYrQnvKChP2BFEpump;B3xU49SW3khA7m5Lgata2fmPxZeQRuaJbCruPsVDpump,2026-08-15T10:41:47Z,2026-08-15T10:41:47Z,HIGH,,False
ALSSMGgLAAcrJDt4itge3ZnZ8hCtysP2szueD5jzWXQu,upstream,3,1,2BucyGvsg9wwTwsaFsEUFgdphrCtp94pDRtHowJUpump;49aM4HrGABwG9F8iAn385zzcsS6mxHEFY8YN3H7y1Cd9;6XD1vorwquLXjTSL5W4MJMGewZBeiEcPFmZw527TSwva,2026-08-23T06:15:47Z,2026-08-23T06:15:47Z,MEDIUM,,False
AcxSZuEJanntTJLKBNWmVrQNVourKhwLHehLbDLdQLUv,direct,3,1,2iSB473Z7L2ndpWs3n22tb7H3KSGpswDTH3jP7qCCAZT;49aM4HrGABwG9F8iAn385zzcsS6mxHEFY8YN3H7y1Cd9;ASftCNtzPNmK3nMDvpQNvpLauKS45Vkq7kwTPutqUBL1,2026-01-28T22:46:21Z,2026-01-28T22:46:21Z,HIGH,,False
AnCNL5BdMEahDEEkmdKiUsKgs6rpNg4APvNWbJ7any2D,upstream,3,1,3GeNgcFpMwH9ts5b3W3jddtfwhwAURaykTy8YjtrGQWT;FuF2M5T79HJdpJUbp46qwWssLXQ1Xjf1yiNSfyo5UEGC;JAqRn24FuQ5MFReXNgXb8uFej5vHJDxhVtebpQvHTQZy,2023-12-08T21:10:22Z,2023-12-08T21:10:22Z,MEDIUM,,False
Aqrm7DR9GQnqz88sJ3RdDBgnTr85pL5GaKWFv9qXbZBj,upstream,3,1,AgB5SxiP1DFZbW9uDAH7s8Mhv1HF21nJv67tnAAYpump;EkTkjVEfhvgkoCwheMTnr8mhEmJ6Q7ZR8q7ZMCcnpump;HJPjdsDmcvgCj4MV3NvqCWd78qDP8BMzGfrsk4Nbpump,2025-09-03T17:17:21Z,2025-09-03T17:17:21Z,MEDIUM,,False
AsoixsLotjvqdo1tu2CfXga1YpHmc2ZQoS1gAuv6x9ig,direct,3,1,6akNLpNd11oq4q5zxhXGwr5jwUi6Ke4CvKmF6QeUwJCQ;BE5ciZmcADAX78u2a1GrFiPMPC3rNXtdPGUrhzWB4k5d;UsrcsZMqw6p53Fohu16UCBjsbjqc73XmoRFZDcnCtMR,2026-10-01T10:31:35Z,2026-10-01T10:31:35Z,HIGH,,False
BKZdjzgsvGyukhsFpUBV5nbwVUQfn6Y3hsnG7GNp2G83,direct,3,1,57ANN8dAbPX8x1BEFFwzBttkzwpKZBEiJkdiWSzVNQvS;CSLP8Vp7u9hrXQi7crPXqCp7BaJaG4JrNxqvR3jDpump;GfqKCwNeAdHHi97AmgCLP5qrwcSJRDdyZ1huiU6xUXTz,2026-06-08T14:31:02Z,2026-06-08T14:31:02Z,HIGH,,False
BTgZevYNx5PyhN36JSq8U8eUpU8mKAELfYA2AHP54Dts,upstream,3,1,2Tiw1Tna3kAut868cjXuKoyrv8U8gi1YjTaXw7Czpump;9ek8utEujXFmiM9wXcWKPF18y57PmeG8rsiBZGzzpump;F41TwidZvJJcsx9c2BMwS6eH9W6HcUT4LzPmGvK9WU6N,2026-08-27T15:54:47Z,2026-08-27T15:54:47Z,MEDIUM,,False
Bcn2qwBC6nqnD2FcXxHjGNeQaWjqghwJcGFnQJHbej91,direct,3,1,6XD1vorwquLXjTSL5W4MJMGewZBeiEcPFmZw527TSwva;6akNLpNd11oq4q5zxhXGwr5jwUi6Ke4CvKmF6QeUwJCQ;EHUzmwAzmUix7TkwVr7b16U9ChJDr3RpjfXshR5swy5j,2026-10-01T09:13:25Z,2026-10-01T09:13:25Z,HIGH,,False
Bf6ZTJ5wrKk73N8Zsq4BSxF11gj3jF6jgqqdueLB2LS7,direct,3,1,AgB5SxiP1DFZbW9uDAH7s8Mhv1HF21nJv67tnAAYpump;EkTkjVEfhvgkoCwheMTnr8mhEmJ6Q7ZR8q7ZMCcnpump;HJPjdsDmcvgCj4MV3NvqCWd78qDP8BMzGfrsk4Nbpump,2025-09-05T15:54:47Z,2025-09-05T15:54:47Z,HIGH,,False
Bo1CP6htwmeb7KdS7FqFCGiAGytY9amm6gzHuBGTQNyz,direct,3,1,5pSEZw1iytqYznD7crsGyKNek7q5JkjBqj2KmfqxUVZd;BZYpLHhui3qRNokWFg2JcX8CYtMqzWHR5R4xowjcbPqh;GKTxLXsmkjLDo89XmPa5htwK7sAzdqZ3jmfV6gaTvK67,2026-03-22T14:32:53Z,2026-03-22T14:32:53Z,HIGH,,False
BvXctj4DfHHLRUR6TCduTnPcjEG8y9UGQpnfWsMFpL1i,direct,3,1,4ZUjJ5EJbwfh7teotB29uHc1SC3SiqbrkwJoNgsxibbU;BE5ciZmcADAX78u2a1GrFiPMPC3rNXtdPGUrhzWB4k5d;F41TwidZvJJcsx9c2BMwS6eH9W6HcUT4LzPmGvK9WU6N,2026-09-06T17:56:53Z,2026-09-06T17:56:53Z,HIGH,,False
C8kdWFw16jtmVuS8mTcTknyp3XhNdmKm6cwKhhfh3LLr,direct,3,1,3f8CKfznVUGrFfhcq8ZBY9M1xyDeEQGrh6iH372h3ebN;DJejJn1iJntJVTAixy4VRgqJFF3NMKPEMgVzbJFmpump;sMe5iUcgTe4VXmg4WaShF5kuk6GmcKF3y4HqKGZpump,2025-05-03T01:37:58Z,2025-05-03T01:37:58Z,HIGH,,False
CFxV5thMrC2zePzDqtegAMPMENP1R5iayRWFq2TFM9kN,upstream,3,1,3GeNgcFpMwH9ts5b3W3jddtfwhwAURaykTy8YjtrGQWT;55bKo8bj1YVEgsbwkkd4Nwu7JhaZF9trUgbvpZ3YeVCA;6wSQipxdE9Suf8tVNaCEbcqavUbLT7gL9tibpm3Jpump,2025-07-08T13:57:47Z,2025-07-08T13:57:47Z,MEDIUM,,False
CNYpb3ruhuSAkFt3JUE9zpfVHya7GSpYLVxRibXd6bU2,upstream,3,1,AgB5SxiP1DFZbW9uDAH7s8Mhv1HF21nJv67tnAAYpump;EkTkjVEfhvgkoCwheMTnr8mhEmJ6Q7ZR8q7ZMCcnpump;HJPjdsDmcvgCj4MV3NvqCWd78qDP8BMzGfrsk4Nbpump,2025-09-02T14:11:35Z,2025-09-02T14:11:35Z,MEDIUM,,False
CWEd7BM7SBUE7qnmMD56mUpjprCxPm775VPs9aGPdqSq,direct,3,1,47r9YPDeTVpwHjAakoVgnzNTJRChXC8f4KSUqMbEsBbM;5nnWe5SCBaNMC3oNiR7utth6kx3mH1dhmCarjDb91shW;9ek8utEujXFmiM9wXcWKPF18y57PmeG8rsiBZGzzpump,2025-02-12T14:41:38Z,2025-02-12T14:41:38Z,HIGH,,False
CdmhaaYwCt1a1akcX1wb9cXWxC36moPKefZ6cfhX1qxz,upstream,3,1,47r9YPDeTVpwHjAakoVgnzNTJRChXC8f4KSUqMbEsBbM;6sFMbTF2VTzutzKekenJujFZBqb4TiBZJKfyLMUbpump;AbpJywMWmkf1MFonRddPVogSwPPZHB9pG4x2nKb1YaPn,2025-09-30T22:51:29Z,2025-09-30T22:51:29Z,MEDIUM,,False
CqLu65KkFvGi3DUrR9o9aUC4LP2yUywFHZn8WoNLNVgy,upstream,3,1,21XJbyQWEhmeoxKRHdGrEjetSfHopvtp68LWzdvT471M;47r9YPDeTVpwHjAakoVgnzNTJRChXC8f4KSUqMbEsBbM;4GRTznsfLTRqaB2uMAFmmgaWtvfVyBb4qCsTjskUpump,2025-04-22T03:56:21Z,2025-04-22T03:56:21Z,MEDIUM,,False
D8otN5fvJxSa4uYZSVyD8mcKNbvygBuDUx6V14KLry5U,direct,3,1,3vfxnHSCS139RZiw6MPZaEvhySnjbEi81GuF5EdNpump;49aM4HrGABwG9F8iAn385zzcsS6mxHEFY8YN3H7y1Cd9;G9r7nnHSgvb7LUfCE8kavRaKokEMMYBjVHGKvQ6dpump,2026-08-10T16:09:19Z,2026-08-10T16:09:19Z,HIGH,,False
DXKasUWSfD8dVHiiAcfUkkuA5YKaNdbGu17Gp6SCwdP6,upstream,3,1,8qT3o4k4aUmyLrgd7hHYmVxin3kFhQ9QsXdSXTP6pump;AmWCcDf6tG7zB3VPeDVjeXL5N567fXAiHcTKw3xXpump;F59cEB3A7RAKHGtkvR577swnPSP6EsdaBoL5AcVZpump,2025-07-15T13:16:46Z,2025-07-15T13:16:46Z,MEDIUM,,False
DbkCBqE29XoUk7fiuSR3cDkmDkELLF6f9g5YimeDjDL3,upstream,3,1,3GeNgcFpMwH9ts5b3W3jddtfwhwAURaykTy8YjtrGQWT;55bKo8bj1YVEgsbwkkd4Nwu7JhaZF9trUgbvpZ3YeVCA;6wSQipxdE9Suf8tVNaCEbcqavUbLT7gL9tibpm3Jpump,2025-02-07T20:25:14Z,2025-02-07T20:25:14Z,MEDIUM,,False
DcyfyLktz4CJcXksqBWwBHvdm2r1sS2XZktDwKyzN69V,upstream,3,1,2BucyGvsg9wwTwsaFsEUFgdphrCtp94pDRtHowJUpump;49aM4HrGABwG9F8iAn385zzcsS6mxHEFY8YN3H7y1Cd9;6XD1vorwquLXjTSL5W4MJMGewZBeiEcPFmZw527TSwva,2026-08-23T06:15:48Z,2026-08-23T06:15:48Z,MEDIUM,,False
Dyn24wGvD4TuB2uJofAbMy1daS2tnaQPMaQyHnwXxsMk,direct,3,1,49aM4HrGABwG9F8iAn385zzcsS6mxHEFY8YN3H7y1Cd9;5pSEZw1iytqYznD7crsGyKNek7q5JkjBqj2KmfqxUVZd;rMPLDvnn6KR773WNhZvtFNcgFwnRkc7UbPkUaiMpump,2026-09-23T07:27:32Z,2026-09-23T07:27:32Z,HIGH,,False
E3oAi9yFZbHrJkws3fhR4PcVfbNjuyWPUd1wduHPnDSo,upstream,3,1,3vfxnHSCS139RZiw6MPZaEvhySnjbEi81GuF5EdNpump;9mqJNDG2squcqZt2zC7cWWNtVozUbQUnzVnP1jG6pump;G9r7nnHSgvb7LUfCE8kavRaKokEMMYBjVHGKvQ6dpump,2025-11-02T02:46:43Z,2025-11-02T02:46:43Z,MEDIUM,,False
EGjaj49NJXJTS6ekHFYZhzCPNrq4Nadbbt2h8RHqdRWc,direct,3,1,44s336LDz8bXp4rpxy1qwUfysZ4THjpReQWTKQg7pump;6gKx5EMvnymTVz2JgFhJAqpGxTYaBdVsaLb9YfPfvg4Y;6sFMbTF2VTzutzKekenJujFZBqb4TiBZJKfyLMUbpump,2024-10-07T15:04:48Z,2024-10-07T15:04:48Z,HIGH,,False
EpkTo4khMNuJV7fZhY5bGGiY7eCeKpnXf2fHoMwZCjMS,upstream,3,1,13V3CbY7Q7AXnf24FMsUaQrmLxnRU4Md9phDEWZvpump;9mqJNDG2squcqZt2zC7cWWNtVozUbQUnzVnP1jG6pump;AmWCcDf6tG7zB3VPeDVjeXL5N567fXAiHcTKw3xXpump,2026-09-01T19:57:58Z,2026-09-01T19:57:58Z,MEDIUM,,False
Eq5V9n1tEVdX4z6Jd3Y165Ysidto13Eb39orTj5kVcw6,upstream,3,1,57ANN8dAbPX8x1BEFFwzBttkzwpKZBEiJkdiWSzVNQvS;CSLP8Vp7u9hrXQi7crPXqCp7BaJaG4JrNxqvR3jDpump;GfqKCwNeAdHHi97AmgCLP5qrwcSJRDdyZ1huiU6xUXTz,2026-05-03T18:08:11Z,2026-05-03T18:08:11Z,MEDIUM,,False
ErCFj962LNokSLesjFtHjvh8DoXD23P866zJsMS61KZ2,direct,3,1,3vfxnHSCS139RZiw6MPZaEvhySnjbEi81GuF5EdNpump;7aLLQRBpGCaSLmmHGf34MGtbdtTumiB14d14TtDnpump;DTm66ivA96mhuQnqTy1cv7uELS4MHdYtpbRGJdW9t7Fn,2026-08-21T18:14:36Z,2026-08-21T18:14:36Z,HIGH,,False
Ew9xCvSGkzTLSsuBR4cwN8bnFwK6dmVMoHarrqVQfJ6f,direct,3,1,67afrnTxo8DVc52Uev61Yo4Yr9BGQpRw1RpPMWcx42La;JAqRn24FuQ5MFReXNgXb8uFej5vHJDxhVtebpQvHTQZy;sMe5iUcgTe4VXmg4WaShF5kuk6GmcKF3y4HqKGZpump,2024-03-07T16:04:46Z,2024-03-07T16:04:46Z,HIGH,,False
EyDaZgLDSfT5GYvvfGcDaQ9oCMrNbXP9yqMUnYooQYHM,direct,3,1,4prKtarobdhYDY4Hu3uGZMx7Je4HqPJeLVyxN6m4Ld3T;4sjtHGeAKP6DoMUdvFqQuiYKhhPpwa9XCxUyuFD2pump;6wSQipxdE9Suf8tVNaCEbcqavUbLT7gL9tibpm3Jpump,2026-08-22T15:30:56Z,2026-08-22T15:30:56Z,HIGH,,False
F2tPbomxzgThjVHa4pTi9vd1ji6Lr6oZ5YCBu6odH56o,upstream,3,1,9hAojtonqe4RUQarvUYZhFqC99VK1S3LCewYkSjnpump;CSLP8Vp7u9hrXQi7crPXqCp7BaJaG4JrNxqvR3jDpump;DQ2H7qcj262RAKfSxGYeL7cYJq54mVdXe4gYxUwxpump,2025-02-12T00:47:35Z,2025-02-12T00:47:35Z,MEDIUM,,False
F5ywzc2LXAqkkNT7HEgS9DRtB6b1GudcpJQJ6QaFUa7y,upstream,3,1,5o43e7gYZWFNEpdqkegHY6LXkhMXB1z6f7d6TAVGEMTM;9CzNGAEutxKHJ5CwYC5Lk8X8YzgYrQnvKChP2BFEpump;B3xU49SW3khA7m5Lgata2fmPxZeQRuaJbCruPsVDpump,2026-08-14T21:08:03Z,2026-08-14T21:08:03Z,MEDIUM,,False
FGMJAT3Yrouh1eTWpAzNUfToupBggySqTUe8VfnJquVg,upstream,3,1,2iSB473Z7L2ndpWs3n22tb7H3KSGpswDTH3jP7qCCAZT;5pSEZw1iytqYznD7crsGyKNek7q5JkjBqj2KmfqxUVZd;BE5ciZmcADAX78u2a1GrFiPMPC3rNXtdPGUrhzWB4k5d,2026-08-30T22:30:43Z,2026-08-30T22:30:43Z,MEDIUM,,False
FeTdmE2NSW63Mth4hc9a2AsP87SrJHDgvScJLkk38iSe,upstream,3,1,44s336LDz8bXp4rpxy1qwUfysZ4THjpReQWTKQg7pump;6gKx5EMvnymTVz2JgFhJAqpGxTYaBdVsaLb9YfPfvg4Y;AgB5SxiP1DFZbW9uDAH7s8Mhv1HF21nJv67tnAAYpump,2026-08-06T11:47:04Z,2026-08-06T11:47:04Z,MEDIUM,,False
FkGedMtvTxECqNaCyhuVMBVxx1aFDdrKDoR2mrXUHjww,direct,3,1,9PNfxvTARzdxvQas2uknW57bnfMCS1dxW1He7rPbuhuQ;CziyAr14UNUrfkxpioWSumkLXMwWnDWN2bu2WR5ao7kc;Er5RuNhTEwJH5dHv9c3YGATjgkLCETH4dKazntyWEtXY,2026-09-05T11:04:39Z,2026-09-05T11:04:39Z,HIGH,,False
GRFXCu8vhHbDz5NMwyab9LrYNaMgunMfwKB7281mpiAa,direct,3,1,44s336LDz8bXp4rpxy1qwUfysZ4THjpReQWTKQg7pump;6gKx5EMvnymTVz2JgFhJAqpGxTYaBdVsaLb9YfPfvg4Y;AgB5SxiP1DFZbW9uDAH7s8Mhv1HF21nJv67tnAAYpump,2026-08-27T10:09:03Z,2026-08-27T10:09:03Z,HIGH,,False
GYxtyhiD92WDbUxbGMtCmyTpwXejXFWrSjNEhFtCk5aZ,direct,3,1,3uYT8w1FxasDGmM4WDG5kXu6D9BGvyP3iEfPJEVb6ewT;5nnWe5SCBaNMC3oNiR7utth6kx3mH1dhmCarjDb91shW;xeKm1qmxyHLJZLdwKpsZdx5UFtYyb124GTWRZWypump,2025-08-07T15:22:35Z,2025-08-07T15:22:35Z,HIGH,,False
H13wk1NsagnoFDs3G6PiaCZCnd5k2UwsFosWXE5HUuVv,upstream,3,1,21XJbyQWEhmeoxKRHdGrEjetSfHopvtp68LWzdvT471M;47r9YPDeTVpwHjAakoVgnzNTJRChXC8f4KSUqMbEsBbM;4GRTznsfLTRqaB2uMAFmmgaWtvfVyBb4qCsTjskUpump,2026-07-03T04:47:31Z,2026-07-03T04:47:31Z,MEDIUM,,False
H76ACfqzjWCaJktcqwUwb1qmrxdcAMPCCSbK11AWiSuV,upstream,3,1,49aM4HrGABwG9F8iAn385zzcsS6mxHEFY8YN3H7y1Cd9;5pSEZw1iytqYznD7crsGyKNek7q5JkjBqj2KmfqxUVZd;rMPLDvnn6KR773WNhZvtFNcgFwnRkc7UbPkUaiMpump,2026-06-28T00:57:45Z,2026-06-28T00:57:45Z,MEDIUM,,False
HLtEGYa9yQZdhK6xGA2BA6qqQh4FxLBajdEMcUzmrPrt,direct,3,1,3GeNgcFpMwH9ts5b3W3jddtfwhwAURaykTy8YjtrGQWT;AbpJywMWmkf1MFonRddPVogSwPPZHB9pG4x2nKb1YaPn;AmWCcDf6tG7zB3VPeDVjeXL5N567fXAiHcTKw3xXpump,2021-10-18T14:17:22Z,2021-10-18T14:17:22Z,HIGH,,False
HS2MU94rj7bvjafDV3vkmiNQZfFUPPZsM3As8U9TME2Z,direct,3,1,47r9YPDeTVpwHjAakoVgnzNTJRChXC8f4KSUqMbEsBbM;6sFMbTF2VTzutzKekenJujFZBqb4TiBZJKfyLMUbpump;AbpJywMWmkf1MFonRddPVogSwPPZHB9pG4x2nKb1YaPn,2026-01-13T01:10:29Z,2026-01-13T01:10:29Z,HIGH,,False
HSGt4LrgzToJp3hoGVFkEkD8Ru8gdJnQLZdz4icngrkG,direct,3,1,3uYT8w1FxasDGmM4WDG5kXu6D9BGvyP3iEfPJEVb6ewT;44s336LDz8bXp4rpxy1qwUfysZ4THjpReQWTKQg7pump;7xXo3JYBqzh6D91XRppzFRLfw8wJHypeukGaNWwKgZ8m,2025-05-12T17:58:44Z,2025-05-12T17:58:44Z,HIGH,,False
HVbvJw8r5gP38hZQXU19N7Xc8216q5xEPbbKb2WKMz8r,upstream,3,1,57ANN8dAbPX8x1BEFFwzBttkzwpKZBEiJkdiWSzVNQvS;CSLP8Vp7u9hrXQi7crPXqCp7BaJaG4JrNxqvR3jDpump;GfqKCwNeAdHHi97AmgCLP5qrwcSJRDdyZ1huiU6xUXTz,2026-05-02T20:48:56Z,2026-05-02T20:48:56Z,MEDIUM,,False
HmnZtJPCcguuuZUxGhNd4hK1QNw11iBpRHzwJf6gaE1B,direct,3,1,3vfxnHSCS139RZiw6MPZaEvhySnjbEi81GuF5EdNpump;9mqJNDG2squcqZt2zC7cWWNtVozUbQUnzVnP1jG6pump;G9r7nnHSgvb7LUfCE8kavRaKokEMMYBjVHGKvQ6dpump,2026-07-05T17:49:28Z,2026-07-05T17:49:28Z,HIGH,,False
HptqceDZkTdBuErSag8pjmGb9ScozyT9nZiRWPniSDCi,direct,3,1,6XD1vorwquLXjTSL5W4MJMGewZBeiEcPFmZw527TSwva;9PNfxvTARzdxvQas2uknW57bnfMCS1dxW1He7rPbuhuQ;H9GGsNc7vA4hN13N1oU4itq8x3mrdZBdw2XdK3Mipump,2026-09-03T16:06:00Z,2026-09-03T16:06:00Z,HIGH,,False
HwEKcgZhVgyQMsw12eQH3JLotGBxqVdbiTEbHeFATXPR,direct,3,1,47r9YPDeTVpwHjAakoVgnzNTJRChXC8f4KSUqMbEsBbM;6sFMbTF2VTzutzKekenJujFZBqb4TiBZJKfyLMUbpump;AbpJywMWmkf1MFonRddPVogSwPPZHB9pG4x2nKb1YaPn,2026-05-13T18:20:32Z,2026-05-13T18:20:32Z,HIGH,,False
J1mUTNN7cdPwCgBjjU3E6wnzk6dq1g8aME8o1esZ2wTT,direct,3,1,25GrKYrc3y4LZmmuhppYgFRCKb7JyZ6grum4WhLYvA1z;2Tiw1Tna3kAut868cjXuKoyrv8U8gi1YjTaXw7Czpump;9ek8utEujXFmiM9wXcWKPF18y57PmeG8rsiBZGzzpump,2026-09-09T19:11:10Z,2026-09-09T19:11:10Z,HIGH,,False
J2L495ZPcJ6Btuyd4YqXz5uw7hpKiQXGcLvALwumabED,direct,3,1,44s336LDz8bXp4rpxy1qwUfysZ4THjpReQWTKQg7pump;5o43e7gYZWFNEpdqkegHY6LXkhMXB1z6f7d6TAVGEMTM;hHc9579gpKUnvYvgcKyjdpe1UhmfVfGzGwMQCADpump,2025-07-26T09:51:03Z,2025-07-26T09:51:03Z,HIGH,,False
UUUU14F4t4BMN5D9NLWmxJfmZzTLEgtb11Gats6z69U,direct,3,1,67afrnTxo8DVc52Uev61Yo4Yr9BGQpRw1RpPMWcx42La;7mRDn1rAqjwFQXacodr1UmkNdvAGPbtNP9k5jvBZqt9J;Er5RuNhTEwJH5dHv9c3YGATjgkLCETH4dKazntyWEtXY,2026-08-25T04:42:57Z,2026-08-25T04:42:57Z,HIGH,,False
UmDSFej1bibqL2gPZ2FQpEMBQ82iwYxA5ndBLVwUq2f,upstream,3,1,9mqJNDG2squcqZt2zC7cWWNtVozUbQUnzVnP1jG6pump;B3xU49SW3khA7m5Lgata2fmPxZeQRuaJbCruPsVDpump;BUPNYwndVGfzVb6RG6q2PX53VdAimw2Mi98QxqeWpump,2025-04-19T19:26:22Z,2025-04-19T19:26:22Z,MEDIUM,,False
XR1fbP9MKsk4cU8VbXikjfcMRbHXzxopEZaZxL4Sofb,upstream,3,1,44s336LDz8bXp4rpxy1qwUfysZ4THjpReQWTKQg7pump;6gKx5EMvnymTVz2JgFhJAqpGxTYaBdVsaLb9YfPfvg4Y;6sFMbTF2VTzutzKekenJujFZBqb4TiBZJKfyLMUbpump,2024-10-02T11:29:25Z,2024-10-02T11:29:25Z,MEDIUM,,False
anXJV4Fg8XHfAcXrqE6JiysNu2Mre5BdPcGEJuCmhzs,upstream,3,1,3uYT8w1FxasDGmM4WDG5kXu6D9BGvyP3iEfPJEVb6ewT;5nnWe5SCBaNMC3oNiR7utth6kx3mH1dhmCarjDb91shW;xeKm1qmxyHLJZLdwKpsZdx5UFtYyb124GTWRZWypump,2025-08-07T15:17:35Z,2025-08-07T15:17:35Z,MEDIUM,,False
gtxoJs2xRpX7ib3GmJtbJw5zQbZ62bXBoJpSq51DySL,upstream,3,1,5pSEZw1iytqYznD7crsGyKNek7q5JkjBqj2KmfqxUVZd;BZYpLHhui3qRNokWFg2JcX8CYtMqzWHR5R4xowjcbPqh;GKTxLXsmkjLDo89XmPa5htwK7sAzdqZ3jmfV6gaTvK67,2026-03-04T06:14:54Z,2026-03-04T06:14:54Z,MEDIUM,,False
jHtGznWGEkWy3dQEfyyaKBrnZYVexVowU8iB5cauGLU,direct,3,1,57ANN8dAbPX8x1BEFFwzBttkzwpKZBEiJkdiWSzVNQvS;7271ZR6GBzaGqdtP28ZqZ5BKRt2ziu4AnPnVCAL7pump;Ajz86fyiygsv8kZkUyDxogxkz5VfKRs4HTEABVTfpump,2025-08-05T14:59:19Z,2025-08-05T14:59:19Z,HIGH,,False
otkKFLrUvvpc22sX4Qm97cdrp9m5qYExD5LKakC97DM,direct,3,1,9mqJNDG2squcqZt2zC7cWWNtVozUbQUnzVnP1jG6pump;B3xU49SW3khA7m5Lgata2fmPxZeQRuaJbCruPsVDpump;BUPNYwndVGfzVb6RG6q2PX53VdAimw2Mi98QxqeWpump,2025-10-24T00:33:45Z,2025-10-24T00:33:45Z,HIGH,,False
rN2LtkfeC59LkAA9joNN1mJawUemeYvzCXsc4qgFZ3i,direct,3,1,BE5ciZmcADAX78u2a1GrFiPMPC3rNXtdPGUrhzWB4k5d;F41TwidZvJJcsx9c2BMwS6eH9W6HcUT4LzPmGvK9WU6N;UsrcsZMqw6p53Fohu16UCBjsbjqc73XmoRFZDcnCtMR,2026-03-05T14:43:53Z,2026-03-05T14:43:53Z,HIGH,,False
rpjmtoNWfK59BfdmiB3TmVuuag7zLtc5qT5rAPr8axS,upstream,3,1,3vfxnHSCS139RZiw6MPZaEvhySnjbEi81GuF5EdNpump;9mqJNDG2squcqZt2zC7cWWNtVozUbQUnzVnP1jG6pump;G9r7nnHSgvb7LUfCE8kavRaKokEMMYBjVHGKvQ6dpump,2025-02-12T19:51:19Z,2025-02-12T19:51:19Z,MEDIUM,,False
23etvasqkYsLSYAjtgT928SKap8DjmtzVrLt3Wa8DW7B,upstream,2,3,5nnWe5SCBaNMC3oNiR7utth6kx3mH1dhmCarjDb91shW;xeKm1qmxyHLJZLdwKpsZdx5UFtYyb124GTWRZWypump,2026-03-18T14:34:38Z,2026-03-18T14:34:38Z,MEDIUM,,False
6TAXiK1fT87LrYNWd4Likpe9hkXHreLyCNvUCBVR1uVK,upstream,2,3,9xhMStAAufkH5jA5nevaGy6M9fCsQ74BZnsXyo93DkfA;GL7M1C4QeLoURyexYgdhuP8SvaPh5LHQLRqKha3epump,2025-08-05T19:07:35Z,2025-08-28T15:14:23Z,MEDIUM,,False
ABbvqsusy43YUhdYmLpYyRpJPRdeSeEF1a5FqFhKjyrK,upstream,2,3,2BucyGvsg9wwTwsaFsEUFgdphrCtp94pDRtHowJUpump;4sjtHGeAKP6DoMUdvFqQuiYKhhPpwa9XCxUyuFD2pump,2024-11-07T18:15:30Z,2024-11-07T18:15:30Z,MEDIUM,,False
Fta3fmTRZvoT8WPX2BGrk6MAyDeG9ap7DpxjdQD6SvAS,upstream,2,3,6XD1vorwquLXjTSL5W4MJMGewZBeiEcPFmZw527TSwva;DTm66ivA96mhuQnqTy1cv7uELS4MHdYtpbRGJdW9t7Fn,2026-04-24T01:31:42Z,2026-04-24T01:31:42Z,MEDIUM,,False
G15sDFsLzK8ghBSs3Uxqu9XokDushBNXXrz1LQS9kiK5,upstream,2,3,4ZUjJ5EJbwfh7teotB29uHc1SC3SiqbrkwJoNgsxibbU;5L6As5obMTXxKwjmGBy1LTRwW2Hm1PjSK18JhETrpump,2025-08-21T13:32:39Z,2025-08-21T13:32:39Z,MEDIUM,,False
J6EJ6hXMjbHKpxj7e7gtWW1uiC41FsKZMKTRca9cvmBw,direct,2,3,5nnWe5SCBaNMC3oNiR7utth6kx3mH1dhmCarjDb91shW;xeKm1qmxyHLJZLdwKpsZdx5UFtYyb124GTWRZWypump,2026-03-18T14:35:05Z,2026-03-18T14:35:19Z,HIGH,,False
12ELeHVc14MvuuKp9MgGtb3B75SfAwHzvdx8rGnHUMyB,upstream,2,2,7xXo3JYBqzh6D91XRppzFRLfw8wJHypeukGaNWwKgZ8m;8G7aM6Gco4fHjVpmVvUdVvhKMKaWXJEqkCKRvPdepump,2025-08-28T20:08:40Z,2025-08-28T20:10:14Z,MEDIUM,,False
25pKfQYZVDpNpFGPrLUXSEwAuJtiaLQER1fHH4Mg49ea,upstream,2,2,21XJbyQWEhmeoxKRHdGrEjetSfHopvtp68LWzdvT471M;9CzNGAEutxKHJ5CwYC5Lk8X8YzgYrQnvKChP2BFEpump,2025-09-09T15:57:30Z,2025-09-09T15:57:30Z,MEDIUM,,False
2E7DQDjtGWSrH2CCotUFqQmGpw6KDHhyoo4tZE419xpT,upstream,2,2,57ANN8dAbPX8x1BEFFwzBttkzwpKZBEiJkdiWSzVNQvS;sMe5iUcgTe4VXmg4WaShF5kuk6GmcKF3y4HqKGZpump,2026-07-09T19:02:34Z,2026-07-09T19:02:34Z,MEDIUM,,False
2bU2iNwARWvJ28s9armWWtePLGzx6LsPPZseDDej7Vjn,upstream,2,2,EHUzmwAzmUix7TkwVr7b16U9ChJDr3RpjfXshR5swy5j;JAqRn24FuQ5MFReXNgXb8uFej5vHJDxhVtebpQvHTQZy,2025-08-21T21:37:43Z,2025-08-21T21:37:43Z,MEDIUM,,False
2hBhRbTDVy7RLhUbTCvCeWxtbbGqQACiFoF2xMf7usY5,direct,2,2,4ZUjJ5EJbwfh7teotB29uHc1SC3SiqbrkwJoNgsxibbU;AbpJywMWmkf1MFonRddPVogSwPPZHB9pG4x2nKb1YaPn,2025-07-04T06:00:57Z,2025-12-02T04:51:05Z,HIGH,,False
2jwP4cuugAAYiGMjVuqvwaRS2Axe6H6GvXv3PxMPQNeC,upstream,2,2,DJejJn1iJntJVTAixy4VRgqJFF3NMKPEMgVzbJFmpump;DkDwxjD5JFK7hd7qUNHqNaTeqDGcZ1ia3Y6E7EUiehEn,2025-03-05T11:31:32Z,2025-07-12T16:03:01Z,MEDIUM,,False
3kxxVahftfYVbz44JqgtCeWJQnjKgWHNGT847xypoXbA,upstream,2,2,3f8CKfznVUGrFfhcq8ZBY9M1xyDeEQGrh6iH372h3ebN;9mqJNDG2squcqZt2zC7cWWNtVozUbQUnzVnP1jG6pump,2026-07-21T09:42:49Z,2026-07-21T09:42:49Z,MEDIUM,,False
3qdEYTVzVhc9HRrZqcGdZCCSKer8LPLWoBS5qtDsuhqL,upstream,2,2,21XJbyQWEhmeoxKRHdGrEjetSfHopvtp68LWzdvT471M;6wSQipxdE9Suf8tVNaCEbcqavUbLT7gL9tibpm3Jpump,2025-03-01T16:53:34Z,2025-03-01T16:53:34Z,MEDIUM,,False
43DbAvKxhXh1oSxkJSqGosNw3HpBnmsWiak6tB5wpecN,direct,2,2,44s336LDz8bXp4rpxy1qwUfysZ4THjpReQWTKQg7pump;dy6zeSw9j2zHprXLwk1uUGAD4d2HF5R3pAFrL6bRAKs,2026-08-11T09:54:05Z,2026-09-11T21:42:24Z,HIGH,,False
47QXPVyPDanybG9xCeCuSL3m6ZsZ6Xb4y7svjxK1frLZ,direct,2,2,H9GGsNc7vA4hN13N1oU4itq8x3mrdZBdw2XdK3Mipump;hHc9579gpKUnvYvgcKyjdpe1UhmfVfGzGwMQCADpump,2026-09-01T18:27:01Z,2026-09-03T11:56:32Z,HIGH,,False
48uyC7N8JA7GUqhCX5KHgksAqu8BYoTmiLGLQx78ETpf,upstream,2,2,7dACCWZXF4Lr9ftxFpi7TJk7a3hcPpUwGPAcTuXDpump;omskHvyNvQSn3PFak3E8JHQJeSVJFsrc6izWT12pump,2026-05-28T14:26:15Z,2026-05-28T14:26:15Z,MEDIUM,,False
4BqQmoJ6gq6QJ1H6ZybmoAQSb2vjfiojV9rYhk2DbFio,direct,2,2,21XJbyQWEhmeoxKRHdGrEjetSfHopvtp68LWzdvT471M;AgB5SxiP1DFZbW9uDAH7s8Mhv1HF21nJv67tnAAYpump,2026-06-23T00:38:22Z,2026-08-11T12:34:17Z,HIGH,,False
4Cphqkxqit5PAcjDisTqvdpHAEMX7LFudcRZCoe5nfqe,upstream,2,2,21XJbyQWEhmeoxKRHdGrEjetSfHopvtp68LWzdvT471M;AgB5SxiP1DFZbW9uDAH7s8Mhv1HF21nJv67tnAAYpump,2025-12-23T22:29:32Z,2025-12-23T22:29:32Z,MEDIUM,,False
4PY3MLrKPV4H3k477XYNC5ngGnYivstKhjc4e28ajYRu,direct,2,2,6XD1vorwquLXjTSL5W4MJMGewZBeiEcPFmZw527TSwva;DTm66ivA96mhuQnqTy1cv7uELS4MHdYtpbRGJdW9t7Fn,2026-06-14T22:03:07Z,2026-09-29T01:04:03Z,HIGH,,False
4gKjjye5GDXR15s1VgB3ZMKVBf97H4DUfAZcst4KSRdW,direct,2,2,6VMsrZvNaSzddT6vkY6dEDoFMeK5EoHD4KCAycfQpump;8ypYfW5cjafrfAZij8TZj5SFHAbPNpiRio96LMzypDkn,2026-01-27T08:36:42Z,2026-08-26T22:42:37Z,HIGH,,False
4iieWMwLjxHpZLfChMTwJaaBnRUVAFQFpFfTuZ7rFLSb,direct,2,2,DTm66ivA96mhuQnqTy1cv7uELS4MHdYtpbRGJdW9t7Fn;F41TwidZvJJcsx9c2BMwS6eH9W6HcUT4LzPmGvK9WU6N,2025-04-17T14:28:41Z,2026-03-24T08:14:09Z,HIGH,,False
4iieWMwLjxHpZLfChMTwJaaBnRUVAFQFpFfTuZ7rFLSb,upstream,2,2,9PNfxvTARzdxvQas2uknW57bnfMCS1dxW1He7rPbuhuQ;AmWCcDf6tG7zB3VPeDVjeXL5N567fXAiHcTKw3xXpump,2024-10-24T14:09:39Z,2025-03-07T01:42:58Z,MEDIUM,,False
4kAsV9ZBCZV6dvgpxxf5Yes2ZKUQ42nJvbwYUeUR9PhS,direct,2,2,7dACCWZXF4Lr9ftxFpi7TJk7a3hcPpUwGPAcTuXDpump;omskHvyNvQSn3PFak3E8JHQJeSVJFsrc6izWT12pump,2026-03-02T12:49:55Z,2026-03-08T19:56:07Z,HIGH,,False
4rGB1UgqUBYKX6sLo8ZTapdFdn7WPZgut14dHKdvjVbZ,direct,2,2,3GeNgcFpMwH9ts5b3W3jddtfwhwAURaykTy8YjtrGQWT;9hAojtonqe4RUQarvUYZhFqC99VK1S3LCewYkSjnpump,2026-03-18T09:18:40Z,2026-03-18T09:19:53Z,HIGH,,False
4raqd4tCEnm2yGeUocVqPgN2MPB1W6A3EZfC8LoMChvf,direct,2,2,8qT3o4k4aUmyLrgd7hHYmVxin3kFhQ9QsXdSXTP6pump;9PNfxvTARzdxvQas2uknW57bnfMCS1dxW1He7rPbuhuQ,2026-07-09T02:10:30Z,2026-08-26T19:34:07Z,HIGH,,False
54Pz1e35z9uoFdnxtzjp7xZQoFiofqhdayQWBMN7dsuy,upstream,2,2,3GeNgcFpMwH9ts5b3W3jddtfwhwAURaykTy8YjtrGQWT;8G7aM6Gco4fHjVpmVvUdVvhKMKaWXJEqkCKRvPdepump,2026-08-29T15:29:41Z,2026-08-31T08:36:12Z,MEDIUM,,False
5JBH6uLBV29iFoRrPMr5DW3ZcU2n8TJYjZNMCGeupNZL,upstream,2,2,47r9YPDeTVpwHjAakoVgnzNTJRChXC8f4KSUqMbEsBbM;9CzNGAEutxKHJ5CwYC5Lk8X8YzgYrQnvKChP2BFEpump,2023-11-26T19:32:38Z,2023-12-23T00:47:58Z,MEDIUM,,False
5VCwKtCXgCJ6kit5FybXjvriW3xELsFDhYrPSqtJNmcD,direct,2,2,7Q9VxTczrzgvjXWbJJZibR7hbYAohngsNsuEhdEcpump;rMPLDvnn6KR773WNhZvtFNcgFwnRkc7UbPkUaiMpump,2021-11-19T21:48:43Z,2025-02-18T10:58:48Z,HIGH,,False
5aqEH1bP8MHiw2PgMZ6GLoPPtvY7x1bbhxYGZyaaaxGE,upstream,2,2,7dACCWZXF4Lr9ftxFpi7TJk7a3hcPpUwGPAcTuXDpump;omskHvyNvQSn3PFak3E8JHQJeSVJFsrc6izWT12pump,2026-02-24T13:47:28Z,2026-02-24T13:47:28Z,MEDIUM,,False
5njZuDSS2WTFkvWWsgv8Q4TfQBuCASKJAztc5yF2qLWZ,direct,2,2,55bKo8bj1YVEgsbwkkd4Nwu7JhaZF9trUgbvpZ3YeVCA;FuF2M5T79HJdpJUbp46qwWssLXQ1Xjf1yiNSfyo5UEGC,2026-08-17T07:51:12Z,2026-08-28T20:44:43Z,HIGH,,False
61fkjGWxFmEtsUDk8pjRwqg2fxbGtweMZpuahRqKC3j6,direct,2,2,4prKtarobdhYDY4Hu3uGZMx7Je4HqPJeLVyxN6m4Ld3T;HJPjdsDmcvgCj4MV3NvqCWd78qDP8BMzGfrsk4Nbpump,2026-08-31T18:43:56Z,2026-09-06T13:42:25Z,HIGH,,False
6Yx7MX8PTz4hLg52e6QKGwAYUZTFxZqxVqqon3yGGtRS,upstream,2,2,2BucyGvsg9wwTwsaFsEUFgdphrCtp94pDRtHowJUpump;6wSQipxdE9Suf8tVNaCEbcqavUbLT7gL9tibpm3Jpump,2025-09-10T02:21:59Z,2025-09-10T02:21:59Z,MEDIUM,,False
6aWmxmeQhsK1tuH4rDA2YaKpXcae4bmbuDAz2fMToRNY,upstream,2,2,EoKqyKksc4ekiPVuBD9FiztYQHkV59x8KTcZ3ReLpump;dy6zeSw9j2zHprXLwk1uUGAD4d2HF5R3pAFrL6bRAKs,2024-11-24T04:13:36Z,2024-12-05T09:42:11Z,MEDIUM,,False
6d3nb39xmfcw4kufH4DzmAfyXjfxRiCF4ZnCzxV4uDxh,upstream,2,2,4ZUjJ5EJbwfh7teotB29uHc1SC3SiqbrkwJoNgsxibbU;9hAojtonqe4RUQarvUYZhFqC99VK1S3LCewYkSjnpump,2026-09-09T07:22:23Z,2026-09-09T07:22:23Z,MEDIUM,,False
6gbG9Qu6kQPxukmTSSzTD54AVVtzjSuWGSxgxpVykrsZ,upstream,2,2,CHygERrxnc5QByNCwxUNSMhP7tKJA7rh6hNBdJ2spump;EkTkjVEfhvgkoCwheMTnr8mhEmJ6Q7ZR8q7ZMCcnpump,2025-05-28T17:45:21Z,2025-05-28T17:45:21Z,MEDIUM,,False
6iw1EsyyrsmegKzDzH89TFAVxcnth6Wbz4YGXNpuUeTe,upstream,2,2,9xhMStAAufkH5jA5nevaGy6M9fCsQ74BZnsXyo93DkfA;GL7M1C4QeLoURyexYgdhuP8SvaPh5LHQLRqKha3epump,2024-12-23T10:47:54Z,2024-12-23T10:47:54Z,MEDIUM,,False
6o4FLsHPEj5a6FH3yAuvR9fodZFV4sQrKaV3dZc2hS9J,upstream,2,2,4ZUjJ5EJbwfh7teotB29uHc1SC3SiqbrkwJoNgsxibbU;7xXo3JYBqzh6D91XRppzFRLfw8wJHypeukGaNWwKgZ8m,2025-11-14T02:10:08Z,2025-11-14T02:10:08Z,MEDIUM,,False
6ocyen9TVBK8GWcjsYc1jFQ3LhoLjUJXTRqSUWvrYEpY,upstream,2,2,BmU6YJP2YCAo8sc2dkeR8KjvF3rGFBHZL25ejysppump;EHUzmwAzmUix7TkwVr7b16U9ChJDr3RpjfXshR5swy5j,2026-02-01T15:33:39Z,2026-02-01T15:33:39Z,MEDIUM,,False
6tckHFBpiJ8YgYN8FUskvtvTpXQZ55g5LHeo1kvELoDQ,direct,2,2,9ek8utEujXFmiM9wXcWKPF18y57PmeG8rsiBZGzzpump;UsrcsZMqw6p53Fohu16UCBjsbjqc73XmoRFZDcnCtMR,2026-09-01T06:12:10Z,2026-09-14T22:31:23Z,HIGH,,False
7HeD6sLLqAnKVRuSfc1Ko3BSPMNKWgGTiWLKXJF31vKM,direct,2,2,AgB5SxiP1DFZbW9uDAH7s8Mhv1HF21nJv67tnAAYpump;CHygERrxnc5QByNCwxUNSMhP7tKJA7rh6hNBdJ2spump,2025-08-12T13:37:15Z,2026-09-01T05:55:58Z,HIGH,,False
7ZrP5k2GXf99uBr5pHSQcxKKFtLsLsj9LnDLoKk979g4,upstream,2,2,13V3CbY7Q7AXnf24FMsUaQrmLxnRU4Md9phDEWZvpump;H8oe2SCksJcYzhPeS4TsbteusgZW5k7QaZ4boKyq8C7U,2025-05-14T01:08:13Z,2025-05-14T01:08:13Z,MEDIUM,,False
7ovu7sqYQGcHwUnLfVfwjCx5VGBCiJmBrsrBv2ab1Ltx,upstream,2,2,21XJbyQWEhmeoxKRHdGrEjetSfHopvtp68LWzdvT471M;AgB5SxiP1DFZbW9uDAH7s8Mhv1HF21nJv67tnAAYpump,2026-01-07T19:48:21Z,2026-01-07T19:48:21Z,MEDIUM,,False
87GLAadaA31EpMH6hTTDFVsiiCfkXEZfdAQ3akPo6zVU,direct,2,2,49aM4HrGABwG9F8iAn385zzcsS6mxHEFY8YN3H7y1Cd9;sMe5iUcgTe4VXmg4WaShF5kuk6GmcKF3y4HqKGZpump,2026-08-27T13:50:46Z,2026-08-27T13:51:12Z,HIGH,,False
89KJXjHPsrxCQTBbQtZHitabqtd2bn3BYkYTkBXLbeou,upstream,2,2,2iSB473Z7L2ndpWs3n22tb7H3KSGpswDTH3jP7qCCAZT;rMPLDvnn6KR773WNhZvtFNcgFwnRkc7UbPkUaiMpump,2026-09-21T19:27:43Z,2026-09-29T08:36:09Z,MEDIUM,,False
8d9FNC7AgKLTCPKNd3MMkLLXZYLmiYFYR3vfXMBNJVNx,direct,2,2,69N7rm9nnp6sVoULtp5toD26F25rYum8593GupxkUYvH;9CzNGAEutxKHJ5CwYC5Lk8X8YzgYrQnvKChP2BFEpump,2026-08-27T00:07:15Z,2026-08-27T15:42:26Z,HIGH,,False
8ghowffWQGEZqVWaad9d54V9mNhYTJ5kDbucCB98FYyJ,upstream,2,2,7dACCWZXF4Lr9ftxFpi7TJk7a3hcPpUwGPAcTuXDpump;omskHvyNvQSn3PFak3E8JHQJeSVJFsrc6izWT12pump,2026-05-27T19:29:16Z,2026-05-27T19:29:16Z,MEDIUM,,False
97rSMQUukMDjA7PYErccyx7ZxbHvSDaeXp2ig5BwSrTf,upstream,2,2,4kkrecvSVnnkK3RZcJ85tNFiZu9pWg584yHjNCqEpump;BmU6YJP2YCAo8sc2dkeR8KjvF3rGFBHZL25ejysppump,2025-07-16T07:10:23Z,2025-07-16T07:10:23Z,MEDIUM,,False
9CfqJYBkFoQrc7tStTR8GvqKkaP6Zsf4SPy1ewoEgWbV,direct,2,2,21XJbyQWEhmeoxKRHdGrEjetSfHopvtp68LWzdvT471M;6wSQipxdE9Suf8tVNaCEbcqavUbLT7gL9tibpm3Jpump,2025-05-05T21:34:01Z,2025-09-10T14:16:59Z,HIGH,,False
9D8xSHWqF9NJWqCtn3rNxYEox63aCbWxYzTMfMur7Cc9,direct,2,2,BmU6YJP2YCAo8sc2dkeR8KjvF3rGFBHZL25ejysppump;D4aEpQLW45YnWrBmztcpJHqabbPtFe9F9PTv8Umvpump,2025-09-09T12:45:00Z,2025-09-09T20:39:56Z,HIGH,,False
9D8xSHWqF9NJWqCtn3rNxYEox63aCbWxYzTMfMur7Cc9,upstream,2,2,5Sg1vv51KGCSDF2gBHgbNATCEXFjYtVhWgztNUwtgJYD;HJPjdsDmcvgCj4MV3NvqCWd78qDP8BMzGfrsk4Nbpump,2025-05-21T09:17:32Z,2025-10-25T12:27:17Z,MEDIUM,,False
9Gfj3iirxSGkyAnrhwmSYaUCh63EFpdWVQF6mEJaadoN,upstream,2,2,6VMsrZvNaSzddT6vkY6dEDoFMeK5EoHD4KCAycfQpump;8ypYfW5cjafrfAZij8TZj5SFHAbPNpiRio96LMzypDkn,2021-10-19T10:23:04Z,2021-10-19T10:23:04Z,MEDIUM,,False
9NZXS5qWyyQRDLQAPcPrBh68VkzyUNGbY6RxLr7P4ti5,upstream,2,2,6gKx5EMvnymTVz2JgFhJAqpGxTYaBdVsaLb9YfPfvg4Y;CHygERrxnc5QByNCwxUNSMhP7tKJA7rh6hNBdJ2spump,2026-08-24T13:27:49Z,2026-08-24T13:30:12Z,MEDIUM,,False
9PfWqYpxH9bj2ReLoeuWaBPP87QfZLHfSctRHETnaZy3,upstream,2,2,4n32UBFWKJNPQayeN25GrLJHswbja41XFMxebcg9pump;6gKx5EMvnymTVz2JgFhJAqpGxTYaBdVsaLb9YfPfvg4Y,2025-04-17T05:40:52Z,2025-04-17T05:40:52Z,MEDIUM,,False
9cDDJ5g2wPqVZUZwpPuwqzxN7ouvc6QFauFwrX2TTTAX,direct,2,2,CHygERrxnc5QByNCwxUNSMhP7tKJA7rh6hNBdJ2spump;EkTkjVEfhvgkoCwheMTnr8mhEmJ6Q7ZR8q7ZMCcnpump,2025-08-04T01:23:43Z,2026-09-01T20:22:27Z,HIGH,,False
9eQEiRSJ3ffjgbFRtX9qaxJ5M8SGUPBwmdj6WLGzWF66,direct,2,2,3f8CKfznVUGrFfhcq8ZBY9M1xyDeEQGrh6iH372h3ebN;9mqJNDG2squcqZt2zC7cWWNtVozUbQUnzVnP1jG6pump,2026-08-24T21:50:11Z,2026-09-13T13:53:06Z,HIGH,,False
9k8DyWnbkDiDmkwWpGonNGnpKub2iRfKXHXCnnyvR75d,upstream,2,2,EHUzmwAzmUix7TkwVr7b16U9ChJDr3RpjfXshR5swy5j;rMPLDvnn6KR773WNhZvtFNcgFwnRkc7UbPkUaiMpump,2024-09-19T11:35:44Z,2025-07-24T09:53:22Z,MEDIUM,,False
9s3RbNan8nLetHoGFVgCJ4fABF3f5ha9dxcGqSdFrD9e,upstream,2,2,44s336LDz8bXp4rpxy1qwUfysZ4THjpReQWTKQg7pump;dy6zeSw9j2zHprXLwk1uUGAD4d2HF5R3pAFrL6bRAKs,2021-08-13T23:09:18Z,2021-08-13T23:09:18Z,MEDIUM,,False
A31jE6TiyNv5XyQUmZNTcqaVha2ExA73WqAKjgGpnC5i,upstream,2,2,9ek8utEujXFmiM9wXcWKPF18y57PmeG8rsiBZGzzpump;UsrcsZMqw6p53Fohu16UCBjsbjqc73XmoRFZDcnCtMR,2025-01-14T14:09:47Z,2025-01-14T14:09:47Z,MEDIUM,,False
AbdxrST5risqoSDB76Yk6cvGJRdrHrGXxUrZ4VxZHGZU,upstream,2,2,55bKo8bj1YVEgsbwkkd4Nwu7JhaZF9trUgbvpZ3YeVCA;5pSEZw1iytqYznD7crsGyKNek7q5JkjBqj2KmfqxUVZd,2022-03-24T19:12:36Z,2022-03-24T19:12:36Z,MEDIUM,,False
AwT9jzKu6Jxs61PLws2xJBWeQm8W3uQFZxZNJZU3o1ov,upstream,2,2,4kkrecvSVnnkK3RZcJ85tNFiZu9pWg584yHjNCqEpump;B3xU49SW3khA7m5Lgata2fmPxZeQRuaJbCruPsVDpump,2025-01-06T22:43:11Z,2025-01-06T22:43:11Z,MEDIUM,,False
AwiguNn4m6Z3qeeXoiF2cMcAEqs4nu7zBU611E3iTsmH,upstream,2,2,3GeNgcFpMwH9ts5b3W3jddtfwhwAURaykTy8YjtrGQWT;4prKtarobdhYDY4Hu3uGZMx7Je4HqPJeLVyxN6m4Ld3T,2022-11-09T18:06:42Z,2022-11-09T18:06:42Z,MEDIUM,,False
B3hx56cBV2dj3uViNTNThzzhCaUoUQPY4DbX9aVqPaUn,upstream,2,2,AgB5SxiP1DFZbW9uDAH7s8Mhv1HF21nJv67tnAAYpump;CHygERrxnc5QByNCwxUNSMhP7tKJA7rh6hNBdJ2spump,2024-07-12T21:12:51Z,2024-07-12T21:12:51Z,MEDIUM,,False
BEtzUWz1isBuPofjSwb1nKEECVXdf9LSmw1za1MMrGVM,upstream,2,2,4prKtarobdhYDY4Hu3uGZMx7Je4HqPJeLVyxN6m4Ld3T;EoKqyKksc4ekiPVuBD9FiztYQHkV59x8KTcZ3ReLpump,2026-07-03T20:32:20Z,2026-07-03T20:32:20Z,MEDIUM,,False
BdZBQGZ3icyTGyhmQnzTpnWmQjDmHbGpmenWN6QPNipE,direct,2,2,4kkrecvSVnnkK3RZcJ85tNFiZu9pWg584yHjNCqEpump;5pSEZw1iytqYznD7crsGyKNek7q5JkjBqj2KmfqxUVZd,2026-09-09T09:14:17Z,2026-09-15T19:22:26Z,HIGH,,False
BdZBQGZ3icyTGyhmQnzTpnWmQjDmHbGpmenWN6QPNipE,upstream,2,2,4kkrecvSVnnkK3RZcJ85tNFiZu9pWg584yHjNCqEpump;EkTkjVEfhvgkoCwheMTnr8mhEmJ6Q7ZR8q7ZMCcnpump,2026-06-05T15:25:54Z,2026-08-22T13:30:55Z,MEDIUM,,False
BpMhT2ZK88W5m6XEd95PDDMqiAbGuiwNVAiKYAeECYjf,direct,2,2,9hAojtonqe4RUQarvUYZhFqC99VK1S3LCewYkSjnpump;CziyAr14UNUrfkxpioWSumkLXMwWnDWN2bu2WR5ao7kc,2026-09-09T15:25:52Z,2026-09-09T15:36:26Z,HIGH,,False
C68a6RCGLiPskbPYtAcsCjhG8tfTWYcoB4JjCrXFdqyo,upstream,2,2,4n32UBFWKJNPQayeN25GrLJHswbja41XFMxebcg9pump;6gKx5EMvnymTVz2JgFhJAqpGxTYaBdVsaLb9YfPfvg4Y,2026-08-16T22:21:30Z,2026-08-27T04:37:48Z,MEDIUM,,False
CJCUQo5EV7QGgWhG1RmgdYAFCWeXSAPKr4LMU6nqBqwT,direct,2,2,BUPNYwndVGfzVb6RG6q2PX53VdAimw2Mi98QxqeWpump;CSLP8Vp7u9hrXQi7crPXqCp7BaJaG4JrNxqvR3jDpump,2026-05-28T06:18:33Z,2026-07-20T06:21:30Z,HIGH,,False
CmhwnxnwdJCpkKqihNxR9cub3V417WgwzZQzEgVyjCNG,upstream,2,2,4ZUjJ5EJbwfh7teotB29uHc1SC3SiqbrkwJoNgsxibbU;5L6As5obMTXxKwjmGBy1LTRwW2Hm1PjSK18JhETrpump,2025-11-21T19:52:10Z,2026-02-24T21:38:55Z,MEDIUM,,False
DB9vH8TkfR6xQGBrjvNLNmHJeMDg5c2CDFRgdDBXzGP5,upstream,2,2,7dACCWZXF4Lr9ftxFpi7TJk7a3hcPpUwGPAcTuXDpump;omskHvyNvQSn3PFak3E8JHQJeSVJFsrc6izWT12pump,2026-02-23T20:34:47Z,2026-02-23T20:34:47Z,MEDIUM,,False
DEM7JJFjemWE5tjt3aC9eeTsGtTnyAs95EWhY2bM6n1o,upstream,2,2,2Tiw1Tna3kAut868cjXuKoyrv8U8gi1YjTaXw7Czpump;xeKm1qmxyHLJZLdwKpsZdx5UFtYyb124GTWRZWypump,2023-07-05T09:33:31Z,2023-07-05T09:47:58Z,MEDIUM,,False
DGFW1Effv88XzXkgfgyoFfmefzEU5Pp9zWJACBmCSh8K,direct,2,2,6VMsrZvNaSzddT6vkY6dEDoFMeK5EoHD4KCAycfQpump;AgB5SxiP1DFZbW9uDAH7s8Mhv1HF21nJv67tnAAYpump,2025-10-16T12:59:26Z,2026-09-07T07:53:44Z,HIGH,,False
DTvi6ARgZw5ubRxfZgLs3PQKqXchB5UtU8DZibEThBgb,upstream,2,2,6sFMbTF2VTzutzKekenJujFZBqb4TiBZJKfyLMUbpump;AmWCcDf6tG7zB3VPeDVjeXL5N567fXAiHcTKw3xXpump,2025-09-12T19:06:03Z,2025-11-12T23:40:41Z,MEDIUM,,False
DZFW9vYwHzQWYm6PtU9JNfwVzbvzqba7GgwdAj2ik34y,upstream,2,2,CHygERrxnc5QByNCwxUNSMhP7tKJA7rh6hNBdJ2spump;EkTkjVEfhvgkoCwheMTnr8mhEmJ6Q7ZR8q7ZMCcnpump,2025-07-17T11:50:35Z,2025-07-17T11:50:35Z,MEDIUM,,False
DZPHncPHWGPdWpiqLRDYEbKhk5KEM2wYrHniFKNkXtEw,upstream,2,2,49aM4HrGABwG9F8iAn385zzcsS6mxHEFY8YN3H7y1Cd9;6akNLpNd11oq4q5zxhXGwr5jwUi6Ke4CvKmF6QeUwJCQ,2026-08-17T05:32:23Z,2026-08-27T15:11:28Z,MEDIUM,,False
DhEsUaJkT1DzkFUWLCkU21VruJQZk1es4zBRhU9QjK9R,direct,2,2,3coFBLantjJkMRmzaQ4znMQQzfqFYTyBeNhdXYAzpump;DTm66ivA96mhuQnqTy1cv7uELS4MHdYtpbRGJdW9t7Fn,2025-07-17T02:53:03Z,2025-08-24T19:25:26Z,HIGH,,False
DnHDAsgPSoor3qe59u6DFWDhADpmJTH1XvjLgSaBx2PA,upstream,2,2,5pSEZw1iytqYznD7crsGyKNek7q5JkjBqj2KmfqxUVZd;GfqKCwNeAdHHi97AmgCLP5qrwcSJRDdyZ1huiU6xUXTz,2021-10-07T19:32:29Z,2021-10-07T19:32:29Z,MEDIUM,,False
DsMFNuYhbHP6m4x3XEHV36SjXQV68WLgXPwqmPLDRsAN,direct,2,2,2BucyGvsg9wwTwsaFsEUFgdphrCtp94pDRtHowJUpump;6wSQipxdE9Suf8tVNaCEbcqavUbLT7gL9tibpm3Jpump,2025-09-14T18:07:58Z,2025-09-14T18:08:30Z,HIGH,,False
Dzno7srFNNSJqtUZ4LqdVE36WPtG7ESYhkjLXz1kwTEu,upstream,2,2,3GeNgcFpMwH9ts5b3W3jddtfwhwAURaykTy8YjtrGQWT;9hAojtonqe4RUQarvUYZhFqC99VK1S3LCewYkSjnpump,2026-01-16T07:30:55Z,2026-01-16T07:30:55Z,MEDIUM,,False
E1r6HTirXt5EB8H2MjLL4ieKkGeVBMTtDTuzQVoSi4iV,upstream,2,2,25GrKYrc3y4LZmmuhppYgFRCKb7JyZ6grum4WhLYvA1z;9CzNGAEutxKHJ5CwYC5Lk8X8YzgYrQnvKChP2BFEpump,2026-01-12T06:48:06Z,2026-01-12T06:48:06Z,MEDIUM,,False
ELAEEmiHW3RW9wz2C5rP9ZoQ7g6NJTr5fbjvhCPdnFzQ,upstream,2,2,2BucyGvsg9wwTwsaFsEUFgdphrCtp94pDRtHowJUpump;6wSQipxdE9Suf8tVNaCEbcqavUbLT7gL9tibpm3Jpump,2025-09-13T13:14:01Z,2025-09-13T13:14:01Z,MEDIUM,,False
EYn7hBrbB5QppFqHruc96uMQTMiRVn5TFP2mHbuSDhL2,direct,2,2,4ZUjJ5EJbwfh7teotB29uHc1SC3SiqbrkwJoNgsxibbU;9hAojtonqe4RUQarvUYZhFqC99VK1S3LCewYkSjnpump,2026-09-12T12:06:22Z,2026-09-15T17:52:00Z,HIGH,,False
EjtCjDWj3HyL1a4dRritZLTtZrwvD3E1AAzp6evMUmVB,upstream,2,2,6VMsrZvNaSzddT6vkY6dEDoFMeK5EoHD4KCAycfQpump;8ypYfW5cjafrfAZij8TZj5SFHAbPNpiRio96LMzypDkn,2025-02-04T03:28:55Z,2025-02-04T03:28:55Z,MEDIUM,,False
EmpmeE2ZS3YhMhM7wiJZAHdJeA8FDTGpj9sutiHdjKhd,upstream,2,2,BmU6YJP2YCAo8sc2dkeR8KjvF3rGFBHZL25ejysppump;EHUzmwAzmUix7TkwVr7b16U9ChJDr3RpjfXshR5swy5j,2026-01-24T18:32:16Z,2026-01-24T18:32:16Z,MEDIUM,,False
Ep2mHmeGV3R9FDsobFuAF1ghmA7GduFhm4V6WgwuUKNo,upstream,2,2,F41TwidZvJJcsx9c2BMwS6eH9W6HcUT4LzPmGvK9WU6N;FuF2M5T79HJdpJUbp46qwWssLXQ1Xjf1yiNSfyo5UEGC,2024-07-04T15:09:14Z,2024-10-08T10:49:03Z,MEDIUM,,False
EsynuVtJPpuU8xxmKnRF5mcJCyN19wh3CfNngEw4C2rM,direct,2,2,7HiD5rzoZxAYXEJ8Z4t3WgM8VE1iSKWJdxPPyEdDNzwN;H8oe2SCksJcYzhPeS4TsbteusgZW5k7QaZ4boKyq8C7U,2026-10-02T01:47:37Z,2026-10-02T01:49:16Z,HIGH,,False
F5ZQi4PaptaPrUNP59UQWvF8RJnLcRtdgNh55ynr7vEa,upstream,2,2,8ypYfW5cjafrfAZij8TZj5SFHAbPNpiRio96LMzypDkn;CziyAr14UNUrfkxpioWSumkLXMwWnDWN2bu2WR5ao7kc,2026-07-29T17:07:19Z,2026-07-29T17:07:19Z,MEDIUM,,False
FBfQEqTqKRDaPx8tdMnYfbF7GJESqpVq1h1YY4kUWnys,direct,2,2,Er5RuNhTEwJH5dHv9c3YGATjgkLCETH4dKazntyWEtXY;UsrcsZMqw6p53Fohu16UCBjsbjqc73XmoRFZDcnCtMR,2026-09-08T08:20:06Z,2026-09-15T23:37:07Z,HIGH,,False
FcvvJvHU1jk5Y5JqjsuoSwzqgiqTAdxmzbggYmVQWJMD,upstream,2,2,4sjtHGeAKP6DoMUdvFqQuiYKhhPpwa9XCxUyuFD2pump;CziyAr14UNUrfkxpioWSumkLXMwWnDWN2bu2WR5ao7kc,2026-07-31T06:42:12Z,2026-08-15T09:47:50Z,MEDIUM,,False
GB7SkZMTwZVZxdXfrsPpQFNqEWV88fK5jwQHsPKJU28G,upstream,2,2,8qT3o4k4aUmyLrgd7hHYmVxin3kFhQ9QsXdSXTP6pump;DJejJn1iJntJVTAixy4VRgqJFF3NMKPEMgVzbJFmpump,2024-12-12T16:49:13Z,2026-02-14T21:40:03Z,MEDIUM,,False
GSDdxyi8i6fuADHzugtzy8vBuXZdLKpGjgeZ5Fe9PEeQ,upstream,2,2,H8oe2SCksJcYzhPeS4TsbteusgZW5k7QaZ4boKyq8C7U;UsrcsZMqw6p53Fohu16UCBjsbjqc73XmoRFZDcnCtMR,2021-10-03T11:40:46Z,2021-10-03T11:40:46Z,MEDIUM,,False
GXne39ift2dcXrV85sqcHS6vLBJXMMAShmEZH75YFfi3,direct,2,2,25GrKYrc3y4LZmmuhppYgFRCKb7JyZ6grum4WhLYvA1z;9CzNGAEutxKHJ5CwYC5Lk8X8YzgYrQnvKChP2BFEpump,2026-04-03T06:53:20Z,2026-04-14T11:49:10Z,HIGH,,False
Gc8fRjXQdZqBPBf3UiTvnz3S6tWdvKzouF7wnJVW3mGi,upstream,2,2,25GrKYrc3y4LZmmuhppYgFRCKb7JyZ6grum4WhLYvA1z;9CzNGAEutxKHJ5CwYC5Lk8X8YzgYrQnvKChP2BFEpump,2026-02-11T07:37:00Z,2026-02-11T07:37:00Z,MEDIUM,,False
GfMFq3wtBBcvYX7J2aQ72MARfGaDu2DCeS9t1jteUupf,upstream,2,2,21XJbyQWEhmeoxKRHdGrEjetSfHopvtp68LWzdvT471M;5L6As5obMTXxKwjmGBy1LTRwW2Hm1PjSK18JhETrpump,2024-06-16T16:34:09Z,2024-11-14T23:18:42Z,MEDIUM,,False
GhtPPz97MJY9GAMyrh6ksDoJy8dD5gKLQvYzaukBg5eP,upstream,2,2,BmU6YJP2YCAo8sc2dkeR8KjvF3rGFBHZL25ejysppump;D4aEpQLW45YnWrBmztcpJHqabbPtFe9F9PTv8Umvpump,2025-04-15T10:19:25Z,2025-04-15T10:19:25Z,MEDIUM,,False
GxBeMrKTFeUGhykaQRFj8k4MsxbVxhLYTd752sHbhkhe,upstream,2,2,4ZUjJ5EJbwfh7teotB29uHc1SC3SiqbrkwJoNgsxibbU;9hAojtonqe4RUQarvUYZhFqC99VK1S3LCewYkSjnpump,2026-09-10T12:41:14Z,2026-09-10T12:41:14Z,MEDIUM,,False
H2PVM96jQomH864kZAAxRMFBZaHbdKQG2iG21v52jRxF,upstream,2,2,3GeNgcFpMwH9ts5b3W3jddtfwhwAURaykTy8YjtrGQWT;4prKtarobdhYDY4Hu3uGZMx7Je4HqPJeLVyxN6m4Ld3T,2024-07-08T07:06:30Z,2025-01-12T03:02:38Z,MEDIUM,,False
H2nE3ub81zSFbMNgStNHdTJkiekG1ecQNMeD4S3Qj12X,upstream,2,2,55bKo8bj1YVEgsbwkkd4Nwu7JhaZF9trUgbvpZ3YeVCA;BmU6YJP2YCAo8sc2dkeR8KjvF3rGFBHZL25ejysppump,2025-08-22T17:40:41Z,2025-08-22T17:40:41Z,MEDIUM,,False
HYkyzabqDL6ZKzmDvRrFkTbKBSgW7EYPdAcNznX6347L,direct,2,2,4n32UBFWKJNPQayeN25GrLJHswbja41XFMxebcg9pump;6gKx5EMvnymTVz2JgFhJAqpGxTYaBdVsaLb9YfPfvg4Y,2026-08-22T14:26:39Z,2026-09-07T21:17:24Z,HIGH,,False
HZYVhXkh3jA5RMRrVHTfQSZgbEDgXouMz3T13NKfa3vx,upstream,2,2,BmU6YJP2YCAo8sc2dkeR8KjvF3rGFBHZL25ejysppump;FuF2M5T79HJdpJUbp46qwWssLXQ1Xjf1yiNSfyo5UEGC,2025-02-21T01:14:20Z,2025-02-21T01:14:20Z,MEDIUM,,False
HcgXHH1NNm6i7z9Pn1QuXVMi7BpbbipT7mpYqCg9yJAt,upstream,2,2,21XJbyQWEhmeoxKRHdGrEjetSfHopvtp68LWzdvT471M;6wSQipxdE9Suf8tVNaCEbcqavUbLT7gL9tibpm3Jpump,2025-02-15T14:51:45Z,2025-02-15T14:51:45Z,MEDIUM,,False
HetaPyWvKKNswrcbSG9uVGiwfdpUwosdsuuoaHncudaE,direct,2,2,BmU6YJP2YCAo8sc2dkeR8KjvF3rGFBHZL25ejysppump;EHUzmwAzmUix7TkwVr7b16U9ChJDr3RpjfXshR5swy5j,2026-08-16T09:47:06Z,2026-09-05T10:10:07Z,HIGH,,False
Hmc2dLxZZ4xfHqn2wFCTBu11oCpYiuwsj23JBjJmD4ni,direct,2,2,2Tiw1Tna3kAut868cjXuKoyrv8U8gi1YjTaXw7Czpump;GfqKCwNeAdHHi97AmgCLP5qrwcSJRDdyZ1huiU6xUXTz,2026-08-28T22:56:58Z,2026-09-04T06:36:54Z,HIGH,,False
HsFQKgHiSh4nYDcApQiGuormM6bxKyFRK7dtYmxkszcL,direct,2,2,H8oe2SCksJcYzhPeS4TsbteusgZW5k7QaZ4boKyq8C7U;UsrcsZMqw6p53Fohu16UCBjsbjqc73XmoRFZDcnCtMR,2021-11-21T19:18:58Z,2024-04-06T13:17:29Z,HIGH,,False
WLZG31XNaD3GmdRW1GphLTLbWfh7REDQfYCURuxzAhU,upstream,2,2,7xXo3JYBqzh6D91XRppzFRLfw8wJHypeukGaNWwKgZ8m;8G7aM6Gco4fHjVpmVvUdVvhKMKaWXJEqkCKRvPdepump,2025-08-28T13:50:19Z,2025-08-28T13:50:19Z,MEDIUM,,False
YgLDEUfHBU3z2UCjhZJwzjgtWJiz1cSuP69eQf26AKi,upstream,2,2,8qT3o4k4aUmyLrgd7hHYmVxin3kFhQ9QsXdSXTP6pump;9PNfxvTARzdxvQas2uknW57bnfMCS1dxW1He7rPbuhuQ,2025-06-02T08:57:12Z,2025-06-02T08:57:12Z,MEDIUM,,False
jPQwaSnXfBtgqCkpu3U2pVDBkj8GQF6BfQZh9idD3QG,upstream,2,2,3coFBLantjJkMRmzaQ4znMQQzfqFYTyBeNhdXYAzpump;3uYT8w1FxasDGmM4WDG5kXu6D9BGvyP3iEfPJEVb6ewT,2024-11-16T15:37:07Z,2024-11-16T15:37:07Z,MEDIUM,,False
suqh5sHtr8HyJ7q8scBimULPkPpA557prMG47xCHQfK,direct,2,2,AgB5SxiP1DFZbW9uDAH7s8Mhv1HF21nJv67tnAAYpump;EoKqyKksc4ekiPVuBD9FiztYQHkV59x8KTcZ3ReLpump,2025-09-16T13:53:21Z,2025-09-16T13:54:49Z,HIGH,,False
toAPhdPcxDZsm2ziAgKcLLb5FMvhsUxqWpRvxTnYfnP,upstream,2,2,AgB5SxiP1DFZbW9uDAH7s8Mhv1HF21nJv67tnAAYpump;CHygERrxnc5QByNCwxUNSMhP7tKJA7rh6hNBdJ2spump,2024-10-18T18:29:59Z,2024-10-18T18:29:59Z,MEDIUM,,False
1SWG87xMiCPqe8C8Sm5M9mdD8pnNrpEznexZrTn9Smk,upstream,2,1,7dACCWZXF4Lr9ftxFpi7TJk7a3hcPpUwGPAcTuXDpump;omskHvyNvQSn3PFak3E8JHQJeSVJFsrc6izWT12pump,2026-02-22T01:17:41Z,2026-02-22T01:17:41Z,MEDIUM,,False
21NRwg2NZFEYyrvCxYXtx9cU5TabMkuXrzApAr7tt7XT,direct,2,1,5DoZAeBkoci5t5zPhUiuhQFjuzYTfkSv5Seojsxppump;H9GGsNc7vA4hN13N1oU4itq8x3mrdZBdw2XdK3Mipump,2026-08-26T20:00:10Z,2026-08-26T20:00:10Z,HIGH,,False
21mKoPFpbwgGZzK77CnwRGQL4U3xV52fgyemPD854g4E,upstream,2,1,3vfxnHSCS139RZiw6MPZaEvhySnjbEi81GuF5EdNpump;5DoZAeBkoci5t5zPhUiuhQFjuzYTfkSv5Seojsxppump,2026-07-12T11:14:57Z,2026-07-12T11:14:57Z,MEDIUM,,False
2AEYXLsvbZ24UFvWvYocaafx7ig7LSj32rvUA9z2JtQ9,direct,2,1,3GeNgcFpMwH9ts5b3W3jddtfwhwAURaykTy8YjtrGQWT;AbpJywMWmkf1MFonRddPVogSwPPZHB9pG4x2nKb1YaPn,2026-08-31T20:35:12Z,2026-08-31T20:35:12Z,HIGH,,False
2BRbsWadYFHXaFpW9x1EdmNuaHeSzgYwfq5DsXaBehBD,direct,2,1,55bKo8bj1YVEgsbwkkd4Nwu7JhaZF9trUgbvpZ3YeVCA;BmU6YJP2YCAo8sc2dkeR8KjvF3rGFBHZL25ejysppump,2026-04-26T16:33:00Z,2026-04-26T16:33:00Z,HIGH,,False
2BjxxWBnqQr37RTeBJs4azzbGc8iRHQU2zJaZNem89qm,direct,2,1,5EZ7yagvcsHcwH3e17khLwGzhFrCsx7CKS7ZN6J6i4Lh;DJejJn1iJntJVTAixy4VRgqJFF3NMKPEMgVzbJFmpump,2026-09-27T19:54:22Z,2026-09-27T19:54:22Z,HIGH,,False
2C6DGD2FacCPcyrkngFE1zBLgqNqcKcrLGbAU8A3Txfz,upstream,2,1,3vfxnHSCS139RZiw6MPZaEvhySnjbEi81GuF5EdNpump;FuF2M5T79HJdpJUbp46qwWssLXQ1Xjf1yiNSfyo5UEGC,2025-02-11T03:41:19Z,2025-02-11T03:41:19Z,MEDIUM,,False
2KPYyESKbTKpCwVtVBChk6N1whXtRiD6YYFvSBe2Mk4r,direct,2,1,2iSB473Z7L2ndpWs3n22tb7H3KSGpswDTH3jP7qCCAZT;ASftCNtzPNmK3nMDvpQNvpLauKS45Vkq7kwTPutqUBL1,2026-09-18T17:21:26Z,2026-09-18T17:21:26Z,HIGH,,False
2M1zhZqN1ahRzNxn6zrYu8QBomsj5iX67Mn28WF43ZM7,direct,2,1,9ek8utEujXFmiM9wXcWKPF18y57PmeG8rsiBZGzzpump;Ajz86fyiygsv8kZkUyDxogxkz5VfKRs4HTEABVTfpump,2025-05-23T15:08:21Z,2025-05-23T15:08:21Z,HIGH,,False
2MvLMELX2HzyUK9XERSh7D9HBmozmPgvvEvqEyBhCZUP,upstream,2,1,44s336LDz8bXp4rpxy1qwUfysZ4THjpReQWTKQg7pump;6sFMbTF2VTzutzKekenJujFZBqb4TiBZJKfyLMUbpump,2025-06-12T23:52:37Z,2025-06-12T23:52:37Z,MEDIUM,,False
2PtMKfAh1kFhZBB5EKU1KjUzmeStcjw3Yf8eAVdGngyE,upstream,2,1,3uYT8w1FxasDGmM4WDG5kXu6D9BGvyP3iEfPJEVb6ewT;Er5RuNhTEwJH5dHv9c3YGATjgkLCETH4dKazntyWEtXY,2025-03-31T21:19:03Z,2025-03-31T21:19:03Z,MEDIUM,,False
2SNH1HtPHSXmyAEsM61FfLqz7xJXxCm2ur5UYpbrfqgc,direct,2,1,5Sg1vv51KGCSDF2gBHgbNATCEXFjYtVhWgztNUwtgJYD;7dACCWZXF4Lr9ftxFpi7TJk7a3hcPpUwGPAcTuXDpump,2026-09-20T21:01:54Z,2026-09-20T21:01:54Z,HIGH,,False
2SaShcvKTBfhetQxYyu9oNjSg43HkTSD87R8AJpfGLBm,upstream,2,1,13V3CbY7Q7AXnf24FMsUaQrmLxnRU4Md9phDEWZvpump;9CzNGAEutxKHJ5CwYC5Lk8X8YzgYrQnvKChP2BFEpump,2026-08-25T18:17:58Z,2026-08-25T18:17:58Z,MEDIUM,,False
2SkV88PoqCgigc6AHArQYAffi4xrMzxihEhYt6ghKfMt,upstream,2,1,4prKtarobdhYDY4Hu3uGZMx7Je4HqPJeLVyxN6m4Ld3T;EoKqyKksc4ekiPVuBD9FiztYQHkV59x8KTcZ3ReLpump,2026-07-25T16:39:48Z,2026-07-25T16:39:48Z,MEDIUM,,False
2SkV88PoqCgigc6AHArQYAffi4xrMzxihEhYt6ghKfMt,direct,2,1,4prKtarobdhYDY4Hu3uGZMx7Je4HqPJeLVyxN6m4Ld3T;EoKqyKksc4ekiPVuBD9FiztYQHkV59x8KTcZ3ReLpump,2026-07-25T16:39:48Z,2026-07-25T16:39:48Z,HIGH,,False
2TR35vZ2gaNdHm5gmpvXARz8Sr84jpz9TjLuHwAHYpx6,direct,2,1,6wSQipxdE9Suf8tVNaCEbcqavUbLT7gL9tibpm3Jpump;GKTxLXsmkjLDo89XmPa5htwK7sAzdqZ3jmfV6gaTvK67,2025-02-03T17:09:59Z,2025-02-03T17:09:59Z,HIGH,,False
2UYEBF1wXNDhcsjgRBvG8sp7aWRLbzF3MXU8hdn2yNpU,direct,2,1,4n32UBFWKJNPQayeN25GrLJHswbja41XFMxebcg9pump;9ek8utEujXFmiM9wXcWKPF18y57PmeG8rsiBZGzzpump,2026-09-07T10:23:20Z,2026-09-07T10:23:20Z,HIGH,,False
2aErPyKRhuNeaoZsQXe4tpbfJJvJvxd6a7fKLdhfA5NK,upstream,2,1,2iSB473Z7L2ndpWs3n22tb7H3KSGpswDTH3jP7qCCAZT;ASftCNtzPNmK3nMDvpQNvpLauKS45Vkq7kwTPutqUBL1,2026-08-22T02:08:16Z,2026-08-22T02:08:16Z,MEDIUM,,False
2b735s85qNxWBJxShEKWydWYhESBN9oupTKYCuoarQJY,upstream,2,1,6XD1vorwquLXjTSL5W4MJMGewZBeiEcPFmZw527TSwva;7mRDn1rAqjwFQXacodr1UmkNdvAGPbtNP9k5jvBZqt9J,2025-01-24T08:00:59Z,2025-01-24T08:00:59Z,MEDIUM,,False
2egMQeAcTKMsarPyQyg6JuDWEgyTCgFHp6qBX3XYsxgq,upstream,2,1,AmWCcDf6tG7zB3VPeDVjeXL5N567fXAiHcTKw3xXpump;B3xU49SW3khA7m5Lgata2fmPxZeQRuaJbCruPsVDpump,2026-03-15T08:30:39Z,2026-03-15T08:30:39Z,MEDIUM,,False
2fg5QD1eD7rzNNCsvnhmXFm5hqNgwTTG8p7kQ6f3rx6f,direct,2,1,AgB5SxiP1DFZbW9uDAH7s8Mhv1HF21nJv67tnAAYpump;EoKqyKksc4ekiPVuBD9FiztYQHkV59x8KTcZ3ReLpump,2025-09-16T14:32:59Z,2025-09-16T14:32:59Z,HIGH,,False
2nvBrX3EdKqhpqUMAhCu3LcEDno1tkbn8A95aGAocUNQ,direct,2,1,21XJbyQWEhmeoxKRHdGrEjetSfHopvtp68LWzdvT471M;G9r7nnHSgvb7LUfCE8kavRaKokEMMYBjVHGKvQ6dpump,2025-12-06T20:55:48Z,2025-12-06T20:55:48Z,HIGH,,False
2rV4Noxv419KXFXwBZGmNocF6Bfn8FwFCzqHXxeS6Vmg,direct,2,1,7dACCWZXF4Lr9ftxFpi7TJk7a3hcPpUwGPAcTuXDpump;omskHvyNvQSn3PFak3E8JHQJeSVJFsrc6izWT12pump,2026-06-11T20:34:19Z,2026-06-11T20:34:19Z,HIGH,,False
2vXv2fuggaH73T8fR8KvMg6P2hRayte5vztUzFu7s9Jv,upstream,2,1,6VMsrZvNaSzddT6vkY6dEDoFMeK5EoHD4KCAycfQpump;9CzNGAEutxKHJ5CwYC5Lk8X8YzgYrQnvKChP2BFEpump,2025-02-11T11:16:06Z,2025-02-11T11:16:06Z,MEDIUM,,False
2vYxUXCaRVQdXnVvGsNT49eyJ4443pcZj2vAsQe5GsxA,upstream,2,1,44s336LDz8bXp4rpxy1qwUfysZ4THjpReQWTKQg7pump;6sFMbTF2VTzutzKekenJujFZBqb4TiBZJKfyLMUbpump,2025-02-10T21:54:56Z,2025-02-10T21:54:56Z,MEDIUM,,False
32EQNoCxL11UaJVAzf5NEvkHtQBXznHJZ2C1fd7fEM2R,upstream,2,1,55bKo8bj1YVEgsbwkkd4Nwu7JhaZF9trUgbvpZ3YeVCA;BZYpLHhui3qRNokWFg2JcX8CYtMqzWHR5R4xowjcbPqh,2026-05-18T20:49:17Z,2026-05-18T20:49:17Z,MEDIUM,,False
34EwZdYMkwyovsZq415sL7zHgF8Kb6RUScwe9NXMzYjx,upstream,2,1,3vfxnHSCS139RZiw6MPZaEvhySnjbEi81GuF5EdNpump;JAqRn24FuQ5MFReXNgXb8uFej5vHJDxhVtebpQvHTQZy,2025-09-15T18:13:30Z,2025-09-15T18:13:30Z,MEDIUM,,False
359799J7GstQvNG9TDqPUiUmgTGVTwcuzEohbyhkAyy2,upstream,2,1,21XJbyQWEhmeoxKRHdGrEjetSfHopvtp68LWzdvT471M;DkDwxjD5JFK7hd7qUNHqNaTeqDGcZ1ia3Y6E7EUiehEn,2025-07-15T16:14:28Z,2025-07-15T16:14:28Z,MEDIUM,,False
3DBkcC9mBpLjWufzD2RwRVrLHbeoZtoEpZxTTwkuJG7e,direct,2,1,67afrnTxo8DVc52Uev61Yo4Yr9BGQpRw1RpPMWcx42La;7dACCWZXF4Lr9ftxFpi7TJk7a3hcPpUwGPAcTuXDpump,2026-08-24T16:58:03Z,2026-08-24T16:58:03Z,HIGH,,False
3Km3B1A8wc6STENcRz9KtRXzeTxPz3UvFAvcotCUL72W,upstream,2,1,67afrnTxo8DVc52Uev61Yo4Yr9BGQpRw1RpPMWcx42La;7Q9VxTczrzgvjXWbJJZibR7hbYAohngsNsuEhdEcpump,2026-03-24T07:25:25Z,2026-03-24T07:25:25Z,MEDIUM,,False
3LFzzenBs2uCE1PSqEGdpmT7kKPyHB5B3yFtpr3kgpAY,direct,2,1,3coFBLantjJkMRmzaQ4znMQQzfqFYTyBeNhdXYAzpump;9CzNGAEutxKHJ5CwYC5Lk8X8YzgYrQnvKChP2BFEpump,2026-02-04T18:35:12Z,2026-02-04T18:35:12Z,HIGH,,False
3NMn55RxcRyxvnRwz7dbXhHc4UQMdDhXtAu9sh7fU3nh,direct,2,1,5Sg1vv51KGCSDF2gBHgbNATCEXFjYtVhWgztNUwtgJYD;7dACCWZXF4Lr9ftxFpi7TJk7a3hcPpUwGPAcTuXDpump,2025-04-30T12:03:14Z,2025-04-30T12:03:14Z,HIGH,,False
3PLsH8jJH5yKB8YWJAaRuXAyk8CNHcVCNuq7WM2JBKQ7,upstream,2,1,13V3CbY7Q7AXnf24FMsUaQrmLxnRU4Md9phDEWZvpump;55bKo8bj1YVEgsbwkkd4Nwu7JhaZF9trUgbvpZ3YeVCA,2026-08-04T16:35:54Z,2026-08-04T16:35:54Z,MEDIUM,,False
3SmnSapyT84wx74x5iJyf73UXS16i5nwaaFaLFtKKuxJ,direct,2,1,49aM4HrGABwG9F8iAn385zzcsS6mxHEFY8YN3H7y1Cd9;7mRDn1rAqjwFQXacodr1UmkNdvAGPbtNP9k5jvBZqt9J,2026-09-20T14:27:54Z,2026-09-20T14:27:54Z,HIGH,,False
3T176w4ndDFdNqVrPo5a5DLhzWewRRq1CuVsUU5PyDL3,upstream,2,1,JAqRn24FuQ5MFReXNgXb8uFej5vHJDxhVtebpQvHTQZy;rMPLDvnn6KR773WNhZvtFNcgFwnRkc7UbPkUaiMpump,2024-11-15T01:05:01Z,2024-11-15T01:05:01Z,MEDIUM,,False
3VJME2SB7HxQ2UV2dDTB5QZuYnHEsjRNJbTgGJxPBxpH,upstream,2,1,44s336LDz8bXp4rpxy1qwUfysZ4THjpReQWTKQg7pump;EkTkjVEfhvgkoCwheMTnr8mhEmJ6Q7ZR8q7ZMCcnpump,2025-09-29T21:26:01Z,2025-09-29T21:26:01Z,MEDIUM,,False
3ajGGwXj4TgjgdW4hH6ALxGptUevgMb52Dxehu8Dzuxq,direct,2,1,DTm66ivA96mhuQnqTy1cv7uELS4MHdYtpbRGJdW9t7Fn;GL7M1C4QeLoURyexYgdhuP8SvaPh5LHQLRqKha3epump,2026-08-06T09:58:18Z,2026-08-06T09:58:18Z,HIGH,,False
3b99xDNuMHxr9WHpMrpagH5ktBRKScyEA79sU57GimTH,direct,2,1,2A6sLqrw8WN6KkgnCsN4xJkyAowBZHr2H9xQ4u3Mpump;AgB5SxiP1DFZbW9uDAH7s8Mhv1HF21nJv67tnAAYpump,2025-04-16T12:08:55Z,2025-04-16T12:08:55Z,HIGH,,False
3bSg6cJYt3SAxykHS5YgEHUS4DhTHHVYJFfh8PAQaAfy,direct,2,1,3vfxnHSCS139RZiw6MPZaEvhySnjbEi81GuF5EdNpump;5DoZAeBkoci5t5zPhUiuhQFjuzYTfkSv5Seojsxppump,2026-07-16T06:00:56Z,2026-07-16T06:00:56Z,HIGH,,False
3bjQeHurKbSR3bHXuKdLTLrFsxwysLLk8JS9EChgi4LG,direct,2,1,5DoZAeBkoci5t5zPhUiuhQFjuzYTfkSv5Seojsxppump;xeKm1qmxyHLJZLdwKpsZdx5UFtYyb124GTWRZWypump,2026-08-31T23:22:22Z,2026-08-31T23:22:22Z,HIGH,,False
3bjQeHurKbSR3bHXuKdLTLrFsxwysLLk8JS9EChgi4LG,upstream,2,1,5DoZAeBkoci5t5zPhUiuhQFjuzYTfkSv5Seojsxppump;xeKm1qmxyHLJZLdwKpsZdx5UFtYyb124GTWRZWypump,2026-08-31T23:22:22Z,2026-08-31T23:22:22Z,MEDIUM,,False
3dAdD3pwSGYFqQTJAjUR4UPivhgq449Tmvv3yBLgmZYT,upstream,2,1,2iSB473Z7L2ndpWs3n22tb7H3KSGpswDTH3jP7qCCAZT;ASftCNtzPNmK3nMDvpQNvpLauKS45Vkq7kwTPutqUBL1,2025-09-11T16:33:26Z,2025-09-11T16:33:26Z,MEDIUM,,False
3eBRCNdGTFerLXbiVAjB4rzf9Q3FsBUisfRfG4vbNkAy,upstream,2,1,2A6sLqrw8WN6KkgnCsN4xJkyAowBZHr2H9xQ4u3Mpump;AgB5SxiP1DFZbW9uDAH7s8Mhv1HF21nJv67tnAAYpump,2025-02-20T13:25:59Z,2025-02-20T13:25:59Z,MEDIUM,,False
3iX3tbMCzrXLKvsy2nM3SqvAmG6AwvgSRnRw7TGWftCZ,upstream,2,1,28HydoWU7TZQxWiVQxGZyspE3qgWdCHToNDVgLoNpump;F41TwidZvJJcsx9c2BMwS6eH9W6HcUT4LzPmGvK9WU6N,2022-01-07T07:11:53Z,2022-01-07T07:11:53Z,MEDIUM,,False
3kBtcWLX3aaXEVG5dF6Nicg3dK3dB3GbRnkYSQm2Goz5,direct,2,1,21XJbyQWEhmeoxKRHdGrEjetSfHopvtp68LWzdvT471M;DkDwxjD5JFK7hd7qUNHqNaTeqDGcZ1ia3Y6E7EUiehEn,2025-07-21T18:08:00Z,2025-07-21T18:08:00Z,HIGH,,False
3sUcG7pM6NHrukKj4k2pyw1bds4GTFPtPc1hNGNf4N4f,upstream,2,1,6XD1vorwquLXjTSL5W4MJMGewZBeiEcPFmZw527TSwva;6akNLpNd11oq4q5zxhXGwr5jwUi6Ke4CvKmF6QeUwJCQ,2021-12-27T16:52:18Z,2021-12-27T16:52:18Z,MEDIUM,,False
3u5RzXNjpi6MCV2BwVETc6rPkTk8PEYrmvpefqpgti6P,direct,2,1,6VMsrZvNaSzddT6vkY6dEDoFMeK5EoHD4KCAycfQpump;GL7M1C4QeLoURyexYgdhuP8SvaPh5LHQLRqKha3epump,2024-08-12T22:28:55Z,2024-08-12T22:28:55Z,HIGH,,False
3xYfhqySdnV8aJvkXnhRRpKJjV4ske3YnjVzEcJw99L5,direct,2,1,3vfxnHSCS139RZiw6MPZaEvhySnjbEi81GuF5EdNpump;6wSQipxdE9Suf8tVNaCEbcqavUbLT7gL9tibpm3Jpump,2026-08-30T12:13:43Z,2026-08-30T12:13:43Z,HIGH,,False
3zwCG3LbU7wPyPa6A4Ly7g7Ru4yC55tRotBtJeMzeq2t,direct,2,1,3uYT8w1FxasDGmM4WDG5kXu6D9BGvyP3iEfPJEVb6ewT;Er5RuNhTEwJH5dHv9c3YGATjgkLCETH4dKazntyWEtXY,2025-07-12T01:56:22Z,2025-07-12T01:56:22Z,HIGH,,False
3zyhJh5uwkWH6eFgnKHRWZyMqGbga1RZTfyViqodJZKF,upstream,2,1,28HydoWU7TZQxWiVQxGZyspE3qgWdCHToNDVgLoNpump;EoKqyKksc4ekiPVuBD9FiztYQHkV59x8KTcZ3ReLpump,2026-08-27T16:36:35Z,2026-08-27T16:36:35Z,MEDIUM,,False
47ZMpswZTsHnNnBmAvx9yeNQEp4qh8hVTe1veyWTXYMW,upstream,2,1,2BucyGvsg9wwTwsaFsEUFgdphrCtp94pDRtHowJUpump;6wSQipxdE9Suf8tVNaCEbcqavUbLT7gL9tibpm3Jpump,2025-07-06T09:10:03Z,2025-07-06T09:10:03Z,MEDIUM,,False
48uyC7N8JA7GUqhCX5KHgksAqu8BYoTmiLGLQx78ETpf,direct,2,1,7dACCWZXF4Lr9ftxFpi7TJk7a3hcPpUwGPAcTuXDpump;omskHvyNvQSn3PFak3E8JHQJeSVJFsrc6izWT12pump,2026-05-28T14:26:15Z,2026-05-28T14:26:15Z,HIGH,,False
49Sx66TcCQvptmqFuRxXMuRrkDYKb4Wr9zPdMyyQT7um,upstream,2,1,6gKx5EMvnymTVz2JgFhJAqpGxTYaBdVsaLb9YfPfvg4Y;DTm66ivA96mhuQnqTy1cv7uELS4MHdYtpbRGJdW9t7Fn,2026-01-14T17:19:32Z,2026-01-14T17:19:32Z,MEDIUM,,False
4CVrvkkqaWkhaMd4CZB5DFsgVD7kKpbf2faJi7cj1CvG,upstream,2,1,49aM4HrGABwG9F8iAn385zzcsS6mxHEFY8YN3H7y1Cd9;6XD1vorwquLXjTSL5W4MJMGewZBeiEcPFmZw527TSwva,2026-09-29T02:57:51Z,2026-09-29T02:57:51Z,MEDIUM,,False
4EH2RGDvVrwsR1ue7ohu6RxogqJVcCGJtEHGdwk6Cwxh,upstream,2,1,55bKo8bj1YVEgsbwkkd4Nwu7JhaZF9trUgbvpZ3YeVCA;BmU6YJP2YCAo8sc2dkeR8KjvF3rGFBHZL25ejysppump,2026-04-22T21:15:05Z,2026-04-22T21:15:05Z,MEDIUM,,False
4J9BsbpgSXrZc7NSxJfJTDG98o8rbPpJiJmCZDcK564D,upstream,2,1,9mqJNDG2squcqZt2zC7cWWNtVozUbQUnzVnP1jG6pump;omskHvyNvQSn3PFak3E8JHQJeSVJFsrc6izWT12pump,2026-08-26T22:36:18Z,2026-08-26T22:36:18Z,MEDIUM,,False
4JmWfDRwEajVhbG1xVNWv2w3JgDvMq1Xj9ggQSJYtCoL,direct,2,1,3uYT8w1FxasDGmM4WDG5kXu6D9BGvyP3iEfPJEVb6ewT;CziyAr14UNUrfkxpioWSumkLXMwWnDWN2bu2WR5ao7kc,2025-09-14T03:35:09Z,2025-09-14T03:35:09Z,HIGH,,False
4QNeSQwr6rMMSuyuJJ9eDYpdKX4VciU3qGSC5odwmcfn,upstream,2,1,3uYT8w1FxasDGmM4WDG5kXu6D9BGvyP3iEfPJEVb6ewT;5pSEZw1iytqYznD7crsGyKNek7q5JkjBqj2KmfqxUVZd,2026-06-24T00:48:33Z,2026-06-24T00:48:33Z,MEDIUM,,False
4UuPSjhzcTxStYW2F6y1xcqEa4KzEbTASUhEFAoh2Bms,upstream,2,1,3uYT8w1FxasDGmM4WDG5kXu6D9BGvyP3iEfPJEVb6ewT;FuF2M5T79HJdpJUbp46qwWssLXQ1Xjf1yiNSfyo5UEGC,2026-01-10T22:33:20Z,2026-01-10T22:33:20Z,MEDIUM,,False
4VeDzmJ4LMPmd8CjhtnSMD7WEPYcD5N76gqQWvyE2rkt,direct,2,1,6XD1vorwquLXjTSL5W4MJMGewZBeiEcPFmZw527TSwva;G9r7nnHSgvb7LUfCE8kavRaKokEMMYBjVHGKvQ6dpump,2026-09-23T07:58:11Z,2026-09-23T07:58:11Z,HIGH,,False
4Y7ZzZadcfDc4zSEdY43JrCMLs3JyDtvxqzbTQ2DaTey,upstream,2,1,6VMsrZvNaSzddT6vkY6dEDoFMeK5EoHD4KCAycfQpump;ASftCNtzPNmK3nMDvpQNvpLauKS45Vkq7kwTPutqUBL1,2024-11-23T08:11:17Z,2024-11-23T08:11:17Z,MEDIUM,,False
4YQYRGyGkC98bgaLk2YeKNgMRgRJi8B13WjjqLqAKoZE,upstream,2,1,3vfxnHSCS139RZiw6MPZaEvhySnjbEi81GuF5EdNpump;JAqRn24FuQ5MFReXNgXb8uFej5vHJDxhVtebpQvHTQZy,2025-01-23T22:37:26Z,2025-01-23T22:37:26Z,MEDIUM,,False
4ZBBvUmyXBCBxJk9VFHDBNWg3EKftCP97Fsa925cEnPh,upstream,2,1,DTm66ivA96mhuQnqTy1cv7uELS4MHdYtpbRGJdW9t7Fn;GL7M1C4QeLoURyexYgdhuP8SvaPh5LHQLRqKha3epump,2025-02-13T04:31:14Z,2025-02-13T04:31:14Z,MEDIUM,,False
4ZD9Jhp3JtJY6NEEWJQaEpZkw8vpJu2qT4rnPibm37ct,direct,2,1,AmWCcDf6tG7zB3VPeDVjeXL5N567fXAiHcTKw3xXpump;B3xU49SW3khA7m5Lgata2fmPxZeQRuaJbCruPsVDpump,2026-04-18T16:02:23Z,2026-04-18T16:02:23Z,HIGH,,False
4bKW14YxGjLKqjRZCxyXPpNn46CmNdsCr1t7aSPiM3Ek,direct,2,1,7aLLQRBpGCaSLmmHGf34MGtbdtTumiB14d14TtDnpump;7dACCWZXF4Lr9ftxFpi7TJk7a3hcPpUwGPAcTuXDpump,2026-08-26T15:06:46Z,2026-08-26T15:06:46Z,HIGH,,False
4f6ZJzTf8Sq3MSjtP9A94R8RDPksM7xwZ4ZNBYjsqepo,direct,2,1,13V3CbY7Q7AXnf24FMsUaQrmLxnRU4Md9phDEWZvpump;55bKo8bj1YVEgsbwkkd4Nwu7JhaZF9trUgbvpZ3YeVCA,2026-08-07T15:26:55Z,2026-08-07T15:26:55Z,HIGH,,False
4i4zkJEvZR41hgGr9TuCZTCdGJLoirXUd1mD8Xkd4BSo,upstream,2,1,67afrnTxo8DVc52Uev61Yo4Yr9BGQpRw1RpPMWcx42La;7dACCWZXF4Lr9ftxFpi7TJk7a3hcPpUwGPAcTuXDpump,2025-11-26T18:19:22Z,2025-11-26T18:19:22Z,MEDIUM,,False
4kgP66iRUa4fv7Td77cuuii2baAzZtzPEy13QvTQ9TGq,direct,2,1,3f8CKfznVUGrFfhcq8ZBY9M1xyDeEQGrh6iH372h3ebN;69N7rm9nnp6sVoULtp5toD26F25rYum8593GupxkUYvH,2026-09-25T00:21:47Z,2026-09-25T00:21:47Z,HIGH,,False
4qtuaSHasndpa2nDJcWAmKKfgCZr8LLth83i3RfUNkvo,direct,2,1,57ANN8dAbPX8x1BEFFwzBttkzwpKZBEiJkdiWSzVNQvS;EHUzmwAzmUix7TkwVr7b16U9ChJDr3RpjfXshR5swy5j,2026-06-04T09:16:04Z,2026-06-04T09:16:04Z,HIGH,,False
4r2Xk65EPbgGWUJ2GqspnMoqBsTJKsaTJCi5TFwsnZLC,direct,2,1,5DoZAeBkoci5t5zPhUiuhQFjuzYTfkSv5Seojsxppump;xeKm1qmxyHLJZLdwKpsZdx5UFtYyb124GTWRZWypump,2026-09-02T03:32:34Z,2026-09-02T03:32:34Z,HIGH,,False
53JXZS48ijb5iFr2KSo44gdBszE7t9gwYaqPx2yBza9Y,direct,2,1,47r9YPDeTVpwHjAakoVgnzNTJRChXC8f4KSUqMbEsBbM;7mRDn1rAqjwFQXacodr1UmkNdvAGPbtNP9k5jvBZqt9J,2025-07-12T15:06:24Z,2025-07-12T15:06:24Z,HIGH,,False
58EZnkcSZKCF1LftbVwqt4Vg7HYtQh6kSH2j8QbWmPjK,upstream,2,1,6sFMbTF2VTzutzKekenJujFZBqb4TiBZJKfyLMUbpump;H9GGsNc7vA4hN13N1oU4itq8x3mrdZBdw2XdK3Mipump,2025-06-20T10:08:37Z,2025-06-20T10:08:37Z,MEDIUM,,False
5AgJ3GpTnBwFhxUQzYNFmcCmXe27UkYMW25xzGmahPax,direct,2,1,3vfxnHSCS139RZiw6MPZaEvhySnjbEi81GuF5EdNpump;JAqRn24FuQ5MFReXNgXb8uFej5vHJDxhVtebpQvHTQZy,2025-10-24T20:15:30Z,2025-10-24T20:15:30Z,HIGH,,False
5EekJWsm3rgCzxtjpkUmxej7hz9EjTp6bo2wgMpKLtVP,direct,2,1,6gKx5EMvnymTVz2JgFhJAqpGxTYaBdVsaLb9YfPfvg4Y;DTm66ivA96mhuQnqTy1cv7uELS4MHdYtpbRGJdW9t7Fn,2026-06-03T04:07:39Z,2026-06-03T04:07:39Z,HIGH,,False
5FXBrxPpoW1gDBG1KTMXaugzhnR8ishReTLzrdMvKa2a,upstream,2,1,3coFBLantjJkMRmzaQ4znMQQzfqFYTyBeNhdXYAzpump;9CzNGAEutxKHJ5CwYC5Lk8X8YzgYrQnvKChP2BFEpump,2025-12-15T17:34:33Z,2025-12-15T17:34:33Z,MEDIUM,,False
5MFAw5y4yJ2ZRUJRZfjcCtDZQiLk3RaVP7G4Eg141dxV,direct,2,1,3uYT8w1FxasDGmM4WDG5kXu6D9BGvyP3iEfPJEVb6ewT;FuF2M5T79HJdpJUbp46qwWssLXQ1Xjf1yiNSfyo5UEGC,2026-03-13T00:50:52Z,2026-03-13T00:50:52Z,HIGH,,False
5REmXqXpb3pci2zMgENAhWE2Ke8uSze5EUnFfFGTgyoA,direct,2,1,5L6As5obMTXxKwjmGBy1LTRwW2Hm1PjSK18JhETrpump;67afrnTxo8DVc52Uev61Yo4Yr9BGQpRw1RpPMWcx42La,2026-08-24T15:46:50Z,2026-08-24T15:46:50Z,HIGH,,False
5UN4XzcM14PZLfXxHpw9JKuLSedjGCDaUPtmUZj13uMp,upstream,2,1,6gKx5EMvnymTVz2JgFhJAqpGxTYaBdVsaLb9YfPfvg4Y;DTm66ivA96mhuQnqTy1cv7uELS4MHdYtpbRGJdW9t7Fn,2026-05-27T00:30:35Z,2026-05-27T00:30:35Z,MEDIUM,,False
5UbqJP1PX4CbSerCrvrBfohhM2csecrUxYfSNB321gyk,upstream,2,1,9xhMStAAufkH5jA5nevaGy6M9fCsQ74BZnsXyo93DkfA;GL7M1C4QeLoURyexYgdhuP8SvaPh5LHQLRqKha3epump,2025-08-05T19:07:58Z,2025-08-05T19:07:58Z,MEDIUM,,False
5XauEY7xQQoH8QhfckTYR7dgiGSgi4fT2XN8NUguS75u,direct,2,1,6sFMbTF2VTzutzKekenJujFZBqb4TiBZJKfyLMUbpump;BUPNYwndVGfzVb6RG6q2PX53VdAimw2Mi98QxqeWpump,2025-07-11T16:46:39Z,2025-07-11T16:46:39Z,HIGH,,False
5XyYse3QFuiiNtnwhwLvECPp1YvTxZmAogn6DJvqQT1D,upstream,2,1,13V3CbY7Q7AXnf24FMsUaQrmLxnRU4Md9phDEWZvpump;9CzNGAEutxKHJ5CwYC5Lk8X8YzgYrQnvKChP2BFEpump,2026-08-28T10:23:24Z,2026-08-28T10:23:24Z,MEDIUM,,False
5m24GDS9Vm3PT9ykj1GvZ27FFhTHaR9QK661YzJbfNuB,upstream,2,1,57ANN8dAbPX8x1BEFFwzBttkzwpKZBEiJkdiWSzVNQvS;EHUzmwAzmUix7TkwVr7b16U9ChJDr3RpjfXshR5swy5j,2025-11-20T12:49:35Z,2025-11-20T12:49:35Z,MEDIUM,,False
5o9TUc1XFGqW1w3jQG5AhJzh7DapiZXpWEpW2dyHfkSt,direct,2,1,3vfxnHSCS139RZiw6MPZaEvhySnjbEi81GuF5EdNpump;FuF2M5T79HJdpJUbp46qwWssLXQ1Xjf1yiNSfyo5UEGC,2025-03-23T20:28:09Z,2025-03-23T20:28:09Z,HIGH,,False
5vuUfqcG2gSAGbtt1xpPsC4VWV3B5ZZ8bySbQgyTwB9M,upstream,2,1,6VMsrZvNaSzddT6vkY6dEDoFMeK5EoHD4KCAycfQpump;GL7M1C4QeLoURyexYgdhuP8SvaPh5LHQLRqKha3epump,2024-11-21T03:32:41Z,2024-11-21T03:32:41Z,MEDIUM,,False
5ycRK3CRQugQMFtpGayRNg1pK5akZ8HoFRgjzJjDBTej,upstream,2,1,44s336LDz8bXp4rpxy1qwUfysZ4THjpReQWTKQg7pump;BmU6YJP2YCAo8sc2dkeR8KjvF3rGFBHZL25ejysppump,2025-12-07T14:56:12Z,2025-12-07T14:56:12Z,MEDIUM,,False
615ZwKY3zWTYTW1eAUrapDshBziKBiTSNgM2heWc4kwj,direct,2,1,3f8CKfznVUGrFfhcq8ZBY9M1xyDeEQGrh6iH372h3ebN;GfqKCwNeAdHHi97AmgCLP5qrwcSJRDdyZ1huiU6xUXTz,2026-09-18T11:29:11Z,2026-09-18T11:29:11Z,HIGH,,False
62jHHJcdJCAqwE5bBuWQfpfSQyiXyTRpPpTHxXn8wvp4,direct,2,1,3vfxnHSCS139RZiw6MPZaEvhySnjbEi81GuF5EdNpump;6wSQipxdE9Suf8tVNaCEbcqavUbLT7gL9tibpm3Jpump,2025-08-18T04:27:17Z,2025-08-18T04:27:17Z,HIGH,,False
63YJDUh383DhEHyyGPhSTAiK1EC6jXeq79ZiTZnMxyvZ,upstream,2,1,B3xU49SW3khA7m5Lgata2fmPxZeQRuaJbCruPsVDpump;EHUzmwAzmUix7TkwVr7b16U9ChJDr3RpjfXshR5swy5j,2025-09-28T16:37:45Z,2025-09-28T16:37:45Z,MEDIUM,,False
69vM4G7HfbSvFAxhkDQe8jdtFPepT5YkMpXxB91JmeNd,upstream,2,1,9hAojtonqe4RUQarvUYZhFqC99VK1S3LCewYkSjnpump;JAqRn24FuQ5MFReXNgXb8uFej5vHJDxhVtebpQvHTQZy,2026-08-08T15:41:50Z,2026-08-08T15:41:50Z,MEDIUM,,False
6DdSk3tSwjkLsMwESZN9SYpGuUkVYv76bDhUbztWc8ao,direct,2,1,AmWCcDf6tG7zB3VPeDVjeXL5N567fXAiHcTKw3xXpump;CziyAr14UNUrfkxpioWSumkLXMwWnDWN2bu2WR5ao7kc,2026-09-03T13:11:55Z,2026-09-03T13:11:55Z,HIGH,,False
6Jmo6giE6mWTf1pFxbv4hSS5JSunXaMeqdwxi6otd3o9,direct,2,1,6gKx5EMvnymTVz2JgFhJAqpGxTYaBdVsaLb9YfPfvg4Y;Er5RuNhTEwJH5dHv9c3YGATjgkLCETH4dKazntyWEtXY,2026-09-04T17:40:48Z,2026-09-04T17:40:48Z,HIGH,,False
6QNhUZmRrZh9KLgz4RaNEsnv6VnZLVadH1dbdJzcufVG,direct,2,1,13V3CbY7Q7AXnf24FMsUaQrmLxnRU4Md9phDEWZvpump;HJPjdsDmcvgCj4MV3NvqCWd78qDP8BMzGfrsk4Nbpump,2026-08-21T14:40:24Z,2026-08-21T14:40:24Z,HIGH,,False
6Sx7pb1792ibStiGr11VsZjHcHUA2gg58eh9Cq7gPVZY,upstream,2,1,6XD1vorwquLXjTSL5W4MJMGewZBeiEcPFmZw527TSwva;9PNfxvTARzdxvQas2uknW57bnfMCS1dxW1He7rPbuhuQ,2021-11-23T14:35:50Z,2021-11-23T14:35:50Z,MEDIUM,,False
6YJ3g2x4panVdaxSKbRJZJDdh4AWWSVdRhvaWbMM7Bx8,direct,2,1,8qT3o4k4aUmyLrgd7hHYmVxin3kFhQ9QsXdSXTP6pump;8ypYfW5cjafrfAZij8TZj5SFHAbPNpiRio96LMzypDkn,2026-07-31T06:57:51Z,2026-07-31T06:57:51Z,HIGH,,False
6aRA5ria2P3qmMMadA6zs1R6QTFxxpXUBUEp35gR8Ax6,direct,2,1,28HydoWU7TZQxWiVQxGZyspE3qgWdCHToNDVgLoNpump;F41TwidZvJJcsx9c2BMwS6eH9W6HcUT4LzPmGvK9WU6N,2024-10-22T14:55:55Z,2024-10-22T14:55:55Z,HIGH,,False
6cyXoJPA7HeJHhDWpe91xN8uF1PsPv6SKbKw7b8RQuwf,upstream,2,1,55bKo8bj1YVEgsbwkkd4Nwu7JhaZF9trUgbvpZ3YeVCA;BmU6YJP2YCAo8sc2dkeR8KjvF3rGFBHZL25ejysppump,2026-04-14T19:00:27Z,2026-04-14T19:00:27Z,MEDIUM,,False
6eGH2QJ9mn8zJJcLsMxdFR8dQrqMAHw7WL3e3vTzNuGd,upstream,2,1,AmWCcDf6tG7zB3VPeDVjeXL5N567fXAiHcTKw3xXpump;B3xU49SW3khA7m5Lgata2fmPxZeQRuaJbCruPsVDpump,2026-02-21T15:35:37Z,2026-02-21T15:35:37Z,MEDIUM,,False
6fyHmx1nfvc7dnbYVaa2EvCFKXuoLGffz8wYBzCNe89n,upstream,2,1,GfqKCwNeAdHHi97AmgCLP5qrwcSJRDdyZ1huiU6xUXTz;omskHvyNvQSn3PFak3E8JHQJeSVJFsrc6izWT12pump,2025-12-15T15:05:39Z,2025-12-15T15:05:39Z,MEDIUM,,False
6hVFtyYLovFvsigSquo3wqef54m6tFFFJPzxMv7ZZnGN,direct,2,1,3coFBLantjJkMRmzaQ4znMQQzfqFYTyBeNhdXYAzpump;AmWCcDf6tG7zB3VPeDVjeXL5N567fXAiHcTKw3xXpump,2026-08-04T14:32:22Z,2026-08-04T14:32:22Z,HIGH,,False
6jveGpiAuqQ5oVuuXGBwogoAM8zDasZRgAu3bu6Du3a,upstream,2,1,6VMsrZvNaSzddT6vkY6dEDoFMeK5EoHD4KCAycfQpump;9CzNGAEutxKHJ5CwYC5Lk8X8YzgYrQnvKChP2BFEpump,2025-02-14T11:19:09Z,2025-02-14T11:19:09Z,MEDIUM,,False
6p8N4RHeaJMyVNaDuLjCeuJBgyhCCCh4BjsceP3BYFJ5,direct,2,1,6akNLpNd11oq4q5zxhXGwr5jwUi6Ke4CvKmF6QeUwJCQ;7HiD5rzoZxAYXEJ8Z4t3WgM8VE1iSKWJdxPPyEdDNzwN,2026-08-12T00:51:08Z,2026-08-12T00:51:08Z,HIGH,,False
6tzfeomWmTybfVEf2aQ4yWHbHZMDhBfYzs6GkkS9oN2v,direct,2,1,9xhMStAAufkH5jA5nevaGy6M9fCsQ74BZnsXyo93DkfA;BZYpLHhui3qRNokWFg2JcX8CYtMqzWHR5R4xowjcbPqh,2025-06-01T18:23:56Z,2025-06-01T18:23:56Z,HIGH,,False
6wcEPC4DupFKCUBeK2mkR3rfGZMeomEev6aazfnMz92D,upstream,2,1,47r9YPDeTVpwHjAakoVgnzNTJRChXC8f4KSUqMbEsBbM;7mRDn1rAqjwFQXacodr1UmkNdvAGPbtNP9k5jvBZqt9J,2025-02-12T03:02:28Z,2025-02-12T03:02:28Z,MEDIUM,,False
6wguJRAKs6TxXWUWjMQTzpkiFjEeDC6the1NoZgrzHUK,upstream,2,1,6VMsrZvNaSzddT6vkY6dEDoFMeK5EoHD4KCAycfQpump;GL7M1C4QeLoURyexYgdhuP8SvaPh5LHQLRqKha3epump,2026-07-08T19:20:23Z,2026-07-08T19:20:23Z,MEDIUM,,False
6xmGtMvbphSMax45f8qcepv2LPeLPrgxVSzNSd3BFDX1,direct,2,1,EHUzmwAzmUix7TkwVr7b16U9ChJDr3RpjfXshR5swy5j;G9r7nnHSgvb7LUfCE8kavRaKokEMMYBjVHGKvQ6dpump,2026-09-26T14:25:05Z,2026-09-26T14:25:05Z,HIGH,,False
6zCA2SQPJ6vchKX16Qq7Uo3YKo3whftkb92Z8rnQYNaq,upstream,2,1,13V3CbY7Q7AXnf24FMsUaQrmLxnRU4Md9phDEWZvpump;DQ2H7qcj262RAKfSxGYeL7cYJq54mVdXe4gYxUwxpump,2026-07-24T21:33:18Z,2026-07-24T21:33:18Z,MEDIUM,,False
71trvza55BL1MuS3eeoqz5XA3pq6aCJzFsgZoYFkNs88,upstream,2,1,3vfxnHSCS139RZiw6MPZaEvhySnjbEi81GuF5EdNpump;6wSQipxdE9Suf8tVNaCEbcqavUbLT7gL9tibpm3Jpump,2025-02-15T13:39:02Z,2025-02-15T13:39:02Z,MEDIUM,,False
73LrpdfjZF8E7unF5x1GHpcTvSX5SisSu6FTUqY4gofp,direct,2,1,JAqRn24FuQ5MFReXNgXb8uFej5vHJDxhVtebpQvHTQZy;rMPLDvnn6KR773WNhZvtFNcgFwnRkc7UbPkUaiMpump,2025-01-31T18:35:43Z,2025-01-31T18:35:43Z,HIGH,,False
75N7DwtstWsc7oHE4KCynyAkwLwoReCgvvuaMthrXPso,direct,2,1,6sFMbTF2VTzutzKekenJujFZBqb4TiBZJKfyLMUbpump;H9GGsNc7vA4hN13N1oU4itq8x3mrdZBdw2XdK3Mipump,2025-09-14T17:32:26Z,2025-09-14T17:32:26Z,HIGH,,False
7AJZG3FCM7Z1D65vc24FYQFsWTaN2DfPYseHFzTywqek,upstream,2,1,4ZUjJ5EJbwfh7teotB29uHc1SC3SiqbrkwJoNgsxibbU;F41TwidZvJJcsx9c2BMwS6eH9W6HcUT4LzPmGvK9WU6N,2024-08-27T16:02:47Z,2024-08-27T16:02:47Z,MEDIUM,,False
7BXREvJj2NzASSabL66nLBLnePNzxat59pVi8NmAY1DJ,upstream,2,1,7dACCWZXF4Lr9ftxFpi7TJk7a3hcPpUwGPAcTuXDpump;omskHvyNvQSn3PFak3E8JHQJeSVJFsrc6izWT12pump,2026-06-04T18:24:14Z,2026-06-04T18:24:14Z,MEDIUM,,False
7FWLMbttY6xeNZNfAsy9dscNgny7K6j2SvRmMSXtQ7ng,direct,2,1,AmWCcDf6tG7zB3VPeDVjeXL5N567fXAiHcTKw3xXpump;B3xU49SW3khA7m5Lgata2fmPxZeQRuaJbCruPsVDpump,2026-09-02T16:42:07Z,2026-09-02T16:42:07Z,HIGH,,False
7G1Lxn6ahKg8PQFiJoZyZSt9JSZ1egB2dy9VeBYAghMz,direct,2,1,Ajz86fyiygsv8kZkUyDxogxkz5VfKRs4HTEABVTfpump;FuF2M5T79HJdpJUbp46qwWssLXQ1Xjf1yiNSfyo5UEGC,2025-09-16T16:17:55Z,2025-09-16T16:17:55Z,HIGH,,False
7GDfN8YDuxbbLy4feAyDhmXQGJvJawqjcwiSWXGHDHVG,upstream,2,1,2BucyGvsg9wwTwsaFsEUFgdphrCtp94pDRtHowJUpump;4sjtHGeAKP6DoMUdvFqQuiYKhhPpwa9XCxUyuFD2pump,2024-07-27T22:41:28Z,2024-07-27T22:41:28Z,MEDIUM,,False
7HuBHZKVnm97dqqsWuvKCPaxvJV1Pj5j9YMEe1fDE3rb,upstream,2,1,67afrnTxo8DVc52Uev61Yo4Yr9BGQpRw1RpPMWcx42La;7dACCWZXF4Lr9ftxFpi7TJk7a3hcPpUwGPAcTuXDpump,2025-10-27T21:03:11Z,2025-10-27T21:03:11Z,MEDIUM,,False
7HvrZKuescAny7bYoFv4v7uwWqdPAbPWcCD95Z7g4zh1,upstream,2,1,BmU6YJP2YCAo8sc2dkeR8KjvF3rGFBHZL25ejysppump;FuF2M5T79HJdpJUbp46qwWssLXQ1Xjf1yiNSfyo5UEGC,2025-09-12T23:06:18Z,2025-09-12T23:06:18Z,MEDIUM,,False
7HvrZKuescAny7bYoFv4v7uwWqdPAbPWcCD95Z7g4zh1,direct,2,1,BmU6YJP2YCAo8sc2dkeR8KjvF3rGFBHZL25ejysppump;FuF2M5T79HJdpJUbp46qwWssLXQ1Xjf1yiNSfyo5UEGC,2025-09-12T23:06:18Z,2025-09-12T23:06:18Z,HIGH,,False
7JULSQyxhhTBzKjbAuDuxYYvcM4QgbkxErTRA5oz6pVg,direct,2,1,55bKo8bj1YVEgsbwkkd4Nwu7JhaZF9trUgbvpZ3YeVCA;BmU6YJP2YCAo8sc2dkeR8KjvF3rGFBHZL25ejysppump,2025-11-19T00:07:37Z,2025-11-19T00:07:37Z,HIGH,,False
7JqFP41z8pAuyrFVvqkMZP2U6KaL3sy8xzAqKbrpv7T6,upstream,2,1,7mRDn1rAqjwFQXacodr1UmkNdvAGPbtNP9k5jvBZqt9J;Er5RuNhTEwJH5dHv9c3YGATjgkLCETH4dKazntyWEtXY,2026-09-16T15:44:46Z,2026-09-16T15:44:46Z,MEDIUM,,False
7NTGoyD1PVDQLSo8vjb7jv5mJfcdkZZ9BshqnpACUcEX,upstream,2,1,55bKo8bj1YVEgsbwkkd4Nwu7JhaZF9trUgbvpZ3YeVCA;6wSQipxdE9Suf8tVNaCEbcqavUbLT7gL9tibpm3Jpump,2025-01-05T15:09:44Z,2025-01-05T15:09:44Z,MEDIUM,,False
7PZyFCPKadHRFYVauXXuytrDAX9dM9X1PEkESnUtMhMV,direct,2,1,GfqKCwNeAdHHi97AmgCLP5qrwcSJRDdyZ1huiU6xUXTz;omskHvyNvQSn3PFak3E8JHQJeSVJFsrc6izWT12pump,2026-07-04T23:16:34Z,2026-07-04T23:16:34Z,HIGH,,False
7QVBbxMFdH7H8GaA9ohwpRBGqUMdrTTDQ5asNrF2s3Rf,direct,2,1,4prKtarobdhYDY4Hu3uGZMx7Je4HqPJeLVyxN6m4Ld3T;7xXo3JYBqzh6D91XRppzFRLfw8wJHypeukGaNWwKgZ8m,2026-06-17T20:40:52Z,2026-06-17T20:40:52Z,HIGH,,False
7WFh9CcdP2uZHCEntLhbcU4DxSQUuys5YMWaSETgsCFB,direct,2,1,6VMsrZvNaSzddT6vkY6dEDoFMeK5EoHD4KCAycfQpump;9CzNGAEutxKHJ5CwYC5Lk8X8YzgYrQnvKChP2BFEpump,2025-10-25T11:34:58Z,2025-10-25T11:34:58Z,HIGH,,False
7WGp6ZkX8JoKs8msMWzKQpDNTT7cQKQLVEtnR1aGDrFm,direct,2,1,2Tiw1Tna3kAut868cjXuKoyrv8U8gi1YjTaXw7Czpump;9ek8utEujXFmiM9wXcWKPF18y57PmeG8rsiBZGzzpump,2026-08-17T03:12:40Z,2026-08-17T03:12:40Z,HIGH,,False
7jwZx9dws7yWgB9VpyB5JH3fbu73K2mJRQ76DuX5wZaQ,upstream,2,1,4prKtarobdhYDY4Hu3uGZMx7Je4HqPJeLVyxN6m4Ld3T;7xXo3JYBqzh6D91XRppzFRLfw8wJHypeukGaNWwKgZ8m,2026-06-17T20:25:54Z,2026-06-17T20:25:54Z,MEDIUM,,False
7q9ub58kXjXyaL8wURekkE2wVFDEmpFkyc3rr4yuCPxL,direct,2,1,6wSQipxdE9Suf8tVNaCEbcqavUbLT7gL9tibpm3Jpump;7p4MwwkUaMv4gBThVkW46QjwVaosaUrccbFV1MbXpump,2026-08-21T09:59:35Z,2026-08-21T09:59:35Z,HIGH,,False
7u1ZFpfEGpjmppFQaRhMa7H863KEufu2FjfSpzT2tKqv,upstream,2,1,6akNLpNd11oq4q5zxhXGwr5jwUi6Ke4CvKmF6QeUwJCQ;7HiD5rzoZxAYXEJ8Z4t3WgM8VE1iSKWJdxPPyEdDNzwN,2026-08-05T02:33:08Z,2026-08-05T02:33:08Z,MEDIUM,,False
7wu4hpm8YBna94TSMBXrrYKDKPWqeFrJMYus9rKTzBeM,direct,2,1,9hAojtonqe4RUQarvUYZhFqC99VK1S3LCewYkSjnpump;JAqRn24FuQ5MFReXNgXb8uFej5vHJDxhVtebpQvHTQZy,2026-09-09T21:15:43Z,2026-09-09T21:15:43Z,HIGH,,False
86hH7CwMbFqqmRkXf2S4bPe61JurGcn9qsfdrertNKjV,upstream,2,1,3vfxnHSCS139RZiw6MPZaEvhySnjbEi81GuF5EdNpump;BmU6YJP2YCAo8sc2dkeR8KjvF3rGFBHZL25ejysppump,2025-12-14T21:00:28Z,2025-12-14T21:00:28Z,MEDIUM,,False
8FPnDaxmcCoXzb1Yxnvyh8c6JopxLmRBnujUGN1A31CF,upstream,2,1,AmWCcDf6tG7zB3VPeDVjeXL5N567fXAiHcTKw3xXpump;B3xU49SW3khA7m5Lgata2fmPxZeQRuaJbCruPsVDpump,2026-03-23T20:02:48Z,2026-03-23T20:02:48Z,MEDIUM,,False
8RSK6oMRHGfTXm3oKHTpWUACHRvug4xGFjFCCKvGz5Zi,direct,2,1,8G7aM6Gco4fHjVpmVvUdVvhKMKaWXJEqkCKRvPdepump;BmU6YJP2YCAo8sc2dkeR8KjvF3rGFBHZL25ejysppump,2026-08-10T04:00:20Z,2026-08-10T04:00:20Z,HIGH,,False
8RsVdj7Gtnt5kEBC2QiALYEUYGKTE2uBWuLBCJBtYPKn,upstream,2,1,6gKx5EMvnymTVz2JgFhJAqpGxTYaBdVsaLb9YfPfvg4Y;Er5RuNhTEwJH5dHv9c3YGATjgkLCETH4dKazntyWEtXY,2026-09-04T12:09:42Z,2026-09-04T12:09:42Z,MEDIUM,,False
8dB6DPtZRCg1pYbwMweWddtxHZ5HrskqDapxdn3uKsXN,upstream,2,1,3vfxnHSCS139RZiw6MPZaEvhySnjbEi81GuF5EdNpump;BmU6YJP2YCAo8sc2dkeR8KjvF3rGFBHZL25ejysppump,2025-12-21T19:13:22Z,2025-12-21T19:13:22Z,MEDIUM,,False
8mB4yQi3RrnB1cEwUVCjabTCwa41GcehpDvJ9J7s87f9,upstream,2,1,7xXo3JYBqzh6D91XRppzFRLfw8wJHypeukGaNWwKgZ8m;DQ2H7qcj262RAKfSxGYeL7cYJq54mVdXe4gYxUwxpump,2026-07-24T12:30:14Z,2026-07-24T12:30:14Z,MEDIUM,,False
8t6wZnNuBcZLb3qwygr8XKftr3mg3saTF7L36snsbcvS,upstream,2,1,28HydoWU7TZQxWiVQxGZyspE3qgWdCHToNDVgLoNpump;F41TwidZvJJcsx9c2BMwS6eH9W6HcUT4LzPmGvK9WU6N,2022-01-07T09:43:03Z,2022-01-07T09:43:03Z,MEDIUM,,False
8thfjPKZQfWnG6NaYmN3deaXo6pMenEnnbuPRhzMmhBX,upstream,2,1,6sFMbTF2VTzutzKekenJujFZBqb4TiBZJKfyLMUbpump;H9GGsNc7vA4hN13N1oU4itq8x3mrdZBdw2XdK3Mipump,2025-08-02T13:45:26Z,2025-08-02T13:45:26Z,MEDIUM,,False
8thfjPKZQfWnG6NaYmN3deaXo6pMenEnnbuPRhzMmhBX,direct,2,1,6sFMbTF2VTzutzKekenJujFZBqb4TiBZJKfyLMUbpump;H9GGsNc7vA4hN13N1oU4itq8x3mrdZBdw2XdK3Mipump,2025-08-02T13:45:26Z,2025-08-02T13:45:26Z,HIGH,,False
8y8sggYFwcQ3pGSdKacr12Jsi1MjYvvtbZDTEfmp7Mcy,upstream,2,1,7dACCWZXF4Lr9ftxFpi7TJk7a3hcPpUwGPAcTuXDpump;omskHvyNvQSn3PFak3E8JHQJeSVJFsrc6izWT12pump,2026-02-22T23:44:48Z,2026-02-22T23:44:48Z,MEDIUM,,False
96rzLGhSUrUgw6Ai7WeuztWtJyyxdEKfAgKtFDg7Ae7c,direct,2,1,7p4MwwkUaMv4gBThVkW46QjwVaosaUrccbFV1MbXpump;9hAojtonqe4RUQarvUYZhFqC99VK1S3LCewYkSjnpump,2026-08-06T11:10:48Z,2026-08-06T11:10:48Z,HIGH,,False
9EdU9aj697y8ft9emnYGT4r1NUYFYtBNYSiDgDvXF6X,direct,2,1,2BucyGvsg9wwTwsaFsEUFgdphrCtp94pDRtHowJUpump;4sjtHGeAKP6DoMUdvFqQuiYKhhPpwa9XCxUyuFD2pump,2026-01-01T09:45:52Z,2026-01-01T09:45:52Z,HIGH,,False
9EmBphRceQRGbZaWZSx6qsQg9ZsTVc7y6y8rGcWukK4,upstream,2,1,3uYT8w1FxasDGmM4WDG5kXu6D9BGvyP3iEfPJEVb6ewT;7mRDn1rAqjwFQXacodr1UmkNdvAGPbtNP9k5jvBZqt9J,2025-04-30T15:53:11Z,2025-04-30T15:53:11Z,MEDIUM,,False
9KprMcpEmKZzjVXtGtLYQ9PFWivhj5toeU8pVVptDpQX,direct,2,1,6akNLpNd11oq4q5zxhXGwr5jwUi6Ke4CvKmF6QeUwJCQ;7mRDn1rAqjwFQXacodr1UmkNdvAGPbtNP9k5jvBZqt9J,2026-09-29T02:48:39Z,2026-09-29T02:48:39Z,HIGH,,False
9NK9GyNuprx85yCaRzAZ991PZsZfQRj8iS4NSa2rebRj,upstream,2,1,57ANN8dAbPX8x1BEFFwzBttkzwpKZBEiJkdiWSzVNQvS;8G7aM6Gco4fHjVpmVvUdVvhKMKaWXJEqkCKRvPdepump,2024-12-07T00:30:47Z,2024-12-07T00:30:47Z,MEDIUM,,False
9QmhozJJdNkbGYYfFiyyExPTLi71g9P4fuGnHEqbJRY8,direct,2,1,55bKo8bj1YVEgsbwkkd4Nwu7JhaZF9trUgbvpZ3YeVCA;BZYpLHhui3qRNokWFg2JcX8CYtMqzWHR5R4xowjcbPqh,2026-07-10T17:12:07Z,2026-07-10T17:12:07Z,HIGH,,False
9SJwupCeGGBo8ffNXVdXwpYLaAjJDu8zYTtd1Rr4ygE6,upstream,2,1,13V3CbY7Q7AXnf24FMsUaQrmLxnRU4Md9phDEWZvpump;HJPjdsDmcvgCj4MV3NvqCWd78qDP8BMzGfrsk4Nbpump,2026-04-21T00:25:11Z,2026-04-21T00:25:11Z,MEDIUM,,False
9UMT5rc1XhzqeMwNyxMAeR8Nq3FJ3RZzGzY9M4z7PmCu,direct,2,1,2BucyGvsg9wwTwsaFsEUFgdphrCtp94pDRtHowJUpump;6wSQipxdE9Suf8tVNaCEbcqavUbLT7gL9tibpm3Jpump,2025-07-06T09:12:00Z,2025-07-06T09:12:00Z,HIGH,,False
9Uemm2d9nUkXBpPPYS8v3ALwethTRxCtre3CeVtmJunb,direct,2,1,ASftCNtzPNmK3nMDvpQNvpLauKS45Vkq7kwTPutqUBL1;xeKm1qmxyHLJZLdwKpsZdx5UFtYyb124GTWRZWypump,2026-06-28T00:13:36Z,2026-06-28T00:13:36Z,HIGH,,False
9VG3XG5k4bwwhrX1G7LRVWxqUGbvZcBMd3ua5vNAxZex,upstream,2,1,3GeNgcFpMwH9ts5b3W3jddtfwhwAURaykTy8YjtrGQWT;AbpJywMWmkf1MFonRddPVogSwPPZHB9pG4x2nKb1YaPn,2026-08-31T20:35:03Z,2026-08-31T20:35:03Z,MEDIUM,,False
9agdHSZFfFpMBaWkdosM2CCEEjxozPc6sRrrmZgYrddm,direct,2,1,7mRDn1rAqjwFQXacodr1UmkNdvAGPbtNP9k5jvBZqt9J;Er5RuNhTEwJH5dHv9c3YGATjgkLCETH4dKazntyWEtXY,2026-09-16T15:48:06Z,2026-09-16T15:48:06Z,HIGH,,False
9cvQRvZJ9JkxSoS5G1oq2112UmfddB3gPbozHuf8SBPW,direct,2,1,6XD1vorwquLXjTSL5W4MJMGewZBeiEcPFmZw527TSwva;9PNfxvTARzdxvQas2uknW57bnfMCS1dxW1He7rPbuhuQ,2024-02-01T14:18:43Z,2024-02-01T14:18:43Z,HIGH,,False
9iMnGDVJrrHnGEjzFqDpR45nCp9MhNTcnjPcBEE9h6F2,upstream,2,1,Ajz86fyiygsv8kZkUyDxogxkz5VfKRs4HTEABVTfpump;FuF2M5T79HJdpJUbp46qwWssLXQ1Xjf1yiNSfyo5UEGC,2025-08-14T14:35:09Z,2025-08-14T14:35:09Z,MEDIUM,,False
9kBaB4U1rUTvEfgtextLF7QwekQG5S6LPX2gsvMeAWso,upstream,2,1,49aM4HrGABwG9F8iAn385zzcsS6mxHEFY8YN3H7y1Cd9;6XD1vorwquLXjTSL5W4MJMGewZBeiEcPFmZw527TSwva,2026-09-29T02:57:50Z,2026-09-29T02:57:50Z,MEDIUM,,False
9ksCj1TDT7z1f7vWzpd9JCYx3xJ3GkPwuNAZmoU2KsoV,direct,2,1,44s336LDz8bXp4rpxy1qwUfysZ4THjpReQWTKQg7pump;6sFMbTF2VTzutzKekenJujFZBqb4TiBZJKfyLMUbpump,2026-08-09T00:22:31Z,2026-08-09T00:22:31Z,HIGH,,False
9s4C4BjHoKtSwp5PgEtowSTWzxkmpA1nFsvJDNT1gQ9j,direct,2,1,6XD1vorwquLXjTSL5W4MJMGewZBeiEcPFmZw527TSwva;7mRDn1rAqjwFQXacodr1UmkNdvAGPbtNP9k5jvBZqt9J,2025-01-24T10:40:51Z,2025-01-24T10:40:51Z,HIGH,,False
9sBMHMKXsrjwZjZKFwNzgJPpBsv16UCTba249FxtpWNw,direct,2,1,7xXo3JYBqzh6D91XRppzFRLfw8wJHypeukGaNWwKgZ8m;DQ2H7qcj262RAKfSxGYeL7cYJq54mVdXe4gYxUwxpump,2026-07-24T13:25:33Z,2026-07-24T13:25:33Z,HIGH,,False
9vEiNrjxyBeSqndVWaUEEHNQQ21NP2GF8aKzoXAfN74r,upstream,2,1,3GeNgcFpMwH9ts5b3W3jddtfwhwAURaykTy8YjtrGQWT;AbpJywMWmkf1MFonRddPVogSwPPZHB9pG4x2nKb1YaPn,2026-08-31T20:35:10Z,2026-08-31T20:35:10Z,MEDIUM,,False
9w29NMnWqsGmJXPgYpi9L9KfpPKr6CBX7iYpx5SKYSzu,upstream,2,1,3GeNgcFpMwH9ts5b3W3jddtfwhwAURaykTy8YjtrGQWT;AbpJywMWmkf1MFonRddPVogSwPPZHB9pG4x2nKb1YaPn,2026-08-30T01:47:03Z,2026-08-30T01:47:03Z,MEDIUM,,False
A2JJrxHVxuAZUFSYX8ibMD5iFK1UEpetUEkW4wMeQbkK,direct,2,1,28HydoWU7TZQxWiVQxGZyspE3qgWdCHToNDVgLoNpump;AmWCcDf6tG7zB3VPeDVjeXL5N567fXAiHcTKw3xXpump,2026-08-12T07:47:51Z,2026-08-12T07:47:51Z,HIGH,,False
A6TC5g9zvgFEfghfVbHFVYTEVjotmjkpmpuaApJNmW3v,direct,2,1,69N7rm9nnp6sVoULtp5toD26F25rYum8593GupxkUYvH;GfqKCwNeAdHHi97AmgCLP5qrwcSJRDdyZ1huiU6xUXTz,2026-09-23T02:50:45Z,2026-09-23T02:50:45Z,HIGH,,False
AB6pZLZJLcmrkDNmu6hJhuFzLNsPrj5LHM6reqiCK8s6,upstream,2,1,3vfxnHSCS139RZiw6MPZaEvhySnjbEi81GuF5EdNpump;6wSQipxdE9Suf8tVNaCEbcqavUbLT7gL9tibpm3Jpump,2025-01-29T22:41:49Z,2025-01-29T22:41:49Z,MEDIUM,,False
AD5uX42SjFw44Dw573JBtZPh7tWsZEiHgsfcX3jPxcys,upstream,2,1,5L6As5obMTXxKwjmGBy1LTRwW2Hm1PjSK18JhETrpump;67afrnTxo8DVc52Uev61Yo4Yr9BGQpRw1RpPMWcx42La,2024-08-01T13:06:44Z,2024-08-01T13:06:44Z,MEDIUM,,False
AJ5snxaH5Gdvxi6CRTwN7c7467eNjfwGAP2htaMSrRpr,upstream,2,1,6XD1vorwquLXjTSL5W4MJMGewZBeiEcPFmZw527TSwva;G9r7nnHSgvb7LUfCE8kavRaKokEMMYBjVHGKvQ6dpump,2026-09-21T09:28:43Z,2026-09-21T09:28:43Z,MEDIUM,,False
AJmbna9ftuv9GtS8SAgBbJpWJpURrUJueLqwnCq2D8iC,direct,2,1,6XD1vorwquLXjTSL5W4MJMGewZBeiEcPFmZw527TSwva;9PNfxvTARzdxvQas2uknW57bnfMCS1dxW1He7rPbuhuQ,2025-04-19T18:10:52Z,2025-04-19T18:10:52Z,HIGH,,False
APP9x1gzK2k9AGqgn7PgJ4rTgei5dds9wLtvb13GJVZQ,upstream,2,1,JAqRn24FuQ5MFReXNgXb8uFej5vHJDxhVtebpQvHTQZy;rMPLDvnn6KR773WNhZvtFNcgFwnRkc7UbPkUaiMpump,2024-12-11T11:46:04Z,2024-12-11T11:46:04Z,MEDIUM,,False
AQ46kfYT3hW28Xg5gWHrJkzFSz1oGWBHC3FsTbqgMEco,direct,2,1,4sjtHGeAKP6DoMUdvFqQuiYKhhPpwa9XCxUyuFD2pump;F59cEB3A7RAKHGtkvR577swnPSP6EsdaBoL5AcVZpump,2026-03-06T08:41:21Z,2026-03-06T08:41:21Z,HIGH,,False
AS9vUKMLB6Fx2nV5Uo8zbGqQk3ZrdaLVAvoXw9WJwEEk,upstream,2,1,3vfxnHSCS139RZiw6MPZaEvhySnjbEi81GuF5EdNpump;5DoZAeBkoci5t5zPhUiuhQFjuzYTfkSv5Seojsxppump,2026-07-16T03:03:11Z,2026-07-16T03:03:11Z,MEDIUM,,False
AdnSEqnsrUsCNwVTw8bbfVfGJug9BKB8DgRzZAjrDhzY,direct,2,1,7dACCWZXF4Lr9ftxFpi7TJk7a3hcPpUwGPAcTuXDpump;G9r7nnHSgvb7LUfCE8kavRaKokEMMYBjVHGKvQ6dpump,2026-05-21T13:42:38Z,2026-05-21T13:42:38Z,HIGH,,False
AmN88ff21osxR5CWnawN3GWDbpKtReCzDABdGWQvdLyB,direct,2,1,28HydoWU7TZQxWiVQxGZyspE3qgWdCHToNDVgLoNpump;EoKqyKksc4ekiPVuBD9FiztYQHkV59x8KTcZ3ReLpump,2026-08-28T08:06:09Z,2026-08-28T08:06:09Z,HIGH,,False
ArRdqGfyY38dD9GrZfbr88HPTNN3NL9WQxG9LTsW6mxh,upstream,2,1,2Tiw1Tna3kAut868cjXuKoyrv8U8gi1YjTaXw7Czpump;CSLP8Vp7u9hrXQi7crPXqCp7BaJaG4JrNxqvR3jDpump,2026-04-20T11:12:24Z,2026-04-20T11:12:24Z,MEDIUM,,False
Ax6x5J8axuofRwPNEPkLsd3HnyTJJ8RPHtoALtWawqMK,direct,2,1,9xhMStAAufkH5jA5nevaGy6M9fCsQ74BZnsXyo93DkfA;BZYpLHhui3qRNokWFg2JcX8CYtMqzWHR5R4xowjcbPqh,2026-08-31T11:38:15Z,2026-08-31T11:38:15Z,HIGH,,False
B9DzcvUd7FvHqH9frhFUYFXqTYgtgw6dofNCAUZTnB2U,upstream,2,1,7xXo3JYBqzh6D91XRppzFRLfw8wJHypeukGaNWwKgZ8m;DQ2H7qcj262RAKfSxGYeL7cYJq54mVdXe4gYxUwxpump,2026-05-01T16:43:15Z,2026-05-01T16:43:15Z,MEDIUM,,False
BAs4xGYuv1VweDUujDSayy1JCFjE1hZee5kdKbfa1cBr,upstream,2,1,AmWCcDf6tG7zB3VPeDVjeXL5N567fXAiHcTKw3xXpump;B3xU49SW3khA7m5Lgata2fmPxZeQRuaJbCruPsVDpump,2026-07-12T22:18:44Z,2026-07-12T22:18:44Z,MEDIUM,,False
BFoNkyQstuDmPg9iF3Jj5RqDqWDzAQRMYSphVhHwrMxt,direct,2,1,2A6sLqrw8WN6KkgnCsN4xJkyAowBZHr2H9xQ4u3Mpump;BmU6YJP2YCAo8sc2dkeR8KjvF3rGFBHZL25ejysppump,2026-08-08T15:16:32Z,2026-08-08T15:16:32Z,HIGH,,False
BMTPXLDFpUCBbTm1iyLe7gWXxNMnG2Zc1xQFoha2dhPY,direct,2,1,3vfxnHSCS139RZiw6MPZaEvhySnjbEi81GuF5EdNpump;GKTxLXsmkjLDo89XmPa5htwK7sAzdqZ3jmfV6gaTvK67,2025-07-20T16:21:32Z,2025-07-20T16:21:32Z,HIGH,,False
BQMTDasYPfw1Dq8w54VBr6P3Pfakx9LnpUjDWFkoWH7s,upstream,2,1,13V3CbY7Q7AXnf24FMsUaQrmLxnRU4Md9phDEWZvpump;55bKo8bj1YVEgsbwkkd4Nwu7JhaZF9trUgbvpZ3YeVCA,2026-08-03T13:58:55Z,2026-08-03T13:58:55Z,MEDIUM,,False
BV3oEDcQB5XGpZ2pmC9yk385YeZfzfAkpyD7nUN5BYXJ,direct,2,1,13V3CbY7Q7AXnf24FMsUaQrmLxnRU4Md9phDEWZvpump;9CzNGAEutxKHJ5CwYC5Lk8X8YzgYrQnvKChP2BFEpump,2026-09-01T15:20:12Z,2026-09-01T15:20:12Z,HIGH,,False
BYqcsDN5spc54VRezXCrjHcxfg9pbiGMYD3NJ65vMin8,direct,2,1,3GeNgcFpMwH9ts5b3W3jddtfwhwAURaykTy8YjtrGQWT;AbpJywMWmkf1MFonRddPVogSwPPZHB9pG4x2nKb1YaPn,2026-08-31T20:35:05Z,2026-08-31T20:35:05Z,HIGH,,False
BdUmVX4fiVkpEigfDo6AkmGyssPDRJbJHeeaDijRUpde,upstream,2,1,57ANN8dAbPX8x1BEFFwzBttkzwpKZBEiJkdiWSzVNQvS;EHUzmwAzmUix7TkwVr7b16U9ChJDr3RpjfXshR5swy5j,2023-11-01T08:02:35Z,2023-11-01T08:02:35Z,MEDIUM,,False
Bev8STF3nRAUNVunKDBCPmYv9K6Gr1XQE1HvfhX5DuRT,direct,2,1,3coFBLantjJkMRmzaQ4znMQQzfqFYTyBeNhdXYAzpump;Ajz86fyiygsv8kZkUyDxogxkz5VfKRs4HTEABVTfpump,2026-08-16T14:24:11Z,2026-08-16T14:24:11Z,HIGH,,False
BfcHaZQWxyWVLx1LDWMkov4gmKsMYb591dyMLepxwsJM,upstream,2,1,6akNLpNd11oq4q5zxhXGwr5jwUi6Ke4CvKmF6QeUwJCQ;7HiD5rzoZxAYXEJ8Z4t3WgM8VE1iSKWJdxPPyEdDNzwN,2026-07-02T23:59:12Z,2026-07-02T23:59:12Z,MEDIUM,,False
Bney7YfJwsNimbSYFzMimsCrZB78f41eazqMJei6iWZP,upstream,2,1,3coFBLantjJkMRmzaQ4znMQQzfqFYTyBeNhdXYAzpump;AmWCcDf6tG7zB3VPeDVjeXL5N567fXAiHcTKw3xXpump,2026-08-01T15:52:14Z,2026-08-01T15:52:14Z,MEDIUM,,False
BuaZosYJeooUaFiupEmd6YCNojJGY2AJnSrZVhZHSmdR,direct,2,1,25GrKYrc3y4LZmmuhppYgFRCKb7JyZ6grum4WhLYvA1z;3f8CKfznVUGrFfhcq8ZBY9M1xyDeEQGrh6iH372h3ebN,2022-07-03T14:02:53Z,2022-07-03T14:02:53Z,HIGH,,False
ByXfi6NMiKXFEyR4RaFrXrkqbNMRBU63xeKThB7rKVfb,direct,2,1,DTm66ivA96mhuQnqTy1cv7uELS4MHdYtpbRGJdW9t7Fn;GL7M1C4QeLoURyexYgdhuP8SvaPh5LHQLRqKha3epump,2025-02-13T05:22:15Z,2025-02-13T05:22:15Z,HIGH,,False
Bzjwvz9XDG7hpzKjBuMn8iuZ7BU6cjSqkfduCNDgvNc7,direct,2,1,8G7aM6Gco4fHjVpmVvUdVvhKMKaWXJEqkCKRvPdepump;EoKqyKksc4ekiPVuBD9FiztYQHkV59x8KTcZ3ReLpump,2026-08-22T10:40:02Z,2026-08-22T10:40:02Z,HIGH,,False
C8wFDVKg64KJeRfEbmz6u8LS46wGcTgwxJ9dnbiyrqVN,upstream,2,1,6XD1vorwquLXjTSL5W4MJMGewZBeiEcPFmZw527TSwva;6akNLpNd11oq4q5zxhXGwr5jwUi6Ke4CvKmF6QeUwJCQ,2024-08-13T11:21:31Z,2024-08-13T11:21:31Z,MEDIUM,,False
C93nhfBonygynvEJ34pp8iURHPRgcvzGWukysyekzcwV,upstream,2,1,5nnWe5SCBaNMC3oNiR7utth6kx3mH1dhmCarjDb91shW;9ek8utEujXFmiM9wXcWKPF18y57PmeG8rsiBZGzzpump,2024-12-09T11:10:18Z,2024-12-09T11:10:18Z,MEDIUM,,False
CBsCZVzpR3FdZjLaTkL5KoKYUyhSzZT7hnU724GeEHkU,upstream,2,1,3f8CKfznVUGrFfhcq8ZBY9M1xyDeEQGrh6iH372h3ebN;BE5ciZmcADAX78u2a1GrFiPMPC3rNXtdPGUrhzWB4k5d,2025-10-11T17:58:28Z,2025-10-11T17:58:28Z,MEDIUM,,False
CKsmK8i3K3EkwT9khQcGZnB8tJmtLFhqiWwX9J4B36gA,upstream,2,1,6VMsrZvNaSzddT6vkY6dEDoFMeK5EoHD4KCAycfQpump;GL7M1C4QeLoURyexYgdhuP8SvaPh5LHQLRqKha3epump,2026-07-10T15:58:27Z,2026-07-10T15:58:27Z,MEDIUM,,False
CPMAPMdw3UoWJUUccUa7PJfWEnmTDVuFEeRvbdkKfLe4,direct,2,1,6sFMbTF2VTzutzKekenJujFZBqb4TiBZJKfyLMUbpump;H9GGsNc7vA4hN13N1oU4itq8x3mrdZBdw2XdK3Mipump,2026-02-18T11:37:14Z,2026-02-18T11:37:14Z,HIGH,,False
CTfmUVKVRrVLMBssybWstPsVKdDVrwUB1nX7CrmGDh1G,direct,2,1,7dACCWZXF4Lr9ftxFpi7TJk7a3hcPpUwGPAcTuXDpump;EHUzmwAzmUix7TkwVr7b16U9ChJDr3RpjfXshR5swy5j,2026-09-24T18:55:09Z,2026-09-24T18:55:09Z,HIGH,,False
CXdVsPmnXsx91LgFGUTe5uFfMWu7rFvwva3iUHW2XYdR,upstream,2,1,6sFMbTF2VTzutzKekenJujFZBqb4TiBZJKfyLMUbpump;H9GGsNc7vA4hN13N1oU4itq8x3mrdZBdw2XdK3Mipump,2025-07-15T19:45:39Z,2025-07-15T19:45:39Z,MEDIUM,,False
CqZKq8ekXG9CbBdtJNBU71rgy1W5156yw1LGvZriRmgy,direct,2,1,13V3CbY7Q7AXnf24FMsUaQrmLxnRU4Md9phDEWZvpump;DQ2H7qcj262RAKfSxGYeL7cYJq54mVdXe4gYxUwxpump,2026-08-29T13:55:14Z,2026-08-29T13:55:14Z,HIGH,,False
CzJDyukr4HWZynU5SGh146jaeByPaZKCvp7QSxBz2HqN,upstream,2,1,21XJbyQWEhmeoxKRHdGrEjetSfHopvtp68LWzdvT471M;DkDwxjD5JFK7hd7qUNHqNaTeqDGcZ1ia3Y6E7EUiehEn,2025-07-15T15:04:57Z,2025-07-15T15:04:57Z,MEDIUM,,False
D5jx4wmxuPz18hqmgpCMLGVq3uSksCafCp5xjVe1nw8p,upstream,2,1,69N7rm9nnp6sVoULtp5toD26F25rYum8593GupxkUYvH;GfqKCwNeAdHHi97AmgCLP5qrwcSJRDdyZ1huiU6xUXTz,2025-01-03T16:40:17Z,2025-01-03T16:40:17Z,MEDIUM,,False
D8B4sCpy65342FoBVUhuHDHMrhN5RB8cMni3G7RYQinb,upstream,2,1,6gKx5EMvnymTVz2JgFhJAqpGxTYaBdVsaLb9YfPfvg4Y;DTm66ivA96mhuQnqTy1cv7uELS4MHdYtpbRGJdW9t7Fn,2024-12-09T19:41:34Z,2024-12-09T19:41:34Z,MEDIUM,,False
D8C9WdGGtHYJy3ybvnevyALo2Krr7iRKBCw8xjLmG6Vr,upstream,2,1,13V3CbY7Q7AXnf24FMsUaQrmLxnRU4Md9phDEWZvpump;HJPjdsDmcvgCj4MV3NvqCWd78qDP8BMzGfrsk4Nbpump,2025-01-31T20:16:50Z,2025-01-31T20:16:50Z,MEDIUM,,False
D8hEem5Z4UXd7mNbHq4B1ZurpSTqVKfLyf75K5acveJ9,upstream,2,1,3GeNgcFpMwH9ts5b3W3jddtfwhwAURaykTy8YjtrGQWT;AbpJywMWmkf1MFonRddPVogSwPPZHB9pG4x2nKb1YaPn,2026-08-30T01:47:30Z,2026-08-30T01:47:30Z,MEDIUM,,False
D8uk51fwP8N8RR7Mb7R1XMRCkUdiQCrm8KePA3JDXJ1h,direct,2,1,3coFBLantjJkMRmzaQ4znMQQzfqFYTyBeNhdXYAzpump;7mRDn1rAqjwFQXacodr1UmkNdvAGPbtNP9k5jvBZqt9J,2026-02-21T09:34:55Z,2026-02-21T09:34:55Z,HIGH,,False
DHL9hiHLmRR4kQb1Y513W6BRss6yxzwkR6vLN85SzGDu,direct,2,1,57ANN8dAbPX8x1BEFFwzBttkzwpKZBEiJkdiWSzVNQvS;8G7aM6Gco4fHjVpmVvUdVvhKMKaWXJEqkCKRvPdepump,2024-12-25T01:31:23Z,2024-12-25T01:31:23Z,HIGH,,False
DS98QvHesnUYGY4QYnoqPwi3ZrAfmZkvEr6aJbXGt9DX,upstream,2,1,2A6sLqrw8WN6KkgnCsN4xJkyAowBZHr2H9xQ4u3Mpump;AgB5SxiP1DFZbW9uDAH7s8Mhv1HF21nJv67tnAAYpump,2026-01-20T09:37:56Z,2026-01-20T09:37:56Z,MEDIUM,,False
DbQ6ALE8LRhrNY7GZRY3fDf8S2oxpVmPaPrSs9q3XwB3,direct,2,1,7dACCWZXF4Lr9ftxFpi7TJk7a3hcPpUwGPAcTuXDpump;omskHvyNvQSn3PFak3E8JHQJeSVJFsrc6izWT12pump,2026-02-27T15:26:03Z,2026-02-27T15:26:03Z,HIGH,,False
DbkCBqE29XoUk7fiuSR3cDkmDkELLF6f9g5YimeDjDL3,direct,2,1,55bKo8bj1YVEgsbwkkd4Nwu7JhaZF9trUgbvpZ3YeVCA;6wSQipxdE9Suf8tVNaCEbcqavUbLT7gL9tibpm3Jpump,2025-02-07T20:25:14Z,2025-02-07T20:25:14Z,HIGH,,False
DzB5e5wJLGDEm3R95xdoSZD8MfWtC8T52ZreJYXqZHj8,direct,2,1,44s336LDz8bXp4rpxy1qwUfysZ4THjpReQWTKQg7pump;EkTkjVEfhvgkoCwheMTnr8mhEmJ6Q7ZR8q7ZMCcnpump,2026-09-09T00:07:07Z,2026-09-09T00:07:07Z,HIGH,,False
DzwYP13mnRMghnuRYdmy65znX5FUhWG3SR7kXZVpLeWg,upstream,2,1,9mqJNDG2squcqZt2zC7cWWNtVozUbQUnzVnP1jG6pump;omskHvyNvQSn3PFak3E8JHQJeSVJFsrc6izWT12pump,2026-07-28T17:19:47Z,2026-07-28T17:19:47Z,MEDIUM,,False
E6dTSmM57h33wCzw2tqPbFYudUzS1zjwLHciysNhQV9p,direct,2,1,44s336LDz8bXp4rpxy1qwUfysZ4THjpReQWTKQg7pump;BmU6YJP2YCAo8sc2dkeR8KjvF3rGFBHZL25ejysppump,2026-08-29T07:14:29Z,2026-08-29T07:14:29Z,HIGH,,False
EBNpfTHHU3bJdxHA3ktiKs2MUA66UwEFsmhNGDJbkaPb,direct,2,1,BmU6YJP2YCAo8sc2dkeR8KjvF3rGFBHZL25ejysppump;FuF2M5T79HJdpJUbp46qwWssLXQ1Xjf1yiNSfyo5UEGC,2025-12-08T15:37:37Z,2025-12-08T15:37:37Z,HIGH,,False
ELemUDAZTbZDpcQMsFM6aHaGqvHgSmhfSoMHC3SL7QBh,upstream,2,1,6VMsrZvNaSzddT6vkY6dEDoFMeK5EoHD4KCAycfQpump;ASftCNtzPNmK3nMDvpQNvpLauKS45Vkq7kwTPutqUBL1,2023-02-03T14:08:24Z,2023-02-03T14:08:24Z,MEDIUM,,False
EX9nBm9ERGc7nfxQva1pkVi8AgzcusveJzbyk76yQzgZ,upstream,2,1,5nnWe5SCBaNMC3oNiR7utth6kx3mH1dhmCarjDb91shW;9ek8utEujXFmiM9wXcWKPF18y57PmeG8rsiBZGzzpump,2025-10-17T00:39:23Z,2025-10-17T00:39:23Z,MEDIUM,,False
EXCDZXZXiQjbWCEUkbEmjEJnPyvgjvbQZcqgjRdawTYk,upstream,2,1,28HydoWU7TZQxWiVQxGZyspE3qgWdCHToNDVgLoNpump;AmWCcDf6tG7zB3VPeDVjeXL5N567fXAiHcTKw3xXpump,2025-11-03T20:40:28Z,2025-11-03T20:40:28Z,MEDIUM,,False
EXEK3AtSKEwdw62rVhBNoioF832QWZooBSKGNvPmjKWw,upstream,2,1,4ZUjJ5EJbwfh7teotB29uHc1SC3SiqbrkwJoNgsxibbU;F41TwidZvJJcsx9c2BMwS6eH9W6HcUT4LzPmGvK9WU6N,2024-08-27T18:31:53Z,2024-08-27T18:31:53Z,MEDIUM,,False
EXueF6jatgRR3Dneof9ipvNxKnuAGM5HKZefUs8Ue3zJ,direct,2,1,4prKtarobdhYDY4Hu3uGZMx7Je4HqPJeLVyxN6m4Ld3T;EoKqyKksc4ekiPVuBD9FiztYQHkV59x8KTcZ3ReLpump,2026-08-03T19:56:18Z,2026-08-03T19:56:18Z,HIGH,,False
Ed8bLexkxP9UsJ4CrZyR22KyVUU72AEaL6RM2PSGcbwq,direct,2,1,9xhMStAAufkH5jA5nevaGy6M9fCsQ74BZnsXyo93DkfA;GL7M1C4QeLoURyexYgdhuP8SvaPh5LHQLRqKha3epump,2025-08-09T20:56:37Z,2025-08-09T20:56:37Z,HIGH,,False
EdLzXGtyCeSCBwna914UeeDMDT6nQJjTdtAvgXgrLScM,upstream,2,1,3uYT8w1FxasDGmM4WDG5kXu6D9BGvyP3iEfPJEVb6ewT;Er5RuNhTEwJH5dHv9c3YGATjgkLCETH4dKazntyWEtXY,2025-04-12T02:24:24Z,2025-04-12T02:24:24Z,MEDIUM,,False
EkuXDEQKrBTqfadB1SecQ4WTLoVj4n2zNua9wUi7z5Wr,direct,2,1,7mRDn1rAqjwFQXacodr1UmkNdvAGPbtNP9k5jvBZqt9J;EHUzmwAzmUix7TkwVr7b16U9ChJDr3RpjfXshR5swy5j,2026-10-01T10:20:30Z,2026-10-01T10:20:30Z,HIGH,,False
Eowmf2TxKyuagquWhF7QxWQKPMoYnprSmP4oXVrTe7dq,direct,2,1,3uYT8w1FxasDGmM4WDG5kXu6D9BGvyP3iEfPJEVb6ewT;7mRDn1rAqjwFQXacodr1UmkNdvAGPbtNP9k5jvBZqt9J,2025-06-08T23:12:45Z,2025-06-08T23:12:45Z,HIGH,,False
Epar4HNMGciNE53R2TsKR9xFb8TR9HaXhQYq8mxALedC,direct,2,1,7Q9VxTczrzgvjXWbJJZibR7hbYAohngsNsuEhdEcpump;rMPLDvnn6KR773WNhZvtFNcgFwnRkc7UbPkUaiMpump,2026-03-27T14:04:37Z,2026-03-27T14:04:37Z,HIGH,,False
F5yM7ysjKT2ziNuLbZoVwXySkWewSfzPnEGmMZmVn4yx,upstream,2,1,28HydoWU7TZQxWiVQxGZyspE3qgWdCHToNDVgLoNpump;H9GGsNc7vA4hN13N1oU4itq8x3mrdZBdw2XdK3Mipump,2024-04-29T13:53:28Z,2024-04-29T13:53:28Z,MEDIUM,,False
FAiw9NfTwvR3iiudfdRFkGwcYgYdPAmov68xgBZpwV74,direct,2,1,2Tiw1Tna3kAut868cjXuKoyrv8U8gi1YjTaXw7Czpump;CSLP8Vp7u9hrXQi7crPXqCp7BaJaG4JrNxqvR3jDpump,2026-07-15T16:10:12Z,2026-07-15T16:10:12Z,HIGH,,False
FBrPFDi66UA2j6dfhEVPF6H6U7ZkqQWzWnjk2KDhUzxG,upstream,2,1,6XD1vorwquLXjTSL5W4MJMGewZBeiEcPFmZw527TSwva;9PNfxvTARzdxvQas2uknW57bnfMCS1dxW1He7rPbuhuQ,2025-03-02T15:44:18Z,2025-03-02T15:44:18Z,MEDIUM,,False
FDCEKihu7TRhfpziLGWpdo8KP9qSqqW7DffG9osbtXci,upstream,2,1,8G7aM6Gco4fHjVpmVvUdVvhKMKaWXJEqkCKRvPdepump;EoKqyKksc4ekiPVuBD9FiztYQHkV59x8KTcZ3ReLpump,2026-08-22T10:34:07Z,2026-08-22T10:34:07Z,MEDIUM,,False
FLzmJWsaUf1K2C2AUEWrepnzvnntfJPPVx67FEhBzuVu,direct,2,1,3vfxnHSCS139RZiw6MPZaEvhySnjbEi81GuF5EdNpump;BmU6YJP2YCAo8sc2dkeR8KjvF3rGFBHZL25ejysppump,2026-01-22T14:05:19Z,2026-01-22T14:05:19Z,HIGH,,False
FMnoL72XNZMBSd7gvuVHVoJp9xTv1AkqoPs9d1v23uYL,upstream,2,1,9xhMStAAufkH5jA5nevaGy6M9fCsQ74BZnsXyo93DkfA;BZYpLHhui3qRNokWFg2JcX8CYtMqzWHR5R4xowjcbPqh,2026-08-29T20:55:08Z,2026-08-29T20:55:08Z,MEDIUM,,False
FPz9HZv346Cv556ujDfdcdta5wQ4o9yopvmBCoHz44Dx,direct,2,1,GfqKCwNeAdHHi97AmgCLP5qrwcSJRDdyZ1huiU6xUXTz;H9GGsNc7vA4hN13N1oU4itq8x3mrdZBdw2XdK3Mipump,2026-09-04T02:35:41Z,2026-09-04T02:35:41Z,HIGH,,False
FS4kgJwxj2Z2Dq2D4rQ348BvBHC2dP9n7x9D4yK2ZPAS,direct,2,1,49aM4HrGABwG9F8iAn385zzcsS6mxHEFY8YN3H7y1Cd9;6XD1vorwquLXjTSL5W4MJMGewZBeiEcPFmZw527TSwva,2026-09-29T02:57:52Z,2026-09-29T02:57:52Z,HIGH,,False
FVvkJdScMjzLtz1Vwcxaz3q7xVpLWqQvWeA73L37yWnC,upstream,2,1,6XD1vorwquLXjTSL5W4MJMGewZBeiEcPFmZw527TSwva;9PNfxvTARzdxvQas2uknW57bnfMCS1dxW1He7rPbuhuQ,2021-11-09T13:52:30Z,2021-11-09T13:52:30Z,MEDIUM,,False
FZpXAr3MNrTund754aMj95eXtQXCTN9eV43we8Lf8NNY,direct,2,1,5nnWe5SCBaNMC3oNiR7utth6kx3mH1dhmCarjDb91shW;9ek8utEujXFmiM9wXcWKPF18y57PmeG8rsiBZGzzpump,2025-10-17T13:10:37Z,2025-10-17T13:10:37Z,HIGH,,False
FeUFS2buvs1TzijbD4CzRWkziWfzJ49kcPFqi4EYQp2M,direct,2,1,7271ZR6GBzaGqdtP28ZqZ5BKRt2ziu4AnPnVCAL7pump;omskHvyNvQSn3PFak3E8JHQJeSVJFsrc6izWT12pump,2026-08-01T19:02:53Z,2026-08-01T19:02:53Z,HIGH,,False
Fm4yKDsqHmKfiom8XYtW3igfRrj1fpSwrAsZxBVe2f8A,upstream,2,1,47r9YPDeTVpwHjAakoVgnzNTJRChXC8f4KSUqMbEsBbM;7mRDn1rAqjwFQXacodr1UmkNdvAGPbtNP9k5jvBZqt9J,2025-06-08T18:38:45Z,2025-06-08T18:38:45Z,MEDIUM,,False
FoYfyHYgG9q8bKYftkwRDKskeYgh1M7c3ipgWDg1rxfC,upstream,2,1,55bKo8bj1YVEgsbwkkd4Nwu7JhaZF9trUgbvpZ3YeVCA;6wSQipxdE9Suf8tVNaCEbcqavUbLT7gL9tibpm3Jpump,2025-02-07T19:02:36Z,2025-02-07T19:02:36Z,MEDIUM,,False
FqgQJD8yvNjpecjoo4oRz25Bx1E66sfKiFrZhj7TS89U,upstream,2,1,7dACCWZXF4Lr9ftxFpi7TJk7a3hcPpUwGPAcTuXDpump;G9r7nnHSgvb7LUfCE8kavRaKokEMMYBjVHGKvQ6dpump,2022-03-05T20:15:28Z,2022-03-05T20:15:28Z,MEDIUM,,False
FsxdGbUT9kziKdez5fCpaBBJ8FDKXkqjGwaGuo2Mq3M,direct,2,1,6VMsrZvNaSzddT6vkY6dEDoFMeK5EoHD4KCAycfQpump;GL7M1C4QeLoURyexYgdhuP8SvaPh5LHQLRqKha3epump,2026-04-25T00:42:23Z,2026-04-25T00:42:23Z,HIGH,,False
Fta3fmTRZvoT8WPX2BGrk6MAyDeG9ap7DpxjdQD6SvAS,direct,2,1,5nnWe5SCBaNMC3oNiR7utth6kx3mH1dhmCarjDb91shW;DTm66ivA96mhuQnqTy1cv7uELS4MHdYtpbRGJdW9t7Fn,2026-04-24T01:31:42Z,2026-04-24T01:31:42Z,HIGH,,False
G1r5o1G6wd5M29KKd7whqSAdZmFqwiNfNBKSj2MoMdrK,upstream,2,1,BmU6YJP2YCAo8sc2dkeR8KjvF3rGFBHZL25ejysppump;FuF2M5T79HJdpJUbp46qwWssLXQ1Xjf1yiNSfyo5UEGC,2025-01-22T17:26:15Z,2025-01-22T17:26:15Z,MEDIUM,,False
G9qZLEJwX5UY2btv1GkwHZojgEbcsHgev2Ppn1QpAE1v,direct,2,1,55bKo8bj1YVEgsbwkkd4Nwu7JhaZF9trUgbvpZ3YeVCA;BmU6YJP2YCAo8sc2dkeR8KjvF3rGFBHZL25ejysppump,2025-08-23T08:19:55Z,2025-08-23T08:19:55Z,HIGH,,False
G9qZLEJwX5UY2btv1GkwHZojgEbcsHgev2Ppn1QpAE1v,upstream,2,1,55bKo8bj1YVEgsbwkkd4Nwu7JhaZF9trUgbvpZ3YeVCA;BmU6YJP2YCAo8sc2dkeR8KjvF3rGFBHZL25ejysppump,2025-08-23T08:19:55Z,2025-08-23T08:19:55Z,MEDIUM,,False
GAaKhvMgSKz8XW7i6vpbtB75MizATbNdTKfo7kACWAaz,upstream,2,1,GfqKCwNeAdHHi97AmgCLP5qrwcSJRDdyZ1huiU6xUXTz;omskHvyNvQSn3PFak3E8JHQJeSVJFsrc6izWT12pump,2026-03-03T21:15:59Z,2026-03-03T21:15:59Z,MEDIUM,,False
GB4dVFPDt3h525iBnHKZRZXv2UTUJGVxbqF5wtBQ1R5A,upstream,2,1,6XD1vorwquLXjTSL5W4MJMGewZBeiEcPFmZw527TSwva;9PNfxvTARzdxvQas2uknW57bnfMCS1dxW1He7rPbuhuQ,2025-03-02T15:54:30Z,2025-03-02T15:54:30Z,MEDIUM,,False
GBVUgTSzUFevv2LobeSqCdnZgYa7bGjcptBA6KuotMek,upstream,2,1,9hAojtonqe4RUQarvUYZhFqC99VK1S3LCewYkSjnpump;JAqRn24FuQ5MFReXNgXb8uFej5vHJDxhVtebpQvHTQZy,2026-08-22T10:56:00Z,2026-08-22T10:56:00Z,MEDIUM,,False
GDrX9NBTxWW7tuM756ki8LFaFhwNS2ZySyjsunNKkyWr,direct,2,1,9mqJNDG2squcqZt2zC7cWWNtVozUbQUnzVnP1jG6pump;omskHvyNvQSn3PFak3E8JHQJeSVJFsrc6izWT12pump,2026-09-03T23:32:44Z,2026-09-03T23:32:44Z,HIGH,,False
GEcF6sHyGDLrJ6NYzj2uEv2hRbSpwvLmmvm1k8A9VGhc,direct,2,1,67afrnTxo8DVc52Uev61Yo4Yr9BGQpRw1RpPMWcx42La;7Q9VxTczrzgvjXWbJJZibR7hbYAohngsNsuEhdEcpump,2026-07-27T16:20:16Z,2026-07-27T16:20:16Z,HIGH,,False
GGXp6RyM38MrzoRnZ82k3Rgp8XzKSoSo77bUXypPT7bo,direct,2,1,5Sg1vv51KGCSDF2gBHgbNATCEXFjYtVhWgztNUwtgJYD;GKTxLXsmkjLDo89XmPa5htwK7sAzdqZ3jmfV6gaTvK67,2024-12-21T21:52:31Z,2024-12-21T21:52:31Z,HIGH,,False
GKDMPkNyHKNWSMScd9uxvEVSVoemEywaCYKoBbdTA5Ag,upstream,2,1,7dACCWZXF4Lr9ftxFpi7TJk7a3hcPpUwGPAcTuXDpump;G9r7nnHSgvb7LUfCE8kavRaKokEMMYBjVHGKvQ6dpump,2022-02-08T13:35:39Z,2022-02-08T13:35:39Z,MEDIUM,,False
GS55bBrWNZZPG4D77MkJyMQ1Fr843tQ1zNADb9v7fARH,upstream,2,1,2A6sLqrw8WN6KkgnCsN4xJkyAowBZHr2H9xQ4u3Mpump;AgB5SxiP1DFZbW9uDAH7s8Mhv1HF21nJv67tnAAYpump,2026-01-05T10:13:17Z,2026-01-05T10:13:17Z,MEDIUM,,False
GUACJy8rib8h3rWjgEzPBJj9qeCaz2KM1DCj1AnJGG7L,direct,2,1,6XD1vorwquLXjTSL5W4MJMGewZBeiEcPFmZw527TSwva;9PNfxvTARzdxvQas2uknW57bnfMCS1dxW1He7rPbuhuQ,2021-11-17T17:39:12Z,2021-11-17T17:39:12Z,HIGH,,False
GUACJy8rib8h3rWjgEzPBJj9qeCaz2KM1DCj1AnJGG7L,upstream,2,1,6XD1vorwquLXjTSL5W4MJMGewZBeiEcPFmZw527TSwva;9PNfxvTARzdxvQas2uknW57bnfMCS1dxW1He7rPbuhuQ,2021-11-17T17:39:12Z,2021-11-17T17:39:12Z,MEDIUM,,False
GXiqNxeHhWc42G79TCXFkvd9YR5BxfcVvnsqWS5fWycZ,direct,2,1,6VMsrZvNaSzddT6vkY6dEDoFMeK5EoHD4KCAycfQpump;ASftCNtzPNmK3nMDvpQNvpLauKS45Vkq7kwTPutqUBL1,2024-11-23T08:41:53Z,2024-11-23T08:41:53Z,HIGH,,False
GYk1dgkvGn3DxR5GhuuG2mnRmoaCNUtC3FASzeysUkT1,direct,2,1,25GrKYrc3y4LZmmuhppYgFRCKb7JyZ6grum4WhLYvA1z;2iSB473Z7L2ndpWs3n22tb7H3KSGpswDTH3jP7qCCAZT,2026-09-19T22:38:06Z,2026-09-19T22:38:06Z,HIGH,,False
GZVSEAajExLJEvACHHQcujBw7nJq98GWUEZtood9LM9b,upstream,2,1,2BucyGvsg9wwTwsaFsEUFgdphrCtp94pDRtHowJUpump;6wSQipxdE9Suf8tVNaCEbcqavUbLT7gL9tibpm3Jpump,2025-07-02T04:03:40Z,2025-07-02T04:03:40Z,MEDIUM,,False
Gb3gxsnsRNcQdB8EcDdUmXXj1urp6CYhswdstRfTY9k5,direct,2,1,57ANN8dAbPX8x1BEFFwzBttkzwpKZBEiJkdiWSzVNQvS;EHUzmwAzmUix7TkwVr7b16U9ChJDr3RpjfXshR5swy5j,2025-11-20T14:43:48Z,2025-11-20T14:43:48Z,HIGH,,False
GcNY3SXi9JfP3Wj9538vwDenhA6CxURAwZF2rCPXgrCC,direct,2,1,3uYT8w1FxasDGmM4WDG5kXu6D9BGvyP3iEfPJEVb6ewT;5pSEZw1iytqYznD7crsGyKNek7q5JkjBqj2KmfqxUVZd,2026-08-06T16:54:56Z,2026-08-06T16:54:56Z,HIGH,,False
GfDh8LF56byQ3ejp6yLFE2uuv6XZJ4c91St1SDyRLEfC,direct,2,1,H8oe2SCksJcYzhPeS4TsbteusgZW5k7QaZ4boKyq8C7U;omskHvyNvQSn3PFak3E8JHQJeSVJFsrc6izWT12pump,2026-09-14T12:56:05Z,2026-09-14T12:56:05Z,HIGH,,False
GqomapyKLieJPLZnntANrfmuvn5rttQyuhVz36zNdFf7,direct,2,1,4kkrecvSVnnkK3RZcJ85tNFiZu9pWg584yHjNCqEpump;HJPjdsDmcvgCj4MV3NvqCWd78qDP8BMzGfrsk4Nbpump,2025-02-24T12:12:49Z,2025-02-24T12:12:49Z,HIGH,,False
GuKhxddRMPMusqxZjnuagzNe7mpTgqESi6SSN62fHeFF,direct,2,1,4kkrecvSVnnkK3RZcJ85tNFiZu9pWg584yHjNCqEpump;57ANN8dAbPX8x1BEFFwzBttkzwpKZBEiJkdiWSzVNQvS,2026-08-02T07:35:11Z,2026-08-02T07:35:11Z,HIGH,,False
GvFd56B3MtbQiNyQK9pUM8N12DRvGBJnpxNArjghsomc,direct,2,1,6gKx5EMvnymTVz2JgFhJAqpGxTYaBdVsaLb9YfPfvg4Y;DTm66ivA96mhuQnqTy1cv7uELS4MHdYtpbRGJdW9t7Fn,2025-12-11T07:27:04Z,2025-12-11T07:27:04Z,HIGH,,False
GzYoXxQnmuMZ4aroSbAfa8FwDQTBjUTgt7zqMLNsevvn,direct,2,1,B3xU49SW3khA7m5Lgata2fmPxZeQRuaJbCruPsVDpump;EHUzmwAzmUix7TkwVr7b16U9ChJDr3RpjfXshR5swy5j,2026-09-01T18:17:42Z,2026-09-01T18:17:42Z,HIGH,,False
H13ASe44mjrcjV4Yq7TMabuGmmEEp8c83iwa72nLjnV8,direct,2,1,5o9sE9FEVC12zWBd2zqPXAhoVyRiNjGfaYX6hS3Ppump;6XD1vorwquLXjTSL5W4MJMGewZBeiEcPFmZw527TSwva,2026-07-30T16:51:51Z,2026-07-30T16:51:51Z,HIGH,,False
H3RW6enHKN7ukfwuuiB2m4L88fDYzSyVshSKcUznMAQ1,upstream,2,1,7dACCWZXF4Lr9ftxFpi7TJk7a3hcPpUwGPAcTuXDpump;EHUzmwAzmUix7TkwVr7b16U9ChJDr3RpjfXshR5swy5j,2026-07-20T09:48:16Z,2026-07-20T09:48:16Z,MEDIUM,,False
H3n5JUhCL2kBmYV5ve4VLjZMcN6WKDuASxHATs5PYeUq,direct,2,1,D4aEpQLW45YnWrBmztcpJHqabbPtFe9F9PTv8Umvpump;GL7M1C4QeLoURyexYgdhuP8SvaPh5LHQLRqKha3epump,2026-05-28T16:39:17Z,2026-05-28T16:39:17Z,HIGH,,False
H8MNNBezp9JgpVJfToPhgpv9rLTA2CDyojradjgW2VDJ,upstream,2,1,2Tiw1Tna3kAut868cjXuKoyrv8U8gi1YjTaXw7Czpump;9ek8utEujXFmiM9wXcWKPF18y57PmeG8rsiBZGzzpump,2026-05-02T01:11:45Z,2026-05-02T01:11:45Z,MEDIUM,,False
H8UKNvUeaqpVT7DZ8TXJVreSQEXDjTA7fEv8hjD3FzHm,upstream,2,1,8qT3o4k4aUmyLrgd7hHYmVxin3kFhQ9QsXdSXTP6pump;8ypYfW5cjafrfAZij8TZj5SFHAbPNpiRio96LMzypDkn,2026-06-22T16:13:21Z,2026-06-22T16:13:21Z,MEDIUM,,False
H9LE2QX2Sf8NzepfEvwa3Z23U65kP1dtjMR2NSRcDZKc,direct,2,1,6sFMbTF2VTzutzKekenJujFZBqb4TiBZJKfyLMUbpump;H9GGsNc7vA4hN13N1oU4itq8x3mrdZBdw2XdK3Mipump,2026-01-26T11:52:49Z,2026-01-26T11:52:49Z,HIGH,,False
HBchuGxr65W6hCBoGao4qTExMVcFa6UK8keRekbyxG96,upstream,2,1,6VMsrZvNaSzddT6vkY6dEDoFMeK5EoHD4KCAycfQpump;GL7M1C4QeLoURyexYgdhuP8SvaPh5LHQLRqKha3epump,2025-03-26T07:21:50Z,2025-03-26T07:21:50Z,MEDIUM,,False
HD2S9DojnmY5nTQp4amGWnA91Zedf1b4DpqC5yw6zx4K,direct,2,1,GfqKCwNeAdHHi97AmgCLP5qrwcSJRDdyZ1huiU6xUXTz;omskHvyNvQSn3PFak3E8JHQJeSVJFsrc6izWT12pump,2026-07-04T10:26:31Z,2026-07-04T10:26:31Z,HIGH,,False
HNse1FjgsieNd8L9VfxFEZFSFDdHxm3aVrviaHBrcPBY,direct,2,1,2A6sLqrw8WN6KkgnCsN4xJkyAowBZHr2H9xQ4u3Mpump;AgB5SxiP1DFZbW9uDAH7s8Mhv1HF21nJv67tnAAYpump,2026-05-21T19:26:45Z,2026-05-21T19:26:45Z,HIGH,,False
HUJnCTq4kZNSFfc5TAtJaSvvHvA8bMRRkQkrcTgznasz,direct,2,1,HJPjdsDmcvgCj4MV3NvqCWd78qDP8BMzGfrsk4Nbpump;dy6zeSw9j2zHprXLwk1uUGAD4d2HF5R3pAFrL6bRAKs,2026-09-05T15:12:51Z,2026-09-05T15:12:51Z,HIGH,,False
HXyTRGuxHCudZM92ZMFGoGU8oqcxemfonpPYZTNPTMgg,direct,2,1,5EZ7yagvcsHcwH3e17khLwGzhFrCsx7CKS7ZN6J6i4Lh;7HiD5rzoZxAYXEJ8Z4t3WgM8VE1iSKWJdxPPyEdDNzwN,2026-10-04T14:21:09Z,2026-10-04T14:21:09Z,HIGH,,False
HaanfQaVw3DK6WQv4P2h1ts277E3qtqQ7tSyXzEqUeuW,upstream,2,1,6sFMbTF2VTzutzKekenJujFZBqb4TiBZJKfyLMUbpump;H9GGsNc7vA4hN13N1oU4itq8x3mrdZBdw2XdK3Mipump,2025-08-27T14:47:13Z,2025-08-27T14:47:13Z,MEDIUM,,False
HdAgzEmMXvp6h1gSUpBGKTeHNCLwvcvDCiUW3SHFeApk,upstream,2,1,4prKtarobdhYDY4Hu3uGZMx7Je4HqPJeLVyxN6m4Ld3T;7xXo3JYBqzh6D91XRppzFRLfw8wJHypeukGaNWwKgZ8m,2026-06-08T10:14:05Z,2026-06-08T10:14:05Z,MEDIUM,,False
HjHftFsDrxZcZwxHEdFXEJrjDqXRqGEhkBTEqsXbngU9,upstream,2,1,55bKo8bj1YVEgsbwkkd4Nwu7JhaZF9trUgbvpZ3YeVCA;BZYpLHhui3qRNokWFg2JcX8CYtMqzWHR5R4xowjcbPqh,2026-03-27T10:44:28Z,2026-03-27T10:44:28Z,MEDIUM,,False
HnGCryxeGtemdoq6EB7ZTb8Jpm6Cw7avhut2akBLkyiD,upstream,2,1,3vfxnHSCS139RZiw6MPZaEvhySnjbEi81GuF5EdNpump;FuF2M5T79HJdpJUbp46qwWssLXQ1Xjf1yiNSfyo5UEGC,2025-03-08T20:17:38Z,2025-03-08T20:17:38Z,MEDIUM,,False
HnSDgneyHsqLoZ3o1rXvyLkqNLqbS2ZbUYWBjT3XLPgV,upstream,2,1,8G7aM6Gco4fHjVpmVvUdVvhKMKaWXJEqkCKRvPdepump;EoKqyKksc4ekiPVuBD9FiztYQHkV59x8KTcZ3ReLpump,2026-08-22T10:39:26Z,2026-08-22T10:39:26Z,MEDIUM,,False
HoChUe1nYaFTCsgdD2NXHtESCk1teqSAmhmyiXPxVfd9,upstream,2,1,4GRTznsfLTRqaB2uMAFmmgaWtvfVyBb4qCsTjskUpump;AmWCcDf6tG7zB3VPeDVjeXL5N567fXAiHcTKw3xXpump,2026-08-13T08:15:38Z,2026-08-13T08:15:38Z,MEDIUM,,False
HoVxKFZZrixCdZ84H18PrpBXh8QwcbwEjnGAufejxGbd,direct,2,1,28HydoWU7TZQxWiVQxGZyspE3qgWdCHToNDVgLoNpump;H9GGsNc7vA4hN13N1oU4itq8x3mrdZBdw2XdK3Mipump,2025-04-26T07:01:16Z,2025-04-26T07:01:16Z,HIGH,,False
HpiSZHWZ1iiVhB5FKiECJUNZR72upRGYMH8bMCMkNnAt,upstream,2,1,2A6sLqrw8WN6KkgnCsN4xJkyAowBZHr2H9xQ4u3Mpump;BmU6YJP2YCAo8sc2dkeR8KjvF3rGFBHZL25ejysppump,2026-08-06T20:25:53Z,2026-08-06T20:25:53Z,MEDIUM,,False
Hq5JiZfK3irLYYe2KQNr6Lid62VtyvJZM2VY3HVZEF4Y,direct,2,1,9PNfxvTARzdxvQas2uknW57bnfMCS1dxW1He7rPbuhuQ;UsrcsZMqw6p53Fohu16UCBjsbjqc73XmoRFZDcnCtMR,2025-05-04T20:21:54Z,2025-05-04T20:21:54Z,HIGH,,False
HqjZYwB3Xa4MuvJjFxLGEdsvLxv4XvUPbtEMSVUXXfT6,upstream,2,1,44s336LDz8bXp4rpxy1qwUfysZ4THjpReQWTKQg7pump;BmU6YJP2YCAo8sc2dkeR8KjvF3rGFBHZL25ejysppump,2026-01-02T11:23:45Z,2026-01-02T11:23:45Z,MEDIUM,,False
HrMzhHxF7m2jFUc272wYMTch1ubrSrTMMhdX8SU1unzp,direct,2,1,2A6sLqrw8WN6KkgnCsN4xJkyAowBZHr2H9xQ4u3Mpump;omskHvyNvQSn3PFak3E8JHQJeSVJFsrc6izWT12pump,2026-08-13T05:11:03Z,2026-08-13T05:11:03Z,HIGH,,False
HsFQKgHiSh4nYDcApQiGuormM6bxKyFRK7dtYmxkszcL,upstream,2,1,25GrKYrc3y4LZmmuhppYgFRCKb7JyZ6grum4WhLYvA1z;3f8CKfznVUGrFfhcq8ZBY9M1xyDeEQGrh6iH372h3ebN,2022-01-08T13:58:50Z,2022-01-08T13:58:50Z,MEDIUM,,False
J3eEak3bdoLgr7pAZDVn2JFYS8aRAyLHKC6a2nNNbWwx,upstream,2,1,3uYT8w1FxasDGmM4WDG5kXu6D9BGvyP3iEfPJEVb6ewT;7mRDn1rAqjwFQXacodr1UmkNdvAGPbtNP9k5jvBZqt9J,2025-04-18T08:58:18Z,2025-04-18T08:58:18Z,MEDIUM,,False
J69XgzMHsZMjaoDA9DHrVA6zzBdzoc8tCQk6LQfZWBsc,direct,2,1,6VMsrZvNaSzddT6vkY6dEDoFMeK5EoHD4KCAycfQpump;GL7M1C4QeLoURyexYgdhuP8SvaPh5LHQLRqKha3epump,2026-09-07T06:18:53Z,2026-09-07T06:18:53Z,HIGH,,False
JCXdWz4aRo4qHJ1W867SVCQe1HRiP3J6gCWs27pUAXzG,upstream,2,1,3uYT8w1FxasDGmM4WDG5kXu6D9BGvyP3iEfPJEVb6ewT;5pSEZw1iytqYznD7crsGyKNek7q5JkjBqj2KmfqxUVZd,2026-07-17T10:39:21Z,2026-07-17T10:39:21Z,MEDIUM,,False
JCm6wzuybdmMj4kyXSVPP324Cq2b2qzudfv5gs9ckwvH,direct,2,1,4GRTznsfLTRqaB2uMAFmmgaWtvfVyBb4qCsTjskUpump;AmWCcDf6tG7zB3VPeDVjeXL5N567fXAiHcTKw3xXpump,2026-08-27T14:12:54Z,2026-08-27T14:12:54Z,HIGH,,False
ZYxe1mxKvkEtkGC58V7L8H6f8PfVdc4ch2AkxJULwNB,direct,2,1,2A6sLqrw8WN6KkgnCsN4xJkyAowBZHr2H9xQ4u3Mpump;EkTkjVEfhvgkoCwheMTnr8mhEmJ6Q7ZR8q7ZMCcnpump,2026-08-23T16:02:35Z,2026-08-23T16:02:35Z,HIGH,,False
asZXA376PpwGCufMvx8vC4XtbKaA7mXpACecxw65Cnr,upstream,2,1,Ajz86fyiygsv8kZkUyDxogxkz5VfKRs4HTEABVTfpump;FuF2M5T79HJdpJUbp46qwWssLXQ1Xjf1yiNSfyo5UEGC,2025-09-08T21:05:42Z,2025-09-08T21:05:42Z,MEDIUM,,False
ayaXQa5nrMBkszMxeo7J9oMeRExdm6di1kHnvzcTQgz,upstream,2,1,3uYT8w1FxasDGmM4WDG5kXu6D9BGvyP3iEfPJEVb6ewT;FuF2M5T79HJdpJUbp46qwWssLXQ1Xjf1yiNSfyo5UEGC,2026-02-23T22:32:28Z,2026-02-23T22:32:28Z,MEDIUM,,False
boLt4T3KzcFxhENKgQMgPZ24pPDS2Kwawie877JH8sn,direct,2,1,6XD1vorwquLXjTSL5W4MJMGewZBeiEcPFmZw527TSwva;6akNLpNd11oq4q5zxhXGwr5jwUi6Ke4CvKmF6QeUwJCQ,2026-08-26T22:33:36Z,2026-08-26T22:33:36Z,HIGH,,False
nRrN5xd9sG6G1sF84J9J55x6YwkGT1oByUsVbw9G5yP,direct,2,1,4ZUjJ5EJbwfh7teotB29uHc1SC3SiqbrkwJoNgsxibbU;F41TwidZvJJcsx9c2BMwS6eH9W6HcUT4LzPmGvK9WU6N,2026-09-13T18:53:40Z,2026-09-13T18:53:40Z,HIGH,,False
phatP9mRBhkbbgr4nzvm9Duh4doL8xetMfJoGHRfqQs,direct,2,1,3f8CKfznVUGrFfhcq8ZBY9M1xyDeEQGrh6iH372h3ebN;BE5ciZmcADAX78u2a1GrFiPMPC3rNXtdPGUrhzWB4k5d,2025-12-11T18:37:45Z,2025-12-11T18:37:45Z,HIGH,,False
psKMUdCnrc38Zh8ns9n9WVUQPLc9SFvRcPVzVQHghMQ,upstream,2,1,7dACCWZXF4Lr9ftxFpi7TJk7a3hcPpUwGPAcTuXDpump;omskHvyNvQSn3PFak3E8JHQJeSVJFsrc6izWT12pump,2026-05-27T17:02:39Z,2026-05-27T17:02:39Z,MEDIUM,,False
suqh5sHtr8HyJ7q8scBimULPkPpA557prMG47xCHQfK,upstream,2,1,AgB5SxiP1DFZbW9uDAH7s8Mhv1HF21nJv67tnAAYpump;EoKqyKksc4ekiPVuBD9FiztYQHkV59x8KTcZ3ReLpump,2025-09-16T13:54:49Z,2025-09-16T13:54:49Z,MEDIUM,,False
tSvJ4jw9nxKW88QBELk2K4RswT2ijMyDbZ3bfe9dRqQ,direct,2,1,6sFMbTF2VTzutzKekenJujFZBqb4TiBZJKfyLMUbpump;H9GGsNc7vA4hN13N1oU4itq8x3mrdZBdw2XdK3Mipump,2026-07-27T22:28:59Z,2026-07-27T22:28:59Z,HIGH,,False
v84npn1bP1AUwssY6dvfr8mmoFBWvD7ERgv2JE8r2w5,direct,2,1,BE5ciZmcADAX78u2a1GrFiPMPC3rNXtdPGUrhzWB4k5d;UsrcsZMqw6p53Fohu16UCBjsbjqc73XmoRFZDcnCtMR,2026-09-26T20:04:54Z,2026-09-26T20:04:54Z,HIGH,,False
xgCByZAn5PP5ogNnm5ztgSF5xynZq1q6f5ovSMQ5EwX,upstream,2,1,49aM4HrGABwG9F8iAn385zzcsS6mxHEFY8YN3H7y1Cd9;7mRDn1rAqjwFQXacodr1UmkNdvAGPbtNP9k5jvBZqt9J,2026-04-10T21:31:54Z,2026-04-10T21:31:54Z,MEDIUM,,False
xxxZbGGUXfqhJRD4jDoU8tJycXGz4VkcHxQ2xqLkmdw,upstream,2,1,44s336LDz8bXp4rpxy1qwUfysZ4THjpReQWTKQg7pump;EkTkjVEfhvgkoCwheMTnr8mhEmJ6Q7ZR8q7ZMCcnpump,2026-09-06T14:55:31Z,2026-09-06T14:55:31Z,MEDIUM,,False
ybhs3gRRvtyeaWkc2DaJTbkesjmYnY34oYinpEbUGvP,direct,2,1,EoKqyKksc4ekiPVuBD9FiztYQHkV59x8KTcZ3ReLpump;xeKm1qmxyHLJZLdwKpsZdx5UFtYyb124GTWRZWypump,2026-07-21T10:15:48Z,2026-07-21T10:15:48Z,HIGH,,False
BjpL2bFcjtbAGQBJiaNNrvSdo7NwbqpyQAFYZnjktnvR,upstream,1,7,FuF2M5T79HJdpJUbp46qwWssLXQ1Xjf1yiNSfyo5UEGC,2025-04-15T20:59:14Z,2025-05-08T23:57:23Z,MEDIUM,,False
5CFYe6yta4GvgNnV2XqJ5HBb1XWD7kDukdxKAPcwx2Zx,upstream,1,4,9xhMStAAufkH5jA5nevaGy6M9fCsQ74BZnsXyo93DkfA,2026-06-17T18:03:07Z,2026-06-17T18:03:07Z,MEDIUM,,False
5jdCPPPYUxiwFcoES4DodP8EDahfNuKYM2rBa7qkxW2R,upstream,1,4,5Sg1vv51KGCSDF2gBHgbNATCEXFjYtVhWgztNUwtgJYD,2025-09-10T12:02:34Z,2025-09-10T12:02:34Z,MEDIUM,,False
6kbLaokSE3pR3XX8ZzAFjtY7xkem7QRheJM9PZdJjjJV,direct,1,4,9xhMStAAufkH5jA5nevaGy6M9fCsQ74BZnsXyo93DkfA,2026-06-17T18:04:49Z,2026-06-17T18:04:49Z,HIGH,,False
8bpe4gWuAvniwHt8mxtzrKn7ixLviePa8ymb6PP8ftXc,direct,1,4,Ajz86fyiygsv8kZkUyDxogxkz5VfKRs4HTEABVTfpump,2026-09-01T23:45:59Z,2026-09-01T23:47:09Z,HIGH,,False
E7oy77sWBNmjW5GRT4REoEKPiVN5kmBVu5iBnZyXhj6H,upstream,1,4,4n32UBFWKJNPQayeN25GrLJHswbja41XFMxebcg9pump,2024-01-12T05:12:57Z,2024-01-12T05:12:57Z,MEDIUM,,False
4oJPpGHE5Zo7PQdRKee6fmDypTWtS4jNagVe5C7hA81H,upstream,1,3,4kkrecvSVnnkK3RZcJ85tNFiZu9pWg584yHjNCqEpump,2025-02-13T00:46:20Z,2025-02-13T00:46:20Z,MEDIUM,,False
726rPsfs1s2YXdskg3ZpJHxjc5jPaQBEXUghXc5no9B8,upstream,1,3,21XJbyQWEhmeoxKRHdGrEjetSfHopvtp68LWzdvT471M,2025-06-21T17:37:56Z,2025-06-21T17:37:56Z,MEDIUM,,False
86fqkJ2chXGkMJZodAgiDUPe28jLFACoCDZJ2EU9Sqh9,upstream,1,3,4n32UBFWKJNPQayeN25GrLJHswbja41XFMxebcg9pump,2024-01-21T05:19:15Z,2024-01-21T05:19:15Z,MEDIUM,,False
8deJ9xeUvXSJwicYptA9mHsU2rN2pDx37KWzkDkEXhU6,direct,1,3,4n32UBFWKJNPQayeN25GrLJHswbja41XFMxebcg9pump,2026-04-17T00:47:44Z,2026-04-17T00:47:44Z,HIGH,,False
CtRZWtEdiBZTECMTN9HJzG8CQn3ntd4nEXWZtyihBuZj,upstream,1,3,8qT3o4k4aUmyLrgd7hHYmVxin3kFhQ9QsXdSXTP6pump,2025-11-05T15:58:12Z,2025-11-05T15:58:12Z,MEDIUM,,False
FHfLoY5p9hhe5ZPRsK52gkLAwCe6JKZ563rTSSCVgu8P,upstream,1,3,JAqRn24FuQ5MFReXNgXb8uFej5vHJDxhVtebpQvHTQZy,2025-06-11T19:16:30Z,2025-06-21T14:58:29Z,MEDIUM,,False
JDBT5koS1f9qPVcujCmDxGpSn1U7qFYYbY1aae6vG2gS,direct,1,3,6gKx5EMvnymTVz2JgFhJAqpGxTYaBdVsaLb9YfPfvg4Y,2026-08-26T21:46:43Z,2026-08-26T21:47:34Z,HIGH,,False
2gmPbYGNHZrZAn3G19wxkbpxxkkTAKAFRLXfzbMqrAiS,upstream,1,2,21XJbyQWEhmeoxKRHdGrEjetSfHopvtp68LWzdvT471M,2025-10-05T14:58:52Z,2025-10-05T14:58:52Z,MEDIUM,,False
33HhNhVRu9KxeTsDBa1z27aUMNyb2DWJ1B7kuo11FjLA,upstream,1,2,8qT3o4k4aUmyLrgd7hHYmVxin3kFhQ9QsXdSXTP6pump,2026-08-07T13:38:27Z,2026-08-07T13:38:27Z,MEDIUM,,False
3sfq3mv697v5soiQj4DS7MXTit6UzpDDT2zAzRnDppYv,upstream,1,2,4kkrecvSVnnkK3RZcJ85tNFiZu9pWg584yHjNCqEpump,2024-12-01T01:51:12Z,2024-12-01T01:51:12Z,MEDIUM,,False
3t9t1Q98Z5edthGo3cQXPhuL1Y8tPmWryqWQcK3gWe8k,direct,1,2,21XJbyQWEhmeoxKRHdGrEjetSfHopvtp68LWzdvT471M,2026-01-09T22:00:38Z,2026-03-12T13:12:07Z,HIGH,,False
5MT5KH1Gn7hdmtpMxCtqUsco5DGRgCwGDe6t47SvKT6,direct,1,2,DkDwxjD5JFK7hd7qUNHqNaTeqDGcZ1ia3Y6E7EUiehEn,2026-08-08T13:08:07Z,2026-08-08T14:24:55Z,HIGH,,False
5VPKUxuxWoTDvdBiucnHwJ2caaUz1pxLEHJsWLBFPkai,upstream,1,2,6VMsrZvNaSzddT6vkY6dEDoFMeK5EoHD4KCAycfQpump,2025-02-24T00:09:52Z,2025-02-24T00:09:52Z,MEDIUM,,False
5qX2FWXYH2winfoGJXBvL4yTQQHn9tv3gwsqjZabz83L,upstream,1,2,DJejJn1iJntJVTAixy4VRgqJFF3NMKPEMgVzbJFmpump,2026-09-26T12:15:31Z,2026-09-26T12:15:31Z,MEDIUM,,False
5vw3atpao8BifitJHxhns7B7NrsNbmLyiBYXfLDSjbLr,direct,1,2,4kkrecvSVnnkK3RZcJ85tNFiZu9pWg584yHjNCqEpump,2025-05-19T18:51:36Z,2025-08-02T16:58:59Z,HIGH,,False
5vw3atpao8BifitJHxhns7B7NrsNbmLyiBYXfLDSjbLr,upstream,1,2,4kkrecvSVnnkK3RZcJ85tNFiZu9pWg584yHjNCqEpump,2025-08-02T16:58:59Z,2025-08-02T16:58:59Z,MEDIUM,,False
71Zqe4aVMmucqrx3sBmsE9Sw8CKPgM57AjSixzeG6Yty,direct,1,2,9ek8utEujXFmiM9wXcWKPF18y57PmeG8rsiBZGzzpump,2026-01-25T15:40:35Z,2026-01-25T15:40:45Z,HIGH,,False
789s1GFPB5mHqvekELGUebSjbYFvZh8ywSwxPVHFobF4,upstream,1,2,9ek8utEujXFmiM9wXcWKPF18y57PmeG8rsiBZGzzpump,2024-11-14T16:54:58Z,2024-11-14T16:54:58Z,MEDIUM,,False
7RTfNMC23pNWuDnNRcK7CMhj2RDz2fmpaTqW3B7dQyGH,upstream,1,2,DJejJn1iJntJVTAixy4VRgqJFF3NMKPEMgVzbJFmpump,2026-05-06T18:30:41Z,2026-05-06T18:30:41Z,MEDIUM,,False
7UKb7z1NzfPT9oGaVymtSEWsjK9nDCA3Xm973Umv1at9,upstream,1,2,BmU6YJP2YCAo8sc2dkeR8KjvF3rGFBHZL25ejysppump,2026-02-17T18:11:05Z,2026-02-17T18:11:05Z,MEDIUM,,False
7dKEuc6vWLodirJ5i7HUaZn8nyTM3hLZvDck17K6sjGE,upstream,1,2,2iSB473Z7L2ndpWs3n22tb7H3KSGpswDTH3jP7qCCAZT,2024-07-18T18:34:03Z,2024-07-18T18:34:03Z,MEDIUM,,False
93TziBF2qcdL5QnJXvqMvZJXZWHxmSiAHKHbSwAsKH19,upstream,1,2,DTm66ivA96mhuQnqTy1cv7uELS4MHdYtpbRGJdW9t7Fn,2025-12-17T22:25:18Z,2025-12-17T22:25:18Z,MEDIUM,,False
9EdU9aj697y8ft9emnYGT4r1NUYFYtBNYSiDgDvXF6X,upstream,1,2,4sjtHGeAKP6DoMUdvFqQuiYKhhPpwa9XCxUyuFD2pump,2026-01-01T09:45:52Z,2026-01-01T09:45:52Z,MEDIUM,,False
9EyFuf59uSAWshwrRdsJDmunWhPY2i6NBbgosYpURHj1,upstream,1,2,2iSB473Z7L2ndpWs3n22tb7H3KSGpswDTH3jP7qCCAZT,2026-08-06T19:33:55Z,2026-08-06T19:33:55Z,MEDIUM,,False
9nKfyBc4Asai9jqRT7shUTnUqFVdgEM9kxNWvu1GgWD1,upstream,1,2,9PNfxvTARzdxvQas2uknW57bnfMCS1dxW1He7rPbuhuQ,2026-07-06T18:36:48Z,2026-07-06T18:36:48Z,MEDIUM,,False
9pnhstim5NP4b7JPzC9sxm38cwLtdvP2yh3XucuebUj3,direct,1,2,8qT3o4k4aUmyLrgd7hHYmVxin3kFhQ9QsXdSXTP6pump,2025-11-23T16:14:04Z,2026-03-09T13:43:13Z,HIGH,,False
9tbGNjKTcJiYNE8rnCBxnD9kateC7eeposZrzD35d5wt,upstream,1,2,JAqRn24FuQ5MFReXNgXb8uFej5vHJDxhVtebpQvHTQZy,2025-08-13T19:00:38Z,2025-09-11T21:53:46Z,MEDIUM,,False
9tiMfCP9AxSRQGUH8xqx28HZhAdFyXoRFcCMXCbcprtq,upstream,1,2,5Sg1vv51KGCSDF2gBHgbNATCEXFjYtVhWgztNUwtgJYD,2026-07-06T12:11:43Z,2026-07-06T12:11:43Z,MEDIUM,,False
A8HopVkfbHhUihzKjnmwntgf6c7U3MgQ1ABX5qHDDQkr,upstream,1,2,JAqRn24FuQ5MFReXNgXb8uFej5vHJDxhVtebpQvHTQZy,2025-08-14T12:09:31Z,2025-08-14T12:09:31Z,MEDIUM,,False
AozvwYQDPQ5Y3gZhLr7jRNMasT9HYHGNrt1KdAXn8wNN,upstream,1,2,8qT3o4k4aUmyLrgd7hHYmVxin3kFhQ9QsXdSXTP6pump,2025-02-26T09:48:58Z,2025-02-26T09:48:58Z,MEDIUM,,False
B2Cod14EPSDDpoDCikoUFtC2u3vabBveqhtWk43Zw8Qs,upstream,1,2,13V3CbY7Q7AXnf24FMsUaQrmLxnRU4Md9phDEWZvpump,2026-04-24T20:27:28Z,2026-04-24T20:27:28Z,MEDIUM,,False
BQv3ivWyVyjpTTmAZwnVK9DS7fTmqzrur5CmTWzyRqc4,upstream,1,2,7HiD5rzoZxAYXEJ8Z4t3WgM8VE1iSKWJdxPPyEdDNzwN,2026-08-05T06:40:58Z,2026-08-05T06:40:58Z,MEDIUM,,False
BY4StcU9Y2BpgH8quZzorg31EGE4L1rjomN8FNsCBEcx,upstream,1,2,rMPLDvnn6KR773WNhZvtFNcgFwnRkc7UbPkUaiMpump,2025-03-31T08:27:13Z,2026-04-19T17:59:57Z,MEDIUM,,False
BYaaU25ffTHvn5wzF2JGKrr22pBCHdZza7KtSe2x6pkc,upstream,1,2,DJejJn1iJntJVTAixy4VRgqJFF3NMKPEMgVzbJFmpump,2025-07-12T14:48:44Z,2025-07-12T14:48:44Z,MEDIUM,,False
BmeorYgU5ejPEQuGnGLGEtPriSV2f2b2jkCfbkaLKL84,upstream,1,2,DkDwxjD5JFK7hd7qUNHqNaTeqDGcZ1ia3Y6E7EUiehEn,2026-06-21T13:02:20Z,2026-06-21T13:02:20Z,MEDIUM,,False
C4eNLxxC7XLUivghMi35YUeSfvACgnvKB18115uPUqjg,direct,1,2,4sjtHGeAKP6DoMUdvFqQuiYKhhPpwa9XCxUyuFD2pump,2026-01-01T10:22:08Z,2026-02-23T19:37:03Z,HIGH,,False
C5ouNTeSLjRKB2bNcGmQoSnBH2yPFLPuD3ReRQrW8M1Y,direct,1,2,5Sg1vv51KGCSDF2gBHgbNATCEXFjYtVhWgztNUwtgJYD,2026-09-25T05:12:56Z,2026-09-25T05:12:57Z,HIGH,,False
CCtWiwmH5BW1E1kcdvJTyC2kNYAu7zXAgD26s89Wvrkz,upstream,1,2,5Sg1vv51KGCSDF2gBHgbNATCEXFjYtVhWgztNUwtgJYD,2025-07-15T21:01:17Z,2025-07-15T21:01:17Z,MEDIUM,,False
CUTCTp5EmvxyuqBypMRwX7xhkkgyB87z1acNg5G7QtUr,upstream,1,2,F59cEB3A7RAKHGtkvR577swnPSP6EsdaBoL5AcVZpump,2025-06-02T22:12:19Z,2025-06-02T22:12:19Z,MEDIUM,,False
CriMEW4dyiGec8fFdDDtor2VT7peMJg6aqCqemLHZoHd,upstream,1,2,55bKo8bj1YVEgsbwkkd4Nwu7JhaZF9trUgbvpZ3YeVCA,2025-01-14T15:53:46Z,2025-01-14T15:53:46Z,MEDIUM,,False
DwdrYTtTWHfnfJBiN2RH6EgPbquDQLjZTfTwpykPEq1g,upstream,1,2,9xhMStAAufkH5jA5nevaGy6M9fCsQ74BZnsXyo93DkfA,2025-11-21T04:46:14Z,2025-11-21T04:46:14Z,MEDIUM,,False
EkxjSssLGfFATP8YHRYJ8UwK7a5y7RiymdFF4dWNVZD2,direct,1,2,DJejJn1iJntJVTAixy4VRgqJFF3NMKPEMgVzbJFmpump,2026-09-28T14:18:01Z,2026-09-28T14:18:02Z,HIGH,,False
FcZ2LoVNYvdva15Wkg3FbRHrbTma2UrW8B5eDQc4WJre,direct,1,2,JAqRn24FuQ5MFReXNgXb8uFej5vHJDxhVtebpQvHTQZy,2026-09-08T18:48:45Z,2026-09-10T11:42:03Z,HIGH,,False
FgfqqLKRVUe7PTRBvJ4atPSNxSCMNmt8tZFMamW6PKCR,upstream,1,2,5o43e7gYZWFNEpdqkegHY6LXkhMXB1z6f7d6TAVGEMTM,2025-05-24T17:11:21Z,2025-05-24T17:11:21Z,MEDIUM,,False
Fgx3Qb8zXSBpjDceEfaRCAbzXRsSx5sfrDwPMmJhk66r,upstream,1,2,28HydoWU7TZQxWiVQxGZyspE3qgWdCHToNDVgLoNpump,2024-11-29T22:14:03Z,2024-11-29T22:14:03Z,MEDIUM,,False
FuQUJs4AkKeF5jyMcJAssnCGdUoxhPScx9Xw23nTMonp,upstream,1,2,6akNLpNd11oq4q5zxhXGwr5jwUi6Ke4CvKmF6QeUwJCQ,2025-10-26T08:13:39Z,2025-10-26T08:13:39Z,MEDIUM,,False
G8kMg4uMjnMpSGwhxEecxFBd6QAYNxZSh2opGuZUjef9,upstream,1,2,5Sg1vv51KGCSDF2gBHgbNATCEXFjYtVhWgztNUwtgJYD,2026-09-17T11:08:02Z,2026-09-17T11:08:02Z,MEDIUM,,False
HHASXvWLFRSwRBNQgEuhU3d3x2GU63y2crpJcwBKtppX,direct,1,2,9CzNGAEutxKHJ5CwYC5Lk8X8YzgYrQnvKChP2BFEpump,2025-01-27T15:56:12Z,2026-08-04T09:55:39Z,HIGH,,False
HLFNxeqTwD25mYoEYT7mMnRAuQrUMZ98Gaji1vgVzDsh,direct,1,2,DJejJn1iJntJVTAixy4VRgqJFF3NMKPEMgVzbJFmpump,2026-09-30T15:41:50Z,2026-09-30T15:41:50Z,HIGH,,False
HUgpmqL6r4Z4iEZiVuNZ6J6QnAsSZpsL8giVyVtz3QhT,upstream,1,2,5Sg1vv51KGCSDF2gBHgbNATCEXFjYtVhWgztNUwtgJYD,2025-10-24T17:21:50Z,2025-11-04T15:03:58Z,MEDIUM,,False
HUgpmqL6r4Z4iEZiVuNZ6J6QnAsSZpsL8giVyVtz3QhT,direct,1,2,5Sg1vv51KGCSDF2gBHgbNATCEXFjYtVhWgztNUwtgJYD,2025-10-24T17:21:50Z,2025-11-04T15:03:58Z,HIGH,,False
HdXQGieyCNToeTFVH95ZamSzs2QqZ8SsLDTjnXqP3fUf,upstream,1,2,5Sg1vv51KGCSDF2gBHgbNATCEXFjYtVhWgztNUwtgJYD,2025-02-01T15:02:00Z,2025-02-01T15:02:00Z,MEDIUM,,False
JwB5LtfM1vqCHJfYYHFQVH3rYkiZGeFGULTzuNBiq6T,upstream,1,2,DkDwxjD5JFK7hd7qUNHqNaTeqDGcZ1ia3Y6E7EUiehEn,2026-07-21T19:49:48Z,2026-07-21T19:49:48Z,MEDIUM,,False
ooNC1i4QUfpuanMWhPVrYA4k7Rv7NRLezxhj2Xi2GXc,upstream,1,2,9ek8utEujXFmiM9wXcWKPF18y57PmeG8rsiBZGzzpump,2025-02-03T23:21:03Z,2025-02-03T23:21:03Z,MEDIUM,,False
sRMNf6bSwarzP75qy5zXQGDMVCjFVko6HQVkrU9HyfN,direct,1,2,DkDwxjD5JFK7hd7qUNHqNaTeqDGcZ1ia3Y6E7EUiehEn,2026-09-13T19:26:25Z,2026-09-13T19:26:50Z,HIGH,,False
y5Y5SA5ycj15Lv8ex1wBk5YmEuY3v4qSWbQRaaxS2Rn,upstream,1,2,DJejJn1iJntJVTAixy4VRgqJFF3NMKPEMgVzbJFmpump,2026-09-30T15:09:18Z,2026-09-30T15:09:18Z,MEDIUM,,False
zpc7K7Jwu4JNMV2EBDixLmC9W2RW4BHsw7NAeQFX4xy,direct,1,2,BmU6YJP2YCAo8sc2dkeR8KjvF3rGFBHZL25ejysppump,2026-03-27T02:34:26Z,2026-05-30T21:00:33Z,HIGH,,False
123eEjjZfW6cp4QDLWkhGhKHqkemSyCn5r4YNsZbZYn7,upstream,1,1,21XJbyQWEhmeoxKRHdGrEjetSfHopvtp68LWzdvT471M,2022-09-05T17:01:00Z,2022-09-05T17:01:00Z,MEDIUM,,False
13NnZ5nLex8vuijPD6gz1UFkvtC1CGeqMQzcD8pm6Azk,direct,1,1,DkDwxjD5JFK7hd7qUNHqNaTeqDGcZ1ia3Y6E7EUiehEn,2026-04-17T22:43:48Z,2026-04-17T22:43:48Z,HIGH,,False
1CBL8uqHo4MUJLU81j6o8rbKWymuVj9pw6jt2oSzNdQ,upstream,1,1,4kkrecvSVnnkK3RZcJ85tNFiZu9pWg584yHjNCqEpump,2025-02-25T05:40:56Z,2025-02-25T05:40:56Z,MEDIUM,,False
1CBL8uqHo4MUJLU81j6o8rbKWymuVj9pw6jt2oSzNdQ,direct,1,1,B3xU49SW3khA7m5Lgata2fmPxZeQRuaJbCruPsVDpump,2025-02-25T05:40:56Z,2025-02-25T05:40:56Z,HIGH,,False
1RCsDgRgiwBSAVkCiwbx3q76G49dVqhKp7Mujb343Lp,direct,1,1,4sjtHGeAKP6DoMUdvFqQuiYKhhPpwa9XCxUyuFD2pump,2026-08-06T18:19:48Z,2026-08-06T18:19:48Z,HIGH,,False
1is9oi6RJsNFFskoF6aw3RvFYqm3Hg8rTbHGEVGde9P,direct,1,1,6VMsrZvNaSzddT6vkY6dEDoFMeK5EoHD4KCAycfQpump,2026-09-01T01:32:22Z,2026-09-01T01:32:22Z,HIGH,,False
1t2g8urhTGnsHkfZGd8gaa73j7xmnsRE8mDwFwKpQAc,upstream,1,1,28HydoWU7TZQxWiVQxGZyspE3qgWdCHToNDVgLoNpump,2026-08-06T12:46:31Z,2026-08-06T12:46:31Z,MEDIUM,,False
21BfWbfnyhGxS2eVcemwFQT4zfVyMPT22n8vLzAd1SrS,upstream,1,1,8ypYfW5cjafrfAZij8TZj5SFHAbPNpiRio96LMzypDkn,2025-08-20T07:01:42Z,2025-08-20T07:01:42Z,MEDIUM,,False
21bdFS5iMS2mKyH5pgdNNv4AFYbTkTzevV2sK1E4A9GE,upstream,1,1,9xhMStAAufkH5jA5nevaGy6M9fCsQ74BZnsXyo93DkfA,2026-06-17T01:23:09Z,2026-06-17T01:23:09Z,MEDIUM,,False
22W63k5ezY4yCCZXqp8BaC7VxvXXRgi9MueQJFwtxjmY,upstream,1,1,6XD1vorwquLXjTSL5W4MJMGewZBeiEcPFmZw527TSwva,2025-02-24T12:18:50Z,2025-02-24T12:18:50Z,MEDIUM,,False
22Z3WvK2XaXJQxw7R2k4QdCrkpKMDfbm2877RLiDV3uv,direct,1,1,5nnWe5SCBaNMC3oNiR7utth6kx3mH1dhmCarjDb91shW,2026-09-08T16:10:44Z,2026-09-08T16:10:44Z,HIGH,,False
22jw97kv6gBX9HKVq4wmxDicZuP13JsNXpmqTjKJRwzy,direct,1,1,CziyAr14UNUrfkxpioWSumkLXMwWnDWN2bu2WR5ao7kc,2026-09-13T13:53:22Z,2026-09-13T13:53:22Z,HIGH,,False
22trCzDYoxcyNLzmpjkHCPKfriHHF5JT1PoASEWK6YpA,direct,1,1,5nnWe5SCBaNMC3oNiR7utth6kx3mH1dhmCarjDb91shW,2026-04-28T04:39:48Z,2026-04-28T04:39:48Z,HIGH,,False
23jSxZLLrMVTUfzLcoTc6ExKYJcYFECT5JDXr4PjuPwi,upstream,1,1,9CzNGAEutxKHJ5CwYC5Lk8X8YzgYrQnvKChP2BFEpump,2025-07-19T15:55:45Z,2025-07-19T15:55:45Z,MEDIUM,,False
23tSwnQnpRbBW3UrjHCkdmXiNbjt3g4ifja2mX9vP6jQ,upstream,1,1,EoKqyKksc4ekiPVuBD9FiztYQHkV59x8KTcZ3ReLpump,2026-05-21T22:01:17Z,2026-05-21T22:01:17Z,MEDIUM,,False
23yMvb3efvp4ZwX4XGoAH1FjTGTmUuqahLRZYJnA95PG,direct,1,1,FuF2M5T79HJdpJUbp46qwWssLXQ1Xjf1yiNSfyo5UEGC,2026-07-09T18:46:57Z,2026-07-09T18:46:57Z,HIGH,,False
24CYQGxJxy5kUpukXEiGWMwjBC5fBsRWtH34CmMo8i3d,direct,1,1,Er5RuNhTEwJH5dHv9c3YGATjgkLCETH4dKazntyWEtXY,2026-09-17T09:00:17Z,2026-09-17T09:00:17Z,HIGH,,False
24bib8SAXp1wDkQaDp1J2BocVMPXdrgCXTzmSM44APev,upstream,1,1,H8oe2SCksJcYzhPeS4TsbteusgZW5k7QaZ4boKyq8C7U,2024-02-16T16:55:29Z,2024-02-16T16:55:29Z,MEDIUM,,False
254NTYZVLhwpcxyMXrf4wvT3UpFPT4cTBqUGZ8iu8oN4,upstream,1,1,6XD1vorwquLXjTSL5W4MJMGewZBeiEcPFmZw527TSwva,2026-09-27T09:05:25Z,2026-09-27T09:05:25Z,MEDIUM,,False
25BEKGQEjMczehdSyist7dRjnt9CHoxdoxkZGzAD6YU2,upstream,1,1,9PNfxvTARzdxvQas2uknW57bnfMCS1dxW1He7rPbuhuQ,2025-09-01T19:43:10Z,2025-09-01T19:43:10Z,MEDIUM,,False
25vbSwn2scXQKjSMi2VjCmMKYtUP2MvNztiR2g8rE8kD,direct,1,1,8ypYfW5cjafrfAZij8TZj5SFHAbPNpiRio96LMzypDkn,2026-09-30T20:40:47Z,2026-09-30T20:40:47Z,HIGH,,False
25xwHLPvi3gpTpWokV7Gd1hJ8bxchKhRCjQw9uTKbgH4,upstream,1,1,55bKo8bj1YVEgsbwkkd4Nwu7JhaZF9trUgbvpZ3YeVCA,2026-09-07T15:33:24Z,2026-09-07T15:33:24Z,MEDIUM,,False
26D8yhgqAAYykJs9yW8ryF2etxt4eYt1Wqkc6FgFpWuX,direct,1,1,F59cEB3A7RAKHGtkvR577swnPSP6EsdaBoL5AcVZpump,2026-08-29T18:20:40Z,2026-08-29T18:20:40Z,HIGH,,False
26K92n1ypmtVTKpiGunm6RY2fNvW72sNy5DLvN2XMJYE,upstream,1,1,7dACCWZXF4Lr9ftxFpi7TJk7a3hcPpUwGPAcTuXDpump,2026-06-30T15:19:00Z,2026-06-30T15:19:00Z,MEDIUM,,False
26Qypv6zifZDUsSU8CUY6EQHu2ADmjAgXUgpU7YkavXt,upstream,1,1,ASftCNtzPNmK3nMDvpQNvpLauKS45Vkq7kwTPutqUBL1,2025-08-15T01:05:00Z,2025-08-15T01:05:00Z,MEDIUM,,False
26VKXZa4cvRq28taPukQxufWZzM6uhu5JVA1tu1aMg1T,upstream,1,1,5Sg1vv51KGCSDF2gBHgbNATCEXFjYtVhWgztNUwtgJYD,2026-04-16T20:32:19Z,2026-04-16T20:32:19Z,MEDIUM,,False
26wJeAcA8T5B8qY8mR29nU7Dcpu9NAtB89svX4QUFJJc,upstream,1,1,9xhMStAAufkH5jA5nevaGy6M9fCsQ74BZnsXyo93DkfA,2024-10-25T21:00:51Z,2024-10-25T21:00:51Z,MEDIUM,,False
27RQRbJEavTZHueUr71y2oDoQr9CZxX1n2FGDmSNDvkn,upstream,1,1,9xhMStAAufkH5jA5nevaGy6M9fCsQ74BZnsXyo93DkfA,2026-01-13T21:16:48Z,2026-01-13T21:16:48Z,MEDIUM,,False
27sVjpAaxbsFWk3ErMkA8xs198tuus4tW4PQdwfjUsLa,upstream,1,1,8qT3o4k4aUmyLrgd7hHYmVxin3kFhQ9QsXdSXTP6pump,2026-07-24T23:56:07Z,2026-07-24T23:56:07Z,MEDIUM,,False
28PDuwL3FJthnrzVy8HjYK33PUFk1rYnmwtQvQZqEish,upstream,1,1,5Sg1vv51KGCSDF2gBHgbNATCEXFjYtVhWgztNUwtgJYD,2026-02-12T17:41:51Z,2026-02-12T17:41:51Z,MEDIUM,,False
299DWztSsFJuNj6hJU79eEHuG9vnRmcTLUWyDNnJKy7z,direct,1,1,21XJbyQWEhmeoxKRHdGrEjetSfHopvtp68LWzdvT471M,2026-03-16T15:51:10Z,2026-03-16T15:51:10Z,HIGH,,False
29TDVXRycLuUak3vfmTmDPxGf155McEWabziUwfubnFu,upstream,1,1,7HiD5rzoZxAYXEJ8Z4t3WgM8VE1iSKWJdxPPyEdDNzwN,2026-09-30T14:23:42Z,2026-09-30T14:23:42Z,MEDIUM,,False
29TDVXRycLuUak3vfmTmDPxGf155McEWabziUwfubnFu,direct,1,1,7HiD5rzoZxAYXEJ8Z4t3WgM8VE1iSKWJdxPPyEdDNzwN,2026-09-30T14:23:42Z,2026-09-30T14:23:42Z,HIGH,,False
2A8dxFVNriZdM1Us85EFvQdnx3dTixCGaNwRseWXy856,upstream,1,1,6sFMbTF2VTzutzKekenJujFZBqb4TiBZJKfyLMUbpump,2026-09-09T10:50:19Z,2026-09-09T10:50:19Z,MEDIUM,,False
2AtFkEamLgK9ByuFX5XmG7WHZ9CVLFC6pxhWpfYkL1KZ,direct,1,1,Er5RuNhTEwJH5dHv9c3YGATjgkLCETH4dKazntyWEtXY,2024-12-11T20:30:12Z,2024-12-11T20:30:12Z,HIGH,,False
2BjDxSPWxeWEmGdrehuQVGx1BmSoajJM8tuKPejs5kLG,direct,1,1,8qT3o4k4aUmyLrgd7hHYmVxin3kFhQ9QsXdSXTP6pump,2026-05-27T18:15:16Z,2026-05-27T18:15:16Z,HIGH,,False
2Bnfwfq5hvp6HcaxUMZkufBFa9i418zLNHNbsXZFGCt9,direct,1,1,JAqRn24FuQ5MFReXNgXb8uFej5vHJDxhVtebpQvHTQZy,2025-07-29T16:10:25Z,2025-07-29T16:10:25Z,HIGH,,False
2Br5PgoRdtT5R7Bgc1JSmRHxxYgWjHMysmG92gALKqEo,upstream,1,1,omskHvyNvQSn3PFak3E8JHQJeSVJFsrc6izWT12pump,2026-05-10T16:58:15Z,2026-05-10T16:58:15Z,MEDIUM,,False
2Bv4r6WYPQruJy5hRDs4NnUW9WpwFUKGdKMEffSCzrjD,direct,1,1,13V3CbY7Q7AXnf24FMsUaQrmLxnRU4Md9phDEWZvpump,2026-09-03T16:14:58Z,2026-09-03T16:14:58Z,HIGH,,False
2DEefRwV1TL9PQfW4aakkxNBsaxEopstBjWk12XBgoq6,upstream,1,1,6VMsrZvNaSzddT6vkY6dEDoFMeK5EoHD4KCAycfQpump,2025-11-16T09:44:13Z,2025-11-16T09:44:13Z,MEDIUM,,False
2DcYQBjFps6F7sY4gJgsVzuzM7VSrUnC7JQS6dWcaU35,direct,1,1,8qT3o4k4aUmyLrgd7hHYmVxin3kFhQ9QsXdSXTP6pump,2026-05-03T15:13:39Z,2026-05-03T15:13:39Z,HIGH,,False
2DcYQBjFps6F7sY4gJgsVzuzM7VSrUnC7JQS6dWcaU35,upstream,1,1,8qT3o4k4aUmyLrgd7hHYmVxin3kFhQ9QsXdSXTP6pump,2026-05-03T15:13:39Z,2026-05-03T15:13:39Z,MEDIUM,,False
2Dd3TRSdNwVzPQHR7tKSxq3ABg9QiQsF1EL4Zqi5aegn,direct,1,1,7Q9VxTczrzgvjXWbJJZibR7hbYAohngsNsuEhdEcpump,2026-08-29T11:11:31Z,2026-08-29T11:11:31Z,HIGH,,False
2DdtVmUQqiqUcefmdfdX1GqcpQEvWmxhkkbRN19EEhB9,direct,1,1,AmWCcDf6tG7zB3VPeDVjeXL5N567fXAiHcTKw3xXpump,2026-02-16T16:01:33Z,2026-02-16T16:01:33Z,HIGH,,False
2Dh5mDcqxaYHAhAPm1oxAPqhmEoBAF2QZ3L31acrwfCr,direct,1,1,55bKo8bj1YVEgsbwkkd4Nwu7JhaZF9trUgbvpZ3YeVCA,2026-09-17T20:09:31Z,2026-09-17T20:09:31Z,HIGH,,False
2DkRNHucPFs1Awwq9Y78x9Jwi9DzpJVnYUNidAFwhqw8,upstream,1,1,rMPLDvnn6KR773WNhZvtFNcgFwnRkc7UbPkUaiMpump,2026-05-12T03:16:04Z,2026-05-12T03:16:04Z,MEDIUM,,False
2EJn6dXTV8TBMHPdcft2oWrUiaHwqatv6Medk5dcpqwX,upstream,1,1,9xhMStAAufkH5jA5nevaGy6M9fCsQ74BZnsXyo93DkfA,2025-10-31T16:32:07Z,2025-10-31T16:32:07Z,MEDIUM,,False
2FMwyRw5CZS5qU6rixeQEH6Sqw48oTAYCrmm2EK5pjza,direct,1,1,BmU6YJP2YCAo8sc2dkeR8KjvF3rGFBHZL25ejysppump,2026-05-12T21:37:01Z,2026-05-12T21:37:01Z,HIGH,,False
2FpDTv8qpuKpRs2uwurUdu3TMB8EsJJTKBsYwKGjP7uY,direct,1,1,F59cEB3A7RAKHGtkvR577swnPSP6EsdaBoL5AcVZpump,2026-08-31T17:47:55Z,2026-08-31T17:47:55Z,HIGH,,False
2GMVpLAd7APp2sdxWp4NjtWhjEFFxPQh7PAPAk1u4cMo,direct,1,1,7xXo3JYBqzh6D91XRppzFRLfw8wJHypeukGaNWwKgZ8m,2024-12-15T10:38:03Z,2024-12-15T10:38:03Z,HIGH,,False
2Gh8ojxpYovp2udAcqAAueTApDtSK75noLP51sb9Tz7r,direct,1,1,67afrnTxo8DVc52Uev61Yo4Yr9BGQpRw1RpPMWcx42La,2026-08-10T11:15:17Z,2026-08-10T11:15:17Z,HIGH,,False
2Go2Zma7xGnHJEtPitfaqxbtzfgZp26WLugP2GNVDNVs,direct,1,1,6VMsrZvNaSzddT6vkY6dEDoFMeK5EoHD4KCAycfQpump,2026-09-04T19:25:56Z,2026-09-04T19:25:56Z,HIGH,,False
2GzXgEqGSfKrzGkSYfkte7tcpUJfevpxuu2b8QVPPHqq,direct,1,1,FuF2M5T79HJdpJUbp46qwWssLXQ1Xjf1yiNSfyo5UEGC,2025-02-04T02:52:58Z,2025-02-04T02:52:58Z,HIGH,,False
2HHGsXfTo6NuFuLUgvHdLPL5vkkoictHyqrWUTgAiNf5,direct,1,1,EoKqyKksc4ekiPVuBD9FiztYQHkV59x8KTcZ3ReLpump,2026-09-02T10:10:49Z,2026-09-02T10:10:49Z,HIGH,,False
2Hh8rsEiG3yuSraQcYhyQLJAp1MTzaZ9WGSGCTTCfyxu,direct,1,1,8G7aM6Gco4fHjVpmVvUdVvhKMKaWXJEqkCKRvPdepump,2026-08-24T13:21:00Z,2026-08-24T13:21:00Z,HIGH,,False
2Hzsraf9VmBzphSTx1Hmv8JSVjyMJo16qKdQ5g1BZ47N,upstream,1,1,67afrnTxo8DVc52Uev61Yo4Yr9BGQpRw1RpPMWcx42La,2025-04-26T17:31:09Z,2025-04-26T17:31:09Z,MEDIUM,,False
2K7SBNPTfVsSL226bCg1zeGCfvzbrba5uf57XtXpZqd5,upstream,1,1,9xhMStAAufkH5jA5nevaGy6M9fCsQ74BZnsXyo93DkfA,2025-12-13T13:33:13Z,2025-12-13T13:33:13Z,MEDIUM,,False
2KWzMnQaqCZmoHvSiW8vVkYQyNw7WpZCxLMexWjETGeS,direct,1,1,28HydoWU7TZQxWiVQxGZyspE3qgWdCHToNDVgLoNpump,2026-08-31T17:50:06Z,2026-08-31T17:50:06Z,HIGH,,False
2LSncYjJrRsorTTG7UeTia9rmGo8pw8JtaAoYbq7CV5F,direct,1,1,49aM4HrGABwG9F8iAn385zzcsS6mxHEFY8YN3H7y1Cd9,2026-09-07T09:26:05Z,2026-09-07T09:26:05Z,HIGH,,False
2MTSKhLT9X8KAVn4usFrBnWmD9GJoKqRRTc9wUeHNXuo,upstream,1,1,5DoZAeBkoci5t5zPhUiuhQFjuzYTfkSv5Seojsxppump,2024-01-26T05:00:27Z,2024-01-26T05:00:27Z,MEDIUM,,False
2MVExGezMytCcuP98muESamxJrqdKzgt3J7hF3WLeUhY,upstream,1,1,8qT3o4k4aUmyLrgd7hHYmVxin3kFhQ9QsXdSXTP6pump,2021-05-24T22:10:06Z,2021-05-24T22:10:06Z,MEDIUM,,False
2MeWgtCqW1iaR71Rs2xrCZUZMir5ErvfEALyGSrSAyp9,direct,1,1,UsrcsZMqw6p53Fohu16UCBjsbjqc73XmoRFZDcnCtMR,2026-09-08T02:12:05Z,2026-09-08T02:12:05Z,HIGH,,False
2MzJPpGqhmPXoSz6UJWF77Aw3ymqFZjXEbkfWzXvQzxV,direct,1,1,8qT3o4k4aUmyLrgd7hHYmVxin3kFhQ9QsXdSXTP6pump,2026-08-31T20:35:23Z,2026-08-31T20:35:23Z,HIGH,,False
2P44dU9WE1bUL6mAzHr1WVu3j16sw9DoUd8evec1KBfn,direct,1,1,AmWCcDf6tG7zB3VPeDVjeXL5N567fXAiHcTKw3xXpump,2024-05-01T04:38:32Z,2024-05-01T04:38:32Z,HIGH,,False
2PGdzLYH4kmtQmntgb6271FmqRj8oyM7kJUeUqpNGUmV,direct,1,1,6akNLpNd11oq4q5zxhXGwr5jwUi6Ke4CvKmF6QeUwJCQ,2026-08-17T05:34:53Z,2026-08-17T05:34:53Z,HIGH,,False
2PLXRaNwZ6yExq3WDrn1Dxns2wjeppEUKnwUNdqkXSAG,direct,1,1,dy6zeSw9j2zHprXLwk1uUGAD4d2HF5R3pAFrL6bRAKs,2026-09-12T03:40:34Z,2026-09-12T03:40:34Z,HIGH,,False
2PNxaSXhdMBbiF8LJ7E5nUFxZWPW5zTnijtws13mCgzj,direct,1,1,4prKtarobdhYDY4Hu3uGZMx7Je4HqPJeLVyxN6m4Ld3T,2026-06-29T09:09:04Z,2026-06-29T09:09:04Z,HIGH,,False
2PenKPUdCp2G92BkxoBRx1Kjhx4sgkKjbqQapvmQ3jtQ,direct,1,1,13V3CbY7Q7AXnf24FMsUaQrmLxnRU4Md9phDEWZvpump,2026-08-03T16:52:49Z,2026-08-03T16:52:49Z,HIGH,,False
2PtTh7AELC9f6VPAKpJA2Hz68N8c8b4AcC2YDkXiVqJA,upstream,1,1,6akNLpNd11oq4q5zxhXGwr5jwUi6Ke4CvKmF6QeUwJCQ,2025-10-18T00:23:27Z,2025-10-18T00:23:27Z,MEDIUM,,False
2QDEo6K6KajXn4WkcewPBJFCuMbixgL5Y7t2uA3R2Aex,direct,1,1,8ypYfW5cjafrfAZij8TZj5SFHAbPNpiRio96LMzypDkn,2026-09-24T17:39:14Z,2026-09-24T17:39:14Z,HIGH,,False
2QyeSLeJvfmjGfcT8rPubaxW8satHfbRnYSPrruv1fHT,direct,1,1,5o43e7gYZWFNEpdqkegHY6LXkhMXB1z6f7d6TAVGEMTM,2025-09-25T21:22:58Z,2025-09-25T21:22:58Z,HIGH,,False
2RRKiWes8bSifxUARdAk5pojZQheHnoGFz1KJN4LyuRo,direct,1,1,55bKo8bj1YVEgsbwkkd4Nwu7JhaZF9trUgbvpZ3YeVCA,2026-06-19T11:54:13Z,2026-06-19T11:54:13Z,HIGH,,False
2RztdRP8yeE6iHvTuPYxafedNWKoXwid2RcEw9A7bGuY,direct,1,1,AgB5SxiP1DFZbW9uDAH7s8Mhv1HF21nJv67tnAAYpump,2026-09-08T17:22:34Z,2026-09-08T17:22:34Z,HIGH,,False
2TCrKFeoYo3tA2gnfdr3ZAMvXH19ae8vEfpfQS4y8Zr8,direct,1,1,JAqRn24FuQ5MFReXNgXb8uFej5vHJDxhVtebpQvHTQZy,2026-09-06T04:20:11Z,2026-09-06T04:20:11Z,HIGH,,False
2TTiNMwYU2ryfXMvsQSnjs1PAnnekSWh8cnRmjUHxk78,direct,1,1,7xXo3JYBqzh6D91XRppzFRLfw8wJHypeukGaNWwKgZ8m,2026-08-31T02:20:31Z,2026-08-31T02:20:31Z,HIGH,,False
2Ujy5SeyUretAdeoK6uPtu8UnGoizJncMWQn21cP3CVj,upstream,1,1,49aM4HrGABwG9F8iAn385zzcsS6mxHEFY8YN3H7y1Cd9,2026-09-01T01:26:45Z,2026-09-01T01:26:45Z,MEDIUM,,False
2UrBEHYHFfHj7G8umcPFFS7eyWBcu9jLXtodLPAYWKSf,direct,1,1,2A6sLqrw8WN6KkgnCsN4xJkyAowBZHr2H9xQ4u3Mpump,2024-12-15T00:30:17Z,2024-12-15T00:30:17Z,HIGH,,False
2UrBEHYHFfHj7G8umcPFFS7eyWBcu9jLXtodLPAYWKSf,upstream,1,1,2A6sLqrw8WN6KkgnCsN4xJkyAowBZHr2H9xQ4u3Mpump,2024-12-15T00:30:17Z,2024-12-15T00:30:17Z,MEDIUM,,False
2VFUhP1WMQf2kDU8ALmwEykn7NbNL6EHyfPQ9x7cTR6P,upstream,1,1,69N7rm9nnp6sVoULtp5toD26F25rYum8593GupxkUYvH,2026-09-26T11:22:01Z,2026-09-26T11:22:01Z,MEDIUM,,False
2VYpP3itaX869UUNMdDFXXV31Y7Ffj4tb4twB3DwYG2u,direct,1,1,3vfxnHSCS139RZiw6MPZaEvhySnjbEi81GuF5EdNpump,2026-02-27T22:46:35Z,2026-02-27T22:46:35Z,HIGH,,False
2VqcrF9y9y4QREqWZ9PhYARcAYFF6t3ug5R1tWJ3jSpX,upstream,1,1,F41TwidZvJJcsx9c2BMwS6eH9W6HcUT4LzPmGvK9WU6N,2024-05-26T19:22:55Z,2024-05-26T19:22:55Z,MEDIUM,,False
2WDsKEwCvKAokdyrLLDzBvQZF91fFPbM5FgdLMmMxy9x,direct,1,1,6gKx5EMvnymTVz2JgFhJAqpGxTYaBdVsaLb9YfPfvg4Y,2026-08-30T12:54:40Z,2026-08-30T12:54:40Z,HIGH,,False
2Whke986MpdqjZfmXFpvrF7mM8d2q7RnksUWY6brtAbG,direct,1,1,9mqJNDG2squcqZt2zC7cWWNtVozUbQUnzVnP1jG6pump,2026-08-11T03:48:56Z,2026-08-11T03:48:56Z,HIGH,,False
2XHfQPpMQCK9AENCwYCxgM62DiehU5fZHoBH6faf9uBU,direct,1,1,H8oe2SCksJcYzhPeS4TsbteusgZW5k7QaZ4boKyq8C7U,2025-09-28T09:23:33Z,2025-09-28T09:23:33Z,HIGH,,False
2YERiDP8JqbmKDDUhPQtEfWozafQm1cdwi6KrmYo2app,direct,1,1,AbpJywMWmkf1MFonRddPVogSwPPZHB9pG4x2nKb1YaPn,2025-01-22T05:50:55Z,2025-01-22T05:50:55Z,HIGH,,False
2YPcYittsykarsbdXa6zKyELYWmuKcJpZ6TefCQPAPQi,direct,1,1,4ZUjJ5EJbwfh7teotB29uHc1SC3SiqbrkwJoNgsxibbU,2024-03-08T07:30:19Z,2024-03-08T07:30:19Z,HIGH,,False
2YpcsFivTmeaRfHNTrHZR8CGMjAYDFsnzPMDHUPXhN9g,direct,1,1,7Q9VxTczrzgvjXWbJJZibR7hbYAohngsNsuEhdEcpump,2026-08-28T21:20:57Z,2026-08-28T21:20:57Z,HIGH,,False
2YrPSB1YkgEqyxcjbodZ5fpqpwpHDfoppJqWdU8tUk49,direct,1,1,5DoZAeBkoci5t5zPhUiuhQFjuzYTfkSv5Seojsxppump,2026-09-09T09:11:08Z,2026-09-09T09:11:08Z,HIGH,,False
2Z2MwMYkS7t1E2HqMXHWAwwMUtU7UL1p19jiYvE2MyDo,upstream,1,1,GfqKCwNeAdHHi97AmgCLP5qrwcSJRDdyZ1huiU6xUXTz,2026-06-04T05:47:23Z,2026-06-04T05:47:23Z,MEDIUM,,False
2ajTXTn7VNpVv1AFB7wPg21hUKG8LDFr3YFNApHpFHHp,upstream,1,1,xeKm1qmxyHLJZLdwKpsZdx5UFtYyb124GTWRZWypump,2026-08-18T01:24:02Z,2026-08-18T01:24:02Z,MEDIUM,,False
2ajqGVfNPWuvEibgZwgYZTM1iXncyJLUKG1CBnPaCNAF,direct,1,1,3f8CKfznVUGrFfhcq8ZBY9M1xyDeEQGrh6iH372h3ebN,2024-09-03T14:55:43Z,2024-09-03T14:55:43Z,HIGH,,False
2aq6vVE4GSFY1ANiJujSJf2qkWP6XTSWL1qzVE6529LQ,direct,1,1,DkDwxjD5JFK7hd7qUNHqNaTeqDGcZ1ia3Y6E7EUiehEn,2026-08-28T17:36:04Z,2026-08-28T17:36:04Z,HIGH,,False
2chw7QX77iyTqUpTb58KkF2CFAGuFUD7U17MDijDu4C1,direct,1,1,6XD1vorwquLXjTSL5W4MJMGewZBeiEcPFmZw527TSwva,2026-10-03T18:09:31Z,2026-10-03T18:09:31Z,HIGH,,False
2dS2W42UUG5r49rrQn2ayxjqhRFnbcTGSqCewQeqJQuf,direct,1,1,sMe5iUcgTe4VXmg4WaShF5kuk6GmcKF3y4HqKGZpump,2026-06-10T13:12:33Z,2026-06-10T13:12:33Z,HIGH,,False
2dy1NmMV5Qfb45qyFQoP3JHZSyw2NBQ1B2koaHSXuXC4,upstream,1,1,3uYT8w1FxasDGmM4WDG5kXu6D9BGvyP3iEfPJEVb6ewT,2026-08-25T23:02:13Z,2026-08-25T23:02:13Z,MEDIUM,,False
2eWMo15ZYxvZGZyGqqnPBk2is5ssHemu622Meg6QBxwZ,upstream,1,1,F41TwidZvJJcsx9c2BMwS6eH9W6HcUT4LzPmGvK9WU6N,2024-12-18T18:02:59Z,2024-12-18T18:02:59Z,MEDIUM,,False
2ecFe6RaQ27FxiZm2S293XyT5oyjZ7hPY9pLkJ7kwoiA,upstream,1,1,5DoZAeBkoci5t5zPhUiuhQFjuzYTfkSv5Seojsxppump,2026-04-24T01:19:05Z,2026-04-24T01:19:05Z,MEDIUM,,False
2eiqnL7Wj5yLikWzxKBNNGzkseusf3WARA99HxBQ3wwP,direct,1,1,4prKtarobdhYDY4Hu3uGZMx7Je4HqPJeLVyxN6m4Ld3T,2026-07-01T20:41:35Z,2026-07-01T20:41:35Z,HIGH,,False
2fK2cgS6q83EYiQ9SRJhcugXpZi8CGNQ9jgbJYxP3o6e,direct,1,1,xeKm1qmxyHLJZLdwKpsZdx5UFtYyb124GTWRZWypump,2026-09-07T12:35:17Z,2026-09-07T12:35:17Z,HIGH,,False
2fTzkTQJa2WvHnibyqJVQ497paecSnRd278v18XceiBB,direct,1,1,6akNLpNd11oq4q5zxhXGwr5jwUi6Ke4CvKmF6QeUwJCQ,2026-09-30T02:46:01Z,2026-09-30T02:46:01Z,HIGH,,False
2fXJGV85i2jDVAPEpdRKKeLBgNybfFWj5F1pJRGH1dgo,upstream,1,1,9CzNGAEutxKHJ5CwYC5Lk8X8YzgYrQnvKChP2BFEpump,2026-09-03T16:05:00Z,2026-09-03T16:05:00Z,MEDIUM,,False
2fbXJ2pv5kKTbwfUd8ZaDSFAkf7NJLGh9Yzqvvv6UBAC,upstream,1,1,2BucyGvsg9wwTwsaFsEUFgdphrCtp94pDRtHowJUpump,2026-01-15T06:34:03Z,2026-01-15T06:34:03Z,MEDIUM,,False
2fxf8QJm59Lz4Nc4xWmpZfCLZEbofGcHxt1ZEFopSk2j,direct,1,1,44s336LDz8bXp4rpxy1qwUfysZ4THjpReQWTKQg7pump,2026-08-10T16:25:36Z,2026-08-10T16:25:36Z,HIGH,,False
2gmPbYGNHZrZAn3G19wxkbpxxkkTAKAFRLXfzbMqrAiS,direct,1,1,21XJbyQWEhmeoxKRHdGrEjetSfHopvtp68LWzdvT471M,2025-10-05T14:58:52Z,2025-10-05T14:58:52Z,HIGH,,False
2h1DcFf3YkNs67QAjMkGmAc7Y8aAnLxnkgHpZdceBFah,direct,1,1,Ajz86fyiygsv8kZkUyDxogxkz5VfKRs4HTEABVTfpump,2026-08-29T11:27:15Z,2026-08-29T11:27:15Z,HIGH,,False
2hN82SXLUffhG3vxpezRmae1sGrCBMqHHBDxjmjpagqk,direct,1,1,7aLLQRBpGCaSLmmHGf34MGtbdtTumiB14d14TtDnpump,2026-06-30T04:55:54Z,2026-06-30T04:55:54Z,HIGH,,False
2hWTpBw7JDMc9HoPFR1VPaaJXQq95binTXTMm5kssn6k,upstream,1,1,AbpJywMWmkf1MFonRddPVogSwPPZHB9pG4x2nKb1YaPn,2026-08-29T12:44:40Z,2026-08-29T12:44:40Z,MEDIUM,,False
2hkmTdkBaM8aE7W6ckzWNMJZD2JLVT7bF4gK2oTRAVqS,upstream,1,1,Er5RuNhTEwJH5dHv9c3YGATjgkLCETH4dKazntyWEtXY,2026-05-28T08:58:43Z,2026-05-28T08:58:43Z,MEDIUM,,False
2jHGY77pyUkSK4e2EVYJL6L24T3kNKRcZg1f4CV19Kgs,direct,1,1,DTm66ivA96mhuQnqTy1cv7uELS4MHdYtpbRGJdW9t7Fn,2025-06-25T15:45:40Z,2025-06-25T15:45:40Z,HIGH,,False
2k5hrzuykwyTbUe8L7UriYAQhr5hijNLgBvEB4B9pP5y,direct,1,1,JAqRn24FuQ5MFReXNgXb8uFej5vHJDxhVtebpQvHTQZy,2026-09-08T08:41:46Z,2026-09-08T08:41:46Z,HIGH,,False
2k6wLxZPyBaEovVaaEsWZaP5qWLUSwCVag46w1YmCmfv,direct,1,1,9xhMStAAufkH5jA5nevaGy6M9fCsQ74BZnsXyo93DkfA,2026-06-04T20:31:58Z,2026-06-04T20:31:58Z,HIGH,,False
2kGy3tdoCju48S3HPfdNUD4HQWaQ4RtAnCUp9cYs4mxw,upstream,1,1,CziyAr14UNUrfkxpioWSumkLXMwWnDWN2bu2WR5ao7kc,2026-08-25T19:31:01Z,2026-08-25T19:31:01Z,MEDIUM,,False
2nJQfGcBmZ3QvP4nqA6wFB8VMKDdq4ybFsEhRKaayy6r,direct,1,1,8ypYfW5cjafrfAZij8TZj5SFHAbPNpiRio96LMzypDkn,2025-10-28T15:08:20Z,2025-10-28T15:08:20Z,HIGH,,False
2nR2HZi6yEHjDB5skt1mp8GAXhRf2hCGVUc1hSbj1e2Y,upstream,1,1,EoKqyKksc4ekiPVuBD9FiztYQHkV59x8KTcZ3ReLpump,2026-05-21T22:00:11Z,2026-05-21T22:00:11Z,MEDIUM,,False
2nqV7Xu4f6GRpDhd83kKk6DJRkdSHNbL8aXXqHXyGuzf,direct,1,1,D4aEpQLW45YnWrBmztcpJHqabbPtFe9F9PTv8Umvpump,2026-08-26T13:21:05Z,2026-08-26T13:21:05Z,HIGH,,False
2o8BTfnzYzbA8AZ62rF1Nnte4kxoGJwSk6A9FV1niwpi,direct,1,1,3coFBLantjJkMRmzaQ4znMQQzfqFYTyBeNhdXYAzpump,2026-05-12T19:23:48Z,2026-05-12T19:23:48Z,HIGH,,False
2ojv9BAiHUrvsm9gxDe7fJSzbNZSJcxZvf8dqmWGHG8S,direct,1,1,4prKtarobdhYDY4Hu3uGZMx7Je4HqPJeLVyxN6m4Ld3T,2021-12-19T15:14:47Z,2021-12-19T15:14:47Z,HIGH,Binance Exchange,True
2ouorqjYxUHsURzkiHkPNShnjnqusDAB9ZvLmSVmwNEH,upstream,1,1,6sFMbTF2VTzutzKekenJujFZBqb4TiBZJKfyLMUbpump,2025-01-23T05:11:28Z,2025-01-23T05:11:28Z,MEDIUM,,False
2p15xtL35fDdTnAnur7Jd7a677mgvRUwDsHVZUQfpWi7,upstream,1,1,7p4MwwkUaMv4gBThVkW46QjwVaosaUrccbFV1MbXpump,2026-07-29T22:11:57Z,2026-07-29T22:11:57Z,MEDIUM,,False
2pKujY8RV98YBmK5YJ3GyvbPZBjv4AzhrbCo4VUhxBPv,direct,1,1,9CzNGAEutxKHJ5CwYC5Lk8X8YzgYrQnvKChP2BFEpump,2026-04-20T09:27:56Z,2026-04-20T09:27:56Z,HIGH,,False
2pegVRMXkuZN6WorioKBDZx4r9t5ZyLVRrQCtWbZt1RH,upstream,1,1,4kkrecvSVnnkK3RZcJ85tNFiZu9pWg584yHjNCqEpump,2026-03-05T04:14:30Z,2026-03-05T04:14:30Z,MEDIUM,,False
2q8Jmt16czWroqgTm2Zc1u6YEHWhwJ5efY5tWVS3vPmG,upstream,1,1,F41TwidZvJJcsx9c2BMwS6eH9W6HcUT4LzPmGvK9WU6N,2026-03-31T11:47:02Z,2026-03-31T11:47:02Z,MEDIUM,,False
2qhTDiAvDAg2xpGRfoSBpzWLCTQqbSvv6W6uMtVLceUC,upstream,1,1,55bKo8bj1YVEgsbwkkd4Nwu7JhaZF9trUgbvpZ3YeVCA,2025-01-12T21:22:33Z,2025-01-12T21:22:33Z,MEDIUM,,False
2qsjppX1xRV5cvFedpDR4bjqhZDJQR9G5qkwNqTu2hLy,upstream,1,1,DkDwxjD5JFK7hd7qUNHqNaTeqDGcZ1ia3Y6E7EUiehEn,2026-08-24T18:13:09Z,2026-08-24T18:13:09Z,MEDIUM,,False
2sDZJ8kcp4w6ugWrrVMBquzGnPGiFq8HgRux5ofsSX43,direct,1,1,3GeNgcFpMwH9ts5b3W3jddtfwhwAURaykTy8YjtrGQWT,2026-08-20T00:35:26Z,2026-08-20T00:35:26Z,HIGH,,False
2sfLCQ9nAyantayppPR81Xb4fzPmm1SLJ3742isf7URd,direct,1,1,7p4MwwkUaMv4gBThVkW46QjwVaosaUrccbFV1MbXpump,2026-08-03T14:01:37Z,2026-08-03T14:01:37Z,HIGH,,False
2sgmk6ZxsJW8v71TzgoGeKBrqy5xjxsZgcoKsi1KzpXR,upstream,1,1,CHygERrxnc5QByNCwxUNSMhP7tKJA7rh6hNBdJ2spump,2026-07-11T18:52:52Z,2026-07-11T18:52:52Z,MEDIUM,,False
2stjSbsoDVR2xwSaVMcy8UsBHmaUSjjPXsEbwfrwjPZE,upstream,1,1,AbpJywMWmkf1MFonRddPVogSwPPZHB9pG4x2nKb1YaPn,2026-07-18T17:44:39Z,2026-07-18T17:44:39Z,MEDIUM,,False
2t2nCWwqqRGXiC3FJ2Ma76m2SyzpKQXb42CJUzr47sEY,direct,1,1,AbpJywMWmkf1MFonRddPVogSwPPZHB9pG4x2nKb1YaPn,2026-08-27T14:05:56Z,2026-08-27T14:05:56Z,HIGH,,False
2tucFJ4gJfFLxKMDsDKCj7nuXmWy11T8hdM7H77ckx1Z,direct,1,1,EkTkjVEfhvgkoCwheMTnr8mhEmJ6Q7ZR8q7ZMCcnpump,2026-09-08T12:30:50Z,2026-09-08T12:30:50Z,HIGH,,False
2tzhXehG4PpkbQNTWNboxGK6c8x93a6dJ6tRzaXc5vTs,upstream,1,1,4prKtarobdhYDY4Hu3uGZMx7Je4HqPJeLVyxN6m4Ld3T,,,MEDIUM,,False
2uMZbVVMmMTMmAi9iZ1uPTBmWAfnyNbEP8HUEjE1B2YQ,direct,1,1,8G7aM6Gco4fHjVpmVvUdVvhKMKaWXJEqkCKRvPdepump,2025-05-26T16:45:50Z,2025-05-26T16:45:50Z,HIGH,,False
2ucxhoUvzKhfSMGaNRKAL38TkXHyDzkPYrb4gjKgUB2X,direct,1,1,FuF2M5T79HJdpJUbp46qwWssLXQ1Xjf1yiNSfyo5UEGC,2026-08-28T15:26:53Z,2026-08-28T15:26:53Z,HIGH,,False
2uxKuU5ez62bfZsvsfMxhey7rE5qRK6iwrMQZeQECXNb,upstream,1,1,H9GGsNc7vA4hN13N1oU4itq8x3mrdZBdw2XdK3Mipump,2025-01-02T10:42:26Z,2025-01-02T10:42:26Z,MEDIUM,,False
2yc7UMPCg44uZSqrEhUKetZxGk5YH7PCFcSQAQrsK5qW,direct,1,1,BmU6YJP2YCAo8sc2dkeR8KjvF3rGFBHZL25ejysppump,2026-02-14T16:01:24Z,2026-02-14T16:01:24Z,HIGH,,False
2yvpxAdRmUEbDnvi8ugbzZKcvfEc4QAh1dwUgPmsoiyL,upstream,1,1,2Tiw1Tna3kAut868cjXuKoyrv8U8gi1YjTaXw7Czpump,2025-01-08T21:58:06Z,2025-01-08T21:58:06Z,MEDIUM,,False
2zjR62QWSmTXkb7Tx1v7m7h74n8D752mwbkA1kUxgvfq,upstream,1,1,9hAojtonqe4RUQarvUYZhFqC99VK1S3LCewYkSjnpump,2026-07-09T00:07:20Z,2026-07-09T00:07:20Z,MEDIUM,,False
31F25vcHTzm7FtabjyhQ6jB7USQBon3iDohkz1UBujDA,direct,1,1,6wSQipxdE9Suf8tVNaCEbcqavUbLT7gL9tibpm3Jpump,2025-03-02T00:17:26Z,2025-03-02T00:17:26Z,HIGH,,False
31iiqnKZJjgFutgMgmiZUoaUphRR19WuYbcRXsvXS2oi,upstream,1,1,9CzNGAEutxKHJ5CwYC5Lk8X8YzgYrQnvKChP2BFEpump,2026-04-19T18:22:02Z,2026-04-19T18:22:02Z,MEDIUM,,False
32TQ7hYtg9NTb33YGVJ2JZKELE347ozKuiV7M22UsnQN,direct,1,1,9PNfxvTARzdxvQas2uknW57bnfMCS1dxW1He7rPbuhuQ,2026-10-03T17:33:32Z,2026-10-03T17:33:32Z,HIGH,,False
32hYSFgwy5S6wzvfeMyDHXiPBUeJ6ZzhPVpaB6iQWNqc,direct,1,1,4kkrecvSVnnkK3RZcJ85tNFiZu9pWg584yHjNCqEpump,2026-07-24T19:35:01Z,2026-07-24T19:35:01Z,HIGH,,False
33qFu5dxXmRrxCEQ1zjCzFDMuV6RXQDVcXik7NBRCqNW,direct,1,1,sMe5iUcgTe4VXmg4WaShF5kuk6GmcKF3y4HqKGZpump,2025-06-25T21:33:04Z,2025-06-25T21:33:04Z,HIGH,,False
33rnFpiW4okBDH7P8QxjvVDXEcdctVzyAvfgRPYKdrxE,direct,1,1,rMPLDvnn6KR773WNhZvtFNcgFwnRkc7UbPkUaiMpump,2026-05-12T03:16:07Z,2026-05-12T03:16:07Z,HIGH,,False
34MZoBpZh6MCyoJteXfCYBzD8fEpbPLvKZvPui6yQNgz,direct,1,1,rMPLDvnn6KR773WNhZvtFNcgFwnRkc7UbPkUaiMpump,2026-05-07T10:48:01Z,2026-05-07T10:48:01Z,HIGH,,False
34zFPRMfegW1JQqmJeaCGeiz2EqYWyBum9eRrtmcFsgv,direct,1,1,ASftCNtzPNmK3nMDvpQNvpLauKS45Vkq7kwTPutqUBL1,2025-08-26T06:03:38Z,2025-08-26T06:03:38Z,HIGH,,False
35dszeQQQzkMvjcmyrPWPnN5ZyK9ZjYkNp9kKXZWMvji,upstream,1,1,D4aEpQLW45YnWrBmztcpJHqabbPtFe9F9PTv8Umvpump,2026-04-14T15:24:52Z,2026-04-14T15:24:52Z,MEDIUM,,False
35wiK36d2EAhEPKA2JAaagza5EPxUibHB5tYpHABEStC,upstream,1,1,4prKtarobdhYDY4Hu3uGZMx7Je4HqPJeLVyxN6m4Ld3T,2025-01-24T14:58:07Z,2025-01-24T14:58:07Z,MEDIUM,,False
3663zgQk78nrpFFJNeoxWgY5y6VuorXrbqsfKYvXymH1,upstream,1,1,F59cEB3A7RAKHGtkvR577swnPSP6EsdaBoL5AcVZpump,2026-08-30T04:29:06Z,2026-08-30T04:29:06Z,MEDIUM,,False
36BDJsnUdBXbBC6tkKGXgfERqqGkTMHSx6jgnG4hnDWt,upstream,1,1,FuF2M5T79HJdpJUbp46qwWssLXQ1Xjf1yiNSfyo5UEGC,2025-04-30T22:33:06Z,2025-04-30T22:33:06Z,MEDIUM,,False
36dhXtBGUujD3gEnK1ATN6SR8MJv1ifuD4pQxXa7DD5H,upstream,1,1,2iSB473Z7L2ndpWs3n22tb7H3KSGpswDTH3jP7qCCAZT,2023-07-12T03:41:06Z,2023-07-12T03:41:06Z,MEDIUM,,False
37Hhrg2wXVPRVLPbSv9Gf6zEhHGCiSibEHHZp6ra69dK,upstream,1,1,3GeNgcFpMwH9ts5b3W3jddtfwhwAURaykTy8YjtrGQWT,2026-08-19T18:51:07Z,2026-08-19T18:51:07Z,MEDIUM,,False
38LwHLnd2yznq2NbAawxgiGxAhoi3Qg6QyN9s8CtRipq,upstream,1,1,CziyAr14UNUrfkxpioWSumkLXMwWnDWN2bu2WR5ao7kc,2026-06-19T20:19:49Z,2026-06-19T20:19:49Z,MEDIUM,,False
39veAgNDmnDpMfqke2AEFzWCRnYSQPyzJQcFwWX2c3vt,upstream,1,1,G9r7nnHSgvb7LUfCE8kavRaKokEMMYBjVHGKvQ6dpump,2025-11-25T11:55:15Z,2025-11-25T11:55:15Z,MEDIUM,,False
3AErzinai7hLE6fQPRm2DFSrL3SbAdyVmwmUDXxfMnJu,upstream,1,1,3GeNgcFpMwH9ts5b3W3jddtfwhwAURaykTy8YjtrGQWT,2026-07-19T23:12:54Z,2026-07-19T23:12:54Z,MEDIUM,,False
3BHCao8gcRnY1nJFKZsjpw9LrMFPiuqqmvE4yFKx8bp7,upstream,1,1,GfqKCwNeAdHHi97AmgCLP5qrwcSJRDdyZ1huiU6xUXTz,2026-09-11T01:56:39Z,2026-09-11T01:56:39Z,MEDIUM,,False
3BLjRcxWGtR7WRshJ3hL25U3RjWr5Ud98wMcczQqk4Ei,upstream,1,1,GL7M1C4QeLoURyexYgdhuP8SvaPh5LHQLRqKha3epump,2025-05-26T06:04:21Z,2025-05-26T06:04:21Z,MEDIUM,,False
3BSh3iCW9rW8Kr4q7AYh3CfAC1pbr4m2Zqkp7oG6B39d,direct,1,1,9PNfxvTARzdxvQas2uknW57bnfMCS1dxW1He7rPbuhuQ,2026-10-01T21:16:46Z,2026-10-01T21:16:46Z,HIGH,,False
3BZGj8WAkWbc2m58x9FhCGtSvgvnPVvWG59iB4GaycGo,direct,1,1,D4aEpQLW45YnWrBmztcpJHqabbPtFe9F9PTv8Umvpump,2026-08-19T08:23:13Z,2026-08-19T08:23:13Z,HIGH,,False
3C13np2Dem1fBcpzMnt3AwTN3nDzUq1p3qVSPXGaeX2u,direct,1,1,5pSEZw1iytqYznD7crsGyKNek7q5JkjBqj2KmfqxUVZd,2026-07-23T17:28:23Z,2026-07-23T17:28:23Z,HIGH,,False
3CHaNapMVgFtznyx2MmeY7CmFN3wq5sFa1ST6kLhQWwT,upstream,1,1,55bKo8bj1YVEgsbwkkd4Nwu7JhaZF9trUgbvpZ3YeVCA,2026-09-11T11:49:14Z,2026-09-11T11:49:14Z,MEDIUM,,False
3DJqzCsPVYpqbjoSmV6zU5QLEeMR8Y8k8jCh3yN4fQTR,upstream,1,1,4n32UBFWKJNPQayeN25GrLJHswbja41XFMxebcg9pump,2025-07-30T17:35:09Z,2025-07-30T17:35:09Z,MEDIUM,,False
3DX7AxrSz4QMJAHrrZsorwPMNALGH2FmWrQJMFZbve2c,direct,1,1,67afrnTxo8DVc52Uev61Yo4Yr9BGQpRw1RpPMWcx42La,2026-02-18T22:55:03Z,2026-02-18T22:55:03Z,HIGH,,False
3DhYcae5jP2ZebdoLynKEU6YsbNdmp6UbTfbqZ1kUvPn,direct,1,1,8ypYfW5cjafrfAZij8TZj5SFHAbPNpiRio96LMzypDkn,2026-10-01T03:53:31Z,2026-10-01T03:53:31Z,HIGH,,False
3EFPL3LixQ9LnwJVQd1JPCotc2NV6GkrFp1jBA1QkoST,direct,1,1,ASftCNtzPNmK3nMDvpQNvpLauKS45Vkq7kwTPutqUBL1,2026-04-06T07:58:52Z,2026-04-06T07:58:52Z,HIGH,,False
3EKuCsUp1yi4KpCzRjaEZDrSR8VnYGj9YPUBWxpYSYqN,direct,1,1,dy6zeSw9j2zHprXLwk1uUGAD4d2HF5R3pAFrL6bRAKs,2026-09-14T00:06:13Z,2026-09-14T00:06:13Z,HIGH,,False
3EPA4YJmmKxSAdnAcocjwS7RCGng21LrLJWKanDuLTgn,upstream,1,1,6VMsrZvNaSzddT6vkY6dEDoFMeK5EoHD4KCAycfQpump,2026-09-01T01:09:41Z,2026-09-01T01:09:41Z,MEDIUM,,False
3FGDZUZZ1P2qCaia6uoiNhLoVyNaAwXFzADTEV4PFQRz,direct,1,1,BE5ciZmcADAX78u2a1GrFiPMPC3rNXtdPGUrhzWB4k5d,2026-09-27T20:10:32Z,2026-09-27T20:10:32Z,HIGH,,False
3FarRo1Ra2uVr2NQDYtHLBRjN5VDe8B8QqY2MXGvpX7o,upstream,1,1,F41TwidZvJJcsx9c2BMwS6eH9W6HcUT4LzPmGvK9WU6N,2026-07-16T04:25:49Z,2026-07-16T04:25:49Z,MEDIUM,,False
3FfCkAejDYY1fSaMcaeoMQPRtzrqaYLCohTQTXZ4iQn2,direct,1,1,dy6zeSw9j2zHprXLwk1uUGAD4d2HF5R3pAFrL6bRAKs,2026-09-03T21:44:52Z,2026-09-03T21:44:52Z,HIGH,,False
3Fpi2fKrkcYVMwZGqPJojJfbakJAqwCjQUbHoA2xGnRc,upstream,1,1,UsrcsZMqw6p53Fohu16UCBjsbjqc73XmoRFZDcnCtMR,2026-05-18T18:57:02Z,2026-05-18T18:57:02Z,MEDIUM,,False
3Hcc8nwZd8DFnUeWkdKTdqW8pSqnLaiecVfn5MSs5CWe,direct,1,1,DkDwxjD5JFK7hd7qUNHqNaTeqDGcZ1ia3Y6E7EUiehEn,2025-05-24T16:21:35Z,2025-05-24T16:21:35Z,HIGH,,False
3JCCrk7wCxFPEvkajqhUC9inXbgcQdLYYoxm1h7g42is,direct,1,1,rMPLDvnn6KR773WNhZvtFNcgFwnRkc7UbPkUaiMpump,2026-04-19T18:00:18Z,2026-04-19T18:00:18Z,HIGH,,False
3KE4JVG38L4BEGTU2CHncwZJ291sNwzzjwFpgeJtYQgM,direct,1,1,omskHvyNvQSn3PFak3E8JHQJeSVJFsrc6izWT12pump,2026-08-17T22:22:04Z,2026-08-17T22:22:04Z,HIGH,,False
3KQzgBkrfLeuMU4HVAitr5fVn3J1ovvzDoEFfWMpD5u6,direct,1,1,4n32UBFWKJNPQayeN25GrLJHswbja41XFMxebcg9pump,2026-09-02T07:03:48Z,2026-09-02T07:03:48Z,HIGH,,False
3KTF2BH4aEtU7WxANbrcRdMbskTsrvdCvg6obnRF5pLp,upstream,1,1,8ypYfW5cjafrfAZij8TZj5SFHAbPNpiRio96LMzypDkn,2026-08-08T02:55:54Z,2026-08-08T02:55:54Z,MEDIUM,,False
3L576MnmEzwdUWdfX36htBQSdsvXsMspmCoVJYFMBK2u,direct,1,1,D4aEpQLW45YnWrBmztcpJHqabbPtFe9F9PTv8Umvpump,2026-09-05T15:57:12Z,2026-09-05T15:57:12Z,HIGH,,False
3LEmc8qGPooARPXZoqffb8HkUjfP73Ks9FWpyLUnje83,upstream,1,1,28HydoWU7TZQxWiVQxGZyspE3qgWdCHToNDVgLoNpump,2026-08-31T14:05:10Z,2026-08-31T14:05:10Z,MEDIUM,,False
3LFzzenBs2uCE1PSqEGdpmT7kKPyHB5B3yFtpr3kgpAY,upstream,1,1,3GeNgcFpMwH9ts5b3W3jddtfwhwAURaykTy8YjtrGQWT,2026-02-04T18:35:12Z,2026-02-04T18:35:12Z,MEDIUM,,False
3LHRorYX2ySufEigaN7BNAa8fzxhZWy3XfcwZ82szqkX,upstream,1,1,5L6As5obMTXxKwjmGBy1LTRwW2Hm1PjSK18JhETrpump,2026-01-12T15:02:44Z,2026-01-12T15:02:44Z,MEDIUM,,False
3LXPtmDPggn38k61P59vG43MFmmA6kDwRS3KwSjJdVHF,direct,1,1,7p4MwwkUaMv4gBThVkW46QjwVaosaUrccbFV1MbXpump,2026-08-20T02:24:25Z,2026-08-20T02:24:25Z,HIGH,,False
3Labh9SaQRSzEnqsi1sESi4RP2nwR8D5cmAwy8qZfVen,direct,1,1,7mRDn1rAqjwFQXacodr1UmkNdvAGPbtNP9k5jvBZqt9J,2026-10-02T13:55:15Z,2026-10-02T13:55:15Z,HIGH,,False
3LeQsK6thJ2Zx6U68UgsbwNcUmchTo8ofRwjiYLBpN2V,direct,1,1,5o9sE9FEVC12zWBd2zqPXAhoVyRiNjGfaYX6hS3Ppump,2026-03-20T12:22:02Z,2026-03-20T12:22:02Z,HIGH,,False
3LpvuxLPRByy1HQGLD2yyKNYdS3iC3vGArG5uAVsN651,direct,1,1,6gKx5EMvnymTVz2JgFhJAqpGxTYaBdVsaLb9YfPfvg4Y,2026-05-02T23:31:12Z,2026-05-02T23:31:12Z,HIGH,,False
3M8fJZCAoQQpn1JezA79qv1vEf2xtWBKsJpUUcxu53kQ,direct,1,1,5DoZAeBkoci5t5zPhUiuhQFjuzYTfkSv5Seojsxppump,2026-09-08T23:18:07Z,2026-09-08T23:18:07Z,HIGH,,False
3M98sxejUULqwoxmA3YncaTvTkXjX7jNxePYwPVnpinh,direct,1,1,47r9YPDeTVpwHjAakoVgnzNTJRChXC8f4KSUqMbEsBbM,2026-09-16T23:39:12Z,2026-09-16T23:39:12Z,HIGH,,False
3NL7d7Gvn6XZsxxLqfqXgswhDMMBGKuKMTcNG2rQCB8V,upstream,1,1,4sjtHGeAKP6DoMUdvFqQuiYKhhPpwa9XCxUyuFD2pump,2025-05-18T06:57:34Z,2025-05-18T06:57:34Z,MEDIUM,,False
3NVNZ5fbCW6SEwB2qvKqxoPAodg2kXUKaiH5QzDPq4CD,direct,1,1,5nnWe5SCBaNMC3oNiR7utth6kx3mH1dhmCarjDb91shW,2025-06-06T23:08:24Z,2025-06-06T23:08:24Z,HIGH,,False
3NXimmiBzAHpDA1fnjvpLDvBNnhgw5Axh22XfiFxatR7,upstream,1,1,AgB5SxiP1DFZbW9uDAH7s8Mhv1HF21nJv67tnAAYpump,2025-02-20T11:52:40Z,2025-02-20T11:52:40Z,MEDIUM,,False
3PDWADH8oVeBMx2FwUPjD5cndiSB3gS8ef7qb7sXWqYG,direct,1,1,CHygERrxnc5QByNCwxUNSMhP7tKJA7rh6hNBdJ2spump,2026-08-31T20:09:03Z,2026-08-31T20:09:03Z,HIGH,,False
3PG3hHZ2VDXcNt7sqEzbuowAD4dLEeX1YMJL1wLkAvjw,upstream,1,1,5L6As5obMTXxKwjmGBy1LTRwW2Hm1PjSK18JhETrpump,2025-06-01T20:34:51Z,2025-06-01T20:34:51Z,MEDIUM,,False
3PcfQzJ7v83afk6R5PSTheLQqEY7MPN9CTjik3uUfN3p,upstream,1,1,8qT3o4k4aUmyLrgd7hHYmVxin3kFhQ9QsXdSXTP6pump,2024-08-29T07:42:38Z,2024-08-29T07:42:38Z,MEDIUM,,False
3PpgE1PkUoftrPkZ5TcYzqaVHJs27baJsd4WathmNkuP,direct,1,1,3uYT8w1FxasDGmM4WDG5kXu6D9BGvyP3iEfPJEVb6ewT,2026-04-12T10:51:26Z,2026-04-12T10:51:26Z,HIGH,,False
3Px9RZPCJfkPTpNYjPZPJMfvWDdJpXcjMA8EDvKC5N1V,direct,1,1,5DoZAeBkoci5t5zPhUiuhQFjuzYTfkSv5Seojsxppump,2026-05-05T07:26:32Z,2026-05-05T07:26:32Z,HIGH,,False
3QLVeb4eLjKzvUBFPSng5k3iigFzwgNhFKw2RPcMuS73,direct,1,1,4sjtHGeAKP6DoMUdvFqQuiYKhhPpwa9XCxUyuFD2pump,2026-08-25T14:13:12Z,2026-08-25T14:13:12Z,HIGH,,False
3QaU9YSavmEtbp3QGyyYqDKisLz4Fof5Krz36HYp4rnx,direct,1,1,DQ2H7qcj262RAKfSxGYeL7cYJq54mVdXe4gYxUwxpump,2026-08-19T01:07:59Z,2026-08-19T01:07:59Z,HIGH,,False
3QuS4UUsWERMGDYW4gAnTC6Fm4ZVzwmGcfZyjbhBUuvC,direct,1,1,UsrcsZMqw6p53Fohu16UCBjsbjqc73XmoRFZDcnCtMR,2026-09-25T08:06:17Z,2026-09-25T08:06:17Z,HIGH,,False
3SqJNqRgV7JNHAEsZ2aVeKt57SZ94Uer5MUHUqcc5rrc,upstream,1,1,2iSB473Z7L2ndpWs3n22tb7H3KSGpswDTH3jP7qCCAZT,2026-08-31T08:21:05Z,2026-08-31T08:21:05Z,MEDIUM,,False
3SqJNqRgV7JNHAEsZ2aVeKt57SZ94Uer5MUHUqcc5rrc,direct,1,1,2iSB473Z7L2ndpWs3n22tb7H3KSGpswDTH3jP7qCCAZT,2026-08-10T05:58:37Z,2026-08-10T05:58:37Z,HIGH,,False
3SvzMBJRpcqg6u9B3A29rNavgiaXFU1rJn5CZnX1XMvu,upstream,1,1,CziyAr14UNUrfkxpioWSumkLXMwWnDWN2bu2WR5ao7kc,2025-05-12T20:57:59Z,2025-05-12T20:57:59Z,MEDIUM,,False
3TW4n3GhKHCTN9ZenJ2NEiz9mxT1bkrcepAMuPNM2Q7j,direct,1,1,EkTkjVEfhvgkoCwheMTnr8mhEmJ6Q7ZR8q7ZMCcnpump,2026-09-08T08:40:29Z,2026-09-08T08:40:29Z,HIGH,,False
3TcAVLmKJXY4YcBkaPPsRHvbwYqdf9nGJGZJNmnJixy2,direct,1,1,6VMsrZvNaSzddT6vkY6dEDoFMeK5EoHD4KCAycfQpump,2026-08-31T04:18:41Z,2026-08-31T04:18:41Z,HIGH,,False
3TcAVLmKJXY4YcBkaPPsRHvbwYqdf9nGJGZJNmnJixy2,upstream,1,1,6VMsrZvNaSzddT6vkY6dEDoFMeK5EoHD4KCAycfQpump,2026-08-31T04:18:41Z,2026-08-31T04:18:41Z,MEDIUM,,False
3UNPM7X6LbmxUms5ij6zm9P7J1Ev2Wd7TwwXmYrPX3n3,upstream,1,1,DTm66ivA96mhuQnqTy1cv7uELS4MHdYtpbRGJdW9t7Fn,2025-11-17T18:36:24Z,2025-11-17T18:36:24Z,MEDIUM,,False
3VUEWdAxBTxBZcSHB6LLv9PnRuD3HDS5ksNhzjqh5K22,upstream,1,1,8ypYfW5cjafrfAZij8TZj5SFHAbPNpiRio96LMzypDkn,2026-09-22T15:29:37Z,2026-09-22T15:29:37Z,MEDIUM,,False
3Vad2btfARAfqAREvR3YhW83xjtJ8gv2vCyhYxNtgBkU,upstream,1,1,57ANN8dAbPX8x1BEFFwzBttkzwpKZBEiJkdiWSzVNQvS,2024-05-31T16:25:15Z,2024-05-31T16:25:15Z,MEDIUM,,False
3Vj9rSjsVu8RvKNC2XJyvnptWFR9vA8X7UZ2DSgAhLWC,upstream,1,1,Er5RuNhTEwJH5dHv9c3YGATjgkLCETH4dKazntyWEtXY,2026-05-05T07:10:06Z,2026-05-05T07:10:06Z,MEDIUM,,False
3W7LbFapydfUeieUgV6wHrsD6dVbCnMcb4NgUowhRMfq,upstream,1,1,8ypYfW5cjafrfAZij8TZj5SFHAbPNpiRio96LMzypDkn,2026-08-01T11:00:15Z,2026-08-01T11:00:15Z,MEDIUM,,False
3WQkkhJuuApNFWZpxbcEcuw4btKHzd3Eh9quooWxqHv4,direct,1,1,3uYT8w1FxasDGmM4WDG5kXu6D9BGvyP3iEfPJEVb6ewT,2026-07-23T18:25:06Z,2026-07-23T18:25:06Z,HIGH,,False
3Wzf2iuFL4pTxm2UXaVbjYRtPb1aSKWXFpWiV19YLzkL,direct,1,1,5DoZAeBkoci5t5zPhUiuhQFjuzYTfkSv5Seojsxppump,2025-03-06T12:21:29Z,2025-03-06T12:21:29Z,HIGH,,False
3X7xXCVdYxjWzJ1GjzsdWGiKZf9i4SjD1kxLfj6d5HVs,direct,1,1,DTm66ivA96mhuQnqTy1cv7uELS4MHdYtpbRGJdW9t7Fn,2025-05-13T15:27:34Z,2025-05-13T15:27:34Z,HIGH,,False
3XDXfE3BA8ZnyANZ25HbaoHFAtKZyuHBUfGUHr6Gma75,upstream,1,1,5o9sE9FEVC12zWBd2zqPXAhoVyRiNjGfaYX6hS3Ppump,2026-03-19T17:32:39Z,2026-03-19T17:32:39Z,MEDIUM,,False
3XSmVzRLeELgqiahit9AshTchH3ZAJV8vkhY7xuGizog,direct,1,1,9PNfxvTARzdxvQas2uknW57bnfMCS1dxW1He7rPbuhuQ,2026-09-28T12:46:55Z,2026-09-28T12:46:55Z,HIGH,,False
3XV8Xhx945Qth1kNtLmDWYw3LsEaPzk5p1EQFMT2x3e9,direct,1,1,CziyAr14UNUrfkxpioWSumkLXMwWnDWN2bu2WR5ao7kc,2026-09-14T10:47:52Z,2026-09-14T10:47:52Z,HIGH,,False
3YE82ZA7FCDUH1Dhxuo3abFzVezEq18E1s1T6H8YpDRk,direct,1,1,F59cEB3A7RAKHGtkvR577swnPSP6EsdaBoL5AcVZpump,2026-08-17T13:43:10Z,2026-08-17T13:43:10Z,HIGH,,False
3YxRuo3eHJaW6cHxP1rcsj5RsB1VuVByXstDjt7hwMov,direct,1,1,CHygERrxnc5QByNCwxUNSMhP7tKJA7rh6hNBdJ2spump,2026-05-11T13:04:55Z,2026-05-11T13:04:55Z,HIGH,,False
3ZQ6C1NLvRht3fjWYRWoy9wqvnmfxu5w9prhXoRMeajx,upstream,1,1,8qT3o4k4aUmyLrgd7hHYmVxin3kFhQ9QsXdSXTP6pump,2026-09-02T19:00:27Z,2026-09-02T19:00:27Z,MEDIUM,,False
3ZmktoL4f9vm13K1opP9hWAMZvgkC3BGdTB4cS71sfYW,upstream,1,1,13V3CbY7Q7AXnf24FMsUaQrmLxnRU4Md9phDEWZvpump,2026-02-17T15:14:31Z,2026-02-17T15:14:31Z,MEDIUM,,False
3bjSQEUHMD3V7e61dWhG8ewZhsUQQH9A4TdyVu6So5XH,direct,1,1,55bKo8bj1YVEgsbwkkd4Nwu7JhaZF9trUgbvpZ3YeVCA,2026-09-17T15:44:42Z,2026-09-17T15:44:42Z,HIGH,,False
3bvV5yUfYFo9PrLBX7eUpFDC6TCQFTchaHKMmioQDnv5,upstream,1,1,49aM4HrGABwG9F8iAn385zzcsS6mxHEFY8YN3H7y1Cd9,2026-08-08T13:58:37Z,2026-08-08T13:58:37Z,MEDIUM,,False
3dhJwmuBW6Q92qjqrwuB2Ejx7QhcSzzNnAr4rVv8c6ZS,direct,1,1,CHygERrxnc5QByNCwxUNSMhP7tKJA7rh6hNBdJ2spump,2026-05-14T16:50:40Z,2026-05-14T16:50:40Z,HIGH,,False
3dmN2tEYR43eNFLu1R9wBBs44foYFbweocyJhR2YW1B9,upstream,1,1,2BucyGvsg9wwTwsaFsEUFgdphrCtp94pDRtHowJUpump,2023-12-04T21:26:21Z,2023-12-04T21:26:21Z,MEDIUM,,False
3fBUJeKmJoWyhj1yQdCavamvkFpYzQKKUsfN8HAzXcYk,upstream,1,1,5o9sE9FEVC12zWBd2zqPXAhoVyRiNjGfaYX6hS3Ppump,2025-02-22T20:50:07Z,2025-02-22T20:50:07Z,MEDIUM,,False
3ffMVpAunCfZxZ7s6EYntudRogbj4ctocnLgmB41zyvK,upstream,1,1,rMPLDvnn6KR773WNhZvtFNcgFwnRkc7UbPkUaiMpump,2026-05-12T03:15:58Z,2026-05-12T03:15:58Z,MEDIUM,,False
3firtMAKkeqK3p4pB7WMT4YE8v6hyFWy5LWyHS9pvwtK,direct,1,1,7mRDn1rAqjwFQXacodr1UmkNdvAGPbtNP9k5jvBZqt9J,2026-10-01T17:35:54Z,2026-10-01T17:35:54Z,HIGH,,False
3frXJJ21VvXSELDT6JgfRrWtgGx3keR2w4FrYQ42J5ip,direct,1,1,5o43e7gYZWFNEpdqkegHY6LXkhMXB1z6f7d6TAVGEMTM,2025-04-30T07:05:53Z,2025-04-30T07:05:53Z,HIGH,,False
3hDv3R5asLx6ojxvRJePovju5vvZsAw4DxhM4u4f6ssh,upstream,1,1,JAqRn24FuQ5MFReXNgXb8uFej5vHJDxhVtebpQvHTQZy,2025-08-28T11:58:33Z,2025-08-28T11:58:33Z,MEDIUM,,False
3hYF8rjaV1o94FqXxA6nBx3TRT43qaBP5pyDqMWkhnuH,upstream,1,1,H9GGsNc7vA4hN13N1oU4itq8x3mrdZBdw2XdK3Mipump,2024-12-12T19:47:58Z,2024-12-12T19:47:58Z,MEDIUM,,False
3hwy8fqx6tQ8PTQVJLrApHJPCc5LUbgQ7X9eVgV7X9o1,direct,1,1,omskHvyNvQSn3PFak3E8JHQJeSVJFsrc6izWT12pump,2026-09-17T09:46:59Z,2026-09-17T09:46:59Z,HIGH,,False
3i2HU1oBjZrff9QM6SACYW8C1QjExveDNso9saFSJdYw,direct,1,1,9ek8utEujXFmiM9wXcWKPF18y57PmeG8rsiBZGzzpump,2026-09-09T13:13:51Z,2026-09-09T13:13:51Z,HIGH,,False
3iXDiVeXuYu2f6pC6mkhYXAuZb1MoHD7fm8o24okZtwS,upstream,1,1,HJPjdsDmcvgCj4MV3NvqCWd78qDP8BMzGfrsk4Nbpump,2025-03-21T17:25:30Z,2025-03-21T17:25:30Z,MEDIUM,,False
3ijjdeBvKuLSoya33CjHuizPynWfGKe7XvwwjgyJpTpb,upstream,1,1,9PNfxvTARzdxvQas2uknW57bnfMCS1dxW1He7rPbuhuQ,2025-05-06T12:25:35Z,2025-05-06T12:25:35Z,MEDIUM,,False
3infTJikqcKG3QqMVESQ7f4WsP178Mti5rvkp5B6w13B,upstream,1,1,CSLP8Vp7u9hrXQi7crPXqCp7BaJaG4JrNxqvR3jDpump,2025-03-25T07:17:37Z,2025-03-25T07:17:37Z,MEDIUM,,False
3j3vMY6SBwLTDPc3HZnWRM7xxW9NULeFejnwkLdcCiNe,direct,1,1,HJPjdsDmcvgCj4MV3NvqCWd78qDP8BMzGfrsk4Nbpump,2025-05-04T16:59:33Z,2025-05-04T16:59:33Z,HIGH,,False
3jAjbr7rYUDxfTBgzMVF3U8NsCzT6Li2UjqQUJ6PKFpt,direct,1,1,3coFBLantjJkMRmzaQ4znMQQzfqFYTyBeNhdXYAzpump,2026-06-08T20:26:59Z,2026-06-08T20:26:59Z,HIGH,,False
3jXCq25eekgyDG1mr2AGgAL2XY67awb8XQqH995REE3w,direct,1,1,AgB5SxiP1DFZbW9uDAH7s8Mhv1HF21nJv67tnAAYpump,2025-05-26T18:45:42Z,2025-05-26T18:45:42Z,HIGH,,False
3jxuvVqKM4CuSGRMffX54NrA7y29vWHLfosMAGhWvxjH,direct,1,1,21XJbyQWEhmeoxKRHdGrEjetSfHopvtp68LWzdvT471M,2025-08-08T04:07:59Z,2025-08-08T04:07:59Z,HIGH,,False
3kdcjqX914N65LdpoqJB4YrBDHnrHvJCtwCvCUxyAkgp,direct,1,1,G9r7nnHSgvb7LUfCE8kavRaKokEMMYBjVHGKvQ6dpump,2026-09-30T15:32:22Z,2026-09-30T15:32:22Z,HIGH,,False
3kowW4AjuiZ4bQ42SWntGVYVUcsvoqb13xKWvGMT8QWv,direct,1,1,EkTkjVEfhvgkoCwheMTnr8mhEmJ6Q7ZR8q7ZMCcnpump,2024-11-22T23:47:32Z,2024-11-22T23:47:32Z,HIGH,,False
3kxxVahftfYVbz44JqgtCeWJQnjKgWHNGT847xypoXbA,direct,1,1,JAqRn24FuQ5MFReXNgXb8uFej5vHJDxhVtebpQvHTQZy,2026-07-15T03:26:38Z,2026-07-15T03:26:38Z,HIGH,,False
3mYvsNAFS5Sb7UWBf5hekG4JKRKyTFUZu7wTpK7tXhao,direct,1,1,7p4MwwkUaMv4gBThVkW46QjwVaosaUrccbFV1MbXpump,2025-02-24T22:11:22Z,2025-02-24T22:11:22Z,HIGH,,False
3mqbxgQ8UEwNixoGJhuyB5KDwkgN2K5jTbSpccR7bxAp,direct,1,1,9CzNGAEutxKHJ5CwYC5Lk8X8YzgYrQnvKChP2BFEpump,2025-05-13T02:23:44Z,2025-05-13T02:23:44Z,HIGH,,False
3n8kpZQhF5L2BdoCdSAPgntHqqYgk5oQaQPiEKRqr3tZ,upstream,1,1,7271ZR6GBzaGqdtP28ZqZ5BKRt2ziu4AnPnVCAL7pump,2025-12-28T18:40:14Z,2025-12-28T18:40:14Z,MEDIUM,,False
3n8kpZQhF5L2BdoCdSAPgntHqqYgk5oQaQPiEKRqr3tZ,direct,1,1,7271ZR6GBzaGqdtP28ZqZ5BKRt2ziu4AnPnVCAL7pump,2025-12-28T18:40:14Z,2025-12-28T18:40:14Z,HIGH,,False
3nfjyMKaTM5eFrx3LThe1kV7AL8vntynQeYnDUDU7iDj,upstream,1,1,21XJbyQWEhmeoxKRHdGrEjetSfHopvtp68LWzdvT471M,2026-08-25T00:54:11Z,2026-08-25T00:54:11Z,MEDIUM,,False
3oASQdiWDDNJ3T8CAdWwjh5rZggB2SzY3GEoED6RYCRC,upstream,1,1,5DoZAeBkoci5t5zPhUiuhQFjuzYTfkSv5Seojsxppump,2026-04-29T02:16:25Z,2026-04-29T02:16:25Z,MEDIUM,,False
3oXTRGjoBH8GCzpmpboXdhA1LjSf47b9HyKzzTzWxnfJ,direct,1,1,7Q9VxTczrzgvjXWbJJZibR7hbYAohngsNsuEhdEcpump,2026-08-29T17:20:17Z,2026-08-29T17:20:17Z,HIGH,,False
3p4qkvHygnfzKcmPxD4qtSWZAWi5xGEShjKKbT5bqK9P,direct,1,1,EoKqyKksc4ekiPVuBD9FiztYQHkV59x8KTcZ3ReLpump,2025-12-18T11:01:19Z,2025-12-18T11:01:19Z,HIGH,,False
3pHhU2rKvYM53gWNLEDqnehyAW5j1ssUQUi3VhcSEtGh,direct,1,1,4prKtarobdhYDY4Hu3uGZMx7Je4HqPJeLVyxN6m4Ld3T,2026-08-31T10:10:25Z,2026-08-31T10:10:25Z,HIGH,,False
3pcH5exHeshXfKAUkmawAtU2YXL9fGS8atdonKqAzQfZ,upstream,1,1,7aLLQRBpGCaSLmmHGf34MGtbdtTumiB14d14TtDnpump,2025-03-18T14:30:55Z,2025-03-18T14:30:55Z,MEDIUM,,False
3q2w31SftH5TS5iuGGKGdbN3nPYUJr1MWbEXJHUW8UGg,upstream,1,1,9hAojtonqe4RUQarvUYZhFqC99VK1S3LCewYkSjnpump,2026-07-15T19:06:15Z,2026-07-15T19:06:15Z,MEDIUM,,False
3qK6dmuQMsKfQtKvHVvsrNgxiAPoMbguxBBi7fKfB8x8,upstream,1,1,5L6As5obMTXxKwjmGBy1LTRwW2Hm1PjSK18JhETrpump,2025-06-27T06:47:05Z,2025-06-27T06:47:05Z,MEDIUM,,False
3rMxdTWrnewkLgdj6F49VyyWbYziU8SxaQqSTjcMUt82,direct,1,1,DJejJn1iJntJVTAixy4VRgqJFF3NMKPEMgVzbJFmpump,2026-09-30T11:44:51Z,2026-09-30T11:44:51Z,HIGH,,False
3t27KtJarjdEuP6VbtNyz2k5AR3xy9qn84nytkuAKsrM,direct,1,1,21XJbyQWEhmeoxKRHdGrEjetSfHopvtp68LWzdvT471M,2026-09-10T16:09:07Z,2026-09-10T16:09:07Z,HIGH,,False
3tKNBxVLDGBL9kmKn4hDMFepgiVh9zgiH7w2KcVg2Nvr,direct,1,1,GfqKCwNeAdHHi97AmgCLP5qrwcSJRDdyZ1huiU6xUXTz,2026-09-17T16:02:06Z,2026-09-17T16:02:06Z,HIGH,,False
3tY2CV9k7sF3g65EVS73XkDbhw2MNpT141En3C2E1DhA,upstream,1,1,57ANN8dAbPX8x1BEFFwzBttkzwpKZBEiJkdiWSzVNQvS,2025-04-17T19:40:16Z,2025-04-17T19:40:16Z,MEDIUM,,False
3uhawatDDsnczy4y8rRta3Yzhmv9H8fGtX3EZqjDU1kH,direct,1,1,DJejJn1iJntJVTAixy4VRgqJFF3NMKPEMgVzbJFmpump,2026-09-23T03:32:33Z,2026-09-23T03:32:33Z,HIGH,,False
3vTm4L3vqqJsrNVL3jq3pHfKADHqWNF5S19SwUNhwDRS,direct,1,1,DTm66ivA96mhuQnqTy1cv7uELS4MHdYtpbRGJdW9t7Fn,2026-08-26T15:36:07Z,2026-08-26T15:36:07Z,HIGH,,False
3vpzhdU7Mj7THcyhdeY9Bjhm7AD2UkhmHpcnCabGvbzg,upstream,1,1,4kkrecvSVnnkK3RZcJ85tNFiZu9pWg584yHjNCqEpump,2024-11-25T12:51:38Z,2024-11-25T12:51:38Z,MEDIUM,,False
3wNfGzD95mNB1uJTUGbecXPqtWSwM9c62nxcR9xeUjat,upstream,1,1,5Sg1vv51KGCSDF2gBHgbNATCEXFjYtVhWgztNUwtgJYD,2021-10-14T21:42:35Z,2021-10-14T21:42:35Z,MEDIUM,,False
3xhd2M2PzenW3G5wXRkAomsHdHKRbCpJP67h6ix5xYSF,direct,1,1,8ypYfW5cjafrfAZij8TZj5SFHAbPNpiRio96LMzypDkn,2026-10-01T13:13:17Z,2026-10-01T13:13:17Z,HIGH,,False
3yHvm5kFrEqYURBekXAXEpEWggpb8q51VRWDZtjZRQpT,upstream,1,1,67afrnTxo8DVc52Uev61Yo4Yr9BGQpRw1RpPMWcx42La,2026-01-14T17:56:22Z,2026-01-14T17:56:22Z,MEDIUM,,False
3ys1j24w7n6K8qMuPeBQ1reXTQTU4iq2o5DkVEG2fpuB,direct,1,1,4sjtHGeAKP6DoMUdvFqQuiYKhhPpwa9XCxUyuFD2pump,2026-08-28T00:51:21Z,2026-08-28T00:51:21Z,HIGH,,False
3zRcC5GaLcx6bsqTrHTx3REVksdacLSgAX26GNnvrPH2,direct,1,1,5nnWe5SCBaNMC3oNiR7utth6kx3mH1dhmCarjDb91shW,2026-08-13T21:23:36Z,2026-08-13T21:23:36Z,HIGH,,False
3zS5x2ozDwnnm4Kv4s8zf3dHSE2YSVSAPa5yMG1EpVLG,upstream,1,1,EoKqyKksc4ekiPVuBD9FiztYQHkV59x8KTcZ3ReLpump,2026-05-28T12:38:28Z,2026-05-28T12:38:28Z,MEDIUM,,False
3zyhJh5uwkWH6eFgnKHRWZyMqGbga1RZTfyViqodJZKF,direct,1,1,EoKqyKksc4ekiPVuBD9FiztYQHkV59x8KTcZ3ReLpump,2026-08-27T16:36:35Z,2026-08-27T16:36:35Z,HIGH,,False
41uCv6a1JPwZT4pDAN4AGvPosHVx2ndkNFEFgKLzd5wx,direct,1,1,2iSB473Z7L2ndpWs3n22tb7H3KSGpswDTH3jP7qCCAZT,2026-08-29T03:40:43Z,2026-08-29T03:40:43Z,HIGH,,False
42HztDNBG2vticzcWNuftSUHRGy9dtNfAtfohnndtJ8P,direct,1,1,57ANN8dAbPX8x1BEFFwzBttkzwpKZBEiJkdiWSzVNQvS,2026-01-27T22:49:36Z,2026-01-27T22:49:36Z,HIGH,,False
44sh95GGBbAq924Cnr4H1AgiUx3WhZDuXa4hRj7mWZqE,direct,1,1,BmU6YJP2YCAo8sc2dkeR8KjvF3rGFBHZL25ejysppump,2026-03-12T11:16:34Z,2026-03-12T11:16:34Z,HIGH,,False
454EYxp3AtUEY6gFeWv2eaJtFwsLrTKJUELuJTjsyNdP,direct,1,1,6akNLpNd11oq4q5zxhXGwr5jwUi6Ke4CvKmF6QeUwJCQ,2026-07-27T06:22:50Z,2026-07-27T06:22:50Z,HIGH,,False
45Kbar5vEUoYXs46FGB8hJiTktgVRmsBsFT7YxukMvcM,upstream,1,1,B3xU49SW3khA7m5Lgata2fmPxZeQRuaJbCruPsVDpump,2026-08-26T19:51:33Z,2026-08-26T19:51:33Z,MEDIUM,,False
46CM8HTcrstuwtLT78Wk1SQSoQXMdcurmw5JskWELq2P,direct,1,1,F59cEB3A7RAKHGtkvR577swnPSP6EsdaBoL5AcVZpump,2025-04-04T12:13:40Z,2025-04-04T12:13:40Z,HIGH,,False
46SXAG5yh4TJmwpXZRanTXBsGkds7LiMMqBaqj7XFufe,upstream,1,1,CHygERrxnc5QByNCwxUNSMhP7tKJA7rh6hNBdJ2spump,2026-04-04T05:13:38Z,2026-04-04T05:13:38Z,MEDIUM,,False
47QXPVyPDanybG9xCeCuSL3m6ZsZ6Xb4y7svjxK1frLZ,upstream,1,1,F59cEB3A7RAKHGtkvR577swnPSP6EsdaBoL5AcVZpump,2026-08-20T20:13:16Z,2026-08-20T20:13:16Z,MEDIUM,,False
47RJGxbv92pzKDN6Sr4H9aoUb83wZM6LfV4N2vWZt8gW,direct,1,1,6gKx5EMvnymTVz2JgFhJAqpGxTYaBdVsaLb9YfPfvg4Y,2026-09-04T15:09:37Z,2026-09-04T15:09:37Z,HIGH,,False
47rXrqSbGtkX6gNmBhU8YtfseMhpv9MCdTgABx8tiEkC,direct,1,1,5nnWe5SCBaNMC3oNiR7utth6kx3mH1dhmCarjDb91shW,2026-04-12T03:46:27Z,2026-04-12T03:46:27Z,HIGH,,False
486FX13Ga1D7CmYaiB4CeerueD58Qmws8tLTzA95W84T,direct,1,1,9ek8utEujXFmiM9wXcWKPF18y57PmeG8rsiBZGzzpump,2026-09-05T18:57:25Z,2026-09-05T18:57:25Z,HIGH,,False
48SbvJHn5GrJV7hDRECKnecvUFY6x2geDq1h7H83bpoN,direct,1,1,8G7aM6Gco4fHjVpmVvUdVvhKMKaWXJEqkCKRvPdepump,2026-08-30T23:09:13Z,2026-08-30T23:09:13Z,HIGH,,False
48Y9BhJvQMkbgmbdaWuN6L3eUbN4ot8CkzDvf48Ze3c8,upstream,1,1,8ypYfW5cjafrfAZij8TZj5SFHAbPNpiRio96LMzypDkn,2026-09-11T14:13:48Z,2026-09-11T14:13:48Z,MEDIUM,,False
48z5VW398PfmF4zJnu2FGebxPpSg1iRPNG8cBn8bh2M6,direct,1,1,13V3CbY7Q7AXnf24FMsUaQrmLxnRU4Md9phDEWZvpump,2026-04-28T08:30:44Z,2026-04-28T08:30:44Z,HIGH,,False
491BWeHeXKfZ2gqRV1ZWhkQtSa3GnF1ySduMu1drKX9o,direct,1,1,49aM4HrGABwG9F8iAn385zzcsS6mxHEFY8YN3H7y1Cd9,2026-08-30T14:13:13Z,2026-08-30T14:13:13Z,HIGH,,False
4A1XcHDn2vHzcrZs5g5ZDxZSEWDPVXQMAqi5hrXbrwCs,upstream,1,1,5o43e7gYZWFNEpdqkegHY6LXkhMXB1z6f7d6TAVGEMTM,2026-10-02T11:51:08Z,2026-10-02T11:51:08Z,MEDIUM,,False
4AHAxf4di1HNJVbUBXu1RALu4TzKCS4gcm5kaHtmSsTH,upstream,1,1,5o43e7gYZWFNEpdqkegHY6LXkhMXB1z6f7d6TAVGEMTM,2025-06-29T19:07:03Z,2025-06-29T19:07:03Z,MEDIUM,,False
4AHAxf4di1HNJVbUBXu1RALu4TzKCS4gcm5kaHtmSsTH,direct,1,1,5o43e7gYZWFNEpdqkegHY6LXkhMXB1z6f7d6TAVGEMTM,2025-06-29T19:07:03Z,2025-06-29T19:07:03Z,HIGH,,False
4BVWQwWfp6YwcAFyPy8CMD5QDhtYdV7GHHWpXFZFjseX,upstream,1,1,5L6As5obMTXxKwjmGBy1LTRwW2Hm1PjSK18JhETrpump,2026-02-05T22:55:55Z,2026-02-05T22:55:55Z,MEDIUM,,False
4CVxyCBMp4YZzepTzu1rDiLSnopzJfoWWVSLsrymp2Wr,upstream,1,1,JAqRn24FuQ5MFReXNgXb8uFej5vHJDxhVtebpQvHTQZy,2025-07-03T16:36:34Z,2025-07-03T16:36:34Z,MEDIUM,,False
4DPnqaxrEvtzzwmGJJHvz1SnxXboETs3EHReeVTb2hDT,upstream,1,1,DTm66ivA96mhuQnqTy1cv7uELS4MHdYtpbRGJdW9t7Fn,2025-03-05T04:13:27Z,2025-03-05T04:13:27Z,MEDIUM,,False
4DvEegnwWknTF2aqmNQqAMNyuuKyjdv2RDa6CyzrGc39,direct,1,1,9ek8utEujXFmiM9wXcWKPF18y57PmeG8rsiBZGzzpump,2026-08-29T14:30:03Z,2026-08-29T14:30:03Z,HIGH,,False
4EQpdsiQYnoLuSYnqhmZfectShcxVgG8T9CWvjedjVtJ,direct,1,1,omskHvyNvQSn3PFak3E8JHQJeSVJFsrc6izWT12pump,2026-07-12T14:31:28Z,2026-07-12T14:31:28Z,HIGH,,False
4EtbNzWupXXYC7VrL4nsZ4M8DmPiFZ3afmiUgoQdgYGR,upstream,1,1,CHygERrxnc5QByNCwxUNSMhP7tKJA7rh6hNBdJ2spump,2026-07-03T16:04:45Z,2026-07-03T16:04:45Z,MEDIUM,,False
4F5nrBDjB2zriRDqsUHUrUyXR24STfKezEdSVmEMEKft,upstream,1,1,DkDwxjD5JFK7hd7qUNHqNaTeqDGcZ1ia3Y6E7EUiehEn,2026-08-25T09:30:23Z,2026-08-25T09:30:23Z,MEDIUM,,False
4GsAetDGoeMn58FffF7L1wjGq4fjGtyCFPh2suertfY3,direct,1,1,GfqKCwNeAdHHi97AmgCLP5qrwcSJRDdyZ1huiU6xUXTz,2026-06-05T12:08:39Z,2026-06-05T12:08:39Z,HIGH,,False
4HDUxEo9guihs3nbEtMgR3Trf65ATu9TVfXRzrYsZDY2,upstream,1,1,4ZUjJ5EJbwfh7teotB29uHc1SC3SiqbrkwJoNgsxibbU,2026-09-12T22:34:56Z,2026-09-12T22:34:56Z,MEDIUM,,False
4HS1i2vR2g83dULdReuptasDdbqb5B9rFWHhpuhjX6Xu,upstream,1,1,2BucyGvsg9wwTwsaFsEUFgdphrCtp94pDRtHowJUpump,2026-01-18T06:42:29Z,2026-01-18T06:42:29Z,MEDIUM,,False
4HahL1WgQb6Cyw4s18KVM5DV1wps7NEHxSxn2mCT8BYh,direct,1,1,5o43e7gYZWFNEpdqkegHY6LXkhMXB1z6f7d6TAVGEMTM,2026-08-22T05:08:45Z,2026-08-22T05:08:45Z,HIGH,,False
4HfF15qhJ1n9d6GwuS6spBSP5y6RYPpsExcV2GoeUxy9,direct,1,1,xeKm1qmxyHLJZLdwKpsZdx5UFtYyb124GTWRZWypump,2026-09-07T11:40:33Z,2026-09-07T11:40:33Z,HIGH,,False
4HgMCR7abFKHDPgYfMrtjvKniPXj4zHwuSNNRVx7QEzQ,upstream,1,1,3coFBLantjJkMRmzaQ4znMQQzfqFYTyBeNhdXYAzpump,2026-02-05T00:48:53Z,2026-02-05T00:48:53Z,MEDIUM,,False
4KXxiKLFE2UBQpQ58BMe7RMjvVyg39Xm9kJ73syPh6Zs,direct,1,1,omskHvyNvQSn3PFak3E8JHQJeSVJFsrc6izWT12pump,2026-09-17T13:59:37Z,2026-09-17T13:59:37Z,HIGH,,False
4KfdgNXfKusig44nJHjYF6DysM9wqgzmqrCGcrRG1yoU,direct,1,1,13V3CbY7Q7AXnf24FMsUaQrmLxnRU4Md9phDEWZvpump,2026-08-26T13:26:01Z,2026-08-26T13:26:01Z,HIGH,,False
4KkbphUd1bsxyGc1TSav2oVxT1gN1izzPef5YsBNzRFT,upstream,1,1,7aLLQRBpGCaSLmmHGf34MGtbdtTumiB14d14TtDnpump,2026-06-30T16:47:02Z,2026-06-30T16:47:02Z,MEDIUM,,False
4KpBAj5c2U8rHXR711wUSuoTxvVJ88B7QZH8hXGYFc3A,upstream,1,1,F41TwidZvJJcsx9c2BMwS6eH9W6HcUT4LzPmGvK9WU6N,2026-08-06T22:14:29Z,2026-08-06T22:14:29Z,MEDIUM,,False
4L4u9jYXJTPgGcFf6ng9tb5YLKbK3wG97UTGt7c5e5NH,direct,1,1,rMPLDvnn6KR773WNhZvtFNcgFwnRkc7UbPkUaiMpump,2026-09-20T10:30:31Z,2026-09-20T10:30:31Z,HIGH,,False
4N4u6ZpABsAtDrKZt1oxX6NDCD3rpCtFwJauuSQSFQQS,direct,1,1,D4aEpQLW45YnWrBmztcpJHqabbPtFe9F9PTv8Umvpump,2026-08-21T17:44:59Z,2026-08-21T17:44:59Z,HIGH,,False
4N5vGo5R1cWHb5vktSR5VHhPkt7eHYM8JE7vFE9G9uux,upstream,1,1,AbpJywMWmkf1MFonRddPVogSwPPZHB9pG4x2nKb1YaPn,2026-08-10T11:47:05Z,2026-08-10T11:47:05Z,MEDIUM,,False
4N6rHrKV9qTtLKUtHfdWr9iBRroUiQZDmiJsQwAa6h6d,upstream,1,1,57ANN8dAbPX8x1BEFFwzBttkzwpKZBEiJkdiWSzVNQvS,2026-06-13T23:18:03Z,2026-06-13T23:18:03Z,MEDIUM,,False
4PS8Y5GoZAbyoKDV3CDuvwT7E36uWm9bERvqZogdhKC3,upstream,1,1,rMPLDvnn6KR773WNhZvtFNcgFwnRkc7UbPkUaiMpump,2026-07-25T04:28:17Z,2026-07-25T04:28:17Z,MEDIUM,,False
4PY3MLrKPV4H3k477XYNC5ngGnYivstKhjc4e28ajYRu,upstream,1,1,DTm66ivA96mhuQnqTy1cv7uELS4MHdYtpbRGJdW9t7Fn,2026-06-14T22:03:07Z,2026-06-14T22:03:07Z,MEDIUM,,False
4PiZKgovLczNzBa1Mdi41C1Y2QXxoBWxzfewY1XPRxrN,direct,1,1,7Q9VxTczrzgvjXWbJJZibR7hbYAohngsNsuEhdEcpump,2026-07-12T14:46:24Z,2026-07-12T14:46:24Z,HIGH,,False
4Pss9w3e9cCnhooKfw9fDWQ9aafEUEzG1SPM1YQXhD8B,direct,1,1,13V3CbY7Q7AXnf24FMsUaQrmLxnRU4Md9phDEWZvpump,2026-02-10T21:13:50Z,2026-02-10T21:13:50Z,HIGH,,False
4Q18yiHcgkdqHnmBdhUjsUETRF14SjTR5ea3o9HiGes7,direct,1,1,69N7rm9nnp6sVoULtp5toD26F25rYum8593GupxkUYvH,2026-09-26T11:22:01Z,2026-09-26T11:22:01Z,HIGH,,False
4Q5dZczurC3TvvyLyj7L9t7PK6Z5e4BaMYaHfJ8PGo2E,direct,1,1,8G7aM6Gco4fHjVpmVvUdVvhKMKaWXJEqkCKRvPdepump,2026-08-05T12:48:16Z,2026-08-05T12:48:16Z,HIGH,,False
4QrC8PY3V5NfpPdggJoPuJp1M2731ruQxfEUzukrKVH4,direct,1,1,GL7M1C4QeLoURyexYgdhuP8SvaPh5LHQLRqKha3epump,2025-01-04T10:40:06Z,2025-01-04T10:40:06Z,HIGH,,False
4RHsBW7QiFbeS8rsCrMmsG9e6JhviuTJdzvAsdnyN3tL,upstream,1,1,7p4MwwkUaMv4gBThVkW46QjwVaosaUrccbFV1MbXpump,2026-08-22T15:56:09Z,2026-08-22T15:56:09Z,MEDIUM,,False
4RVkeMV8Gx8bTXchUgQMJFtoFrHq5X2dbLv1uFTb6pNz,direct,1,1,7mRDn1rAqjwFQXacodr1UmkNdvAGPbtNP9k5jvBZqt9J,2026-10-03T20:24:57Z,2026-10-03T20:24:57Z,HIGH,,False
4RsTCrnhbi24B1URpcykFsFemMuhf7sqwtwmASoby1LW,direct,1,1,BUPNYwndVGfzVb6RG6q2PX53VdAimw2Mi98QxqeWpump,2026-01-30T23:16:52Z,2026-01-30T23:16:52Z,HIGH,,False
4Rt24Z6vDrZzUxcauCYUoHMeQxcFXZUXLhhqskSDVmrW,direct,1,1,FuF2M5T79HJdpJUbp46qwWssLXQ1Xjf1yiNSfyo5UEGC,2026-01-03T03:26:29Z,2026-01-03T03:26:29Z,HIGH,,False
4S7Xpt2gbEvZg2tQxKrw8MBN9PzQjdgb8fnqdAassxEe,direct,1,1,9ek8utEujXFmiM9wXcWKPF18y57PmeG8rsiBZGzzpump,2026-08-30T17:52:07Z,2026-08-30T17:52:07Z,HIGH,,False
4SMEA61V67RrykfVtisPxpYQLaeSvQh4tRP9T17xm2WP,upstream,1,1,2BucyGvsg9wwTwsaFsEUFgdphrCtp94pDRtHowJUpump,2024-11-06T15:50:17Z,2024-11-06T15:50:17Z,MEDIUM,,False
4SzNHVZeXQ3E2NjmvspXgwKf7NAARAhesFp6qB5Ztb6v,direct,1,1,3vfxnHSCS139RZiw6MPZaEvhySnjbEi81GuF5EdNpump,2026-08-31T04:49:35Z,2026-08-31T04:49:35Z,HIGH,,False
4SzNHVZeXQ3E2NjmvspXgwKf7NAARAhesFp6qB5Ztb6v,upstream,1,1,6XD1vorwquLXjTSL5W4MJMGewZBeiEcPFmZw527TSwva,2026-08-31T04:49:35Z,2026-08-31T04:49:35Z,MEDIUM,,False
4TB9kHvbpCrcb5g39mhfVjNGtMCMckALrHYPzY7D14GD,direct,1,1,H9GGsNc7vA4hN13N1oU4itq8x3mrdZBdw2XdK3Mipump,2025-02-27T14:42:36Z,2025-02-27T14:42:36Z,HIGH,,False
4U4cAx8vwYKTXZqzggTyW6ZgAE61d26ZSz72kmqtJhGq,upstream,1,1,Ajz86fyiygsv8kZkUyDxogxkz5VfKRs4HTEABVTfpump,2025-10-21T16:49:42Z,2025-10-21T16:49:42Z,MEDIUM,,False
4UL4uMowk55y2wXBerwMFCodetCbXgrBw6CreEfxTES1,direct,1,1,GL7M1C4QeLoURyexYgdhuP8SvaPh5LHQLRqKha3epump,2026-01-23T16:11:10Z,2026-01-23T16:11:10Z,HIGH,,False
4Ubrixu9Sx6W9hCcpxpStBD3CJjrQYwLQfKyyL2GYNiX,direct,1,1,4prKtarobdhYDY4Hu3uGZMx7Je4HqPJeLVyxN6m4Ld3T,2026-08-18T01:30:11Z,2026-08-18T01:30:11Z,HIGH,,False
4VR92abKa4HS8UL2X5yrAPDVn4GMkstZsccTvhGmD5oW,direct,1,1,FuF2M5T79HJdpJUbp46qwWssLXQ1Xjf1yiNSfyo5UEGC,2025-04-22T23:49:11Z,2025-04-22T23:49:11Z,HIGH,,False
4XPntDwhNB2Xu1Wfw9ivJVATubu9KPJDoGrYbE1w3deA,upstream,1,1,DTm66ivA96mhuQnqTy1cv7uELS4MHdYtpbRGJdW9t7Fn,2025-01-27T17:23:54Z,2025-01-27T17:23:54Z,MEDIUM,,False
4XmyK2brJVP6LRG4bUmSdnhS3M9j6vYDeCmNMsdpqYLe,direct,1,1,8G7aM6Gco4fHjVpmVvUdVvhKMKaWXJEqkCKRvPdepump,2026-08-31T09:29:33Z,2026-08-31T09:29:33Z,HIGH,,False
4XoaDw6LGUG8fevZ4etupea3k88JWBAs3kEqTY6Xndqh,upstream,1,1,4sjtHGeAKP6DoMUdvFqQuiYKhhPpwa9XCxUyuFD2pump,2025-12-14T15:08:11Z,2025-12-14T15:08:11Z,MEDIUM,,False
4YSXis3rEWa2bcENkP4fqqcpqtFocmEdtdTLnckbEYaZ,direct,1,1,7aLLQRBpGCaSLmmHGf34MGtbdtTumiB14d14TtDnpump,2026-08-19T13:57:33Z,2026-08-19T13:57:33Z,HIGH,,False
4ZNjAcdiZhsPDmjGpviyR8soxUvTv8nszDB8T6o8fgdD,direct,1,1,6XD1vorwquLXjTSL5W4MJMGewZBeiEcPFmZw527TSwva,2026-08-27T19:20:39Z,2026-08-27T19:20:39Z,HIGH,,False
4ZSnKkR4gwFCnfEVbXperx6yZLE1CjhWyUduT2QoAjmg,direct,1,1,6XD1vorwquLXjTSL5W4MJMGewZBeiEcPFmZw527TSwva,2026-09-30T09:11:46Z,2026-09-30T09:11:46Z,HIGH,,False
4acqbvgQ85FbcYjEpMxmJLz154ckTrut774XrcfyTyGW,direct,1,1,13V3CbY7Q7AXnf24FMsUaQrmLxnRU4Md9phDEWZvpump,2026-09-04T10:07:27Z,2026-09-04T10:07:27Z,HIGH,,False
4bDVrCgSuJUdyLAkQ53U18wE4oDGgZD7YSj1BFgqCVHL,direct,1,1,JAqRn24FuQ5MFReXNgXb8uFej5vHJDxhVtebpQvHTQZy,2025-02-05T08:34:30Z,2025-02-05T08:34:30Z,HIGH,,False
4bKW14YxGjLKqjRZCxyXPpNn46CmNdsCr1t7aSPiM3Ek,upstream,1,1,9PNfxvTARzdxvQas2uknW57bnfMCS1dxW1He7rPbuhuQ,2026-08-26T15:06:46Z,2026-08-26T15:06:46Z,MEDIUM,,False
4bL2mY7sJzs8PYbiroLY7RvuMrsZMpWMKBxqJs3ig4ST,upstream,1,1,57ANN8dAbPX8x1BEFFwzBttkzwpKZBEiJkdiWSzVNQvS,2026-10-02T19:49:10Z,2026-10-02T19:49:10Z,MEDIUM,,False
4c58i3TYsogbduHGh4dAksRQajAKZVoatF2qKdeVXNDZ,upstream,1,1,Ajz86fyiygsv8kZkUyDxogxkz5VfKRs4HTEABVTfpump,2021-11-01T22:41:23Z,2021-11-01T22:41:23Z,MEDIUM,,False
4cK5TGerC24Kwk6XbEDn9t8Z4N4Si12PzLmPghqvFXLA,direct,1,1,28HydoWU7TZQxWiVQxGZyspE3qgWdCHToNDVgLoNpump,2026-08-05T09:18:31Z,2026-08-05T09:18:31Z,HIGH,,False
4d1UB8fmQaCVtDRTob55x6eL5UiZqUcwWAwbBk3rnSnG,upstream,1,1,69N7rm9nnp6sVoULtp5toD26F25rYum8593GupxkUYvH,2025-10-22T12:57:23Z,2025-10-22T12:57:23Z,MEDIUM,,False
4dUGnRa9iwwf4b5BPeZt7sTdwW5ynSyxYJjQirgiDzge,upstream,1,1,DQ2H7qcj262RAKfSxGYeL7cYJq54mVdXe4gYxUwxpump,2025-02-20T07:37:10Z,2025-02-20T07:37:10Z,MEDIUM,,False
4dz396NGtCoEML89KmJaibsE5fC2BTLsgdiZPsPjqAFP,upstream,1,1,8ypYfW5cjafrfAZij8TZj5SFHAbPNpiRio96LMzypDkn,2026-09-11T14:16:18Z,2026-09-11T14:16:18Z,MEDIUM,,False
4eA3LwgADpW9YyyJdJXqEYES1BQFxUCsQdiiNd1RnyBz,upstream,1,1,8qT3o4k4aUmyLrgd7hHYmVxin3kFhQ9QsXdSXTP6pump,2026-08-14T07:02:42Z,2026-08-14T07:02:42Z,MEDIUM,,False
4f5vB3oKZVw6mjFPDg4WTKnfMtwGL62bepuZyzJmNAgr,upstream,1,1,7p4MwwkUaMv4gBThVkW46QjwVaosaUrccbFV1MbXpump,2024-10-01T03:02:04Z,2024-10-01T03:02:04Z,MEDIUM,,False
4fP9QvQxKd7D5Ji6DJNYu7VFNeQ92sYgtwJkHX696Q72,direct,1,1,Er5RuNhTEwJH5dHv9c3YGATjgkLCETH4dKazntyWEtXY,2026-09-16T13:07:57Z,2026-09-16T13:07:57Z,HIGH,,False
4gKjjye5GDXR15s1VgB3ZMKVBf97H4DUfAZcst4KSRdW,upstream,1,1,FuF2M5T79HJdpJUbp46qwWssLXQ1Xjf1yiNSfyo5UEGC,2026-04-18T23:33:38Z,2026-04-18T23:33:38Z,MEDIUM,,False
4gq22vBJSmyYE2Ca4cZxu3KsbrpFCJthQ4Ppr3SPDWoe,direct,1,1,57ANN8dAbPX8x1BEFFwzBttkzwpKZBEiJkdiWSzVNQvS,2026-07-26T01:25:21Z,2026-07-26T01:25:21Z,HIGH,,False
4hamBNhMAxqhkyBxj1ycvLeRUHymAKchLNo19r3ePmpm,upstream,1,1,DTm66ivA96mhuQnqTy1cv7uELS4MHdYtpbRGJdW9t7Fn,2025-02-03T22:43:10Z,2025-02-03T22:43:10Z,MEDIUM,,False
4hrXa1buNunCVtAoXe1Lzcx9TntJeiaet1FYHxdrZ5sZ,upstream,1,1,25GrKYrc3y4LZmmuhppYgFRCKb7JyZ6grum4WhLYvA1z,2026-07-14T10:55:55Z,2026-07-14T10:55:55Z,MEDIUM,,False
4i32k7KgUzVTEA2SoLDycWZg4kYAu4K61Dxucbyds4jR,direct,1,1,HJPjdsDmcvgCj4MV3NvqCWd78qDP8BMzGfrsk4Nbpump,2026-08-28T16:42:37Z,2026-08-28T16:42:37Z,HIGH,,False
4iCvxxjyxrvgqVKnnxt3HDG5Zfy3XnXSRt3brhfHW6SM,direct,1,1,49aM4HrGABwG9F8iAn385zzcsS6mxHEFY8YN3H7y1Cd9,2025-03-17T22:08:45Z,2025-03-17T22:08:45Z,HIGH,,False
4iezyp3BUhfGjwEh9xZpmw49XVzK8yDjzz81taHrtBj2,upstream,1,1,AbpJywMWmkf1MFonRddPVogSwPPZHB9pG4x2nKb1YaPn,2026-08-16T21:54:01Z,2026-08-16T21:54:01Z,MEDIUM,,False
4kHA91gGbX7Bt7TanDNWEyBZDd96MU8G5cq2EhhUz2h5,direct,1,1,8G7aM6Gco4fHjVpmVvUdVvhKMKaWXJEqkCKRvPdepump,2026-09-01T14:57:30Z,2026-09-01T14:57:30Z,HIGH,,False
4kg7hB1e4c1KxeufnGFtFEYrKCpNqAQeaSKfcuAvfBZJ,direct,1,1,omskHvyNvQSn3PFak3E8JHQJeSVJFsrc6izWT12pump,2026-09-11T01:39:30Z,2026-09-11T01:39:30Z,HIGH,,False
4ksQhPSneu84BbzrVg7Vmcyr5s9L3C6beXBu73TNy7Cj,direct,1,1,6wSQipxdE9Suf8tVNaCEbcqavUbLT7gL9tibpm3Jpump,2026-05-08T13:27:53Z,2026-05-08T13:27:53Z,HIGH,,False
4mRt3iDHjWaKm2RwvNpAnzvfCncixVfKTz8qsdjpidj9,direct,1,1,HJPjdsDmcvgCj4MV3NvqCWd78qDP8BMzGfrsk4Nbpump,2026-09-02T19:44:39Z,2026-09-02T19:44:39Z,HIGH,,False
4mgYXYiTSNtzwk3ZywpXHNm5ytMcSmnKArWsPnoVPDX3,upstream,1,1,GKTxLXsmkjLDo89XmPa5htwK7sAzdqZ3jmfV6gaTvK67,2024-06-12T14:41:49Z,2024-06-12T14:41:49Z,MEDIUM,,False
4mqHXi2JbFQ56AQhF5HiTf8qRJdXW8F8cGqRWN6eEKLP,upstream,1,1,7Q9VxTczrzgvjXWbJJZibR7hbYAohngsNsuEhdEcpump,2026-08-28T18:11:54Z,2026-08-28T18:11:54Z,MEDIUM,,False
4o4k264TE5i7cAHEtywNbXvxpFdX24t6n366yisdPquv,upstream,1,1,FuF2M5T79HJdpJUbp46qwWssLXQ1Xjf1yiNSfyo5UEGC,2025-04-22T20:30:28Z,2025-04-22T20:30:28Z,MEDIUM,,False
4qKbHHLh2XMGxYSup9KxkhMdnYdZngBppxNzJ9DiL988,upstream,1,1,2BucyGvsg9wwTwsaFsEUFgdphrCtp94pDRtHowJUpump,2024-03-15T17:17:01Z,2024-03-15T17:17:01Z,MEDIUM,,False
4qikdBnWxm6YptfziKnKWNTnQJZPxyJ28JRkxaZA7HDQ,direct,1,1,CziyAr14UNUrfkxpioWSumkLXMwWnDWN2bu2WR5ao7kc,2024-01-16T16:31:04Z,2024-01-16T16:31:04Z,HIGH,,False
4qtuaSHasndpa2nDJcWAmKKfgCZr8LLth83i3RfUNkvo,upstream,1,1,GfqKCwNeAdHHi97AmgCLP5qrwcSJRDdyZ1huiU6xUXTz,2026-09-17T08:34:50Z,2026-09-17T08:34:50Z,MEDIUM,,False
4rD89iZ2Axpzstue99FFhftEDKck9Ldwk5CXAhw7CQPp,direct,1,1,rMPLDvnn6KR773WNhZvtFNcgFwnRkc7UbPkUaiMpump,2026-02-15T20:05:52Z,2026-02-15T20:05:52Z,HIGH,,False
4raqd4tCEnm2yGeUocVqPgN2MPB1W6A3EZfC8LoMChvf,upstream,1,1,DJejJn1iJntJVTAixy4VRgqJFF3NMKPEMgVzbJFmpump,2025-08-24T19:38:09Z,2025-08-24T19:38:09Z,MEDIUM,,False
4rhmvdxFFGUDnJdJSxcsv5tnXL5TeDA92fSKneXfWPvA,upstream,1,1,CziyAr14UNUrfkxpioWSumkLXMwWnDWN2bu2WR5ao7kc,2024-01-12T22:26:12Z,2024-01-12T22:26:12Z,MEDIUM,,False
4rt5956QhubQ1YYkjJYnoipnobtJibhwG2mpZQHBvDWG,direct,1,1,CziyAr14UNUrfkxpioWSumkLXMwWnDWN2bu2WR5ao7kc,2026-01-22T21:24:54Z,2026-01-22T21:24:54Z,HIGH,,False
4rtkEBdhDHcUoY8re5asstPSmN9LiEsMn5nNknX92xuf,direct,1,1,8ypYfW5cjafrfAZij8TZj5SFHAbPNpiRio96LMzypDkn,2026-07-14T08:17:40Z,2026-07-14T08:17:40Z,HIGH,,False
4sQKLryoKkfXAYBWX5sdjcujkBt2PA8yrWHy8MCJjknH,direct,1,1,GfqKCwNeAdHHi97AmgCLP5qrwcSJRDdyZ1huiU6xUXTz,2026-05-14T20:50:34Z,2026-05-14T20:50:34Z,HIGH,,False
4t8D7bdkmtdFxAQdviE7iNqgcctvWDtFN4EgyS7u1Edf,upstream,1,1,dy6zeSw9j2zHprXLwk1uUGAD4d2HF5R3pAFrL6bRAKs,2025-07-17T12:36:55Z,2025-07-17T12:36:55Z,MEDIUM,,False
4tdKipLhDCCqgtyzg62h2V7sccHjQgDcD4txDp11dYYD,direct,1,1,2A6sLqrw8WN6KkgnCsN4xJkyAowBZHr2H9xQ4u3Mpump,2026-03-17T05:41:21Z,2026-03-17T05:41:21Z,HIGH,,False
4tozHrDvBwfgnqjLz7rYnWyUDpv3Tb25juW3hfcU1A63,upstream,1,1,JAqRn24FuQ5MFReXNgXb8uFej5vHJDxhVtebpQvHTQZy,2025-08-28T11:55:48Z,2025-08-28T11:55:48Z,MEDIUM,,False
4ubFRcf6WMGYC5pM1YPbd4VzEW2qDp4Kvx2DEf8uAku8,direct,1,1,xeKm1qmxyHLJZLdwKpsZdx5UFtYyb124GTWRZWypump,2026-09-06T11:53:03Z,2026-09-06T11:53:03Z,HIGH,,False
4upjXWEfsCxEBua7xVCuPvryyvk4riLX3iyURTFpEi8Q,upstream,1,1,2Tiw1Tna3kAut868cjXuKoyrv8U8gi1YjTaXw7Czpump,2025-11-28T18:24:40Z,2025-11-28T18:24:40Z,MEDIUM,,False
4upjXWEfsCxEBua7xVCuPvryyvk4riLX3iyURTFpEi8Q,direct,1,1,2A6sLqrw8WN6KkgnCsN4xJkyAowBZHr2H9xQ4u3Mpump,2025-12-08T14:27:45Z,2025-12-08T14:27:45Z,HIGH,,False
4wbrLxXe4pwZe1u4g56BcKBN8uWi8xNoqwwN5tktgpVq,upstream,1,1,8G7aM6Gco4fHjVpmVvUdVvhKMKaWXJEqkCKRvPdepump,2026-03-18T05:47:31Z,2026-03-18T05:47:31Z,MEDIUM,,False
4wwyjDYbzcgNJnNzzBGQbQE7RmwvbdJ8FXJwhXV2AkU9,upstream,1,1,DJejJn1iJntJVTAixy4VRgqJFF3NMKPEMgVzbJFmpump,2026-06-04T19:43:57Z,2026-06-04T19:43:57Z,MEDIUM,,False
4x2kEm3GVEHKCFW1GXNnGwHVWH2c7Znp2MFkj8btmSAF,direct,1,1,hHc9579gpKUnvYvgcKyjdpe1UhmfVfGzGwMQCADpump,2026-08-29T04:01:17Z,2026-08-29T04:01:17Z,HIGH,,False
4xCtdX7Vx3QkEGXuSdynMXWNtwvbrgG473FQVYFCNpUm,upstream,1,1,DQ2H7qcj262RAKfSxGYeL7cYJq54mVdXe4gYxUwxpump,2026-06-26T23:20:42Z,2026-06-26T23:20:42Z,MEDIUM,,False
4yHUKWiQsfQEhFzvRLsujUHPF12kmxxaPJVw9HdCLdwz,upstream,1,1,GfqKCwNeAdHHi97AmgCLP5qrwcSJRDdyZ1huiU6xUXTz,2026-09-07T11:02:35Z,2026-09-07T11:02:35Z,MEDIUM,,False
4yHUT1SquLYuQ5n8UULr1DxkxssHGLhzfgGfWfXjKtYx,upstream,1,1,6akNLpNd11oq4q5zxhXGwr5jwUi6Ke4CvKmF6QeUwJCQ,2025-12-04T10:51:25Z,2025-12-04T10:51:25Z,MEDIUM,,False
4yHUT1SquLYuQ5n8UULr1DxkxssHGLhzfgGfWfXjKtYx,direct,1,1,6akNLpNd11oq4q5zxhXGwr5jwUi6Ke4CvKmF6QeUwJCQ,2026-09-18T20:50:55Z,2026-09-18T20:50:55Z,HIGH,,False
4yizaf94hn5utyr5ZD8yjua14d3x3J78iY9M17hpWJ9x,direct,1,1,dy6zeSw9j2zHprXLwk1uUGAD4d2HF5R3pAFrL6bRAKs,2026-05-29T12:51:08Z,2026-05-29T12:51:08Z,HIGH,,False
4ymP7vThuS1UcBcNZBFpKLAdSSrQHTXpbLLvi5cEn7zZ,upstream,1,1,47r9YPDeTVpwHjAakoVgnzNTJRChXC8f4KSUqMbEsBbM,2026-09-18T22:48:55Z,2026-09-18T22:48:55Z,MEDIUM,,False
4zAhesR8L36ULUXY33Ny85R7MWsELENCWkNfr2tJTYfr,upstream,1,1,7dACCWZXF4Lr9ftxFpi7TJk7a3hcPpUwGPAcTuXDpump,2026-08-30T22:33:32Z,2026-08-30T22:33:32Z,MEDIUM,,False
51Hy4zyKyLXedHZ8Xd3JzizP3nBgHw4HkZkV4HdPEfJE,upstream,1,1,7p4MwwkUaMv4gBThVkW46QjwVaosaUrccbFV1MbXpump,2022-04-01T13:19:34Z,2022-04-01T13:19:34Z,MEDIUM,,False
51Rs9CiBBSu9dPhLJNofAYHKBLsDyebjBLrjynqGXwbn,direct,1,1,8ypYfW5cjafrfAZij8TZj5SFHAbPNpiRio96LMzypDkn,2026-09-19T14:45:38Z,2026-09-19T14:45:38Z,HIGH,,False
52EEwX6YsCBgNxd9SQGTVr18CW5GNi2BPC9yhyVuCJUr,direct,1,1,Er5RuNhTEwJH5dHv9c3YGATjgkLCETH4dKazntyWEtXY,2026-09-08T11:33:43Z,2026-09-08T11:33:43Z,HIGH,,False
52X1PCmWabaavRQsbLddsWvngW7qbXPcfkck5oQ4ztug,direct,1,1,JAqRn24FuQ5MFReXNgXb8uFej5vHJDxhVtebpQvHTQZy,2026-09-01T13:06:16Z,2026-09-01T13:06:16Z,HIGH,,False
5329Z6doAhFWdagTXimG74jjUErhWax8vwfyfB9fvh4x,upstream,1,1,3vfxnHSCS139RZiw6MPZaEvhySnjbEi81GuF5EdNpump,2026-06-19T21:10:38Z,2026-06-19T21:10:38Z,MEDIUM,,False
53AezuUtSTqaGHJeqJBVdC7ZN4DCuBSFoFd2wPpXQsa5,direct,1,1,4sjtHGeAKP6DoMUdvFqQuiYKhhPpwa9XCxUyuFD2pump,2026-08-19T06:26:11Z,2026-08-19T06:26:11Z,HIGH,,False
53cJVuDcp5wfBCpNqMmVaYF2uUSZtXVpUPMg6Q6AHNef,direct,1,1,9hAojtonqe4RUQarvUYZhFqC99VK1S3LCewYkSjnpump,2026-08-03T15:54:37Z,2026-08-03T15:54:37Z,HIGH,,False
55rr84q3rrwsQjmxRpvmfFUKwJbgWSjSXss8jxNgxMiL,upstream,1,1,omskHvyNvQSn3PFak3E8JHQJeSVJFsrc6izWT12pump,2026-02-05T10:03:34Z,2026-02-05T10:03:34Z,MEDIUM,,False
56rGxwdYqaREnutczbMcLPh26qYE7cHS6TxZb58SYWAJ,direct,1,1,8G7aM6Gco4fHjVpmVvUdVvhKMKaWXJEqkCKRvPdepump,2026-08-14T11:37:18Z,2026-08-14T11:37:18Z,HIGH,,False
57PbrHwnuog7DGRd7St1Ehjc4LftW7MartAbgMVrtLVu,upstream,1,1,7mRDn1rAqjwFQXacodr1UmkNdvAGPbtNP9k5jvBZqt9J,2026-10-04T16:40:08Z,2026-10-04T16:40:08Z,MEDIUM,,False
57bLoghjgoLtiUQpLiL78fP4VeVUqFc3sYzKoUhvvZZ2,upstream,1,1,4ZUjJ5EJbwfh7teotB29uHc1SC3SiqbrkwJoNgsxibbU,2026-01-13T01:30:16Z,2026-01-13T01:30:16Z,MEDIUM,,False
57eG69Em3d3TWJx7kfW8xgeZmyjuYEjEpkbwPZJPtUCf,upstream,1,1,6gKx5EMvnymTVz2JgFhJAqpGxTYaBdVsaLb9YfPfvg4Y,2026-05-02T21:56:48Z,2026-05-02T21:56:48Z,MEDIUM,,False
57vSaRTqN9iXaemgh4AoDsZ63mcaoshfMK8NP3Z5QNbs,direct,1,1,57ANN8dAbPX8x1BEFFwzBttkzwpKZBEiJkdiWSzVNQvS,2021-12-30T16:56:34Z,2021-12-30T16:56:34Z,HIGH,,False
58XBnqKXyaGFE7mNraKDCUsSAGiMqBsjtD1afDZV9ufV,upstream,1,1,BmU6YJP2YCAo8sc2dkeR8KjvF3rGFBHZL25ejysppump,2026-06-19T12:15:25Z,2026-06-19T12:15:25Z,MEDIUM,,False
5A6Woo9bqAs8UGbYbtgFZgpU9ZQDeV3yxrybhyRdCt9W,upstream,1,1,8G7aM6Gco4fHjVpmVvUdVvhKMKaWXJEqkCKRvPdepump,2025-11-14T03:21:12Z,2025-11-14T03:21:12Z,MEDIUM,,False
5AbwNjhLBzrvZiREUWgg9buUEAhe4vNaN8H6bVDa3unh,direct,1,1,xeKm1qmxyHLJZLdwKpsZdx5UFtYyb124GTWRZWypump,2026-08-23T11:30:24Z,2026-08-23T11:30:24Z,HIGH,,False
5AqruKwJGzR6wBFQ1EZqya8XrJwMviTQVTLQCQ8ZsKpV,upstream,1,1,DQ2H7qcj262RAKfSxGYeL7cYJq54mVdXe4gYxUwxpump,2026-02-17T23:18:45Z,2026-02-17T23:18:45Z,MEDIUM,,False
5AtYTkCLjCfx3CSPG1jxpxgjFEUY4Ym6byD9dF9PPSy4,direct,1,1,GfqKCwNeAdHHi97AmgCLP5qrwcSJRDdyZ1huiU6xUXTz,2026-09-11T01:56:41Z,2026-09-11T01:56:41Z,HIGH,,False
5BN9yc3VzhRunshbaaTyBUW7qjavG3GSBDzWGEAMkxcu,upstream,1,1,7dACCWZXF4Lr9ftxFpi7TJk7a3hcPpUwGPAcTuXDpump,2026-06-22T21:11:05Z,2026-06-22T21:11:05Z,MEDIUM,,False
5CF44beFSYQt9r7zcd2TBPZapZksVQu4XDkAeMsKcNoU,upstream,1,1,4GRTznsfLTRqaB2uMAFmmgaWtvfVyBb4qCsTjskUpump,2026-08-26T22:08:24Z,2026-08-26T22:08:24Z,MEDIUM,,False
5CPjHYuDJ7dKyZRtuJjEdPkG8XeQY72PPE2ByXCkzXTm,upstream,1,1,5DoZAeBkoci5t5zPhUiuhQFjuzYTfkSv5Seojsxppump,2026-03-30T05:41:08Z,2026-03-30T05:41:08Z,MEDIUM,,False
5DH9rktvyxCknHZwwHadqhA4G8fzwCdLLYXzdJgFgDNw,direct,1,1,5o43e7gYZWFNEpdqkegHY6LXkhMXB1z6f7d6TAVGEMTM,2024-03-15T23:42:06Z,2024-03-15T23:42:06Z,HIGH,,False
5Db3RjnoUZgmbS6DoWURnabN8W6R74XW1enTPFcGGBCi,direct,1,1,8qT3o4k4aUmyLrgd7hHYmVxin3kFhQ9QsXdSXTP6pump,2026-09-03T15:18:49Z,2026-09-03T15:18:49Z,HIGH,,False
5DduoymRGMGNSPLuH1cqP9fW42uiY2PYPJ555PcrBFZ6,direct,1,1,DQ2H7qcj262RAKfSxGYeL7cYJq54mVdXe4gYxUwxpump,2026-06-15T15:28:37Z,2026-06-15T15:28:37Z,HIGH,,False
5DgSWLkSZCu7JmcZj9DG98Xjj58vfL6n3iV29uFgtVfM,direct,1,1,BmU6YJP2YCAo8sc2dkeR8KjvF3rGFBHZL25ejysppump,2026-02-14T20:18:44Z,2026-02-14T20:18:44Z,HIGH,,False
5EAHqnxLFxQ5jXjT1w3H47aYAdJdfSK79u2RvgEM9RoR,upstream,1,1,F59cEB3A7RAKHGtkvR577swnPSP6EsdaBoL5AcVZpump,2025-04-16T14:39:07Z,2025-04-16T14:39:07Z,MEDIUM,,False
5EZ3jz4Yx1Ca3Awpug93gVXzSygCBg6WAcYmtJRHtCs5,upstream,1,1,5Sg1vv51KGCSDF2gBHgbNATCEXFjYtVhWgztNUwtgJYD,2026-02-12T17:37:44Z,2026-02-12T17:37:44Z,MEDIUM,,False
5EyqMBunGXfZC1y3JFmF8DUdY8RvW4b4sVpDxKEgzhV9,direct,1,1,CziyAr14UNUrfkxpioWSumkLXMwWnDWN2bu2WR5ao7kc,2025-05-23T12:39:07Z,2025-05-23T12:39:07Z,HIGH,,False
5F16q38SdFcBdmFmY6ttMVxH2DfWtoHCwzLv28TvQ6cQ,direct,1,1,F41TwidZvJJcsx9c2BMwS6eH9W6HcUT4LzPmGvK9WU6N,2026-06-30T20:02:07Z,2026-06-30T20:02:07Z,HIGH,,False
5G5gzUtyLKWGcRC3o2na7RveggobHLfGhtfCVxBZ22Pj,upstream,1,1,49aM4HrGABwG9F8iAn385zzcsS6mxHEFY8YN3H7y1Cd9,2022-03-06T09:15:36Z,2022-03-06T09:15:36Z,MEDIUM,,False
5G7p6bRbccq4wmUCNb2Sz1vqJRrFuSo2kEMnLb7fweSg,direct,1,1,FuF2M5T79HJdpJUbp46qwWssLXQ1Xjf1yiNSfyo5UEGC,2025-04-15T21:13:47Z,2025-04-15T21:13:47Z,HIGH,,False
5HB4KCRokYsYVS7oDKbFibUE4pvrCbkTBsYhV6phwm2H,upstream,1,1,9CzNGAEutxKHJ5CwYC5Lk8X8YzgYrQnvKChP2BFEpump,2024-10-25T23:25:39Z,2024-10-25T23:25:39Z,MEDIUM,,False
5HFNvbcGo6ZgiexfEu2B5WQ36iuRFLAyLGVt6Zq2Hgr4,upstream,1,1,5L6As5obMTXxKwjmGBy1LTRwW2Hm1PjSK18JhETrpump,2026-01-23T10:32:11Z,2026-01-23T10:32:11Z,MEDIUM,,False
5HQZd9ovzAF1TLnHRAq1zcSnXC9HAp3EwhoxMHvo8rxB,direct,1,1,xeKm1qmxyHLJZLdwKpsZdx5UFtYyb124GTWRZWypump,2026-07-25T09:12:18Z,2026-07-25T09:12:18Z,HIGH,,False
5HRDGvx5d3ggZs15Zts44hbjQeeeoWytfmc1Fd8JREEh,direct,1,1,DkDwxjD5JFK7hd7qUNHqNaTeqDGcZ1ia3Y6E7EUiehEn,2026-09-15T14:21:13Z,2026-09-15T14:21:13Z,HIGH,,False
5J1cYyWUiwHK836MesegYDxEfgvJyrrQLBLmmHtNuozg,direct,1,1,8ypYfW5cjafrfAZij8TZj5SFHAbPNpiRio96LMzypDkn,2026-09-11T14:18:36Z,2026-09-11T14:18:36Z,HIGH,,False
5Jyk26iqoYwMZMPuEbUX6exnu8TPpRN7u95G6FJMiRCJ,upstream,1,1,21XJbyQWEhmeoxKRHdGrEjetSfHopvtp68LWzdvT471M,2026-09-15T16:36:56Z,2026-09-15T16:36:56Z,MEDIUM,,False
5K8wa86VgsQPe9DVJWjkt9giHZLPkZAiueDY93moToZE,direct,1,1,5DoZAeBkoci5t5zPhUiuhQFjuzYTfkSv5Seojsxppump,2026-08-31T18:38:42Z,2026-08-31T18:38:42Z,HIGH,,False
5KKqngvw1rGVCNeFSqVH37h4efg9vVkAW5nboUFKADFF,direct,1,1,3vfxnHSCS139RZiw6MPZaEvhySnjbEi81GuF5EdNpump,2026-08-21T16:49:03Z,2026-08-21T16:49:03Z,HIGH,,False
5LpTJQRYoziKqHXSLs86mJA2GUW6cnapZJeJnLcumFRi,direct,1,1,DJejJn1iJntJVTAixy4VRgqJFF3NMKPEMgVzbJFmpump,2026-09-28T15:50:43Z,2026-09-28T15:50:43Z,HIGH,,False
5M7RCHoGbJnoKRajh7FbhVxU9peiiJgmqLzB4JVVJFmu,upstream,1,1,DJejJn1iJntJVTAixy4VRgqJFF3NMKPEMgVzbJFmpump,2026-09-23T03:32:28Z,2026-09-23T03:32:28Z,MEDIUM,,False
5NZRCi7JaDkHjtoeXbWNmdD7kJ4sv9tx5TzUHhbodtWC,upstream,1,1,4prKtarobdhYDY4Hu3uGZMx7Je4HqPJeLVyxN6m4Ld3T,2025-05-18T08:03:18Z,2025-05-18T08:03:18Z,MEDIUM,,False
5Nsp9dQcDa8LPMgX3wr72EfzbsVZosZyBBALuybVaAGj,direct,1,1,JAqRn24FuQ5MFReXNgXb8uFej5vHJDxhVtebpQvHTQZy,2025-07-03T16:38:50Z,2025-07-03T16:38:50Z,HIGH,,False
5NytDzH98bpJfhaGJKLAnF9uwgEW9H6fPPqG5151b6w1,upstream,1,1,F59cEB3A7RAKHGtkvR577swnPSP6EsdaBoL5AcVZpump,2026-07-15T03:43:08Z,2026-07-15T03:43:08Z,MEDIUM,,False
5P5nirBCGFszYnhMV8F8Qv1XjycPjmbk8wGqNnZWt1A6,upstream,1,1,13V3CbY7Q7AXnf24FMsUaQrmLxnRU4Md9phDEWZvpump,2026-08-31T19:17:31Z,2026-08-31T19:17:31Z,MEDIUM,,False
5Q544fKrFoe6tsEbD7S8EmxGTJYAKtTVhAW5Q5pge4j1,direct,1,1,5nnWe5SCBaNMC3oNiR7utth6kx3mH1dhmCarjDb91shW,2026-09-12T12:18:20Z,2026-09-12T12:18:20Z,HIGH,,False
5QC4YPQNcjtxnzd8uTkvc86j25piTweuANAuxC4GTzeV,direct,1,1,2iSB473Z7L2ndpWs3n22tb7H3KSGpswDTH3jP7qCCAZT,2026-09-10T19:54:47Z,2026-09-10T19:54:47Z,HIGH,,False
5QxBheJ2Qk7npwrqeFXuAn8LXWwu1XiNoVWGm44FkhYt,upstream,1,1,9mqJNDG2squcqZt2zC7cWWNtVozUbQUnzVnP1jG6pump,2024-07-10T00:56:03Z,2024-07-10T00:56:03Z,MEDIUM,,False
5R8VFpVmWmu28yuqMBshS13dSPzrxY5pXiS2Lc8TosRD,direct,1,1,4n32UBFWKJNPQayeN25GrLJHswbja41XFMxebcg9pump,2026-08-20T17:29:32Z,2026-08-20T17:29:32Z,HIGH,,False
5R9Si1w5fynBjgCafT7VMShtmZvC8jhzcdt1s2NHciXT,upstream,1,1,AbpJywMWmkf1MFonRddPVogSwPPZHB9pG4x2nKb1YaPn,2025-09-19T18:55:05Z,2025-09-19T18:55:05Z,MEDIUM,,False
5SSQ6xxUv1iRtmxizgFANta28UpcrrqLB9N6xMfFv4BZ,upstream,1,1,9ek8utEujXFmiM9wXcWKPF18y57PmeG8rsiBZGzzpump,2026-08-09T06:53:03Z,2026-08-09T06:53:03Z,MEDIUM,,False
5STFy6TFx6yo5dQu3qeWgSWqkzBVKc2XgTiR9WjhU7zk,direct,1,1,7xXo3JYBqzh6D91XRppzFRLfw8wJHypeukGaNWwKgZ8m,2026-06-11T13:30:13Z,2026-06-11T13:30:13Z,HIGH,,False
5T8ZXgDayJfaTU77Ci8aHu2bjx3oLzTtMM1tN8bqqSTN,direct,1,1,5L6As5obMTXxKwjmGBy1LTRwW2Hm1PjSK18JhETrpump,2026-07-08T21:19:28Z,2026-07-08T21:19:28Z,HIGH,,False
5TQVFa9hrQA1g9YkWnVKMVKRqytLuPn2RQGGjYdLDppi,upstream,1,1,5DoZAeBkoci5t5zPhUiuhQFjuzYTfkSv5Seojsxppump,2025-09-07T18:48:37Z,2025-09-07T18:48:37Z,MEDIUM,,False
5TUcR7cX4zf9Vwkt5N6oWoXGofT2Pq2tR3wpNSpfZiDF,upstream,1,1,HJPjdsDmcvgCj4MV3NvqCWd78qDP8BMzGfrsk4Nbpump,2024-10-11T18:13:40Z,2024-10-11T18:13:40Z,MEDIUM,,False
5UGsUmmJzsqfFTwj2UXKvP1W83PwaT6LESkAP2WzYi55,direct,1,1,3uYT8w1FxasDGmM4WDG5kXu6D9BGvyP3iEfPJEVb6ewT,2025-06-16T08:35:25Z,2025-06-16T08:35:25Z,HIGH,,False
5UqEVxJQTzxK39teUUKmBbvwZYpSrepLnU9b6uV2TePJ,direct,1,1,9PNfxvTARzdxvQas2uknW57bnfMCS1dxW1He7rPbuhuQ,2026-09-08T21:59:38Z,2026-09-08T21:59:38Z,HIGH,,False
5W7Xt2qkjp1rjD9ouLzYsE5mC57ynULcYaRbhJ1VDBRK,upstream,1,1,D4aEpQLW45YnWrBmztcpJHqabbPtFe9F9PTv8Umvpump,2026-06-02T16:32:45Z,2026-06-02T16:32:45Z,MEDIUM,,False
5W7vxEJiqWzjis1WMKErAYA9PCG9ViLoZMebTcS3Tqsa,direct,1,1,BZYpLHhui3qRNokWFg2JcX8CYtMqzWHR5R4xowjcbPqh,2026-09-01T22:51:49Z,2026-09-01T22:51:49Z,HIGH,,False
5WTXFuUQimmaUELZhrp3EWKgrX8NwaiJDCzfdQqFGK6y,direct,1,1,7271ZR6GBzaGqdtP28ZqZ5BKRt2ziu4AnPnVCAL7pump,2026-08-21T15:11:11Z,2026-08-21T15:11:11Z,HIGH,,False
5WZZXVBBF8Hn9H7TkkxyS7DLnx1tUqZvWc4XTvBkC8gw,upstream,1,1,9mqJNDG2squcqZt2zC7cWWNtVozUbQUnzVnP1jG6pump,2026-02-21T02:58:19Z,2026-02-21T02:58:19Z,MEDIUM,,False
5YXYgocifyXg7awsv3nLtzrb1oFnHZYr3v9z2y1XjAJX,direct,1,1,4n32UBFWKJNPQayeN25GrLJHswbja41XFMxebcg9pump,2026-08-29T02:49:33Z,2026-08-29T02:49:33Z,HIGH,,False
5Yn64WRVxLkDJvvCYko3R5ELRJGvDiC1pUdmHdgGuQkG,direct,1,1,BZYpLHhui3qRNokWFg2JcX8CYtMqzWHR5R4xowjcbPqh,2026-06-17T06:50:34Z,2026-06-17T06:50:34Z,HIGH,,False
5ZDfLHXvK7yAXNi2uuYpBULngjYZznDTiGC6z74cCMgq,direct,1,1,25GrKYrc3y4LZmmuhppYgFRCKb7JyZ6grum4WhLYvA1z,2026-08-02T06:58:32Z,2026-08-02T06:58:32Z,HIGH,,False
5ZDsV8hheoaPEv59b1vuBeZKUyk9Xo9Wf2XP4vkik1Qs,upstream,1,1,DQ2H7qcj262RAKfSxGYeL7cYJq54mVdXe4gYxUwxpump,2026-06-26T23:20:43Z,2026-06-26T23:20:43Z,MEDIUM,,False
5ZGfWKzFYf5Bo5zFETHB2jCYqj4rHq6ksJvjAFeTpAMe,direct,1,1,4sjtHGeAKP6DoMUdvFqQuiYKhhPpwa9XCxUyuFD2pump,2026-08-26T00:34:46Z,2026-08-26T00:34:46Z,HIGH,,False
5ZknYciKL6Re7BDirsRrAaRSrAoeyPN6RRGYku5ADpM9,direct,1,1,dy6zeSw9j2zHprXLwk1uUGAD4d2HF5R3pAFrL6bRAKs,2026-06-16T23:25:06Z,2026-06-16T23:25:06Z,HIGH,,False
5a35mvD1zG1wPKj1axfb8CCqckDgFLpUXqifRs2aB9WE,upstream,1,1,9CzNGAEutxKHJ5CwYC5Lk8X8YzgYrQnvKChP2BFEpump,2026-08-10T12:49:43Z,2026-08-10T12:49:43Z,MEDIUM,,False
5aL1Kzqt8NN8GfNyi799YpAu3sb56mwRwi961CnscNEY,direct,1,1,9xhMStAAufkH5jA5nevaGy6M9fCsQ74BZnsXyo93DkfA,2025-01-15T14:08:31Z,2025-01-15T14:08:31Z,HIGH,,False
5ausqV4dYomNWwiZjrvWhwHYN5L6XF3sCMbtyRseMkFk,upstream,1,1,9CzNGAEutxKHJ5CwYC5Lk8X8YzgYrQnvKChP2BFEpump,2023-03-30T10:17:23Z,2023-03-30T10:17:23Z,MEDIUM,,False
5bMf8Nt8C9WNqHBxDuhzyA5Wc54KdfeKQU3XK5ijGm5Y,direct,1,1,xeKm1qmxyHLJZLdwKpsZdx5UFtYyb124GTWRZWypump,2025-04-09T22:09:48Z,2025-04-09T22:09:48Z,HIGH,,False
5bPseBwPQPU7WePBxCpkf56LaCu4ZRe9aYXyDyDUCy2r,upstream,1,1,F41TwidZvJJcsx9c2BMwS6eH9W6HcUT4LzPmGvK9WU6N,2026-08-24T14:55:29Z,2026-08-24T14:55:29Z,MEDIUM,,False
5bTMSpvBkb9qytpdRexEu19KLdiWNX6qoigJzRbMJE2v,direct,1,1,55bKo8bj1YVEgsbwkkd4Nwu7JhaZF9trUgbvpZ3YeVCA,2025-01-31T20:04:41Z,2025-01-31T20:04:41Z,HIGH,,False
5bTMSpvBkb9qytpdRexEu19KLdiWNX6qoigJzRbMJE2v,upstream,1,1,55bKo8bj1YVEgsbwkkd4Nwu7JhaZF9trUgbvpZ3YeVCA,2025-01-31T20:04:41Z,2025-01-31T20:04:41Z,MEDIUM,,False
5c4KvZoaEhEbucEhWXjGbVZikWwtRCrXBVTEdpZRHvSW,direct,1,1,5Sg1vv51KGCSDF2gBHgbNATCEXFjYtVhWgztNUwtgJYD,2026-02-13T21:33:24Z,2026-02-13T21:33:24Z,HIGH,,False
5dKqmHkdvXXa9zzXVx2ECkaoegERNB3GPNc8wMYeGPr9,upstream,1,1,BZYpLHhui3qRNokWFg2JcX8CYtMqzWHR5R4xowjcbPqh,2026-06-25T02:26:59Z,2026-06-25T02:26:59Z,MEDIUM,,False
5dsvXzmKtJ9x9JsdhDgvF5uWiAu4pvacBFugAad9GYmR,upstream,1,1,ASftCNtzPNmK3nMDvpQNvpLauKS45Vkq7kwTPutqUBL1,2025-08-15T01:05:00Z,2025-08-15T01:05:00Z,MEDIUM,,False
5eB8NR88SakyJ8wG6cWHdswX4JzH5iJn7MVQo7mTQ8n,direct,1,1,DJejJn1iJntJVTAixy4VRgqJFF3NMKPEMgVzbJFmpump,2026-08-31T07:33:04Z,2026-08-31T07:33:04Z,HIGH,,False
5eby7oHvPWk6ASxqC2KfT41KS2jCJkB5QbSKKfap2Yrj,direct,1,1,57ANN8dAbPX8x1BEFFwzBttkzwpKZBEiJkdiWSzVNQvS,2024-06-10T22:26:15Z,2024-06-10T22:26:15Z,HIGH,,False
5evuteCwhy82ypzyLkYcuPkKrUcUNkxeruTKUrYrstDV,direct,1,1,8G7aM6Gco4fHjVpmVvUdVvhKMKaWXJEqkCKRvPdepump,2026-08-26T02:23:18Z,2026-08-26T02:23:18Z,HIGH,,False
5ex5PXX3kAR7ubNWatV9V86VPpZGgbzXFK9gf4YHEoHF,direct,1,1,4ZUjJ5EJbwfh7teotB29uHc1SC3SiqbrkwJoNgsxibbU,2026-01-25T17:53:48Z,2026-01-25T17:53:48Z,HIGH,,False
5f6M97fVXUNHtJCEqdwgWA6sRJF46xp5qCbiWDJWkwhs,upstream,1,1,49aM4HrGABwG9F8iAn385zzcsS6mxHEFY8YN3H7y1Cd9,2025-12-26T12:23:06Z,2025-12-26T12:23:06Z,MEDIUM,,False
5fLXLj4vkhBG4Sj8Zw9P2vCfafJm2m3jEV1TsjpQtfmD,direct,1,1,xeKm1qmxyHLJZLdwKpsZdx5UFtYyb124GTWRZWypump,2025-10-28T22:03:33Z,2025-10-28T22:03:33Z,HIGH,,False
5gabDpLLe7LemdiXD1a38PKxogZ2k5FanZXcMCqMCPSR,upstream,1,1,AmWCcDf6tG7zB3VPeDVjeXL5N567fXAiHcTKw3xXpump,2025-07-28T19:06:05Z,2025-07-28T19:06:05Z,MEDIUM,,False
5impjPp4Aj5Emr8LyrqZEGY7uNW9pMpBnfG5CaqvJrSe,direct,1,1,F59cEB3A7RAKHGtkvR577swnPSP6EsdaBoL5AcVZpump,2026-08-20T14:27:04Z,2026-08-20T14:27:04Z,HIGH,,False
5jAVYkmBCNQSbdNCh9pDSgLJfwqjNmyfdtSxfr7PFrPV,direct,1,1,FuF2M5T79HJdpJUbp46qwWssLXQ1Xjf1yiNSfyo5UEGC,2026-08-29T07:39:10Z,2026-08-29T07:39:10Z,HIGH,,False
5jLt5kCWHPSLNFCFqeXN371RHBUBUurpReSGa6kPfRBf,direct,1,1,7p4MwwkUaMv4gBThVkW46QjwVaosaUrccbFV1MbXpump,2026-09-09T12:05:35Z,2026-09-09T12:05:35Z,HIGH,,False
5m5HPW8ugU8adoaxTBWYzjkm6wBr6yiwoKUegwegWQuc,upstream,1,1,rMPLDvnn6KR773WNhZvtFNcgFwnRkc7UbPkUaiMpump,2024-12-08T13:14:56Z,2024-12-08T13:14:56Z,MEDIUM,,False
5mnYD9eSDxu5A3eZNDhYZwDMdBf88RxGCjKXe86vQGgq,upstream,1,1,DJejJn1iJntJVTAixy4VRgqJFF3NMKPEMgVzbJFmpump,2026-09-23T03:32:30Z,2026-09-23T03:32:30Z,MEDIUM,,False
5nBvvKNV22XcWUNQubmtmFdPQdUSpg1rLD5c8JwPxhd9,upstream,1,1,67afrnTxo8DVc52Uev61Yo4Yr9BGQpRw1RpPMWcx42La,2026-02-18T19:10:24Z,2026-02-18T19:10:24Z,MEDIUM,,False
5njZuDSS2WTFkvWWsgv8Q4TfQBuCASKJAztc5yF2qLWZ,upstream,1,1,GKTxLXsmkjLDo89XmPa5htwK7sAzdqZ3jmfV6gaTvK67,2025-12-03T23:18:22Z,2025-12-03T23:18:22Z,MEDIUM,,False
5nsDhZRGdxtWFDdBbexvYUEh59EeFKpsRCH75mRkywjn,upstream,1,1,5EZ7yagvcsHcwH3e17khLwGzhFrCsx7CKS7ZN6J6i4Lh,2025-11-29T01:12:40Z,2025-11-29T01:12:40Z,MEDIUM,,False
5oH8vPWNynFYSFtxcxbc9MZhegvDB34ZPgXvrzFL35JX,upstream,1,1,DJejJn1iJntJVTAixy4VRgqJFF3NMKPEMgVzbJFmpump,2026-09-29T04:43:54Z,2026-09-29T04:43:54Z,MEDIUM,,False
5pxygUSpgK4Z7URCq4JRow6XbhmRbkGFXnBQUJbh9nhV,upstream,1,1,dy6zeSw9j2zHprXLwk1uUGAD4d2HF5R3pAFrL6bRAKs,2026-09-06T10:56:54Z,2026-09-06T10:56:54Z,MEDIUM,,False
5q1KqR3Bez1rnoewPCcXkKkyMSr5fGTesGPWW1SRFN5y,upstream,1,1,13V3CbY7Q7AXnf24FMsUaQrmLxnRU4Md9phDEWZvpump,2026-08-05T08:09:45Z,2026-08-05T08:09:45Z,MEDIUM,,False
5q1KqR3Bez1rnoewPCcXkKkyMSr5fGTesGPWW1SRFN5y,direct,1,1,13V3CbY7Q7AXnf24FMsUaQrmLxnRU4Md9phDEWZvpump,2026-08-26T13:26:08Z,2026-08-26T13:26:08Z,HIGH,,False
5qr7qFF9PZcQMQcux4emeHGCRJnBy1vGih8nL5V64qCB,upstream,1,1,7xXo3JYBqzh6D91XRppzFRLfw8wJHypeukGaNWwKgZ8m,2026-08-30T20:58:16Z,2026-08-30T20:58:16Z,MEDIUM,,False
5qxfAw7z1FwkouQjMc3ofqMKqEVMR92GuMf8yyzgC7jy,direct,1,1,9CzNGAEutxKHJ5CwYC5Lk8X8YzgYrQnvKChP2BFEpump,2026-09-03T16:05:17Z,2026-09-03T16:05:17Z,HIGH,,False
5reSPnXhUgN4QdwDMhR9uPC9Q6oadBzCF6PUmiNjkeAm,direct,1,1,47r9YPDeTVpwHjAakoVgnzNTJRChXC8f4KSUqMbEsBbM,2024-03-01T18:45:43Z,2024-03-01T18:45:43Z,HIGH,,False
5s9fyjgRGfz8emQu8xXR4Uomn7HRFHbXYMo2ungFaxqD,direct,1,1,4kkrecvSVnnkK3RZcJ85tNFiZu9pWg584yHjNCqEpump,2024-11-26T18:26:36Z,2024-11-26T18:26:36Z,HIGH,,False
5st7H8QtPEVfovSwLmdJDjbUAQivVZJGzbHCir6dZxGc,direct,1,1,9mqJNDG2squcqZt2zC7cWWNtVozUbQUnzVnP1jG6pump,2026-01-31T16:01:51Z,2026-01-31T16:01:51Z,HIGH,,False
5svZLc7myqZYtwXqqKwtPv8C4MWZmkGuByUeT8mSZYvF,direct,1,1,3GeNgcFpMwH9ts5b3W3jddtfwhwAURaykTy8YjtrGQWT,2026-02-14T13:13:18Z,2026-02-14T13:13:18Z,HIGH,,False
5t4Tz7qewAHSpDC1YADAmogtiE3Cwud4juNjjVXaDs1p,direct,1,1,7p4MwwkUaMv4gBThVkW46QjwVaosaUrccbFV1MbXpump,2026-09-11T13:51:18Z,2026-09-11T13:51:18Z,HIGH,,False
5tPADnf2Q6R5vuLVz4BCnnoatfQh8izuLV9Q6TQSVfQe,upstream,1,1,21XJbyQWEhmeoxKRHdGrEjetSfHopvtp68LWzdvT471M,2026-09-12T22:01:24Z,2026-09-12T22:01:24Z,MEDIUM,,False
5tRFqmipRXKn8Yekz9ML87kfajUYNMMM9CjZbEf2dgKe,direct,1,1,CSLP8Vp7u9hrXQi7crPXqCp7BaJaG4JrNxqvR3jDpump,2026-08-22T10:17:49Z,2026-08-22T10:17:49Z,HIGH,,False
5u8miDtshpKpeta4jaN42pkoKdo9ak8HcbHx17L8Nta,upstream,1,1,7mRDn1rAqjwFQXacodr1UmkNdvAGPbtNP9k5jvBZqt9J,2025-10-20T22:41:50Z,2025-10-20T22:41:50Z,MEDIUM,,False
5uk3aJu4xLUPmwvf8Adscb7SSV8pf9jtGnyfrDDeGGPS,upstream,1,1,2A6sLqrw8WN6KkgnCsN4xJkyAowBZHr2H9xQ4u3Mpump,2026-05-30T04:58:26Z,2026-05-30T04:58:26Z,MEDIUM,,False
5v8hnvc4Q4oJjwRXEFZaVT1NpwPfbvnj8WZCDyS7aLri,upstream,1,1,F41TwidZvJJcsx9c2BMwS6eH9W6HcUT4LzPmGvK9WU6N,2026-04-28T17:43:30Z,2026-04-28T17:43:30Z,MEDIUM,,False
5vK4eaBbojAheHYrg3TepwMmABAihjbxpExc5LVYFYGJ,upstream,1,1,67afrnTxo8DVc52Uev61Yo4Yr9BGQpRw1RpPMWcx42La,2024-08-08T00:14:57Z,2024-08-08T00:14:57Z,MEDIUM,,False
5vRLe4HkzGo5kLAoedvYvgBVT4bf2CimfZhKF3YeeWPn,direct,1,1,5o43e7gYZWFNEpdqkegHY6LXkhMXB1z6f7d6TAVGEMTM,2026-10-03T09:11:31Z,2026-10-03T09:11:31Z,HIGH,,False
5vXaxKHS19WuVUnCp9rdeRv5bwjcLkCMhHXQcF3DADKo,upstream,1,1,9ek8utEujXFmiM9wXcWKPF18y57PmeG8rsiBZGzzpump,2026-08-08T15:10:29Z,2026-08-08T15:10:29Z,MEDIUM,,False
5vqoXWzmw5KgfGMkHJtq397wMYF7tuZojqoWWh8gGVvf,direct,1,1,HJPjdsDmcvgCj4MV3NvqCWd78qDP8BMzGfrsk4Nbpump,2026-08-20T04:24:33Z,2026-08-20T04:24:33Z,HIGH,,False
5vxg5BDBo6NH49rsg96DtwwCqo3P6vG85WMQsL5Mvjbg,direct,1,1,3GeNgcFpMwH9ts5b3W3jddtfwhwAURaykTy8YjtrGQWT,2026-06-28T11:18:45Z,2026-06-28T11:18:45Z,HIGH,,False
5wpLPjjcWmpKRhj8RLYmhU1t56JusZcYqTEUMfrU1in,upstream,1,1,25GrKYrc3y4LZmmuhppYgFRCKb7JyZ6grum4WhLYvA1z,2025-03-21T02:43:59Z,2025-03-21T02:43:59Z,MEDIUM,,False
5wvfJ8xJhyRA1hzNqziYkpGvPGGPUHq6ZALhrrxDeQs,upstream,1,1,xeKm1qmxyHLJZLdwKpsZdx5UFtYyb124GTWRZWypump,2026-06-24T02:22:03Z,2026-06-24T02:22:03Z,MEDIUM,,False
5x32ZZqqCMTMQSZY56hqz9F91KXVvFfZ2MESJyExiHSg,upstream,1,1,7Q9VxTczrzgvjXWbJJZibR7hbYAohngsNsuEhdEcpump,2026-07-30T19:39:01Z,2026-07-30T19:39:01Z,MEDIUM,,False
5x5S5Gtcxe4KKkFc7mmUMTzC6qigVbZJwPZj1GLzAz4K,direct,1,1,DTm66ivA96mhuQnqTy1cv7uELS4MHdYtpbRGJdW9t7Fn,2025-12-23T20:22:00Z,2025-12-23T20:22:00Z,HIGH,,False
5x5S5Gtcxe4KKkFc7mmUMTzC6qigVbZJwPZj1GLzAz4K,upstream,1,1,DTm66ivA96mhuQnqTy1cv7uELS4MHdYtpbRGJdW9t7Fn,2025-12-23T20:22:00Z,2025-12-23T20:22:00Z,MEDIUM,,False
5xHAR8qSXYrAP6wP74Pk1HfCqCjVBWrjVSUP6FLcdKDm,upstream,1,1,EkTkjVEfhvgkoCwheMTnr8mhEmJ6Q7ZR8q7ZMCcnpump,2024-10-18T06:36:58Z,2024-10-18T06:36:58Z,MEDIUM,,False
5xYNhZRW1rEofFon3X2JgaZtrnu5vo5xXD61jHof3p37,upstream,1,1,EHUzmwAzmUix7TkwVr7b16U9ChJDr3RpjfXshR5swy5j,2026-06-28T04:48:59Z,2026-06-28T04:48:59Z,MEDIUM,,False
5zUgGF73XAywnFDS74sunAn3MQw9PrHiyeCTYF3w2JzF,direct,1,1,5pSEZw1iytqYznD7crsGyKNek7q5JkjBqj2KmfqxUVZd,2025-04-28T18:34:52Z,2025-04-28T18:34:52Z,HIGH,,False
5zW9zLvL3VsZHMX44qPuYSDyBgua2raVDc3QzQ3iKJdG,upstream,1,1,CziyAr14UNUrfkxpioWSumkLXMwWnDWN2bu2WR5ao7kc,2024-02-08T16:21:59Z,2024-02-08T16:21:59Z,MEDIUM,,False
6157EDTa7q7XmAxrFiiq8rxaVdiCgDd4q8cVGo32JNVu,upstream,1,1,sMe5iUcgTe4VXmg4WaShF5kuk6GmcKF3y4HqKGZpump,2025-04-17T11:51:49Z,2025-04-17T11:51:49Z,MEDIUM,,False
61SHh6KR11c2HcuodwBPMnmmr5gVsZtsBrHRns5KiqHe,direct,1,1,5o9sE9FEVC12zWBd2zqPXAhoVyRiNjGfaYX6hS3Ppump,2026-08-22T19:00:41Z,2026-08-22T19:00:41Z,HIGH,,False
61TrfwcPBu6K4DxWpK5x34TK67B6s9sv4fkhJkbgFpGJ,upstream,1,1,DJejJn1iJntJVTAixy4VRgqJFF3NMKPEMgVzbJFmpump,2026-06-06T14:16:22Z,2026-06-06T14:16:22Z,MEDIUM,,False
61jKDKbCtKnrjLC8oq5qWEBVVvtxdtTgYT9mTd58ZH2k,upstream,1,1,9mqJNDG2squcqZt2zC7cWWNtVozUbQUnzVnP1jG6pump,2026-08-01T00:33:12Z,2026-08-01T00:33:12Z,MEDIUM,,False
61n4nqq4ECk2p34vsY5tpmU8mD6arLH3cecMAQ6CLGt6,upstream,1,1,EHUzmwAzmUix7TkwVr7b16U9ChJDr3RpjfXshR5swy5j,2026-09-22T20:04:37Z,2026-09-22T20:04:37Z,MEDIUM,,False
61v4PnmdeswaDTc5uvWdu2A89QCsVemMHqUaoLBsNYqB,direct,1,1,dy6zeSw9j2zHprXLwk1uUGAD4d2HF5R3pAFrL6bRAKs,2026-07-19T11:38:39Z,2026-07-19T11:38:39Z,HIGH,,False
62N1K57D37AUDGp68tnDYKPjGDsaAAtmo357nBtEtuR,direct,1,1,4ZUjJ5EJbwfh7teotB29uHc1SC3SiqbrkwJoNgsxibbU,2026-07-30T08:13:50Z,2026-07-30T08:13:50Z,HIGH,,False
62R5GjeRC4eZDvBo9rnsRwtEf7RmiPdzSEkL2naEaHgr,direct,1,1,CziyAr14UNUrfkxpioWSumkLXMwWnDWN2bu2WR5ao7kc,2026-08-15T13:01:19Z,2026-08-15T13:01:19Z,HIGH,,False
62dTXVyxza4msU2K2BiouQ5vWXtXBeanquKJRiSjmtjv,upstream,1,1,7dACCWZXF4Lr9ftxFpi7TJk7a3hcPpUwGPAcTuXDpump,2026-05-16T12:20:58Z,2026-05-16T12:20:58Z,MEDIUM,,False
637eDTSJUGq5FXGmQSqsXcF31GTYhXxv2E3F91T971E2,direct,1,1,5o43e7gYZWFNEpdqkegHY6LXkhMXB1z6f7d6TAVGEMTM,2025-05-29T19:59:46Z,2025-05-29T19:59:46Z,HIGH,,False
63DVVhHffHK59ypX89JUtZ9Xhp7ANn88hRwHz1dTnFVH,direct,1,1,Er5RuNhTEwJH5dHv9c3YGATjgkLCETH4dKazntyWEtXY,2026-07-26T22:30:24Z,2026-07-26T22:30:24Z,HIGH,,False
63Q6hW6cjKN4mgWEyB764sxYbRRYAZKS9hxs16Qbyxcp,upstream,1,1,AbpJywMWmkf1MFonRddPVogSwPPZHB9pG4x2nKb1YaPn,2025-02-18T06:37:22Z,2025-02-18T06:37:22Z,MEDIUM,,False
63QYYwrHqAL98hxgcRwsZ7ADfGikWSj5qYfEyvotkahG,upstream,1,1,CziyAr14UNUrfkxpioWSumkLXMwWnDWN2bu2WR5ao7kc,2026-07-29T15:11:07Z,2026-07-29T15:11:07Z,MEDIUM,,False
63meuV5abNhhMJmyRgGikQcNv2Vtfnmsrxjp95SPi5ND,direct,1,1,5L6As5obMTXxKwjmGBy1LTRwW2Hm1PjSK18JhETrpump,2025-06-28T15:57:54Z,2025-06-28T15:57:54Z,HIGH,,False
63otb3qfCMz5bghv2vyEEwMoZnhnqyv7mj6rVco1hwnH,upstream,1,1,xeKm1qmxyHLJZLdwKpsZdx5UFtYyb124GTWRZWypump,2026-01-26T12:35:07Z,2026-01-26T12:35:07Z,MEDIUM,,False
63qLxNq8StkcwwjBYUyaFDM9bEVpC47dZAfUthoGzzRj,upstream,1,1,5L6As5obMTXxKwjmGBy1LTRwW2Hm1PjSK18JhETrpump,2025-02-26T15:52:57Z,2025-02-26T15:52:57Z,MEDIUM,,False
64uHeVWVReXFBy3vnsv22NfJ74dfTVXb5M3FKVmQc9cs,direct,1,1,8ypYfW5cjafrfAZij8TZj5SFHAbPNpiRio96LMzypDkn,2026-09-29T01:35:56Z,2026-09-29T01:35:56Z,HIGH,,False
64yv77x86CfREcihSaAPuZqqeodDQB95CLVadySqYXKb,upstream,1,1,JAqRn24FuQ5MFReXNgXb8uFej5vHJDxhVtebpQvHTQZy,2025-07-03T16:38:47Z,2025-07-03T16:38:47Z,MEDIUM,,False
65t2K6EuJT1e3UP7QNcPV6JBhzfApqMLYiaNwUviniNd,upstream,1,1,CHygERrxnc5QByNCwxUNSMhP7tKJA7rh6hNBdJ2spump,2026-06-12T16:28:11Z,2026-06-12T16:28:11Z,MEDIUM,,False
67YgaRtTNHtLaDxVnXdnAUAFPq8gZzatqfjRxNS6DWvK,direct,1,1,B3xU49SW3khA7m5Lgata2fmPxZeQRuaJbCruPsVDpump,2026-08-21T00:14:33Z,2026-08-21T00:14:33Z,HIGH,,False
67d6ox8qaHp9jLXdqiwP49AcR1pHnVRfNJ8mEXzjveDQ,upstream,1,1,7Q9VxTczrzgvjXWbJJZibR7hbYAohngsNsuEhdEcpump,2025-09-08T15:19:19Z,2025-09-08T15:19:19Z,MEDIUM,,False
67ns3spssZHvvNm36X1rFnbyCbWhvQPm6aofXVzMaCZe,upstream,1,1,5DoZAeBkoci5t5zPhUiuhQFjuzYTfkSv5Seojsxppump,2026-03-19T23:30:41Z,2026-03-19T23:30:41Z,MEDIUM,,False
67wTde6PbKvJcRgCiR4DcMYvqg7YJjvkYk9XPL1g3Cfv,direct,1,1,6sFMbTF2VTzutzKekenJujFZBqb4TiBZJKfyLMUbpump,2026-09-09T11:06:39Z,2026-09-09T11:06:39Z,HIGH,,False
683y21kimVVeDxq6juzPT8hg15VFbAP7vVJHt745ySLd,direct,1,1,rMPLDvnn6KR773WNhZvtFNcgFwnRkc7UbPkUaiMpump,2026-05-05T10:04:35Z,2026-05-05T10:04:35Z,HIGH,,False
68Xd9He84sx19ziMm4rDE7pC1KWYo1XmPeRd6aCZJmmD,direct,1,1,7dACCWZXF4Lr9ftxFpi7TJk7a3hcPpUwGPAcTuXDpump,2026-09-27T16:10:30Z,2026-09-27T16:10:30Z,HIGH,,False
695UK8qDNrWsY5p4FNVjB1zuDkcNHB4CLZiA5MSvTVmp,direct,1,1,2iSB473Z7L2ndpWs3n22tb7H3KSGpswDTH3jP7qCCAZT,2026-08-31T08:44:18Z,2026-08-31T08:44:18Z,HIGH,,False
69FNRB1MF9fFojH9iGAozEyedXL7CsXDWHA4e6y7a5d4,upstream,1,1,DTm66ivA96mhuQnqTy1cv7uELS4MHdYtpbRGJdW9t7Fn,2025-09-21T06:12:19Z,2025-09-21T06:12:19Z,MEDIUM,,False
69hbxMeEyQLw3nwTVpoEjb9n4aDxVoxFKyo6pqnY73oG,upstream,1,1,5L6As5obMTXxKwjmGBy1LTRwW2Hm1PjSK18JhETrpump,2024-05-29T21:55:17Z,2024-05-29T21:55:17Z,MEDIUM,,False
6AKrfdeLdgsR1NJjSEih7rajxv8AQvrkmmhn9HMuqrcf,direct,1,1,7HiD5rzoZxAYXEJ8Z4t3WgM8VE1iSKWJdxPPyEdDNzwN,2026-09-29T02:38:33Z,2026-09-29T02:38:33Z,HIGH,,False
6ASAkCV9QF2gEkokQvHo94XmbutJrKXrEF72ek6qqbjZ,direct,1,1,UsrcsZMqw6p53Fohu16UCBjsbjqc73XmoRFZDcnCtMR,2025-03-23T18:23:35Z,2025-03-23T18:23:35Z,HIGH,,False
6Aj7L9qekp4enKGKr5GrGP7bK4p494pCqmt7BaVAgcsG,direct,1,1,CSLP8Vp7u9hrXQi7crPXqCp7BaJaG4JrNxqvR3jDpump,2026-08-25T23:07:18Z,2026-08-25T23:07:18Z,HIGH,,False
6AtvRTbieT2dHXuYg26w5c8RkFh8nDszPBoPcYxeaqYw,upstream,1,1,67afrnTxo8DVc52Uev61Yo4Yr9BGQpRw1RpPMWcx42La,2025-08-08T16:41:11Z,2025-08-08T16:41:11Z,MEDIUM,,False
6CGdhvVdfmpHfL5CPeiM8Lc1PpnjXSEYUaR1ExXvqGAt,upstream,1,1,sMe5iUcgTe4VXmg4WaShF5kuk6GmcKF3y4HqKGZpump,2025-05-14T20:57:35Z,2025-05-14T20:57:35Z,MEDIUM,,False
6E1uYPht1hYRH6EHYyy4KTSLYM3dCm3pJkx3nfU9ai1p,upstream,1,1,BmU6YJP2YCAo8sc2dkeR8KjvF3rGFBHZL25ejysppump,2026-08-22T10:45:58Z,2026-08-22T10:45:58Z,MEDIUM,,False
6FBtm9MASG6fRudBP2w53ffdARzCVHvdD9SCrPu2VSF1,direct,1,1,H9GGsNc7vA4hN13N1oU4itq8x3mrdZBdw2XdK3Mipump,2026-05-04T11:41:04Z,2026-05-04T11:41:04Z,HIGH,,False
6Fkusm6mr9hf114VtGZghj8iZzFtXqFcTWJs9syLvAgp,direct,1,1,67afrnTxo8DVc52Uev61Yo4Yr9BGQpRw1RpPMWcx42La,2026-08-14T21:05:28Z,2026-08-14T21:05:28Z,HIGH,,False
6H8WUqSqkSywXLRqWB4Wndrdri6PDQojunPSWZASkq1Z,upstream,1,1,8G7aM6Gco4fHjVpmVvUdVvhKMKaWXJEqkCKRvPdepump,2025-02-15T23:52:05Z,2025-02-15T23:52:05Z,MEDIUM,,False
6HdwpwMK8p6criACpNDAPHJqQZSh5pTNvdRNXW6JKodJ,direct,1,1,3f8CKfznVUGrFfhcq8ZBY9M1xyDeEQGrh6iH372h3ebN,2026-09-25T13:35:29Z,2026-09-25T13:35:29Z,HIGH,,False
6K3SUMuEEZ1gK8dc5CKejkoB3txR68AXzdaLqwickrym,upstream,1,1,AbpJywMWmkf1MFonRddPVogSwPPZHB9pG4x2nKb1YaPn,2021-10-15T02:16:38Z,2021-10-15T02:16:38Z,MEDIUM,,False
6KzTJasMvn51LJDFa5yrHSy79Zcjs7hRJJ7vvmvxbJxb,upstream,1,1,55bKo8bj1YVEgsbwkkd4Nwu7JhaZF9trUgbvpZ3YeVCA,2025-12-23T13:25:01Z,2025-12-23T13:25:01Z,MEDIUM,,False
6Lb2Vtpc1JxMUVvHT7iPntUm22RWeQhL5z8aaV5Xh4wT,direct,1,1,BmU6YJP2YCAo8sc2dkeR8KjvF3rGFBHZL25ejysppump,2025-06-04T17:41:27Z,2025-06-04T17:41:27Z,HIGH,,False
6Lb2Vtpc1JxMUVvHT7iPntUm22RWeQhL5z8aaV5Xh4wT,upstream,1,1,BmU6YJP2YCAo8sc2dkeR8KjvF3rGFBHZL25ejysppump,2025-08-06T08:08:59Z,2025-08-06T08:08:59Z,MEDIUM,,False
6M6ceGSpb7buonfR4tow95YxKsQyzJ2kvKwm3ip2j1bp,direct,1,1,8ypYfW5cjafrfAZij8TZj5SFHAbPNpiRio96LMzypDkn,2026-09-30T17:08:51Z,2026-09-30T17:08:51Z,HIGH,,False
6MLM62qxB5iw6EHXPGQaCDEpJdwXWWvqBHiGzKPgeax,direct,1,1,9ek8utEujXFmiM9wXcWKPF18y57PmeG8rsiBZGzzpump,2026-08-26T16:34:11Z,2026-08-26T16:34:11Z,HIGH,,False
6MVuquFofqrbdFj6FSTAqaxbJESEzW4jB2pBd1RQoami,direct,1,1,57ANN8dAbPX8x1BEFFwzBttkzwpKZBEiJkdiWSzVNQvS,2025-02-03T06:57:08Z,2025-02-03T06:57:08Z,HIGH,,False
6MbwDCyZ26S6BayHL8gK1xa59wzA6mUgE1bmJZTnzW1F,upstream,1,1,CziyAr14UNUrfkxpioWSumkLXMwWnDWN2bu2WR5ao7kc,2026-08-15T09:47:50Z,2026-08-15T09:47:50Z,MEDIUM,,False
6Ms2ASvNqnq4UQNqBL4TEq9B3skah4UnGqpw1fnzYJeG,direct,1,1,5L6As5obMTXxKwjmGBy1LTRwW2Hm1PjSK18JhETrpump,2025-12-01T17:23:55Z,2025-12-01T17:23:55Z,HIGH,,False
6PKbzpnz7KuTNBhzs1oxSKD6ScxfPMpwPaAqVutc9TiC,upstream,1,1,5DoZAeBkoci5t5zPhUiuhQFjuzYTfkSv5Seojsxppump,2021-10-04T06:34:49Z,2021-10-04T06:34:49Z,MEDIUM,,False
6PVuzdDjDLr3eexJT397cQaYH2BEsrhWb7k7frmnzZ9U,upstream,1,1,8ypYfW5cjafrfAZij8TZj5SFHAbPNpiRio96LMzypDkn,2026-09-29T19:37:19Z,2026-09-29T19:37:19Z,MEDIUM,,False
6Q1i4n4WRxHJRiCPJqpQKR71yfrK5U1cmCtnGNxDgJ1x,direct,1,1,2A6sLqrw8WN6KkgnCsN4xJkyAowBZHr2H9xQ4u3Mpump,2026-05-30T09:39:07Z,2026-05-30T09:39:07Z,HIGH,,False
6QaTQyim7U2wETm934YNyMABSDY5ysHfmRZdnkTEDvj8,upstream,1,1,13V3CbY7Q7AXnf24FMsUaQrmLxnRU4Md9phDEWZvpump,2025-07-27T11:49:20Z,2025-07-27T11:49:20Z,MEDIUM,,False
6R1prHt31eMtDVLDHhv9anuimpwddPpBNDsDkwUXogde,direct,1,1,AgB5SxiP1DFZbW9uDAH7s8Mhv1HF21nJv67tnAAYpump,2025-02-25T15:18:26Z,2025-02-25T15:18:26Z,HIGH,,False
6R3XcUQ9JDMPWosL5C1Fiqj4oawEAs3cjsVA7Z7shnLA,direct,1,1,3vfxnHSCS139RZiw6MPZaEvhySnjbEi81GuF5EdNpump,2026-02-27T22:46:54Z,2026-02-27T22:46:54Z,HIGH,,False
6RHMsSonYxJs3n6QR6BQgRonqLA3K8A84MGyc5XTYLC1,direct,1,1,F41TwidZvJJcsx9c2BMwS6eH9W6HcUT4LzPmGvK9WU6N,2026-03-06T01:05:17Z,2026-03-06T01:05:17Z,HIGH,,False
6RMuK2b7Nh45NwiZMeHpP5YGJPqoq5hB1mHwwsDViyrz,upstream,1,1,9ek8utEujXFmiM9wXcWKPF18y57PmeG8rsiBZGzzpump,2026-06-24T01:46:09Z,2026-06-24T01:46:09Z,MEDIUM,,False
6Resc2RWDMng39eDGfntgFZ5FBcrV6PjX2FjraCV5DLe,direct,1,1,7Q9VxTczrzgvjXWbJJZibR7hbYAohngsNsuEhdEcpump,2026-08-27T19:40:43Z,2026-08-27T19:40:43Z,HIGH,,False
6SRHShLwmsrKrw5j8SzpZzonF8Y9QXuKYG15KoWtUqfa,direct,1,1,6gKx5EMvnymTVz2JgFhJAqpGxTYaBdVsaLb9YfPfvg4Y,2026-08-31T14:55:53Z,2026-08-31T14:55:53Z,HIGH,,False
6Sxpag4WbzoE4f4TFkPHygoc7JqQA7mDbLRqtNBnwjcp,direct,1,1,ASftCNtzPNmK3nMDvpQNvpLauKS45Vkq7kwTPutqUBL1,2025-05-17T01:25:12Z,2025-05-17T01:25:12Z,HIGH,,False
6TWLGKZEFtRRnMikkrHbYekmgWwTf1a5VQdbz5AY8q1c,upstream,1,1,FuF2M5T79HJdpJUbp46qwWssLXQ1Xjf1yiNSfyo5UEGC,2025-04-21T18:03:50Z,2025-04-21T18:03:50Z,MEDIUM,,False
6TiECNe3VbLPnNh9EyCutFDHoeR2aaZhKrh7fr5WJeME,direct,1,1,4kkrecvSVnnkK3RZcJ85tNFiZu9pWg584yHjNCqEpump,2026-08-23T15:04:38Z,2026-08-23T15:04:38Z,HIGH,,False
6U91aKa8pmMxkJwBCfPTmUEfZi6dHe7DcFq2ALvB2tbB,upstream,1,1,2Tiw1Tna3kAut868cjXuKoyrv8U8gi1YjTaXw7Czpump,2026-09-09T09:24:47Z,2026-09-09T09:24:47Z,MEDIUM,,False
6UEVduSuzugX8ypB3g8uBhJz91Pf2UN5vR2p4NtqmjSN,direct,1,1,6wSQipxdE9Suf8tVNaCEbcqavUbLT7gL9tibpm3Jpump,2026-05-06T08:13:54Z,2026-05-06T08:13:54Z,HIGH,,False
6UcYEG5kqLsn2kfnfs8aX2uVrroes6ndCaZy6c65hK9t,direct,1,1,3coFBLantjJkMRmzaQ4znMQQzfqFYTyBeNhdXYAzpump,2026-09-05T15:55:44Z,2026-09-05T15:55:44Z,HIGH,,False
6UyudLaMTJnW4TA3usw1YUjjG74Tqxmr1x28HZ6Gr2Ci,upstream,1,1,7271ZR6GBzaGqdtP28ZqZ5BKRt2ziu4AnPnVCAL7pump,2025-11-22T16:24:35Z,2025-11-22T16:24:35Z,MEDIUM,,False
6VA3UdPzQrrTBENXB1fXbXW2peCrEtdNQkFA4niWypvS,direct,1,1,2A6sLqrw8WN6KkgnCsN4xJkyAowBZHr2H9xQ4u3Mpump,2026-01-01T18:17:44Z,2026-01-01T18:17:44Z,HIGH,,False
6VvenYbZCpbJ6hFXN7YZHL6cgXQHPb6cgbQpKyDyuRdT,direct,1,1,3f8CKfznVUGrFfhcq8ZBY9M1xyDeEQGrh6iH372h3ebN,2025-08-17T17:51:45Z,2025-08-17T17:51:45Z,HIGH,,False
6WDQr8tnSjkB5TkD3jrszvnodALs4ytTBnPsv5Z45TuB,direct,1,1,H8oe2SCksJcYzhPeS4TsbteusgZW5k7QaZ4boKyq8C7U,2025-07-30T15:46:41Z,2025-07-30T15:46:41Z,HIGH,,False
6WDQr8tnSjkB5TkD3jrszvnodALs4ytTBnPsv5Z45TuB,upstream,1,1,13V3CbY7Q7AXnf24FMsUaQrmLxnRU4Md9phDEWZvpump,2026-09-03T16:11:13Z,2026-09-03T16:11:13Z,MEDIUM,,False
6WLW4u5H7jRrXLMZ4Md8URvWnJrNWhrPx5zRHekFkoe7,upstream,1,1,8G7aM6Gco4fHjVpmVvUdVvhKMKaWXJEqkCKRvPdepump,2026-04-02T23:33:12Z,2026-04-02T23:33:12Z,MEDIUM,,False
6WPWK7HDFiUo4UQQ9GZbjjp3GXr1C1kuRkkLPknCLnH,direct,1,1,5Sg1vv51KGCSDF2gBHgbNATCEXFjYtVhWgztNUwtgJYD,2026-09-25T05:12:57Z,2026-09-25T05:12:57Z,HIGH,,False
6XbdrcoUgg2cDbUnEVzYWBTBZB9RVCNDJPW4c8wUYwqz,upstream,1,1,FuF2M5T79HJdpJUbp46qwWssLXQ1Xjf1yiNSfyo5UEGC,2025-01-29T17:33:03Z,2025-01-29T17:33:03Z,MEDIUM,,False
6Xg5RGrAD3ebtKUnxhRqeU5hEVsjy9upJmwpa1iqsVoS,direct,1,1,44s336LDz8bXp4rpxy1qwUfysZ4THjpReQWTKQg7pump,2026-06-30T20:45:18Z,2026-06-30T20:45:18Z,HIGH,,False
6YbgpW8f974ZJvM4x9gAkz2PLt1acbLQP897FxMQ4XLy,upstream,1,1,JAqRn24FuQ5MFReXNgXb8uFej5vHJDxhVtebpQvHTQZy,2025-08-06T11:30:01Z,2025-08-06T11:30:01Z,MEDIUM,,False
6YgzQKuAmADBr6tRvDJBJyVmdhjt2nq237Ji14q2WZrN,direct,1,1,67afrnTxo8DVc52Uev61Yo4Yr9BGQpRw1RpPMWcx42La,2025-04-26T17:37:51Z,2025-04-26T17:37:51Z,HIGH,,False
6a8hZPPrYN2bV1NRwU3CuSMsVnU5QRRp7PDUVKcZcoTK,direct,1,1,EHUzmwAzmUix7TkwVr7b16U9ChJDr3RpjfXshR5swy5j,2026-07-28T20:06:00Z,2026-07-28T20:06:00Z,HIGH,,False
6aJrJKJfFgufBsdUXHQpQbRfFqzcg6UbX7mF7xgzv1TF,direct,1,1,DkDwxjD5JFK7hd7qUNHqNaTeqDGcZ1ia3Y6E7EUiehEn,2025-01-16T12:22:14Z,2025-01-16T12:22:14Z,HIGH,,False
6aLcJcsEsDKnowqiTCqsWM2b7v8UCYkpD8VyDyWsGbT2,upstream,1,1,BZYpLHhui3qRNokWFg2JcX8CYtMqzWHR5R4xowjcbPqh,2026-08-29T13:35:22Z,2026-08-29T13:35:22Z,MEDIUM,,False
6abUsRHTT6gxXtjQF57iUNQWcetRMsGVpj33CKRCg5Qg,upstream,1,1,GKTxLXsmkjLDo89XmPa5htwK7sAzdqZ3jmfV6gaTvK67,2026-09-22T08:32:32Z,2026-09-22T08:32:32Z,MEDIUM,,False
6bHvcWP21Y5KJrDK1e1mthvsFUFA4yrQaXF74MJJWmrP,upstream,1,1,ASftCNtzPNmK3nMDvpQNvpLauKS45Vkq7kwTPutqUBL1,2026-08-04T14:16:46Z,2026-08-04T14:16:46Z,MEDIUM,,False
6bbdyXqfVEERMSupQgoNBMGqHTU7o7rnuDShHCdnufGt,direct,1,1,6wSQipxdE9Suf8tVNaCEbcqavUbLT7gL9tibpm3Jpump,2026-08-28T09:40:39Z,2026-08-28T09:40:39Z,HIGH,,False
6bs3gbkpr1pzWtiU9Wc34mYvz8jT4ez8eukzUkvoJWxn,direct,1,1,CSLP8Vp7u9hrXQi7crPXqCp7BaJaG4JrNxqvR3jDpump,2026-04-10T07:50:47Z,2026-04-10T07:50:47Z,HIGH,,False
6ckpnsWzyXUwCuN6fJ4J6goGTvv1QirfvMYn7UyyDSkB,direct,1,1,JAqRn24FuQ5MFReXNgXb8uFej5vHJDxhVtebpQvHTQZy,2026-08-27T03:35:42Z,2026-08-27T03:35:42Z,HIGH,,False
6dxEgUQxjiU5EwnMKdCumbWVNs3yvUsyUtzyDDDwHuun,direct,1,1,4n32UBFWKJNPQayeN25GrLJHswbja41XFMxebcg9pump,2026-07-27T07:40:18Z,2026-07-27T07:40:18Z,HIGH,,False
6dz2KJxevEqP4sCRsaEyBWbRSAY357ifx7yFZmUzBhDc,upstream,1,1,7dACCWZXF4Lr9ftxFpi7TJk7a3hcPpUwGPAcTuXDpump,2025-03-25T04:09:46Z,2025-03-25T04:09:46Z,MEDIUM,,False
6fHv5QG5Me3W6nSTWhPKGKGxGTAgQxehgHAR63RXzfMF,upstream,1,1,FuF2M5T79HJdpJUbp46qwWssLXQ1Xjf1yiNSfyo5UEGC,2025-04-22T23:48:56Z,2025-04-22T23:48:56Z,MEDIUM,,False
6fLT1FLgwouQJgeCNa7xwVtTqXnksgAz2D9Dw7Wy3HtF,direct,1,1,dy6zeSw9j2zHprXLwk1uUGAD4d2HF5R3pAFrL6bRAKs,2026-08-05T03:46:29Z,2026-08-05T03:46:29Z,HIGH,,False
6g7CfN2cYkw3P3LV7g1gnnWYRgM4Zc4zeBjXUuLJcSZC,direct,1,1,GKTxLXsmkjLDo89XmPa5htwK7sAzdqZ3jmfV6gaTvK67,2025-01-15T15:47:54Z,2025-01-15T15:47:54Z,HIGH,,False
6h3xPDrJv5TY6tcWmM8B8w56wbiMVy2K5E9arJ2QmDXW,direct,1,1,UsrcsZMqw6p53Fohu16UCBjsbjqc73XmoRFZDcnCtMR,2026-09-12T16:37:04Z,2026-09-12T16:37:04Z,HIGH,,False
6hWt6RVEvovMDjfpXJgXxBteLeNreLUMVgwXewZDRVUm,direct,1,1,BmU6YJP2YCAo8sc2dkeR8KjvF3rGFBHZL25ejysppump,2024-07-23T13:27:15Z,2024-07-23T13:27:15Z,HIGH,,False
6iLKoxq8VPo6PK5DNTxq1SxpjfSbKTrLPZ99B5LycL3r,upstream,1,1,57ANN8dAbPX8x1BEFFwzBttkzwpKZBEiJkdiWSzVNQvS,2023-06-15T22:09:26Z,2023-06-15T22:09:26Z,MEDIUM,,False
6j8163Drnh1QcJmQ7L2ep5mVTEYKXYvAyd4aBd8B9eFk,direct,1,1,6sFMbTF2VTzutzKekenJujFZBqb4TiBZJKfyLMUbpump,2026-06-19T16:48:13Z,2026-06-19T16:48:13Z,HIGH,,False
6jE8ynvFedYNeUkm4bbGiC2d3jc1sSEgwV64YNWvkwoh,upstream,1,1,7271ZR6GBzaGqdtP28ZqZ5BKRt2ziu4AnPnVCAL7pump,2026-03-01T12:24:07Z,2026-03-01T12:24:07Z,MEDIUM,,False
6jFXdLYJuCwaQp3iJBTPTXZ6LSxjnag69tzbj2gB5vPZ,upstream,1,1,CHygERrxnc5QByNCwxUNSMhP7tKJA7rh6hNBdJ2spump,2025-09-29T06:05:02Z,2025-09-29T06:05:02Z,MEDIUM,,False
6jNKoHdckedA2KMd4DxtPFiNq5zTMfXFpcqr67fRcRwf,upstream,1,1,CSLP8Vp7u9hrXQi7crPXqCp7BaJaG4JrNxqvR3jDpump,2025-07-29T19:25:43Z,2025-07-29T19:25:43Z,MEDIUM,,False
6jYdGgUFr41vg1uMgAZAb3drd2qMjSJuxK5ucjjy2rfA,direct,1,1,3vfxnHSCS139RZiw6MPZaEvhySnjbEi81GuF5EdNpump,2025-12-11T01:55:57Z,2025-12-11T01:55:57Z,HIGH,,False
6jgaKtxttkmmA8C6LadUmrR2XtryW3YASauyadTNUcFy,upstream,1,1,8qT3o4k4aUmyLrgd7hHYmVxin3kFhQ9QsXdSXTP6pump,2026-09-02T13:48:00Z,2026-09-02T13:48:00Z,MEDIUM,,False
6kcJjJngYhGUj1k5xP4UYcGunnEvfvnQqNJmTd2oBQj,direct,1,1,21XJbyQWEhmeoxKRHdGrEjetSfHopvtp68LWzdvT471M,2026-09-16T20:20:33Z,2026-09-16T20:20:33Z,HIGH,,False
6kzmdiaAmSUve5z9rTcinf5AvfijNQL1ihYeRsCzRHyf,upstream,1,1,2iSB473Z7L2ndpWs3n22tb7H3KSGpswDTH3jP7qCCAZT,2024-07-06T13:15:26Z,2024-07-06T13:15:26Z,MEDIUM,,False
6mbjWfgAVYtDCeJVApYjvhzcZ9oxgryCj8YszB4586az,direct,1,1,6sFMbTF2VTzutzKekenJujFZBqb4TiBZJKfyLMUbpump,2025-03-19T12:07:22Z,2025-03-19T12:07:22Z,HIGH,,False
6mkNvCiiuAUSW5zXf828q31uwfSXCv84rXD5wmtCEYW5,upstream,1,1,6VMsrZvNaSzddT6vkY6dEDoFMeK5EoHD4KCAycfQpump,2026-09-04T15:57:52Z,2026-09-04T15:57:52Z,MEDIUM,,False
6mr7TdgBDUe3xzWi54f93pcy9BAQd9V32ALWxcLyqfDx,upstream,1,1,8ypYfW5cjafrfAZij8TZj5SFHAbPNpiRio96LMzypDkn,2026-09-29T18:01:57Z,2026-09-29T18:01:57Z,MEDIUM,,False
6nJwEdXupEm4hb6MM2pbZCcq1AF9kfsS9Qh6QVqw5jy4,upstream,1,1,BmU6YJP2YCAo8sc2dkeR8KjvF3rGFBHZL25ejysppump,2025-04-17T04:55:07Z,2025-04-17T04:55:07Z,MEDIUM,,False
6o5Uoi8UxMk1HDVDyLHfs6yYP4TFEKUBG1YbMXektGFB,upstream,1,1,5nnWe5SCBaNMC3oNiR7utth6kx3mH1dhmCarjDb91shW,2026-04-16T06:06:46Z,2026-04-16T06:06:46Z,MEDIUM,,False
6p5HPCojwAvzH3JjLZEuTTkYarCi8AiJUxvLbmcX28Hq,upstream,1,1,55bKo8bj1YVEgsbwkkd4Nwu7JhaZF9trUgbvpZ3YeVCA,2025-05-12T18:34:35Z,2025-05-12T18:34:35Z,MEDIUM,,False
6qQ8qe4r98ZaGEsFVHgDTWtU1Nev2X8rmw9qSzmMgujg,direct,1,1,dy6zeSw9j2zHprXLwk1uUGAD4d2HF5R3pAFrL6bRAKs,2026-06-02T23:37:13Z,2026-06-02T23:37:13Z,HIGH,,False
6qnZfWZ2AiWfdGnaUvLEVtjhg8gKF3ohx5i6oQksXLvM,upstream,1,1,DkDwxjD5JFK7hd7qUNHqNaTeqDGcZ1ia3Y6E7EUiehEn,2024-01-18T19:54:16Z,2024-01-18T19:54:16Z,MEDIUM,,False
6rExZCNZkomLr7kkbipbbTqCtDfhb4WwfVeQbXiGStGU,direct,1,1,9mqJNDG2squcqZt2zC7cWWNtVozUbQUnzVnP1jG6pump,2024-07-22T23:03:12Z,2024-07-22T23:03:12Z,HIGH,,False
6rSGgfnWX7o3KxBJUo2YCB2HpvuJG8pHrnfUN8ULnbLm,upstream,1,1,9PNfxvTARzdxvQas2uknW57bnfMCS1dxW1He7rPbuhuQ,2025-05-29T18:50:05Z,2025-05-29T18:50:05Z,MEDIUM,,False
6rdmqqZAo7xYNLgHr5eixw4TncGebghX4SaW8Nckni31,direct,1,1,EHUzmwAzmUix7TkwVr7b16U9ChJDr3RpjfXshR5swy5j,2025-10-25T14:36:25Z,2025-10-25T14:36:25Z,HIGH,,False
6s5rQdtEQRSty6ZQUYcCeCkVmKCTV2rEv4MPGUn6JNFe,upstream,1,1,5o43e7gYZWFNEpdqkegHY6LXkhMXB1z6f7d6TAVGEMTM,2025-01-08T15:29:09Z,2025-01-08T15:29:09Z,MEDIUM,,False
6soFjUFvDn9cpHPmaBvoPPwUSgMUumZfw1Hxv7K3bDR5,direct,1,1,DkDwxjD5JFK7hd7qUNHqNaTeqDGcZ1ia3Y6E7EUiehEn,2026-09-04T22:28:52Z,2026-09-04T22:28:52Z,HIGH,,False
6tHQoE6gc23a2Ua8uyXSfdVgpsS6BRoCpVi66Vj2Sgb7,direct,1,1,8ypYfW5cjafrfAZij8TZj5SFHAbPNpiRio96LMzypDkn,2025-03-16T13:19:07Z,2025-03-16T13:19:07Z,HIGH,,False
6tckHFBpiJ8YgYN8FUskvtvTpXQZ55g5LHeo1kvELoDQ,upstream,1,1,4prKtarobdhYDY4Hu3uGZMx7Je4HqPJeLVyxN6m4Ld3T,2026-07-29T14:59:27Z,2026-07-29T14:59:27Z,MEDIUM,,False
6u2LjRJgXND96DymG4CRxAq9BB5ZKh4PhDEdGwi4gvJc,direct,1,1,rMPLDvnn6KR773WNhZvtFNcgFwnRkc7UbPkUaiMpump,2026-05-06T11:44:00Z,2026-05-06T11:44:00Z,HIGH,,False
6u2tDB6285TqgusFrHkzTtHDpyM9gBrtHFC69Rs9w3Ah,upstream,1,1,rMPLDvnn6KR773WNhZvtFNcgFwnRkc7UbPkUaiMpump,2026-05-05T10:04:32Z,2026-05-05T10:04:32Z,MEDIUM,,False
6vpivJxWK8D4FVisnuszKsJEEyvxk3jTfpJPjgsVKSC2,direct,1,1,5L6As5obMTXxKwjmGBy1LTRwW2Hm1PjSK18JhETrpump,2026-06-05T19:00:40Z,2026-06-05T19:00:40Z,HIGH,,False
6w3Mv9t5PyPagbxJPjqYHaZqHGMgx6gNnYRHnjSiNbqh,direct,1,1,9CzNGAEutxKHJ5CwYC5Lk8X8YzgYrQnvKChP2BFEpump,2025-07-09T13:56:26Z,2025-07-09T13:56:26Z,HIGH,,False
6wJAXgeGGZWPxypLXAKksaHeacMT575xH9La6KfrLFoK,direct,1,1,6gKx5EMvnymTVz2JgFhJAqpGxTYaBdVsaLb9YfPfvg4Y,2026-04-15T20:18:37Z,2026-04-15T20:18:37Z,HIGH,,False
6wn7pXLVFvWRTJ9kzupAQghUwNtAM75KKtqCcgBHPioV,direct,1,1,4kkrecvSVnnkK3RZcJ85tNFiZu9pWg584yHjNCqEpump,2026-03-29T16:28:38Z,2026-03-29T16:28:38Z,HIGH,,False
6wnAPm6gbEcHTQGHARniAGjWz9Z6VNq88GfArQ6qjcMN,upstream,1,1,6wSQipxdE9Suf8tVNaCEbcqavUbLT7gL9tibpm3Jpump,2025-05-04T17:48:23Z,2025-05-04T17:48:23Z,MEDIUM,,False
6ws7gdj62VD7PBau5fSJHcdWadzAtHsjhbz24ph22hWY,upstream,1,1,21XJbyQWEhmeoxKRHdGrEjetSfHopvtp68LWzdvT471M,2024-12-11T18:32:47Z,2024-12-11T18:32:47Z,MEDIUM,,False
6zLgWuvwHrDjtwcN6jKNn7QCbeP5ztDdbHsuc8BovhS9,upstream,1,1,G9r7nnHSgvb7LUfCE8kavRaKokEMMYBjVHGKvQ6dpump,2026-10-01T20:06:04Z,2026-10-01T20:06:04Z,MEDIUM,,False
6zpWN4T6kLvHsiTJLEEUC47hpg1DVn1Wh3aTVbPsu59d,direct,1,1,GL7M1C4QeLoURyexYgdhuP8SvaPh5LHQLRqKha3epump,2026-08-22T14:32:37Z,2026-08-22T14:32:37Z,HIGH,,False
71YSLez5RQBk7mLTbdvpMVazRK3Shm3VAXZTTNuSiCGr,upstream,1,1,7271ZR6GBzaGqdtP28ZqZ5BKRt2ziu4AnPnVCAL7pump,2026-08-20T18:12:46Z,2026-08-20T18:12:46Z,MEDIUM,,False
73uuyc19ggVx9Hyem2LMR25GpyaEPqCSgR3DMFm7qz8w,direct,1,1,28HydoWU7TZQxWiVQxGZyspE3qgWdCHToNDVgLoNpump,2026-08-06T12:46:34Z,2026-08-06T12:46:34Z,HIGH,,False
74CgTVCNno7VGbsnJeNFCGpBHtJPN1Ai5Ed242ycyGhc,direct,1,1,dy6zeSw9j2zHprXLwk1uUGAD4d2HF5R3pAFrL6bRAKs,2026-08-04T06:08:43Z,2026-08-04T06:08:43Z,HIGH,,False
74F2HNnh1yzbJZ9umFqCrBc3midmweiYvGq7yLDSNvo5,direct,1,1,6VMsrZvNaSzddT6vkY6dEDoFMeK5EoHD4KCAycfQpump,2026-08-31T04:28:45Z,2026-08-31T04:28:45Z,HIGH,,False
74NAhBbuYhBGqpkScVZCfVuZUYXxMQ6gRmAJpiGfX8ZT,direct,1,1,7dACCWZXF4Lr9ftxFpi7TJk7a3hcPpUwGPAcTuXDpump,2026-09-25T06:10:25Z,2026-09-25T06:10:25Z,HIGH,,False
757f79FfJeEnGV2EPKRUJLvDXx5DHj1k5PnBwcoxFc92,direct,1,1,5o43e7gYZWFNEpdqkegHY6LXkhMXB1z6f7d6TAVGEMTM,2026-10-04T16:30:56Z,2026-10-04T16:30:56Z,HIGH,,False
75Avrmxe5QpiyUq8EUhDFL47SB6F4BuwooFL1hCy4nGW,upstream,1,1,4sjtHGeAKP6DoMUdvFqQuiYKhhPpwa9XCxUyuFD2pump,2026-07-30T14:06:20Z,2026-07-30T14:06:20Z,MEDIUM,,False
75Dw7kgrrmYd7sxaYGGj9PKR98k4zQeKoudRbgp43Xio,direct,1,1,GfqKCwNeAdHHi97AmgCLP5qrwcSJRDdyZ1huiU6xUXTz,2026-09-22T13:15:40Z,2026-09-22T13:15:40Z,HIGH,,False
76QsRpsN3aQ9qUXAYi28NCvM4YXdY8iWTKtz4JhLVKBk,direct,1,1,7aLLQRBpGCaSLmmHGf34MGtbdtTumiB14d14TtDnpump,2026-03-30T13:40:21Z,2026-03-30T13:40:21Z,HIGH,,False
76b7ooJb2DVS99ivC8uvrxTFvFr1u1GUFcvNxvYob7Zt,direct,1,1,6VMsrZvNaSzddT6vkY6dEDoFMeK5EoHD4KCAycfQpump,2026-09-08T08:25:31Z,2026-09-08T08:25:31Z,HIGH,,False
76iXe9yKFDjGv3HicUVVy8AYxHLC71L1wYa12zaZzHHp,direct,1,1,GKTxLXsmkjLDo89XmPa5htwK7sAzdqZ3jmfV6gaTvK67,2026-08-03T18:53:10Z,2026-08-03T18:53:10Z,HIGH,,False
77WSGv1bTtWG9cp998ZF43YZQmtqU9QRawVfFsjxxro2,direct,1,1,21XJbyQWEhmeoxKRHdGrEjetSfHopvtp68LWzdvT471M,2026-09-21T06:11:29Z,2026-09-21T06:11:29Z,HIGH,,False
77Zxp56DoNjbpmZ9DAPWZn8UxifrLDy78Kbno6ZA3eAE,direct,1,1,8G7aM6Gco4fHjVpmVvUdVvhKMKaWXJEqkCKRvPdepump,2025-09-30T05:24:55Z,2025-09-30T05:24:55Z,HIGH,,False
79B54HmyjsPFnourZJ9mHsG23iQT6pyTRxJnhUYP3qbm,direct,1,1,9hAojtonqe4RUQarvUYZhFqC99VK1S3LCewYkSjnpump,2022-02-08T19:29:03Z,2022-02-08T19:29:03Z,HIGH,,False
79B8nkkJNm8SYwbtFaJuiN5mTUxDRwX7QZY25nttg7zD,upstream,1,1,H9GGsNc7vA4hN13N1oU4itq8x3mrdZBdw2XdK3Mipump,2025-09-15T23:28:40Z,2025-09-15T23:28:40Z,MEDIUM,,False
7AKuSHNQGLsAFZva8DifJLcnN8CWa4SErCKi8XYjqV4,direct,1,1,7xXo3JYBqzh6D91XRppzFRLfw8wJHypeukGaNWwKgZ8m,2025-03-03T15:30:39Z,2025-03-03T15:30:39Z,HIGH,,False
7ALm6JQtuidsbTCQ4axifn7fU3wfhyK2GdVQFoBRP5W3,direct,1,1,5o43e7gYZWFNEpdqkegHY6LXkhMXB1z6f7d6TAVGEMTM,2026-03-13T02:24:30Z,2026-03-13T02:24:30Z,HIGH,,False
7AkEcoy8RjRGQGrm6Cdb4DCJmG9SzhZfskfLEEpfwHpi,direct,1,1,BE5ciZmcADAX78u2a1GrFiPMPC3rNXtdPGUrhzWB4k5d,2026-10-01T13:05:32Z,2026-10-01T13:05:32Z,HIGH,,False
7BBCiGQ6wbm12NZyXRZYrr9tWgJHP9jSksbhAAVxZ9ri,upstream,1,1,3f8CKfznVUGrFfhcq8ZBY9M1xyDeEQGrh6iH372h3ebN,2026-09-21T16:03:16Z,2026-09-21T16:03:16Z,MEDIUM,,False
7BXEAmVAYYdVGyUn1zd5E9Lbg5CYGwHaJfk2yJhCFfMc,upstream,1,1,69N7rm9nnp6sVoULtp5toD26F25rYum8593GupxkUYvH,2026-09-26T09:56:38Z,2026-09-26T09:56:38Z,MEDIUM,,False
7BXREvJj2NzASSabL66nLBLnePNzxat59pVi8NmAY1DJ,direct,1,1,7dACCWZXF4Lr9ftxFpi7TJk7a3hcPpUwGPAcTuXDpump,2026-07-02T02:17:15Z,2026-07-02T02:17:15Z,HIGH,,False
7Bv1nhsKx8wShLxnAYxviTgZ3ytMKjLtRYbo3eD12aFT,direct,1,1,7p4MwwkUaMv4gBThVkW46QjwVaosaUrccbFV1MbXpump,2026-09-09T20:40:09Z,2026-09-09T20:40:09Z,HIGH,,False
7DC174XR4AQFW37TpArQggZW4W9AFUyAGx9sHeGJ5W42,direct,1,1,rMPLDvnn6KR773WNhZvtFNcgFwnRkc7UbPkUaiMpump,2026-07-20T12:03:01Z,2026-07-20T12:03:01Z,HIGH,,False
7DKNR7YdLoRBnqh6C4v2BQ6a8RAVF2aQ9Wh7kzcccFRu,upstream,1,1,9PNfxvTARzdxvQas2uknW57bnfMCS1dxW1He7rPbuhuQ,2026-08-05T13:36:24Z,2026-08-05T13:36:24Z,MEDIUM,,False
7DjNkJwma9JDbrtivLnBEUrp2RJWkcwhg8FRWWfgr1yD,direct,1,1,4kkrecvSVnnkK3RZcJ85tNFiZu9pWg584yHjNCqEpump,2026-08-31T07:12:49Z,2026-08-31T07:12:49Z,HIGH,,False
7E2rvWRk1r8FqHy1ZDXjxGa6ZaMuHvH6xhHTRev1aP3Y,direct,1,1,5EZ7yagvcsHcwH3e17khLwGzhFrCsx7CKS7ZN6J6i4Lh,2026-10-01T07:07:39Z,2026-10-01T07:07:39Z,HIGH,,False
7EpPqsJ2wzoqfRVi8ZU6uGNBofQLUEFEu5B8oq3fFHWd,upstream,1,1,67afrnTxo8DVc52Uev61Yo4Yr9BGQpRw1RpPMWcx42La,2025-04-26T17:32:29Z,2025-04-26T17:32:29Z,MEDIUM,,False
7FXta53Ep48XiyXh2Ucdqw6pAPtve9VYbf6ribWFVeo1,direct,1,1,dy6zeSw9j2zHprXLwk1uUGAD4d2HF5R3pAFrL6bRAKs,2026-03-04T18:35:38Z,2026-03-04T18:35:38Z,HIGH,,False
7FnDVV3Na2KZDcrpzNvYT8bZ7ZP4b2LnhJP4zciX5MFB,upstream,1,1,F41TwidZvJJcsx9c2BMwS6eH9W6HcUT4LzPmGvK9WU6N,2024-11-21T22:26:25Z,2024-11-21T22:26:25Z,MEDIUM,,False
7FpQpsTrADc9kYmKh2rn4QYtRQ8RZGu4ks4gDS8EL9rr,direct,1,1,JAqRn24FuQ5MFReXNgXb8uFej5vHJDxhVtebpQvHTQZy,2026-09-07T13:57:05Z,2026-09-07T13:57:05Z,HIGH,,False
7Fv5yRzt7eTRY99XyBLSZodeHzbAzYQ1UbfsisKQYvSL,direct,1,1,2Tiw1Tna3kAut868cjXuKoyrv8U8gi1YjTaXw7Czpump,2025-11-22T19:03:36Z,2025-11-22T19:03:36Z,HIGH,,False
7G3V82TP2hHbXQpUDP7EvYLHfi69FwvSNLCLpEF9AyBt,upstream,1,1,DJejJn1iJntJVTAixy4VRgqJFF3NMKPEMgVzbJFmpump,2025-05-30T03:52:09Z,2025-05-30T03:52:09Z,MEDIUM,,False
7GjrGgiL6dwr3cVt5bCDt1XkMNF4Vn1itvRsrdsf1ATY,upstream,1,1,3uYT8w1FxasDGmM4WDG5kXu6D9BGvyP3iEfPJEVb6ewT,2025-04-30T16:51:05Z,2025-04-30T16:51:05Z,MEDIUM,,False
7Gmg6a7cCxHKJsWGLxj1NKPpSbRDkqwNYxKhxjzwZVUE,direct,1,1,EkTkjVEfhvgkoCwheMTnr8mhEmJ6Q7ZR8q7ZMCcnpump,2026-08-20T17:17:20Z,2026-08-20T17:17:20Z,HIGH,,False
7HKPgWSGjbHoFRGA7kZzQfajYNUt17vrWrjDfzZPgkEg,upstream,1,1,8G7aM6Gco4fHjVpmVvUdVvhKMKaWXJEqkCKRvPdepump,2026-03-17T23:51:36Z,2026-03-17T23:51:36Z,MEDIUM,,False
7HRgMFeiRYL8rdafD1Gf3vf9MHjdJiRysuCS2rAP8FVb,upstream,1,1,GKTxLXsmkjLDo89XmPa5htwK7sAzdqZ3jmfV6gaTvK67,2023-07-03T09:33:13Z,2023-07-03T09:33:13Z,MEDIUM,,False
7K3BqtqTnJXdPKR7YGnnfCUbzY6HGfasvrChkoLxKhZ,upstream,1,1,69N7rm9nnp6sVoULtp5toD26F25rYum8593GupxkUYvH,2025-10-22T14:01:06Z,2025-10-22T14:01:06Z,MEDIUM,,False
7L4Fx9cKfNNVTq1AH5EiTomSa9HbQjxLy954iCQkTcqu,direct,1,1,F41TwidZvJJcsx9c2BMwS6eH9W6HcUT4LzPmGvK9WU6N,2026-08-31T12:40:51Z,2026-08-31T12:40:51Z,HIGH,,False
7LbrY2FsdNyvn5B71p1peYXtcWhpcm4BqRvsB4bHEQB5,direct,1,1,4ZUjJ5EJbwfh7teotB29uHc1SC3SiqbrkwJoNgsxibbU,2026-09-15T19:10:06Z,2026-09-15T19:10:06Z,HIGH,,False
7MFUS9Cvm9cmJL9i45JTEa42kgmoPVeTLN9zKb8FtWv,direct,1,1,5Sg1vv51KGCSDF2gBHgbNATCEXFjYtVhWgztNUwtgJYD,2026-06-03T16:50:23Z,2026-06-03T16:50:23Z,HIGH,,False
7N1Ewf1TkmqcWhxacewX8WsPxMJLYpyujd6eTkvJDkuh,upstream,1,1,7HiD5rzoZxAYXEJ8Z4t3WgM8VE1iSKWJdxPPyEdDNzwN,2026-07-10T20:17:18Z,2026-07-10T20:17:18Z,MEDIUM,,False
7N8wzHXYjNPNzgNmUgLvnAvwQ5kXvhSN1FmtaJ3EwTNd,direct,1,1,8ypYfW5cjafrfAZij8TZj5SFHAbPNpiRio96LMzypDkn,2026-10-01T05:09:40Z,2026-10-01T05:09:40Z,HIGH,,False
7Ngg7FbPKJRHGjYfUnSJT1CKfDbBm4pRvNwC4EvWMU2B,upstream,1,1,9hAojtonqe4RUQarvUYZhFqC99VK1S3LCewYkSjnpump,2022-02-03T18:36:38Z,2022-02-03T18:36:38Z,MEDIUM,,False
7NuvfzAw6dAEstTSXz76ckfUArnBJ1rGYB18ZfzHDyv7,direct,1,1,GKTxLXsmkjLDo89XmPa5htwK7sAzdqZ3jmfV6gaTvK67,2026-08-15T16:40:00Z,2026-08-15T16:40:00Z,HIGH,,False
7PmxSo2oA9Ao67MpNjhzz8HFHxngujuMo26VnbrZgQbB,upstream,1,1,5DoZAeBkoci5t5zPhUiuhQFjuzYTfkSv5Seojsxppump,2026-09-08T15:29:15Z,2026-09-08T15:29:15Z,MEDIUM,,False
7Q7zfvoxkPHNKzoMSFjmVsiRDKvko1wwMeXa9LLX58mg,direct,1,1,5L6As5obMTXxKwjmGBy1LTRwW2Hm1PjSK18JhETrpump,2025-03-23T22:01:32Z,2025-03-23T22:01:32Z,HIGH,,False
7Q9Kpq3Y88DCZ5Ae4UVWSKNp8u1SiPPWD9pEiV2TN5aE,direct,1,1,DkDwxjD5JFK7hd7qUNHqNaTeqDGcZ1ia3Y6E7EUiehEn,2025-05-12T20:10:20Z,2025-05-12T20:10:20Z,HIGH,,False
7R42YSu4YnfoSBudoJCtJHyC9keoi3teR9eu2dcWvGj3,upstream,1,1,CziyAr14UNUrfkxpioWSumkLXMwWnDWN2bu2WR5ao7kc,2024-09-13T21:52:31Z,2024-09-13T21:52:31Z,MEDIUM,,False
7R7KARXvHRpjqqRmnLyuNgg4rck7e8ymcLofMtv2LezS,direct,1,1,21XJbyQWEhmeoxKRHdGrEjetSfHopvtp68LWzdvT471M,2024-05-28T19:34:02Z,2024-05-28T19:34:02Z,HIGH,,False
7S3h8zqSjUbPzD8rxdEarGno6fUQLLjGCnnY3q1jHRXC,upstream,1,1,xeKm1qmxyHLJZLdwKpsZdx5UFtYyb124GTWRZWypump,2026-09-06T00:31:47Z,2026-09-06T00:31:47Z,MEDIUM,,False
7SBkEJ6Kj4anNyD3xnq6sFkCsnnLVH23gmp2VEZurwhc,upstream,1,1,8G7aM6Gco4fHjVpmVvUdVvhKMKaWXJEqkCKRvPdepump,2025-01-17T10:39:42Z,2025-01-17T10:39:42Z,MEDIUM,,False
7SKJejaU3m7PjSZhxt7kCMnLh5f5NGAi5jxqqRiWchRw,upstream,1,1,9xhMStAAufkH5jA5nevaGy6M9fCsQ74BZnsXyo93DkfA,2026-07-18T09:58:15Z,2026-07-18T09:58:15Z,MEDIUM,,False
7SNF5ieBRXdeEizXX1csHY7BCmQYc62qJHTKbFBrFzWJ,upstream,1,1,5Sg1vv51KGCSDF2gBHgbNATCEXFjYtVhWgztNUwtgJYD,2025-07-15T22:01:00Z,2025-07-15T22:01:00Z,MEDIUM,,False
7Sbws9Cfs2ijoCDeBZz2AQf1haWCZGMMshvaP5f9pziC,upstream,1,1,69N7rm9nnp6sVoULtp5toD26F25rYum8593GupxkUYvH,2026-07-05T12:17:42Z,2026-07-05T12:17:42Z,MEDIUM,,False
7T6MQL4e6njAHdeK22e9YNMg1TsNauSxBqwNHn8gK6XT,upstream,1,1,4sjtHGeAKP6DoMUdvFqQuiYKhhPpwa9XCxUyuFD2pump,2025-12-01T15:09:46Z,2025-12-01T15:09:46Z,MEDIUM,,False
7Tjzh2mKfVxA8ThsqcyoYbo1Cs65ULc9tYf6nE62sW8U,direct,1,1,8ypYfW5cjafrfAZij8TZj5SFHAbPNpiRio96LMzypDkn,2026-09-30T15:56:46Z,2026-09-30T15:56:46Z,HIGH,,False
7TzwGyfwjyo3Tq1CfBbku8gucNRhQjvb5b5m2qYnb1ui,upstream,1,1,3coFBLantjJkMRmzaQ4znMQQzfqFYTyBeNhdXYAzpump,2025-03-06T18:31:52Z,2025-03-06T18:31:52Z,MEDIUM,,False
7U3ckH7kk62qsWcaZNvnPT2R1126qYcPT7UeoX8b53xG,upstream,1,1,6gKx5EMvnymTVz2JgFhJAqpGxTYaBdVsaLb9YfPfvg4Y,2026-04-14T20:57:40Z,2026-04-14T20:57:40Z,MEDIUM,,False
7VA8vLTR3bYfyJJHLvrfe6F8xZL5TqRsg4Gm3USaaK1v,upstream,1,1,6gKx5EMvnymTVz2JgFhJAqpGxTYaBdVsaLb9YfPfvg4Y,2026-08-30T03:15:34Z,2026-08-30T03:15:34Z,MEDIUM,,False
7VLPnHcR24VEE1NS4WZftSsRkbqPopKb9A11f4Mm379V,direct,1,1,2Tiw1Tna3kAut868cjXuKoyrv8U8gi1YjTaXw7Czpump,2026-09-09T09:58:34Z,2026-09-09T09:58:34Z,HIGH,,False
7VcSFBpbQDfUAnNZviP7LUTUXLhpjK33xCzdetXbguFW,upstream,1,1,HJPjdsDmcvgCj4MV3NvqCWd78qDP8BMzGfrsk4Nbpump,2024-10-01T20:12:58Z,2024-10-01T20:12:58Z,MEDIUM,,False
7Vvfnzp9dK5VjdZCvTEsYJiEATDS7t1tWZ2XSxwL98hd,direct,1,1,F41TwidZvJJcsx9c2BMwS6eH9W6HcUT4LzPmGvK9WU6N,2026-08-21T21:08:53Z,2026-08-21T21:08:53Z,HIGH,,False
7W2TMPrKcsMXnTDpdjLppF5A2rWkXjXh8GrL3iaa4HiS,direct,1,1,JAqRn24FuQ5MFReXNgXb8uFej5vHJDxhVtebpQvHTQZy,2024-11-24T13:09:22Z,2024-11-24T13:09:22Z,HIGH,,False
7WJ1gb4hjMyTibKxJGK4YRYfwi1YgYr9bF5dQR6iXwbN,direct,1,1,DkDwxjD5JFK7hd7qUNHqNaTeqDGcZ1ia3Y6E7EUiehEn,2026-02-19T11:40:25Z,2026-02-19T11:40:25Z,HIGH,,False
7Wzqp4t8FyHh5aYCeNC1QKtMkb4jSNzXgTRVe62vGNBW,upstream,1,1,6VMsrZvNaSzddT6vkY6dEDoFMeK5EoHD4KCAycfQpump,2026-09-08T15:19:02Z,2026-09-08T15:19:02Z,MEDIUM,,False
7X7AsCqfKxGQfuL375Uvi4H56AK1iHsAm729ZLJL6EjE,direct,1,1,EkTkjVEfhvgkoCwheMTnr8mhEmJ6Q7ZR8q7ZMCcnpump,2026-07-20T07:02:51Z,2026-07-20T07:02:51Z,HIGH,,False
7Yw6ASh7zpN9Jg2CsGVqi7w7K9F99gSEgSFYkFc9HiZr,direct,1,1,8G7aM6Gco4fHjVpmVvUdVvhKMKaWXJEqkCKRvPdepump,2026-09-03T11:03:41Z,2026-09-03T11:03:41Z,HIGH,,False
7ZsPuGnRvjS8kjJNLp1MPN3EESCaxBaTdH4ddi2ZXtpx,direct,1,1,H9GGsNc7vA4hN13N1oU4itq8x3mrdZBdw2XdK3Mipump,2026-02-23T19:17:55Z,2026-02-23T19:17:55Z,HIGH,,False
7a1TJTmFKGPhLLj3BZm6bGzA3yjKp5D5RCw6TjZRvu1F,upstream,1,1,6VMsrZvNaSzddT6vkY6dEDoFMeK5EoHD4KCAycfQpump,2026-08-24T06:03:03Z,2026-08-24T06:03:03Z,MEDIUM,,False
7cBhR76ui75uPrdDV6CoPvmk3nGEy1pMdmUs5T2d94tx,upstream,1,1,G9r7nnHSgvb7LUfCE8kavRaKokEMMYBjVHGKvQ6dpump,2025-04-19T22:00:46Z,2025-04-19T22:00:46Z,MEDIUM,,False
7cCN44R6X12qcSEqPHCJVsrdi2v95LkStfeNvqc5h23T,direct,1,1,4kkrecvSVnnkK3RZcJ85tNFiZu9pWg584yHjNCqEpump,2026-06-11T05:47:56Z,2026-06-11T05:47:56Z,HIGH,,False
7cWqEJ7gpg3bRa8LXxuzX97JxmJdheuqSmpebp7qxTV,upstream,1,1,DQ2H7qcj262RAKfSxGYeL7cYJq54mVdXe4gYxUwxpump,2026-08-16T11:40:46Z,2026-08-16T11:40:46Z,MEDIUM,,False
7dFptXhLuqmsjhmLn9hPTuUM6sjfTh3uVY41CjLNf9up,direct,1,1,D4aEpQLW45YnWrBmztcpJHqabbPtFe9F9PTv8Umvpump,2026-05-29T21:31:09Z,2026-05-29T21:31:09Z,HIGH,,False
7duMygdtuwz4cArPDZnM3qoLRE4XPViXYXcAqSmnpFbb,direct,1,1,3uYT8w1FxasDGmM4WDG5kXu6D9BGvyP3iEfPJEVb6ewT,2026-08-27T15:10:42Z,2026-08-27T15:10:42Z,HIGH,,False
7dujXzmUbDrpnv6mWerfbBABfSPrWxBUoUe5TA3XAiku,upstream,1,1,5DoZAeBkoci5t5zPhUiuhQFjuzYTfkSv5Seojsxppump,2024-01-26T03:39:25Z,2024-01-26T03:39:25Z,MEDIUM,,False
7dvfu1xbDtiMgWwA6K9izeAHnXbmbjzcFCCYFVMriu1K,direct,1,1,9CzNGAEutxKHJ5CwYC5Lk8X8YzgYrQnvKChP2BFEpump,2025-02-09T20:06:10Z,2025-02-09T20:06:10Z,HIGH,,False
7eVAHzKnaaoru579o1eqCwebE9PfzZzAXLkFQ38vb9tb,direct,1,1,49aM4HrGABwG9F8iAn385zzcsS6mxHEFY8YN3H7y1Cd9,2026-09-29T03:49:00Z,2026-09-29T03:49:00Z,HIGH,,False
7eVLhTxuaVTwriLXBZ4BZgTbwbHGUJ9o5QuWuiYJDkBC,direct,1,1,HJPjdsDmcvgCj4MV3NvqCWd78qDP8BMzGfrsk4Nbpump,2026-09-08T07:58:23Z,2026-09-08T07:58:23Z,HIGH,,False
7eX4ECGcymRbszGdwmGYHfqc98GyGzV9jLmsxxZUGcpK,upstream,1,1,Er5RuNhTEwJH5dHv9c3YGATjgkLCETH4dKazntyWEtXY,2026-05-31T09:15:03Z,2026-05-31T09:15:03Z,MEDIUM,,False
7f9dAfcb9K9ZLjmJHhu1DeWeidR3q735mWzKiPY13y8p,upstream,1,1,7p4MwwkUaMv4gBThVkW46QjwVaosaUrccbFV1MbXpump,2026-09-09T15:02:39Z,2026-09-09T15:02:39Z,MEDIUM,,False
7fN4R2vpYVsDx92ckJQ3tNduUF6JgdmzDFcrZmZ4YkJs,upstream,1,1,rMPLDvnn6KR773WNhZvtFNcgFwnRkc7UbPkUaiMpump,2026-05-07T10:47:58Z,2026-05-07T10:47:58Z,MEDIUM,,False
7fW5cP8WDMQsGZHjVgy1SQtcSBx3kQbJGUYqJsYDxMpu,direct,1,1,JAqRn24FuQ5MFReXNgXb8uFej5vHJDxhVtebpQvHTQZy,2026-01-23T14:25:02Z,2026-01-23T14:25:02Z,HIGH,,False
7fYiXycTNCZaZ7uK2QM9wEsK3Y8gFFYJPNYAH1WtSccf,upstream,1,1,5o43e7gYZWFNEpdqkegHY6LXkhMXB1z6f7d6TAVGEMTM,2024-12-31T09:37:31Z,2024-12-31T09:37:31Z,MEDIUM,,False
7gDrRgUtoE7R21QLjkEkSmotFBXm6nWvEgxHrWy22Hd2,direct,1,1,9hAojtonqe4RUQarvUYZhFqC99VK1S3LCewYkSjnpump,2025-02-08T20:53:08Z,2025-02-08T20:53:08Z,HIGH,,False
7gnpa4nnpydDZZZYxXwvFi6F4nn6q1pgekc5ELvv4Ka1,upstream,1,1,7HiD5rzoZxAYXEJ8Z4t3WgM8VE1iSKWJdxPPyEdDNzwN,2026-08-08T17:19:03Z,2026-08-08T17:19:03Z,MEDIUM,,False
7hJKuMtWbehbuGViDPaav1jMV4oSzB3srYiUVmXfFY99,upstream,1,1,DkDwxjD5JFK7hd7qUNHqNaTeqDGcZ1ia3Y6E7EUiehEn,2024-09-02T16:08:02Z,2024-09-02T16:08:02Z,MEDIUM,,False
7hmnekFzRcoVk2Ht1B9wHpqknz6xTf5Ugt9upL9bEYeo,upstream,1,1,7xXo3JYBqzh6D91XRppzFRLfw8wJHypeukGaNWwKgZ8m,2025-02-12T09:26:28Z,2025-02-12T09:26:28Z,MEDIUM,,False
7iMshbFScYTtB9XZCD1GSfMjUrfKdeJP41v3XLZVRVbF,direct,1,1,DkDwxjD5JFK7hd7qUNHqNaTeqDGcZ1ia3Y6E7EUiehEn,2026-09-12T01:18:28Z,2026-09-12T01:18:28Z,HIGH,,False
7j7AA3HZR2zEjwAQEKPFh2qucLY4fqZpB9iodf39w8xW,direct,1,1,7271ZR6GBzaGqdtP28ZqZ5BKRt2ziu4AnPnVCAL7pump,2026-02-16T01:55:58Z,2026-02-16T01:55:58Z,HIGH,,False
7jcSY533EFa7gGtTxfop7DJUw8xMffpC3vsRx7MwBC2w,direct,1,1,9hAojtonqe4RUQarvUYZhFqC99VK1S3LCewYkSjnpump,2026-08-23T23:34:23Z,2026-08-23T23:34:23Z,HIGH,,False
7js8EjhibGmWEgsWXUrYXxP6WFACiHXJQ3RpbGy3fuDi,direct,1,1,7HiD5rzoZxAYXEJ8Z4t3WgM8VE1iSKWJdxPPyEdDNzwN,2026-09-30T14:25:07Z,2026-09-30T14:25:07Z,HIGH,,False
7kvQjWLanDnB6izdkAu3KffFWjjunHj5Ns9jRjFJjkSD,upstream,1,1,HJPjdsDmcvgCj4MV3NvqCWd78qDP8BMzGfrsk4Nbpump,2025-05-26T09:41:28Z,2025-05-26T09:41:28Z,MEDIUM,,False
7m669iTx9L73UHSNBT7U1QqV49AVsrJjYEoxozceQFUC,direct,1,1,8G7aM6Gco4fHjVpmVvUdVvhKMKaWXJEqkCKRvPdepump,2026-08-07T02:32:29Z,2026-08-07T02:32:29Z,HIGH,,False
7mDwG3UfWzsPMDD3dy2BQj4AjzWykK3RLxmLqVe4pGfi,upstream,1,1,5DoZAeBkoci5t5zPhUiuhQFjuzYTfkSv5Seojsxppump,2026-03-19T23:30:25Z,2026-03-19T23:30:25Z,MEDIUM,,False
7mYp7wAANSvP94QnjD28edN7fstG7xXNN1aFuckaxAdr,direct,1,1,47r9YPDeTVpwHjAakoVgnzNTJRChXC8f4KSUqMbEsBbM,2026-08-20T18:31:14Z,2026-08-20T18:31:14Z,HIGH,,False
7mso49uU9cLC9sQh8d5gk5kU83SMbVJg1stxSuBWvTob,direct,1,1,hHc9579gpKUnvYvgcKyjdpe1UhmfVfGzGwMQCADpump,2026-08-07T19:28:15Z,2026-08-07T19:28:15Z,HIGH,,False
7nRHj3ur2NRZ71qL8nRSxwoUi7LJ4Cj8GHn3zXnG1d62,upstream,1,1,BZYpLHhui3qRNokWFg2JcX8CYtMqzWHR5R4xowjcbPqh,2026-02-18T11:39:42Z,2026-02-18T11:39:42Z,MEDIUM,,False
7njRqawsRsebMxkgi3VSQQWQjvvJzFZe2T3MTFUhYMME,direct,1,1,6sFMbTF2VTzutzKekenJujFZBqb4TiBZJKfyLMUbpump,2026-08-25T09:22:10Z,2026-08-25T09:22:10Z,HIGH,,False
7nmxif6b4XRjuJKxZVFtBYDSL1KuLonLsjjkULejHTWH,direct,1,1,UsrcsZMqw6p53Fohu16UCBjsbjqc73XmoRFZDcnCtMR,2026-09-18T07:10:08Z,2026-09-18T07:10:08Z,HIGH,,False
7p4hbP2jBKDTbFiYuKhgDyjJN1mSLVnv1W3RGR1ZQvjo,direct,1,1,4ZUjJ5EJbwfh7teotB29uHc1SC3SiqbrkwJoNgsxibbU,2026-01-24T22:15:37Z,2026-01-24T22:15:37Z,HIGH,,False
7qz8yfHTXdt6H5nBfLWh2cVFnt5YLiP5e62jQWCbWNVg,direct,1,1,49aM4HrGABwG9F8iAn385zzcsS6mxHEFY8YN3H7y1Cd9,2026-09-07T18:23:13Z,2026-09-07T18:23:13Z,HIGH,,False
7rXQEWBQdCDvtKmTDU8M9EnUg7FdaJWPX1uziVHVgXyP,direct,1,1,EHUzmwAzmUix7TkwVr7b16U9ChJDr3RpjfXshR5swy5j,2026-09-23T20:48:46Z,2026-09-23T20:48:46Z,HIGH,,False
7rjAzY8MeE4KngAEFUCprXLxAhhywi4wS8zdqfivy8GJ,upstream,1,1,omskHvyNvQSn3PFak3E8JHQJeSVJFsrc6izWT12pump,2026-09-16T18:39:40Z,2026-09-16T18:39:40Z,MEDIUM,,False
7rqVBdgpgcaako2ALgvDfJsf72X3Fj55F7LJNyoiYyUS,upstream,1,1,28HydoWU7TZQxWiVQxGZyspE3qgWdCHToNDVgLoNpump,2025-01-15T20:16:06Z,2025-01-15T20:16:06Z,MEDIUM,,False
7rqVBdgpgcaako2ALgvDfJsf72X3Fj55F7LJNyoiYyUS,direct,1,1,28HydoWU7TZQxWiVQxGZyspE3qgWdCHToNDVgLoNpump,2025-01-15T20:16:06Z,2025-01-15T20:16:06Z,HIGH,,False
7rtiKSUDLBm59b1SBmD9oajcP8xE64vAGSMbAN5CXy1q,direct,1,1,5L6As5obMTXxKwjmGBy1LTRwW2Hm1PjSK18JhETrpump,2024-11-21T10:08:49Z,2024-11-21T10:08:49Z,HIGH,,False
7tMGHGQ6RpAibS9T5AMq4aTpDdHjRBw32LUDLxiR84dK,direct,1,1,EkTkjVEfhvgkoCwheMTnr8mhEmJ6Q7ZR8q7ZMCcnpump,2026-06-04T02:01:06Z,2026-06-04T02:01:06Z,HIGH,,False
7tXScBTSoQCVhue4gBu9xfBLHvd8Jw6TVbbb8rH5oiG,direct,1,1,7dACCWZXF4Lr9ftxFpi7TJk7a3hcPpUwGPAcTuXDpump,2026-08-21T03:49:38Z,2026-08-21T03:49:38Z,HIGH,,False
7tzdfWy5Gz8doBcE7RHSy7pZxqMTfLsnYzYBrYjeVx94,direct,1,1,EkTkjVEfhvgkoCwheMTnr8mhEmJ6Q7ZR8q7ZMCcnpump,2026-08-11T20:46:06Z,2026-08-11T20:46:06Z,HIGH,,False
7u29nxtZ66eDKUUeWjh2VU4E7wA4TjKJzy328NHWbH9o,direct,1,1,DTm66ivA96mhuQnqTy1cv7uELS4MHdYtpbRGJdW9t7Fn,2025-12-08T16:31:36Z,2025-12-08T16:31:36Z,HIGH,,False
7uZ7YMAVkgiC9UZtZvjituK9r96A8Tqf9KuNyZcKG9Mq,direct,1,1,55bKo8bj1YVEgsbwkkd4Nwu7JhaZF9trUgbvpZ3YeVCA,2025-02-13T11:50:43Z,2025-02-13T11:50:43Z,HIGH,,False
7uf3RscosLHZYj1yzKbcu9tWaUT3gVnJAny2WSiLVsDJ,upstream,1,1,25GrKYrc3y4LZmmuhppYgFRCKb7JyZ6grum4WhLYvA1z,2025-04-26T11:44:06Z,2025-04-26T11:44:06Z,MEDIUM,,False
7vNEHivP6cAAsqJFUJbf2QXa2Jm2cDQb4E68aiCK2w6d,upstream,1,1,3coFBLantjJkMRmzaQ4znMQQzfqFYTyBeNhdXYAzpump,2026-07-17T16:18:55Z,2026-07-17T16:18:55Z,MEDIUM,,False
7vqbM1Lkbq2diGcwixUnDgcgvtKZnBttFZrtmfJbw8Ph,upstream,1,1,9ek8utEujXFmiM9wXcWKPF18y57PmeG8rsiBZGzzpump,2026-05-22T01:45:06Z,2026-05-22T01:45:06Z,MEDIUM,,False
7wqwE5bxJ8HNtNj8g5PaqaTy7Y76Ubd7epihYZfKnmpk,direct,1,1,7xXo3JYBqzh6D91XRppzFRLfw8wJHypeukGaNWwKgZ8m,2026-03-06T22:52:08Z,2026-03-06T22:52:08Z,HIGH,,False
7xGFuUXHGmJuyZjQrGnmuffxrkEtWk54Ho1dLPy7UPdL,direct,1,1,H8oe2SCksJcYzhPeS4TsbteusgZW5k7QaZ4boKyq8C7U,2025-08-09T21:22:45Z,2025-08-09T21:22:45Z,HIGH,,False
7xTcUVCkcWdW2to59VEd2fjqx1LAFKMHX9kbMCaDPD5u,direct,1,1,xeKm1qmxyHLJZLdwKpsZdx5UFtYyb124GTWRZWypump,2026-07-20T09:36:45Z,2026-07-20T09:36:45Z,HIGH,,False
7xcpVewCx1k6q47KP4bff5ZVMStT9g4HbrTMgoWwePAJ,direct,1,1,44s336LDz8bXp4rpxy1qwUfysZ4THjpReQWTKQg7pump,2026-01-23T21:18:06Z,2026-01-23T21:18:06Z,HIGH,,False
7z7iSX9WiMhr4sq2XTR2XDJTFtTWkUUwDizvEPFud4Bb,direct,1,1,9PNfxvTARzdxvQas2uknW57bnfMCS1dxW1He7rPbuhuQ,2026-09-26T17:25:42Z,2026-09-26T17:25:42Z,HIGH,,False
7zQfCtxgRpuuiqcojFra9sfT3xzPq9SDCsu5m3i3k4Rz,direct,1,1,GfqKCwNeAdHHi97AmgCLP5qrwcSJRDdyZ1huiU6xUXTz,2025-11-19T10:44:39Z,2025-11-19T10:44:39Z,HIGH,,False
7zXsDTuCtw3Qi4TunYEbbWaTYQgBH5uBt6S7sebrbkAh,upstream,1,1,8G7aM6Gco4fHjVpmVvUdVvhKMKaWXJEqkCKRvPdepump,2025-08-11T09:46:40Z,2025-08-11T09:46:40Z,MEDIUM,,False
7zZc41RjmQQTgxNv9cE8nPNocXNKnmhWxJxQUuYdGhzq,upstream,1,1,dy6zeSw9j2zHprXLwk1uUGAD4d2HF5R3pAFrL6bRAKs,2021-08-02T06:43:51Z,2021-08-02T06:43:51Z,MEDIUM,,False
812SJrzYAc5X9inUdsRNz2Zr2yz6RPkLHJQMxugPqv5N,upstream,1,1,5o9sE9FEVC12zWBd2zqPXAhoVyRiNjGfaYX6hS3Ppump,2026-08-30T06:49:24Z,2026-08-30T06:49:24Z,MEDIUM,,False
81KHNu1iftiXvVz86P8aJaut5Kxeiangi2p7NWSvi8yE,upstream,1,1,5DoZAeBkoci5t5zPhUiuhQFjuzYTfkSv5Seojsxppump,2026-07-01T21:26:34Z,2026-07-01T21:26:34Z,MEDIUM,,False
81eT2pqB4Hqw9mbCCUapzr9ySp7Mihwndjp8tpNq2Q4L,direct,1,1,25GrKYrc3y4LZmmuhppYgFRCKb7JyZ6grum4WhLYvA1z,2026-09-22T20:52:10Z,2026-09-22T20:52:10Z,HIGH,,False
81zsRFLwYSsUrCEu5nhrjzQwgci3cst8uEyrh6dGzQEL,direct,1,1,2BucyGvsg9wwTwsaFsEUFgdphrCtp94pDRtHowJUpump,2026-07-24T19:38:52Z,2026-07-24T19:38:52Z,HIGH,,False
82f1nSNC2gzBdLrovBS6D4RGqNXgaVJjhvQPQmmKZBW9,upstream,1,1,7271ZR6GBzaGqdtP28ZqZ5BKRt2ziu4AnPnVCAL7pump,2024-11-21T21:20:59Z,2024-11-21T21:20:59Z,MEDIUM,,False
82xK5WXNn2iGj8FSUxG1Kbre3CdDW5wTj8iU4fvidPjr,upstream,1,1,13V3CbY7Q7AXnf24FMsUaQrmLxnRU4Md9phDEWZvpump,2026-08-23T20:04:13Z,2026-08-23T20:04:13Z,MEDIUM,,False
83NjaaPxuHRhbqWbLZ46ELhvQ31wg4nP4drvpJp9BEXm,upstream,1,1,5L6As5obMTXxKwjmGBy1LTRwW2Hm1PjSK18JhETrpump,2026-08-08T16:06:35Z,2026-08-08T16:06:35Z,MEDIUM,,False
84GCkjm54afzQEQEmFYbmTvrh9MguyXGErmwUk38rhDh,upstream,1,1,EHUzmwAzmUix7TkwVr7b16U9ChJDr3RpjfXshR5swy5j,2026-07-28T20:02:30Z,2026-07-28T20:02:30Z,MEDIUM,,False
84rNezm7FWwTk6qcYRghUJ4gzMvxXmDrQj8piDgBfNZh,direct,1,1,CziyAr14UNUrfkxpioWSumkLXMwWnDWN2bu2WR5ao7kc,2025-03-21T15:19:29Z,2025-03-21T15:19:29Z,HIGH,,False
85bLtKy9cZ1v2LuWsnDvzF4K9m9wZyy55aMZjQJ21qdA,direct,1,1,5EZ7yagvcsHcwH3e17khLwGzhFrCsx7CKS7ZN6J6i4Lh,2026-09-27T19:45:18Z,2026-09-27T19:45:18Z,HIGH,,False
85s9Sto5ZX7ovHPasSy5nowHLJUsHwqhRH9mrxEZojS9,upstream,1,1,5L6As5obMTXxKwjmGBy1LTRwW2Hm1PjSK18JhETrpump,2025-03-27T16:26:04Z,2025-03-27T16:26:04Z,MEDIUM,,False
86AbpYQubH1QMa3zwJF2MZ9PpXYaExK56wZ3TXqNfjPb,upstream,1,1,5L6As5obMTXxKwjmGBy1LTRwW2Hm1PjSK18JhETrpump,2026-01-05T05:07:46Z,2026-01-05T05:07:46Z,MEDIUM,,False
86Hx9rytNxXyLvZXLMPrHLQqPMApJcVDHnxagb5UYeor,upstream,1,1,6gKx5EMvnymTVz2JgFhJAqpGxTYaBdVsaLb9YfPfvg4Y,2026-04-14T20:56:37Z,2026-04-14T20:56:37Z,MEDIUM,,False
86HypyRWhRXWc9TVyjfugdLRQQCHTADLs6kPjRw84vGe,upstream,1,1,55bKo8bj1YVEgsbwkkd4Nwu7JhaZF9trUgbvpZ3YeVCA,2025-12-24T09:38:33Z,2025-12-24T09:38:33Z,MEDIUM,,False
86fqkJ2chXGkMJZodAgiDUPe28jLFACoCDZJ2EU9Sqh9,direct,1,1,4n32UBFWKJNPQayeN25GrLJHswbja41XFMxebcg9pump,2024-01-21T05:19:15Z,2024-01-21T05:19:15Z,HIGH,,False
88boNdc2Xn4inEbfiMy8KRz83VPYni2XD6y42rLxL6Af,direct,1,1,dy6zeSw9j2zHprXLwk1uUGAD4d2HF5R3pAFrL6bRAKs,2026-05-28T20:25:59Z,2026-05-28T20:25:59Z,HIGH,,False
88eGM7kUsp2xRiXFxG6boDCHELfb3HXTjryBsDFY2oDS,direct,1,1,7271ZR6GBzaGqdtP28ZqZ5BKRt2ziu4AnPnVCAL7pump,2026-07-20T19:35:46Z,2026-07-20T19:35:46Z,HIGH,,False
88kdarPPw9TLPuSjBkDg9Q767esuc7xDWoykjV4h7djn,upstream,1,1,FuF2M5T79HJdpJUbp46qwWssLXQ1Xjf1yiNSfyo5UEGC,2026-02-27T09:34:37Z,2026-02-27T09:34:37Z,MEDIUM,,False
89sirr7Z6eoxuMf3zjTpJJMQWRJPVperGd7EYDUoxFZm,upstream,1,1,AgB5SxiP1DFZbW9uDAH7s8Mhv1HF21nJv67tnAAYpump,2026-09-02T19:28:00Z,2026-09-02T19:28:00Z,MEDIUM,,False
8AoscjP2CnJQHnqovehcm5Dpg2rwL21Jv479oXERT5cC,upstream,1,1,9ek8utEujXFmiM9wXcWKPF18y57PmeG8rsiBZGzzpump,2026-09-05T18:57:22Z,2026-09-05T18:57:22Z,MEDIUM,,False
8AxUR89syapmw3hz4JfiGzYB5YGmkWRuPQeYkWS7hCEx,direct,1,1,5EZ7yagvcsHcwH3e17khLwGzhFrCsx7CKS7ZN6J6i4Lh,2026-09-16T15:46:11Z,2026-09-16T15:46:11Z,HIGH,,False
8B5XjVjHMnj8FbaMmCXbCHkoUC9pMspPWUPwMrqWSw75,direct,1,1,8G7aM6Gco4fHjVpmVvUdVvhKMKaWXJEqkCKRvPdepump,2026-08-16T19:51:34Z,2026-08-16T19:51:34Z,HIGH,,False
8DZ3kwXRp4dioxgETxGcHALdZtSTqBSgMM4ZR9pp3AYi,upstream,1,1,EkTkjVEfhvgkoCwheMTnr8mhEmJ6Q7ZR8q7ZMCcnpump,2024-06-11T08:47:22Z,2024-06-11T08:47:22Z,MEDIUM,,False
8E4np1kTdhknSw3acPNRcCn4KNxWNakaVEz2HaMAu6mH,direct,1,1,4prKtarobdhYDY4Hu3uGZMx7Je4HqPJeLVyxN6m4Ld3T,2026-01-27T19:00:55Z,2026-01-27T19:00:55Z,HIGH,,False
8E99UshCqvfG4xeFKetciEt2fd6APVAT8YuWSPBC4SNL,upstream,1,1,8G7aM6Gco4fHjVpmVvUdVvhKMKaWXJEqkCKRvPdepump,2024-05-30T19:26:09Z,2024-05-30T19:26:09Z,MEDIUM,,False
8Ese4Lw5wZVzE4iUDFSbiqx37ay6VxPN4wCULQDsyTBL,direct,1,1,6wSQipxdE9Suf8tVNaCEbcqavUbLT7gL9tibpm3Jpump,2026-08-09T20:40:57Z,2026-08-09T20:40:57Z,HIGH,,False
8F3m5d3vezzfuwVXetYRWC1TsYS7xtcEVyzXNayxXhDc,upstream,1,1,6sFMbTF2VTzutzKekenJujFZBqb4TiBZJKfyLMUbpump,2026-09-09T11:04:34Z,2026-09-09T11:04:34Z,MEDIUM,,False
8F584fzoR6FWKYHBUnUYa7ZaBZ2aFuAcX1wRYCQk8a93,direct,1,1,13V3CbY7Q7AXnf24FMsUaQrmLxnRU4Md9phDEWZvpump,2025-07-02T15:45:01Z,2025-07-02T15:45:01Z,HIGH,,False
8F9JT88S2B7SPFbgMHiFUbfbmWRQZ23DiirB46j8ubSN,direct,1,1,5o9sE9FEVC12zWBd2zqPXAhoVyRiNjGfaYX6hS3Ppump,2026-03-22T21:16:02Z,2026-03-22T21:16:02Z,HIGH,,False
8FS6bobJnnmmH3UqhoHtYhFU9XUcnNmtALGABoc3yRXr,direct,1,1,BZYpLHhui3qRNokWFg2JcX8CYtMqzWHR5R4xowjcbPqh,2025-12-26T22:13:31Z,2025-12-26T22:13:31Z,HIGH,,False
8FTh4e6STqhbNGMYM4tZyBaCpZB4dRTRSKjxCLE9G3Et,direct,1,1,DkDwxjD5JFK7hd7qUNHqNaTeqDGcZ1ia3Y6E7EUiehEn,2026-09-16T07:21:04Z,2026-09-16T07:21:04Z,HIGH,,False
8FdVJHZCxFx7rzzPEmYQWxVXNitDUehoJfnjzb2k3u7y,direct,1,1,dy6zeSw9j2zHprXLwk1uUGAD4d2HF5R3pAFrL6bRAKs,2026-03-20T10:51:22Z,2026-03-20T10:51:22Z,HIGH,,False
8FggfPKQ5nUBwcy5VqptDvXR5JGfG885G82kiUSxkKu4,upstream,1,1,7271ZR6GBzaGqdtP28ZqZ5BKRt2ziu4AnPnVCAL7pump,2025-05-02T14:22:26Z,2025-05-02T14:22:26Z,MEDIUM,,False
8FrtVFKBan13qG9hL7RoDZxa58KrQmZiVTGdaa8p4LAF,direct,1,1,7p4MwwkUaMv4gBThVkW46QjwVaosaUrccbFV1MbXpump,2026-09-09T02:09:00Z,2026-09-09T02:09:00Z,HIGH,,False
8GG2kEQBtH3mqU3WkywsjxTDPTVc77g8vTWsQiJkfhUr,direct,1,1,rMPLDvnn6KR773WNhZvtFNcgFwnRkc7UbPkUaiMpump,2024-09-14T04:53:56Z,2024-09-14T04:53:56Z,HIGH,,False
8GbU3D9puCsRVQoySA9URRDZjWibn1u2ToJ68Ydg2u6d,direct,1,1,6akNLpNd11oq4q5zxhXGwr5jwUi6Ke4CvKmF6QeUwJCQ,2026-07-29T17:36:03Z,2026-07-29T17:36:03Z,HIGH,,False
8GbU3D9puCsRVQoySA9URRDZjWibn1u2ToJ68Ydg2u6d,upstream,1,1,H8oe2SCksJcYzhPeS4TsbteusgZW5k7QaZ4boKyq8C7U,2026-07-29T17:36:03Z,2026-07-29T17:36:03Z,MEDIUM,,False
8GmzPYyTivov9xZTzA1kSwuzw24eHbWxQcvWegRtgGbn,direct,1,1,CHygERrxnc5QByNCwxUNSMhP7tKJA7rh6hNBdJ2spump,2026-07-12T13:40:49Z,2026-07-12T13:40:49Z,HIGH,,False
8HxZUbK6gU6PVeNNNBoNUqtni3krkkJUQkyL1TCtMikf,upstream,1,1,44s336LDz8bXp4rpxy1qwUfysZ4THjpReQWTKQg7pump,2025-05-13T05:54:30Z,2025-05-13T05:54:30Z,MEDIUM,,False
8JjuhyRMKFfucTtbK624jTmiDT7hWkAyR6i6QgrEqB6i,upstream,1,1,ASftCNtzPNmK3nMDvpQNvpLauKS45Vkq7kwTPutqUBL1,2026-01-05T20:18:04Z,2026-01-05T20:18:04Z,MEDIUM,,False
8KN8i5od2xrLhxXBnoGwStmJc3t9w5Kea4mivK9Ghqjq,direct,1,1,5o43e7gYZWFNEpdqkegHY6LXkhMXB1z6f7d6TAVGEMTM,2026-06-23T19:39:44Z,2026-06-23T19:39:44Z,HIGH,,False
8Kh29F7i18ui3WtHy8GngCEXcyyBTxTpCd4JTts1ksCt,direct,1,1,7aLLQRBpGCaSLmmHGf34MGtbdtTumiB14d14TtDnpump,2026-06-15T14:58:13Z,2026-06-15T14:58:13Z,HIGH,,False
8LN2U2qVeKLCTFpPK3Ui8Z4DHpidGUQmDQxxor7FBc1b,direct,1,1,BE5ciZmcADAX78u2a1GrFiPMPC3rNXtdPGUrhzWB4k5d,2026-09-20T16:30:34Z,2026-09-20T16:30:34Z,HIGH,,False
8LXQkFQNYDDkDaaY4ZnmiBNZNjmYNGgmcijEEJ36aKWG,direct,1,1,2BucyGvsg9wwTwsaFsEUFgdphrCtp94pDRtHowJUpump,2026-09-07T22:03:24Z,2026-09-07T22:03:24Z,HIGH,,False
8M7rTTQzonMNAvp3yuW2odqgGLwKqN7JXNzpvUAM7XvN,upstream,1,1,6wSQipxdE9Suf8tVNaCEbcqavUbLT7gL9tibpm3Jpump,2024-01-14T04:58:16Z,2024-01-14T04:58:16Z,MEDIUM,,False
8MC8BAdD6fvjSgRuCN3ewbGaLFzhQwJttrUnBxDT6Ti7,direct,1,1,67afrnTxo8DVc52Uev61Yo4Yr9BGQpRw1RpPMWcx42La,2026-09-01T22:14:45Z,2026-09-01T22:14:45Z,HIGH,,False
8MD8k1LuB8kpDfUXFRTYqpgvWPtErjvSojbboCqgVTQ9,direct,1,1,28HydoWU7TZQxWiVQxGZyspE3qgWdCHToNDVgLoNpump,2022-03-22T17:02:41Z,2022-03-22T17:02:41Z,HIGH,,False
8MqjsZ7JTwPDgz9ntFBktfNPVjFQGtwqa4VXQzsryWaL,direct,1,1,CHygERrxnc5QByNCwxUNSMhP7tKJA7rh6hNBdJ2spump,2026-08-02T18:37:01Z,2026-08-02T18:37:01Z,HIGH,,False
8NGdLnkLuX7SBbPZjvBYFe9jYAUppFUFTcwajrQk4Gek,direct,1,1,FuF2M5T79HJdpJUbp46qwWssLXQ1Xjf1yiNSfyo5UEGC,2026-08-25T07:40:40Z,2026-08-25T07:40:40Z,HIGH,,False
8NZq6z8y5697n1iqAqCHSwAKZeiT4M54JdmQ6rAjCJB1,direct,1,1,8qT3o4k4aUmyLrgd7hHYmVxin3kFhQ9QsXdSXTP6pump,2026-03-13T15:49:44Z,2026-03-13T15:49:44Z,HIGH,,False
8NrsKtRefCeoF3WHhBvwdU5CPSjx7MBTUV1W5ohg1hJB,upstream,1,1,8G7aM6Gco4fHjVpmVvUdVvhKMKaWXJEqkCKRvPdepump,2026-08-31T21:22:59Z,2026-08-31T21:22:59Z,MEDIUM,,False
8Po4exYDMbrgi2RuY7P7Svcr5TzA1dcSppqMxyb2q4gq,direct,1,1,21XJbyQWEhmeoxKRHdGrEjetSfHopvtp68LWzdvT471M,2025-04-01T13:33:59Z,2025-04-01T13:33:59Z,HIGH,,False
8QLZACRcMs23uaRwgepHmzbMwjTzGhoiHsxPbm7E1EpM,upstream,1,1,H8oe2SCksJcYzhPeS4TsbteusgZW5k7QaZ4boKyq8C7U,2026-09-24T15:15:18Z,2026-09-24T15:15:18Z,MEDIUM,,False
8QtErjm5yr2yuompRLXFFfAcAc3Sgyk39swMcZSyuQbm,direct,1,1,4prKtarobdhYDY4Hu3uGZMx7Je4HqPJeLVyxN6m4Ld3T,2026-03-13T23:22:30Z,2026-03-13T23:22:30Z,HIGH,,False
8RnxheoP4AJdA1XXZvNDTpNi2ks6GtUCyNAf7rSbXkiH,upstream,1,1,4kkrecvSVnnkK3RZcJ85tNFiZu9pWg584yHjNCqEpump,2025-09-16T22:21:42Z,2025-09-16T22:21:42Z,MEDIUM,,False
8RnxheoP4AJdA1XXZvNDTpNi2ks6GtUCyNAf7rSbXkiH,direct,1,1,4kkrecvSVnnkK3RZcJ85tNFiZu9pWg584yHjNCqEpump,2025-09-16T22:21:42Z,2025-09-16T22:21:42Z,HIGH,,False
8SPxTgbNrNriC93UMkADu4JSJVGMk1ifoDFZLdHXMa7S,direct,1,1,EHUzmwAzmUix7TkwVr7b16U9ChJDr3RpjfXshR5swy5j,2026-04-26T22:50:43Z,2026-04-26T22:50:43Z,HIGH,,False
8SdAUbgnW5oFfwDjCEdqYBZwuChVc5UoFTQjvUUzhzp,upstream,1,1,JAqRn24FuQ5MFReXNgXb8uFej5vHJDxhVtebpQvHTQZy,2026-01-23T13:10:01Z,2026-01-23T13:10:01Z,MEDIUM,,False
8SkrynZn6MMeCbcik2Z1TN1fC4HMaSk2w2KF8oMqAARe,upstream,1,1,6wSQipxdE9Suf8tVNaCEbcqavUbLT7gL9tibpm3Jpump,2024-03-12T18:57:45Z,2024-03-12T18:57:45Z,MEDIUM,,False
8SoWywaoFjn1ZX4TMNuUSK1bh6ThUbJqFwpXaHFGbRxP,upstream,1,1,2A6sLqrw8WN6KkgnCsN4xJkyAowBZHr2H9xQ4u3Mpump,2025-07-07T10:14:45Z,2025-07-07T10:14:45Z,MEDIUM,,False
8T3tHNQ9MYXG3hBfNCB5fqRng62MubmBydKydskdc9aT,upstream,1,1,sMe5iUcgTe4VXmg4WaShF5kuk6GmcKF3y4HqKGZpump,2025-04-30T21:05:11Z,2025-04-30T21:05:11Z,MEDIUM,,False
8T9cVhURqog4koCPXfHNMFezhiYRgztW5VneAyst43Gw,upstream,1,1,7p4MwwkUaMv4gBThVkW46QjwVaosaUrccbFV1MbXpump,2026-08-28T21:32:20Z,2026-08-28T21:32:20Z,MEDIUM,,False
8TABNTfxc5cYrV2Xs4vA9pnV2UT2wxVT67DYiCeYLEB5,upstream,1,1,21XJbyQWEhmeoxKRHdGrEjetSfHopvtp68LWzdvT471M,2026-08-04T19:05:46Z,2026-08-04T19:05:46Z,MEDIUM,,False
8U2DvxLvpUDN1snRebaJY2QxQTF4Hzj4RbXCAqV6gL8K,direct,1,1,5L6As5obMTXxKwjmGBy1LTRwW2Hm1PjSK18JhETrpump,2026-06-22T12:20:47Z,2026-06-22T12:20:47Z,HIGH,,False
8UvyHfRckvoYMN1qvJgmWY5fbNAuwAH1nuvP3gAwQpxV,direct,1,1,57ANN8dAbPX8x1BEFFwzBttkzwpKZBEiJkdiWSzVNQvS,2026-06-10T13:31:10Z,2026-06-10T13:31:10Z,HIGH,,False
8VhQR9kfiBauErb7Hq29aLN8LrQCuYrd1N1UHNu1af4Y,direct,1,1,8qT3o4k4aUmyLrgd7hHYmVxin3kFhQ9QsXdSXTP6pump,2025-04-29T20:54:07Z,2025-04-29T20:54:07Z,HIGH,,False
8Vzd6QrjPCTDLBwm16xuPoFuR9iNMkT5dP1dgzb79vXt,direct,1,1,4sjtHGeAKP6DoMUdvFqQuiYKhhPpwa9XCxUyuFD2pump,2025-10-25T10:49:04Z,2025-10-25T10:49:04Z,HIGH,,False
8W5Jr71hneiNu7Lwmco7DLhC5kWsyi1EGuU9UvVEFmL1,direct,1,1,dy6zeSw9j2zHprXLwk1uUGAD4d2HF5R3pAFrL6bRAKs,2026-09-08T13:48:00Z,2026-09-08T13:48:00Z,HIGH,,False
8WceBUJZLZJp2xthJBYhD3ZoN2fftEHh2U5HLhUZrPcs,direct,1,1,rMPLDvnn6KR773WNhZvtFNcgFwnRkc7UbPkUaiMpump,2026-09-23T06:08:58Z,2026-09-23T06:08:58Z,HIGH,,False
8WtVqSZuLYgCwuz5DhBbiG6KhmW9fy2xSKEyuP7kagSn,direct,1,1,5DoZAeBkoci5t5zPhUiuhQFjuzYTfkSv5Seojsxppump,2026-04-24T18:23:27Z,2026-04-24T18:23:27Z,HIGH,,False
8XHdSVw7WMEARwrWyrWESdkZFqewS2UDdtdBmVKxt4T5,upstream,1,1,5nnWe5SCBaNMC3oNiR7utth6kx3mH1dhmCarjDb91shW,,,MEDIUM,,False
8YCxJkYSGYsEryfnZo2UHNeYEjN5gq7w4Nm6RonNUTbb,direct,1,1,8ypYfW5cjafrfAZij8TZj5SFHAbPNpiRio96LMzypDkn,2026-09-17T15:00:37Z,2026-09-17T15:00:37Z,HIGH,,False
8YLQmLVVkJLnf9dmgGCU7Q2NpRDo6AhEf4mpu4i3ntGD,direct,1,1,CSLP8Vp7u9hrXQi7crPXqCp7BaJaG4JrNxqvR3jDpump,2026-03-16T22:24:21Z,2026-03-16T22:24:21Z,HIGH,,False
8YXQXFBGk5qV9Zxbv2THfu9DGG4oa53CVfiYh5NDsLzm,upstream,1,1,5o43e7gYZWFNEpdqkegHY6LXkhMXB1z6f7d6TAVGEMTM,2026-08-23T04:07:29Z,2026-08-23T04:07:29Z,MEDIUM,,False
8YnfVUuHkx2zATXnzAWSUmA3EG16LHscMwcAhGeQHWBf,direct,1,1,6XD1vorwquLXjTSL5W4MJMGewZBeiEcPFmZw527TSwva,2025-02-24T15:44:58Z,2025-02-24T15:44:58Z,HIGH,,False
8Z6CVLaGnET4v9oFQMi66ZfD75AzFBSTqv1dTwiqTRA6,upstream,1,1,57ANN8dAbPX8x1BEFFwzBttkzwpKZBEiJkdiWSzVNQvS,2025-09-14T18:01:54Z,2025-09-14T18:01:54Z,MEDIUM,,False
8Z8RX3SFz7sUbSmS7QsGnBoRAvcx5mRuaQJzAhdyNHFz,direct,1,1,Ajz86fyiygsv8kZkUyDxogxkz5VfKRs4HTEABVTfpump,2026-08-27T06:15:49Z,2026-08-27T06:15:49Z,HIGH,,False
8ZakuzPya21oRYG1TZ7XiZGAFv7Nbg2gM2V5VCcVHwy3,direct,1,1,25GrKYrc3y4LZmmuhppYgFRCKb7JyZ6grum4WhLYvA1z,2026-09-17T11:31:57Z,2026-09-17T11:31:57Z,HIGH,,False
8biw57GMpNNEK7mApG6PobAKAadm2VxSkwkpayGcQKZz,upstream,1,1,4ZUjJ5EJbwfh7teotB29uHc1SC3SiqbrkwJoNgsxibbU,2025-08-15T15:34:09Z,2025-08-15T15:34:09Z,MEDIUM,,False
8cbgC5MGtYKKeHLEmBA3Dv2LLmb2ZEavxagABHxMoUyh,direct,1,1,7p4MwwkUaMv4gBThVkW46QjwVaosaUrccbFV1MbXpump,2026-09-05T14:48:06Z,2026-09-05T14:48:06Z,HIGH,,False
8czbiJQFUfHD3Jms9tgzU6HnEEPDeZVctT5Sa2RjWajA,upstream,1,1,F41TwidZvJJcsx9c2BMwS6eH9W6HcUT4LzPmGvK9WU6N,2025-06-25T04:17:08Z,2025-06-25T04:17:08Z,MEDIUM,,False
8dakC1adFnGbFvvUWwHmczT9ZVrL5ybGPxngmrd9KUiu,direct,1,1,6VMsrZvNaSzddT6vkY6dEDoFMeK5EoHD4KCAycfQpump,2025-06-17T12:48:05Z,2025-06-17T12:48:05Z,HIGH,,False
8dxR3MoncpitTmkN1rgxWdD7wodT4TRnW2XkKzPA5q2G,direct,1,1,GKTxLXsmkjLDo89XmPa5htwK7sAzdqZ3jmfV6gaTvK67,2026-09-10T14:05:25Z,2026-09-10T14:05:25Z,HIGH,,False
8e8C6F9XVtJ66Gfbe2VsWj9QRUGsqU6ZzjATGNtJemdh,direct,1,1,Er5RuNhTEwJH5dHv9c3YGATjgkLCETH4dKazntyWEtXY,2026-09-16T22:26:29Z,2026-09-16T22:26:29Z,HIGH,,False
8eAyAGxCqQS2L74REnQYGBpYvnQj8jRmhkpgBs1LG557,direct,1,1,28HydoWU7TZQxWiVQxGZyspE3qgWdCHToNDVgLoNpump,2026-08-03T20:22:41Z,2026-08-03T20:22:41Z,HIGH,,False
8eNqNyrVxxschZBSc7FrssTkpKZknRtsKu8tPexWftcp,direct,1,1,5L6As5obMTXxKwjmGBy1LTRwW2Hm1PjSK18JhETrpump,2026-08-19T16:36:11Z,2026-08-19T16:36:11Z,HIGH,,False
8eXEtnyTTTCNzbfgndLTd2YGiLbSCgduvMFXuFBtPiyo,direct,1,1,7aLLQRBpGCaSLmmHGf34MGtbdtTumiB14d14TtDnpump,2026-09-08T15:43:45Z,2026-09-08T15:43:45Z,HIGH,,False
8fKjSYz2E6j2wSsAtfNJ7DNuxgC2BhFh7jvoxqEPitYZ,direct,1,1,EHUzmwAzmUix7TkwVr7b16U9ChJDr3RpjfXshR5swy5j,2026-09-30T08:46:07Z,2026-09-30T08:46:07Z,HIGH,,False
8fMNZppyKmaNGuh1y257of3yvzuBm1Y9zgoxgDYsPthg,direct,1,1,4n32UBFWKJNPQayeN25GrLJHswbja41XFMxebcg9pump,2025-09-16T13:25:19Z,2025-09-16T13:25:19Z,HIGH,,False
8fybxDAQ86jUdv1gjiTGTUBJJQSCJfYvVhVdQQd4n1e1,upstream,1,1,5o43e7gYZWFNEpdqkegHY6LXkhMXB1z6f7d6TAVGEMTM,2025-01-20T07:36:22Z,2025-01-20T07:36:22Z,MEDIUM,,False
8gmXzGvfCmJzVjK4ceweCY3RC3qDVg9nwvSfbgZvzmE7,direct,1,1,JAqRn24FuQ5MFReXNgXb8uFej5vHJDxhVtebpQvHTQZy,2025-08-28T11:58:35Z,2025-08-28T11:58:35Z,HIGH,,False
8gt9NBUtYhevGXiRxi2DfiBoA1DWhBHA5mTdNp9qW5RM,upstream,1,1,rMPLDvnn6KR773WNhZvtFNcgFwnRkc7UbPkUaiMpump,2026-05-04T17:44:26Z,2026-05-04T17:44:26Z,MEDIUM,,False
8h2ZMLbPnmX81EBGWxZBJWaVukNYydokM2EjUP5XuLc,direct,1,1,CziyAr14UNUrfkxpioWSumkLXMwWnDWN2bu2WR5ao7kc,2026-09-03T21:35:22Z,2026-09-03T21:35:22Z,HIGH,,False
8hDi4LzL8NByFYd2mxKcEUd4s5JsjEHMTHkr5dWqiFyg,direct,1,1,3coFBLantjJkMRmzaQ4znMQQzfqFYTyBeNhdXYAzpump,2026-07-02T19:40:01Z,2026-07-02T19:40:01Z,HIGH,,False
8hqtUzrLKHh5gPKDgVKAcFBHkJMqXsmwgTTEyeSSXQc4,upstream,1,1,9xhMStAAufkH5jA5nevaGy6M9fCsQ74BZnsXyo93DkfA,2025-01-28T13:05:35Z,2025-01-28T13:05:35Z,MEDIUM,,False
8i6XAX1guMXoHk4s6BBXLSFhhHadXNq8AUBeUDy7Wsfk,upstream,1,1,4prKtarobdhYDY4Hu3uGZMx7Je4HqPJeLVyxN6m4Ld3T,2026-08-16T07:14:29Z,2026-08-16T07:14:29Z,MEDIUM,,False
8i9GaVtvMe5z2jDRfyUnxuZ42soYH78vbCuUmUPCtr1n,direct,1,1,CHygERrxnc5QByNCwxUNSMhP7tKJA7rh6hNBdJ2spump,2026-02-06T15:40:12Z,2026-02-06T15:40:12Z,HIGH,,False
8ijbXsEUaeyeFewXoFWLS2MLDVjPx5WSKqKPmQ4EkRUM,upstream,1,1,5EZ7yagvcsHcwH3e17khLwGzhFrCsx7CKS7ZN6J6i4Lh,2026-08-17T18:22:08Z,2026-08-17T18:22:08Z,MEDIUM,,False
8kfSRqHJJG8HW6mACqnZeNsV2Zm4aVm7StA6tRnXQerb,upstream,1,1,5pSEZw1iytqYznD7crsGyKNek7q5JkjBqj2KmfqxUVZd,2025-12-14T01:01:14Z,2025-12-14T01:01:14Z,MEDIUM,,False
8mnrrjFEnV3ZvhmmLgqYX2zZVcXcyWHw6G4xgkcU421z,direct,1,1,8qT3o4k4aUmyLrgd7hHYmVxin3kFhQ9QsXdSXTP6pump,2026-08-15T13:31:43Z,2026-08-15T13:31:43Z,HIGH,,False
8n19ukjdURL52wQYjQjW5sPGq89QqRvjhwcLFEE3qRXo,upstream,1,1,CHygERrxnc5QByNCwxUNSMhP7tKJA7rh6hNBdJ2spump,2026-03-22T04:45:21Z,2026-03-22T04:45:21Z,MEDIUM,,False
8nYjCsPnrajsNf8VU83VdRuf225mRrB8K2AToKgaaseP,upstream,1,1,3uYT8w1FxasDGmM4WDG5kXu6D9BGvyP3iEfPJEVb6ewT,2025-03-19T02:16:18Z,2025-03-19T02:16:18Z,MEDIUM,,False
8nzikeTXwwYiGCgf27c2YHCfRbJSBp7jUTNyJMhZzeFi,upstream,1,1,9ek8utEujXFmiM9wXcWKPF18y57PmeG8rsiBZGzzpump,2026-08-31T13:11:20Z,2026-08-31T13:11:20Z,MEDIUM,,False
8o6fmKkQHs2iDy6KotTUN1FnUMGiWzfohL3qHPauGLqb,upstream,1,1,B3xU49SW3khA7m5Lgata2fmPxZeQRuaJbCruPsVDpump,2026-08-28T05:56:12Z,2026-08-28T05:56:12Z,MEDIUM,,False
8pHh1dRKS2nJD23XqgsxDjE5kxPFwVMSGe48CKtbsRHL,upstream,1,1,JAqRn24FuQ5MFReXNgXb8uFej5vHJDxhVtebpQvHTQZy,2026-08-10T03:49:19Z,2026-08-10T03:49:19Z,MEDIUM,,False
8pgpqzAjbfdxr2gxvJQ1Lkf4LX9iFatpv7PGXkmCr8rb,direct,1,1,49aM4HrGABwG9F8iAn385zzcsS6mxHEFY8YN3H7y1Cd9,2026-09-20T07:39:43Z,2026-09-20T07:39:43Z,HIGH,,False
8pkHmVpohdzmr2rX4PXVvdWCsSKbqdA4embJgJrdS63C,upstream,1,1,GfqKCwNeAdHHi97AmgCLP5qrwcSJRDdyZ1huiU6xUXTz,2025-04-12T01:08:23Z,2025-04-12T01:08:23Z,MEDIUM,,False
8qHBtZMpvZxkGATGmX3B7TSoBJpVBrTXAJ3CzKKTKBtG,direct,1,1,rMPLDvnn6KR773WNhZvtFNcgFwnRkc7UbPkUaiMpump,2026-08-26T13:16:22Z,2026-08-26T13:16:22Z,HIGH,,False
8qRorJjAeQpsPJo8TscNgd7AMnTMYqsx5mRftNdh1ZmD,upstream,1,1,7mRDn1rAqjwFQXacodr1UmkNdvAGPbtNP9k5jvBZqt9J,2026-10-04T16:40:17Z,2026-10-04T16:40:17Z,MEDIUM,,False
8qc4cCXnTAQhN68UYSb8bYS2tfEUEE8CvwFiRHPWWmmL,upstream,1,1,13V3CbY7Q7AXnf24FMsUaQrmLxnRU4Md9phDEWZvpump,2025-01-29T16:35:35Z,2025-01-29T16:35:35Z,MEDIUM,,False
8rMEwFiDRTQSmragTQesQ6LdgetrzxmFnfMa7opJmG9c,direct,1,1,6sFMbTF2VTzutzKekenJujFZBqb4TiBZJKfyLMUbpump,2026-09-02T01:14:16Z,2026-09-02T01:14:16Z,HIGH,,False
8rbThSZQTLPGEvEy3U7F99LBZSxay1AvcaecDQuCcFup,direct,1,1,7xXo3JYBqzh6D91XRppzFRLfw8wJHypeukGaNWwKgZ8m,2026-08-31T18:53:45Z,2026-08-31T18:53:45Z,HIGH,,False
8sVMWmP1RYgYV2394FoEzuaxs5XkGKSVs7R9Tt5foP1q,direct,1,1,5L6As5obMTXxKwjmGBy1LTRwW2Hm1PjSK18JhETrpump,2026-08-29T06:25:20Z,2026-08-29T06:25:20Z,HIGH,,False
8t4SsYRv4BCSAZd4oL3nCtWJMEdew1caGhbscebnNF78,upstream,1,1,7xXo3JYBqzh6D91XRppzFRLfw8wJHypeukGaNWwKgZ8m,2025-08-29T17:58:45Z,2025-08-29T17:58:45Z,MEDIUM,,False
8t5FyLKzUfcj7PySHwE6gdroFrGRyPnaFTQc9GdqGwH4,direct,1,1,6gKx5EMvnymTVz2JgFhJAqpGxTYaBdVsaLb9YfPfvg4Y,2026-09-05T17:33:59Z,2026-09-05T17:33:59Z,HIGH,,False
8umCZRpwy8SE3VMuna888Ee1aD8quyHEXuGpSdvSMFsE,direct,1,1,3GeNgcFpMwH9ts5b3W3jddtfwhwAURaykTy8YjtrGQWT,2026-08-19T18:58:28Z,2026-08-19T18:58:28Z,HIGH,,False
8v2DCAVgSBGBD1nY8CcLCTsQe6BiUaGEyVWBxspZdq2W,upstream,1,1,AgB5SxiP1DFZbW9uDAH7s8Mhv1HF21nJv67tnAAYpump,2025-01-06T19:08:21Z,2025-01-06T19:08:21Z,MEDIUM,,False
8v2mxdDpJMGnFNrRbjV85hVw3b4jB6VPuLqZhdr1tn1T,upstream,1,1,D4aEpQLW45YnWrBmztcpJHqabbPtFe9F9PTv8Umvpump,2024-11-23T23:42:15Z,2024-11-23T23:42:15Z,MEDIUM,,False
8v9ZKQuXvBucYXfvazbzEvy2Mxi9HRDbWf3qsEAMVtEJ,upstream,1,1,28HydoWU7TZQxWiVQxGZyspE3qgWdCHToNDVgLoNpump,2025-02-24T23:30:56Z,2025-02-24T23:30:56Z,MEDIUM,,False
8vcH1zdRBw4AgDncWgXGSJz83kLL4zothMsQEiDb4Ncd,upstream,1,1,21XJbyQWEhmeoxKRHdGrEjetSfHopvtp68LWzdvT471M,2023-11-20T22:27:14Z,2023-11-20T22:27:14Z,MEDIUM,,False
8vy6siucKjRYQwEjCcGdMNHYGqjafoNn1PAhW8aazTFe,direct,1,1,55bKo8bj1YVEgsbwkkd4Nwu7JhaZF9trUgbvpZ3YeVCA,2026-07-22T19:35:16Z,2026-07-22T19:35:16Z,HIGH,,False
8wu2j2ja7ToWnbNs8Yji1TA51cGRyvNXimFkxguJHCDS,upstream,1,1,6XD1vorwquLXjTSL5W4MJMGewZBeiEcPFmZw527TSwva,2024-04-18T08:20:26Z,2024-04-18T08:20:26Z,MEDIUM,,False
8wwQn4urTE3HRx1gsTacfvHmZsgnjyeTpEZT9imzUZ5S,upstream,1,1,9ek8utEujXFmiM9wXcWKPF18y57PmeG8rsiBZGzzpump,2025-02-14T08:59:01Z,2025-02-14T08:59:01Z,MEDIUM,,False
8xZu1P4ukoxKP362kvVPz5Xpv4e4rS2fQL8WZANjKStr,upstream,1,1,DkDwxjD5JFK7hd7qUNHqNaTeqDGcZ1ia3Y6E7EUiehEn,2026-03-13T13:35:50Z,2026-03-13T13:35:50Z,MEDIUM,,False
8y3hhhKGBb6TuWg5vYVqwquekzAwcW6nsckhUN4LgdVb,direct,1,1,sMe5iUcgTe4VXmg4WaShF5kuk6GmcKF3y4HqKGZpump,2026-08-28T20:30:04Z,2026-08-28T20:30:04Z,HIGH,,False
8zLVKpwaWdufGeWSFBo93wYNEzaZNDvdd7nhBd5wy6Wt,direct,1,1,9xhMStAAufkH5jA5nevaGy6M9fCsQ74BZnsXyo93DkfA,2026-08-27T11:38:07Z,2026-08-27T11:38:07Z,HIGH,,False
8zhzShdH3sFnxpdrx7m2Tr4AYzKevzHAjfh1cwVpMXEu,direct,1,1,8ypYfW5cjafrfAZij8TZj5SFHAbPNpiRio96LMzypDkn,2026-09-26T16:11:48Z,2026-09-26T16:11:48Z,HIGH,,False
9162FVgYbyVjxE9GvNx8YTU32e6a15JL4cZAxaBWCzHc,direct,1,1,57ANN8dAbPX8x1BEFFwzBttkzwpKZBEiJkdiWSzVNQvS,2026-08-12T14:20:43Z,2026-08-12T14:20:43Z,HIGH,,False
91L5skU9Kh3KZwogoRqyWkQT1ecoS4WuCkGaeqaBvQJp,direct,1,1,4ZUjJ5EJbwfh7teotB29uHc1SC3SiqbrkwJoNgsxibbU,2026-09-12T22:57:11Z,2026-09-12T22:57:11Z,HIGH,,False
93Jxd94A4YWJc992tAK6mF8A1DtQfJ4uWNr9izYhKjNM,upstream,1,1,6wSQipxdE9Suf8tVNaCEbcqavUbLT7gL9tibpm3Jpump,2023-12-11T15:06:10Z,2023-12-11T15:06:10Z,MEDIUM,,False
93kvVcxyWfv8S8L1oK9nAAGBHJuP3439D5oakEjV2vBE,upstream,1,1,2A6sLqrw8WN6KkgnCsN4xJkyAowBZHr2H9xQ4u3Mpump,2025-07-04T22:08:20Z,2025-07-04T22:08:20Z,MEDIUM,,False
9466E7oE2EQnimV9984GEbbBZkSq2JMwzLbm3yEyxUfg,direct,1,1,dy6zeSw9j2zHprXLwk1uUGAD4d2HF5R3pAFrL6bRAKs,2025-10-26T12:32:31Z,2025-10-26T12:32:31Z,HIGH,,False
94kmnX3tJ51Z7uNaZjdTuWUw6NcdeV7ZJKNwdM6aD8Gw,direct,1,1,2BucyGvsg9wwTwsaFsEUFgdphrCtp94pDRtHowJUpump,2026-09-10T17:09:09Z,2026-09-10T17:09:09Z,HIGH,,False
94xmX5J92nZLanLvRstmxhgiS8kN8SVfFQ2zPKYB3Ynb,upstream,1,1,3f8CKfznVUGrFfhcq8ZBY9M1xyDeEQGrh6iH372h3ebN,2025-02-10T17:26:41Z,2025-02-10T17:26:41Z,MEDIUM,,False
95CDydsQhFCmAZkTuEZcqrz8D6nt5WMXFrUd5Djn71Kb,direct,1,1,4GRTznsfLTRqaB2uMAFmmgaWtvfVyBb4qCsTjskUpump,2026-08-26T22:10:00Z,2026-08-26T22:10:00Z,HIGH,,False
95fCoSq6RRdGVGejzofAPcPTDB1BjBuSTsFV3C21fbYf,upstream,1,1,3GeNgcFpMwH9ts5b3W3jddtfwhwAURaykTy8YjtrGQWT,2022-11-03T15:31:25Z,2022-11-03T15:31:25Z,MEDIUM,,False
965SXDLANRbtZqSYzZJjTEZjvFcwRYhLPCUGxsNSGSa3,direct,1,1,B3xU49SW3khA7m5Lgata2fmPxZeQRuaJbCruPsVDpump,2026-01-30T16:58:18Z,2026-01-30T16:58:18Z,HIGH,,False
967f2o1voZNJdzGdjoFffSApqYsmQXmjU7Guz7wCRz4h,upstream,1,1,4GRTznsfLTRqaB2uMAFmmgaWtvfVyBb4qCsTjskUpump,2026-04-14T09:50:21Z,2026-04-14T09:50:21Z,MEDIUM,,False
96hdCGfyBxNnUjiqUcUyP25S8RuSHBUvbRqd54CHjSKc,upstream,1,1,BZYpLHhui3qRNokWFg2JcX8CYtMqzWHR5R4xowjcbPqh,2026-08-29T16:56:56Z,2026-08-29T16:56:56Z,MEDIUM,,False
96xGs7kKtEPZnxp1uEtWVFzYMNMKNGCxGrkfRTntV6gT,direct,1,1,EoKqyKksc4ekiPVuBD9FiztYQHkV59x8KTcZ3ReLpump,2026-08-24T16:15:22Z,2026-08-24T16:15:22Z,HIGH,,False
96xWBVeodSYU5nDeHZfmPQ3bNutUAuqHb8iuZci1viLq,upstream,1,1,JAqRn24FuQ5MFReXNgXb8uFej5vHJDxhVtebpQvHTQZy,2026-07-16T12:11:56Z,2026-07-16T12:11:56Z,MEDIUM,,False
97Jsjo5MNASgi94iRSRTMgBmVgg56F4amKn3a1KYE4H9,direct,1,1,7xXo3JYBqzh6D91XRppzFRLfw8wJHypeukGaNWwKgZ8m,2026-05-04T20:04:54Z,2026-05-04T20:04:54Z,HIGH,,False
987SQPi2TDwaHr9Hjw65MgAt4VyzLirH7mabaRjoc6bj,upstream,1,1,2Tiw1Tna3kAut868cjXuKoyrv8U8gi1YjTaXw7Czpump,2025-08-26T09:13:12Z,2025-08-26T09:13:12Z,MEDIUM,,False
98J46LiHTMfifSDJbUadEknuMS1wd9bXtKgt4TzaPW6z,direct,1,1,57ANN8dAbPX8x1BEFFwzBttkzwpKZBEiJkdiWSzVNQvS,2026-09-07T22:10:43Z,2026-09-07T22:10:43Z,HIGH,,False
98bbfV2NU9NjPBr5xeUnsY4VJyLne47GBZsK8TzjyCG5,upstream,1,1,57ANN8dAbPX8x1BEFFwzBttkzwpKZBEiJkdiWSzVNQvS,2026-08-08T15:24:00Z,2026-08-08T15:24:00Z,MEDIUM,,False
98bbfV2NU9NjPBr5xeUnsY4VJyLne47GBZsK8TzjyCG5,direct,1,1,sMe5iUcgTe4VXmg4WaShF5kuk6GmcKF3y4HqKGZpump,2026-08-08T15:24:00Z,2026-08-08T15:24:00Z,HIGH,,False
99FPKYr5sCP2o4HVK3qCc7ReXGyqemdbjmifWHsxBSCe,direct,1,1,57ANN8dAbPX8x1BEFFwzBttkzwpKZBEiJkdiWSzVNQvS,2026-10-02T19:49:23Z,2026-10-02T19:49:23Z,HIGH,,False
99uLt8ghCz95XsBso8k7EUvYcXkwvWkLBbDcFXtc6uPP,direct,1,1,21XJbyQWEhmeoxKRHdGrEjetSfHopvtp68LWzdvT471M,2025-11-27T12:32:28Z,2025-11-27T12:32:28Z,HIGH,,False
99z5WtD4n1tgf2zfWyqG6bAfiADaTx4qjsdS33iKLX7q,direct,1,1,7Q9VxTczrzgvjXWbJJZibR7hbYAohngsNsuEhdEcpump,2026-08-27T10:38:37Z,2026-08-27T10:38:37Z,HIGH,,False
9AZAufzERnefphsbDQZVLWQc6bj3K3usdUXUuxsQ7hqc,direct,1,1,JAqRn24FuQ5MFReXNgXb8uFej5vHJDxhVtebpQvHTQZy,2026-09-08T17:10:04Z,2026-09-08T17:10:04Z,HIGH,,False
9AiXyDfy6cKieVPgwyfsNS37HypoS8k7ju2CV3WnyvZG,direct,1,1,4prKtarobdhYDY4Hu3uGZMx7Je4HqPJeLVyxN6m4Ld3T,2026-06-25T14:45:42Z,2026-06-25T14:45:42Z,HIGH,,False
9Av5JbbvVzqXvP2KAN4vKypq9YNG1QH9ZLza181Nztnm,direct,1,1,5pSEZw1iytqYznD7crsGyKNek7q5JkjBqj2KmfqxUVZd,2025-10-17T16:32:22Z,2025-10-17T16:32:22Z,HIGH,,False
9AvzbETvJ4iKCoX4CdSLfHW7RitsLJNuqpQkoTKe2Lqi,upstream,1,1,dy6zeSw9j2zHprXLwk1uUGAD4d2HF5R3pAFrL6bRAKs,2025-12-31T16:43:36Z,2025-12-31T16:43:36Z,MEDIUM,,False
9B3P7fcAFt1ekT5565hyp9S61hnruk3nFcu2GNpkXKPv,upstream,1,1,JAqRn24FuQ5MFReXNgXb8uFej5vHJDxhVtebpQvHTQZy,2026-08-27T01:23:23Z,2026-08-27T01:23:23Z,MEDIUM,,False
9B6ou3Brbr8f7sbUcELoXEZfD3kzZmnJ9WcxbJ6N3ayP,upstream,1,1,6XD1vorwquLXjTSL5W4MJMGewZBeiEcPFmZw527TSwva,2026-10-03T16:16:56Z,2026-10-03T16:16:56Z,MEDIUM,,False
9BE4x8EvgmhvyffJJdAzHiMXBdnPbaewbjTqH99PccWb,direct,1,1,EHUzmwAzmUix7TkwVr7b16U9ChJDr3RpjfXshR5swy5j,2026-07-31T21:04:35Z,2026-07-31T21:04:35Z,HIGH,,False
9BQ3dc7R9fAmegFk8sdvvJi5SDrg1spHw15G9UPxob7C,direct,1,1,9hAojtonqe4RUQarvUYZhFqC99VK1S3LCewYkSjnpump,2026-09-06T23:45:11Z,2026-09-06T23:45:11Z,HIGH,,False
9BUTdp1sMsdgFr79f9xrFXAwgLThXMo3L8o4M5CJhsrG,direct,1,1,D4aEpQLW45YnWrBmztcpJHqabbPtFe9F9PTv8Umvpump,2026-09-05T15:56:14Z,2026-09-05T15:56:14Z,HIGH,,False
9BhkaAybG824w5Hk2A1Np22ZwYN74f6kisJtLEK9C6Ns,upstream,1,1,H8oe2SCksJcYzhPeS4TsbteusgZW5k7QaZ4boKyq8C7U,2026-10-03T11:55:46Z,2026-10-03T11:55:46Z,MEDIUM,,False
9BpLJc1nbkaB9TTh2nT3oKkQWd3ptdp6BywgiZQu89Qj,direct,1,1,FuF2M5T79HJdpJUbp46qwWssLXQ1Xjf1yiNSfyo5UEGC,2026-09-02T10:57:12Z,2026-09-02T10:57:12Z,HIGH,,False
9C4nRvhhVquCKATjDCx5FKvNS9PNgNqgyWy9AcoDjYv5,upstream,1,1,9CzNGAEutxKHJ5CwYC5Lk8X8YzgYrQnvKChP2BFEpump,2026-09-03T16:05:00Z,2026-09-03T16:05:00Z,MEDIUM,,False
9DzYRipvH4Gau7x7EfgwWwJ6mgsqUbG22MYqHeXL6ARX,direct,1,1,9mqJNDG2squcqZt2zC7cWWNtVozUbQUnzVnP1jG6pump,2026-08-30T23:33:23Z,2026-08-30T23:33:23Z,HIGH,,False
9EDATBnVFq8a4mh8zN2ToVorjVvEbRS6d81m6PzZDFBg,upstream,1,1,6akNLpNd11oq4q5zxhXGwr5jwUi6Ke4CvKmF6QeUwJCQ,2026-09-26T10:19:02Z,2026-09-26T10:19:02Z,MEDIUM,,False
9EQ6Ggk9SFGznasR3UJHXPiqVLEpv1AfmeANuAp5vAY,direct,1,1,AbpJywMWmkf1MFonRddPVogSwPPZHB9pG4x2nKb1YaPn,2026-08-26T12:56:47Z,2026-08-26T12:56:47Z,HIGH,,False
9EXw8mqrgtUoJp29kZz9wYw4LNJ6pjxCHLg6rdK7M2Pb,direct,1,1,5Sg1vv51KGCSDF2gBHgbNATCEXFjYtVhWgztNUwtgJYD,2026-01-20T16:10:01Z,2026-01-20T16:10:01Z,HIGH,,False
9F7TJpCPqgDjpdtBLkX2bjPrbyYryp6HKhsscMSyP8qE,upstream,1,1,8G7aM6Gco4fHjVpmVvUdVvhKMKaWXJEqkCKRvPdepump,2026-08-07T02:32:26Z,2026-08-07T02:32:26Z,MEDIUM,,False
9Fada7hiKuMRk19mfg1rBiwWtQRDMJZ6vKPTf9ram6S5,direct,1,1,2A6sLqrw8WN6KkgnCsN4xJkyAowBZHr2H9xQ4u3Mpump,2025-07-13T10:33:28Z,2025-07-13T10:33:28Z,HIGH,,False
9GHLUXA5P5QrS6g4gU8AkPUhDix3kovpeivuyVJd1tSk,direct,1,1,DQ2H7qcj262RAKfSxGYeL7cYJq54mVdXe4gYxUwxpump,2025-04-03T03:43:39Z,2025-04-03T03:43:39Z,HIGH,,False
9GbN2fKv7m26Ayr1bY9dU7QQY9UEJkBuMmybgpA1fT7f,direct,1,1,JAqRn24FuQ5MFReXNgXb8uFej5vHJDxhVtebpQvHTQZy,2025-06-15T20:42:14Z,2025-06-15T20:42:14Z,HIGH,,False
9JipTjBoCw9WJNBsX59bArV1NX2k9RrwuDUHTDg7megh,upstream,1,1,xeKm1qmxyHLJZLdwKpsZdx5UFtYyb124GTWRZWypump,2026-09-03T13:08:01Z,2026-09-03T13:08:01Z,MEDIUM,,False
9KW9SjZGNeG2pFDcUunNLpq5bsaJFXMvsbeNh29YnjEs,direct,1,1,6VMsrZvNaSzddT6vkY6dEDoFMeK5EoHD4KCAycfQpump,2026-09-08T09:28:34Z,2026-09-08T09:28:34Z,HIGH,,False
9KWHtevAuCRksDFHvXmxVVsivwQWbBnQcgYUpgVubqS,upstream,1,1,3coFBLantjJkMRmzaQ4znMQQzfqFYTyBeNhdXYAzpump,2026-05-12T19:23:24Z,2026-05-12T19:23:24Z,MEDIUM,,False
9KYhuUMYjinHfqXeuU9bYqVvMYdH8KA9EHgwQ8U2L3Uk,direct,1,1,FuF2M5T79HJdpJUbp46qwWssLXQ1Xjf1yiNSfyo5UEGC,2026-02-27T22:38:07Z,2026-02-27T22:38:07Z,HIGH,,False
9KcdfRy5uhW32vChRMWhRLq6RhLBNgnx7Vr4EjY1tZ4K,upstream,1,1,4prKtarobdhYDY4Hu3uGZMx7Je4HqPJeLVyxN6m4Ld3T,2025-01-25T09:14:36Z,2025-01-25T09:14:36Z,MEDIUM,,False
9LBuZKtkzTEnMXWHNuFuUSY4ZGn6NhVbVfi11s36DVmB,upstream,1,1,4sjtHGeAKP6DoMUdvFqQuiYKhhPpwa9XCxUyuFD2pump,2026-07-31T06:42:12Z,2026-07-31T06:42:12Z,MEDIUM,,False
9LCKxnutcaPWTfduBYTkjYv2ypuB2buhZF2W2J4RyAhr,direct,1,1,5o43e7gYZWFNEpdqkegHY6LXkhMXB1z6f7d6TAVGEMTM,2026-10-01T11:26:36Z,2026-10-01T11:26:36Z,HIGH,,False
9LQo3XTnZSeVLWYwzfx3pdj8QNv4939GpxVTvDjLEXbw,direct,1,1,BmU6YJP2YCAo8sc2dkeR8KjvF3rGFBHZL25ejysppump,2025-09-19T19:22:36Z,2025-09-19T19:22:36Z,HIGH,,False
9MRKrG4G8LG9QYHVi9kUv6eQHUrEoVB2ujmiijoFn1ML,upstream,1,1,47r9YPDeTVpwHjAakoVgnzNTJRChXC8f4KSUqMbEsBbM,2026-09-01T18:52:02Z,2026-09-01T18:52:02Z,MEDIUM,,False
9MY8zuBpfXq82twSKrypD451WU3vsytpCU5u6J9dZfbY,upstream,1,1,2Tiw1Tna3kAut868cjXuKoyrv8U8gi1YjTaXw7Czpump,2024-02-12T09:31:16Z,2024-02-12T09:31:16Z,MEDIUM,,False
9McqpsCjvYEyagtjko6QBQAau6epAjSDsPUace9immHS,upstream,1,1,21XJbyQWEhmeoxKRHdGrEjetSfHopvtp68LWzdvT471M,2025-03-07T20:09:51Z,2025-03-07T20:09:51Z,MEDIUM,,False
9NHC61yhdidkoWEux1C4QuvfCLDjZHFtL1ZGEZ12Xcug,direct,1,1,DQ2H7qcj262RAKfSxGYeL7cYJq54mVdXe4gYxUwxpump,2026-08-28T04:29:19Z,2026-08-28T04:29:19Z,HIGH,,False
9PDAkczNPAkou4myNC8Bs4anH97vRG9m4DWJtNhEaL55,direct,1,1,5L6As5obMTXxKwjmGBy1LTRwW2Hm1PjSK18JhETrpump,2025-01-15T13:39:55Z,2025-01-15T13:39:55Z,HIGH,,False
9PG4jvgnpQNk7BJRTKpuiGu9c3Y951QqhPhbS2PEJwrT,direct,1,1,44s336LDz8bXp4rpxy1qwUfysZ4THjpReQWTKQg7pump,2026-07-24T19:06:50Z,2026-07-24T19:06:50Z,HIGH,,False
9Pei378iQbg5VjvwTPXw8hhkfaDRU4Jo9ofCigRvSxWm,upstream,1,1,DkDwxjD5JFK7hd7qUNHqNaTeqDGcZ1ia3Y6E7EUiehEn,2024-10-17T10:57:09Z,2024-10-17T10:57:09Z,MEDIUM,,False
9QVzy9M6WrWNdwt27MeUC6wXvxebANRuiz22M3E7PRx5,direct,1,1,5L6As5obMTXxKwjmGBy1LTRwW2Hm1PjSK18JhETrpump,2026-01-13T16:04:37Z,2026-01-13T16:04:37Z,HIGH,,False
9Rw1oZPSP7pDWA4sh8YuWCvrTzWm7AtzBfHejb9earx3,direct,1,1,EHUzmwAzmUix7TkwVr7b16U9ChJDr3RpjfXshR5swy5j,2025-08-25T18:12:39Z,2025-08-25T18:12:39Z,HIGH,,False
9SLPTL41SPsYkgdsMzdfJsxymEANKr5bYoBsQzJyKpKS,upstream,1,1,5o43e7gYZWFNEpdqkegHY6LXkhMXB1z6f7d6TAVGEMTM,2025-06-30T06:00:26Z,2025-06-30T06:00:26Z,MEDIUM,,False
9SqVLUFFGb7cj4wEFdGGGtDFXn3a9QJozBs2Grp3qURY,upstream,1,1,7xXo3JYBqzh6D91XRppzFRLfw8wJHypeukGaNWwKgZ8m,2024-06-12T20:03:25Z,2024-06-12T20:03:25Z,MEDIUM,,False
9SvtViivG54qCyTLD8rnxeXJh9vggqxfewWofkHDeu5K,upstream,1,1,sMe5iUcgTe4VXmg4WaShF5kuk6GmcKF3y4HqKGZpump,2022-02-18T08:54:34Z,2022-02-18T08:54:34Z,MEDIUM,,False
9T55JKNrYbtLS3aBzt1AyzdgnWyxK5PMyemBhk52CcK5,direct,1,1,55bKo8bj1YVEgsbwkkd4Nwu7JhaZF9trUgbvpZ3YeVCA,2025-12-30T09:23:08Z,2025-12-30T09:23:08Z,HIGH,,False
9T5uEpeKw9tsa5d2b1YRQZJu8psPC8pftM71DYF3ZwuK,upstream,1,1,EkTkjVEfhvgkoCwheMTnr8mhEmJ6Q7ZR8q7ZMCcnpump,2024-11-04T01:46:46Z,2024-11-04T01:46:46Z,MEDIUM,,False
9TcvAUjFnKFx248HWgUt6quRybUcCDtvs9mcGe967VWo,direct,1,1,dy6zeSw9j2zHprXLwk1uUGAD4d2HF5R3pAFrL6bRAKs,2026-09-12T16:46:11Z,2026-09-12T16:46:11Z,HIGH,,False
9TmDjFeNpdHJhY9fVphaST5Pk9x4Lskcgq7coNRH98SP,direct,1,1,8G7aM6Gco4fHjVpmVvUdVvhKMKaWXJEqkCKRvPdepump,2025-08-11T09:46:47Z,2025-08-11T09:46:47Z,HIGH,,False
9TrXinvDHL2JZoezvobQd4gt9rCJdYJpjiyJQ6wh5EBs,upstream,1,1,4ZUjJ5EJbwfh7teotB29uHc1SC3SiqbrkwJoNgsxibbU,2025-11-14T01:09:03Z,2025-11-14T01:09:03Z,MEDIUM,,False
9TtDyDh7V2YhvJGWRRjt8yKAF3uwYCNnBW86Pta2DgmV,direct,1,1,5EZ7yagvcsHcwH3e17khLwGzhFrCsx7CKS7ZN6J6i4Lh,2026-10-06T10:08:56Z,2026-10-06T10:08:56Z,HIGH,,False
9Tvk5eVLErX2bHtb9xZUYbfaYtYJZP7zWyC48yUcW6NK,direct,1,1,dy6zeSw9j2zHprXLwk1uUGAD4d2HF5R3pAFrL6bRAKs,2026-08-03T04:12:21Z,2026-08-03T04:12:21Z,HIGH,,False
9Tx1C4MRTiUB9rDLUo28tUQ61JV13RrtECnjEZfVRfm7,upstream,1,1,57ANN8dAbPX8x1BEFFwzBttkzwpKZBEiJkdiWSzVNQvS,2026-03-06T12:33:56Z,2026-03-06T12:33:56Z,MEDIUM,,False
9V3EevqiY4wtgi7P7vZzjWTyXzvTYkRDfFm81oJ56jpA,upstream,1,1,5nnWe5SCBaNMC3oNiR7utth6kx3mH1dhmCarjDb91shW,2026-04-01T23:59:16Z,2026-04-01T23:59:16Z,MEDIUM,,False
9Vpu8uLLVcA8qMdWoHrobEPcCdNr1S7pjrJw6P5TSMqj,direct,1,1,dy6zeSw9j2zHprXLwk1uUGAD4d2HF5R3pAFrL6bRAKs,2026-08-04T05:26:26Z,2026-08-04T05:26:26Z,HIGH,,False
9VpxuFRkRGdUyE2ijkgKrpx2d7QqU7nRdpFCasofiACo,upstream,1,1,5EZ7yagvcsHcwH3e17khLwGzhFrCsx7CKS7ZN6J6i4Lh,2026-08-17T18:22:34Z,2026-08-17T18:22:34Z,MEDIUM,,False
9W2JNrQtT9Gp6HfoZAd7xTvpWNPg3pPzM8Ju8e9p5jp3,direct,1,1,5Sg1vv51KGCSDF2gBHgbNATCEXFjYtVhWgztNUwtgJYD,2025-10-30T13:40:06Z,2025-10-30T13:40:06Z,HIGH,,False
9WNAEpXhG82QcF77e4SjFDKEBFnpch9sECUzTbqq3BuM,upstream,1,1,BmU6YJP2YCAo8sc2dkeR8KjvF3rGFBHZL25ejysppump,2024-06-22T13:37:44Z,2024-06-22T13:37:44Z,MEDIUM,,False
9WyVaVLrqQkuYaxvD7jD8XHig4d971TG1eYxWoiEz2uZ,direct,1,1,6gKx5EMvnymTVz2JgFhJAqpGxTYaBdVsaLb9YfPfvg4Y,2026-09-03T08:09:02Z,2026-09-03T08:09:02Z,HIGH,,False
9XRxEhMFXHxhae3HV8GfgFH8Y21ChMJsoy3FsoGfYxAM,upstream,1,1,6XD1vorwquLXjTSL5W4MJMGewZBeiEcPFmZw527TSwva,2025-02-24T11:16:44Z,2025-02-24T11:16:44Z,MEDIUM,,False
9XzoRHkmEbaLKBBJwNPAJz4NBepmGSxx72A3TsnnTKkp,direct,1,1,9CzNGAEutxKHJ5CwYC5Lk8X8YzgYrQnvKChP2BFEpump,2026-08-10T17:53:54Z,2026-08-10T17:53:54Z,HIGH,,False
9YK2pECRXitTNNXLihyjo1qLq9MGaGjR3r2n3jTHKzMY,direct,1,1,7xXo3JYBqzh6D91XRppzFRLfw8wJHypeukGaNWwKgZ8m,2026-08-26T15:45:50Z,2026-08-26T15:45:50Z,HIGH,,False
9YNQj3d6PT2YkvdPmjUxZrCNLRftGh1x5JQVAEa6v37Y,upstream,1,1,CHygERrxnc5QByNCwxUNSMhP7tKJA7rh6hNBdJ2spump,2025-09-19T19:35:23Z,2025-09-19T19:35:23Z,MEDIUM,,False
9Ynsi3HhdoWCjXcgHFkFWpC6BBMhLWEfPrLxyga9JyTC,upstream,1,1,G9r7nnHSgvb7LUfCE8kavRaKokEMMYBjVHGKvQ6dpump,2026-09-30T07:47:00Z,2026-09-30T07:47:00Z,MEDIUM,,False
9Zp6ECKFSZc3Qbatv8tx9R9TJdDAUvkgd33RC6niXwH,upstream,1,1,JAqRn24FuQ5MFReXNgXb8uFej5vHJDxhVtebpQvHTQZy,2024-03-13T19:00:32Z,2024-03-13T19:00:32Z,MEDIUM,,False
9aVK9FMj3rafeVwEeXvcaLubVoGqYuSpknap1SHR371s,direct,1,1,6wSQipxdE9Suf8tVNaCEbcqavUbLT7gL9tibpm3Jpump,2024-10-09T12:55:46Z,2024-10-09T12:55:46Z,HIGH,,False
9bc61xemFMSZBsQZp59zQppw3sGXrPhRkxrdVBtip6om,direct,1,1,5pSEZw1iytqYznD7crsGyKNek7q5JkjBqj2KmfqxUVZd,2025-02-03T05:51:21Z,2025-02-03T05:51:21Z,HIGH,,False
9bjoRkCwTuhxvDTUsfbfV65ooA9gVwYLddikT7xpNBFQ,upstream,1,1,DQ2H7qcj262RAKfSxGYeL7cYJq54mVdXe4gYxUwxpump,2025-01-22T19:48:58Z,2025-01-22T19:48:58Z,MEDIUM,,False
9bwzwZvTyB8yXdCi2Bz7TATM5nVcSGnNyB2KqhUj8Zqp,direct,1,1,5o43e7gYZWFNEpdqkegHY6LXkhMXB1z6f7d6TAVGEMTM,2025-10-01T08:44:59Z,2025-10-01T08:44:59Z,HIGH,,False
9c8FEB6G8n26v1s3kz27ceymitzHixsXeCwDirYdT1cG,upstream,1,1,5o43e7gYZWFNEpdqkegHY6LXkhMXB1z6f7d6TAVGEMTM,2026-10-04T16:05:02Z,2026-10-04T16:05:02Z,MEDIUM,,False
9cEJBny7UQ7ZQfoeFZmbJMFjLEV8gyeHbzmz1hoWKwcj,upstream,1,1,4kkrecvSVnnkK3RZcJ85tNFiZu9pWg584yHjNCqEpump,2025-09-14T16:28:55Z,2025-09-14T16:28:55Z,MEDIUM,,False
9eNFgovrPYzte84VwZXVNQWVAC9MJysrVT5uQTboEASo,upstream,1,1,dy6zeSw9j2zHprXLwk1uUGAD4d2HF5R3pAFrL6bRAKs,2026-03-18T15:06:43Z,2026-03-18T15:06:43Z,MEDIUM,,False
9edKrHact2d7X3fEsxRLFE7JZxJKE8i4DRZC5dujwWze,direct,1,1,BE5ciZmcADAX78u2a1GrFiPMPC3rNXtdPGUrhzWB4k5d,2026-08-06T17:34:23Z,2026-08-06T17:34:23Z,HIGH,,False
9gmBu1kBPX8DBk61pFzwSZk3ZmNV4AVy1HTmVt4yXLYn,direct,1,1,3coFBLantjJkMRmzaQ4znMQQzfqFYTyBeNhdXYAzpump,2026-01-06T15:49:07Z,2026-01-06T15:49:07Z,HIGH,,False
9h497p7caZVWX3G7ogjzSdNbwdd8JEfMtpbaqj85D7VN,direct,1,1,CHygERrxnc5QByNCwxUNSMhP7tKJA7rh6hNBdJ2spump,2026-06-17T19:51:22Z,2026-06-17T19:51:22Z,HIGH,,False
9hFvEw4i1BkSj5FGnwCZLu7HX7hvdDgTpM45Gw26xUwz,direct,1,1,5o43e7gYZWFNEpdqkegHY6LXkhMXB1z6f7d6TAVGEMTM,2025-01-08T17:09:04Z,2025-01-08T17:09:04Z,HIGH,,False
9hS3JJzbZLvgqQmhUCVueaV929aNgGpDEMFhKnL7oVK8,direct,1,1,9ek8utEujXFmiM9wXcWKPF18y57PmeG8rsiBZGzzpump,2026-08-25T18:02:05Z,2026-08-25T18:02:05Z,HIGH,,False
9ixFb6NSTzkYY3u1vC8WAVpMC8BxzWtibufPsq1bH29u,upstream,1,1,dy6zeSw9j2zHprXLwk1uUGAD4d2HF5R3pAFrL6bRAKs,2026-08-18T14:30:16Z,2026-08-18T14:30:16Z,MEDIUM,,False
9jA4MUtsPAXy3ZhsiQUhkSXMop2ogrCWYv7rE9xovsWp,direct,1,1,4ZUjJ5EJbwfh7teotB29uHc1SC3SiqbrkwJoNgsxibbU,2026-09-01T10:46:08Z,2026-09-01T10:46:08Z,HIGH,,False
9jA4MUtsPAXy3ZhsiQUhkSXMop2ogrCWYv7rE9xovsWp,upstream,1,1,7xXo3JYBqzh6D91XRppzFRLfw8wJHypeukGaNWwKgZ8m,2026-08-19T16:52:51Z,2026-08-19T16:52:51Z,MEDIUM,,False
9jD9zBcvgrFTaWJmSqXLkiBK5bsJqZJ8QpxiXzYUrExs,upstream,1,1,Er5RuNhTEwJH5dHv9c3YGATjgkLCETH4dKazntyWEtXY,2026-05-05T06:18:18Z,2026-05-05T06:18:18Z,MEDIUM,,False
9jiF89wE9dwCQgNBcucDfVqJ8VJjeKvRcb4vDDAhDjYw,upstream,1,1,57ANN8dAbPX8x1BEFFwzBttkzwpKZBEiJkdiWSzVNQvS,2026-04-12T07:40:58Z,2026-04-12T07:40:58Z,MEDIUM,,False
9jj3PiaKB9wKnoLZkxXDcgPh2gy9feazzZXzaAohjRu2,upstream,1,1,rMPLDvnn6KR773WNhZvtFNcgFwnRkc7UbPkUaiMpump,2026-05-06T11:41:45Z,2026-05-06T11:41:45Z,MEDIUM,,False
9k21LokdgFLMbv1XSFcpo22BGcyhgbTaLBQie6KSTPSr,direct,1,1,CHygERrxnc5QByNCwxUNSMhP7tKJA7rh6hNBdJ2spump,2026-09-03T08:12:44Z,2026-09-03T08:12:44Z,HIGH,,False
9kHTT3RgH51FhMzKjxk8XXHoNnVjEjK5JnwTVSP8rXTy,upstream,1,1,25GrKYrc3y4LZmmuhppYgFRCKb7JyZ6grum4WhLYvA1z,2025-01-15T06:49:44Z,2025-01-15T06:49:44Z,MEDIUM,,False
9mZk8eZgod6FnFNmF7U6H7t94tXSuRdHH2Cuw1R2HfCU,direct,1,1,AbpJywMWmkf1MFonRddPVogSwPPZHB9pG4x2nKb1YaPn,2026-08-28T16:15:46Z,2026-08-28T16:15:46Z,HIGH,,False
9nCzZh6zNkuk8ZDAqLG2n7i7NixaCN3dvWvdwccfRskx,direct,1,1,EoKqyKksc4ekiPVuBD9FiztYQHkV59x8KTcZ3ReLpump,2026-08-05T01:59:40Z,2026-08-05T01:59:40Z,HIGH,,False
9nnLbotNTcUhvbrsA6Mdkx45Sm82G35zo28AqUvjExn8,upstream,1,1,xeKm1qmxyHLJZLdwKpsZdx5UFtYyb124GTWRZWypump,2026-08-04T09:50:37Z,2026-08-04T09:50:37Z,MEDIUM,,False
9oao17WwJEVhDm442R9nGaAmbuTsU9K5Le1GLzCkkZAs,upstream,1,1,2A6sLqrw8WN6KkgnCsN4xJkyAowBZHr2H9xQ4u3Mpump,2026-05-30T05:55:18Z,2026-05-30T05:55:18Z,MEDIUM,,False
9ogyeiGuvqNUC1HX7ynKPBbqNN3vj4CN965hq3LowEVU,direct,1,1,6gKx5EMvnymTVz2JgFhJAqpGxTYaBdVsaLb9YfPfvg4Y,2026-01-26T03:19:31Z,2026-01-26T03:19:31Z,HIGH,,False
9oiezCNd8qSjSYwbjtKea2UMxQtn5JLNrvwrBw2SzbpS,upstream,1,1,BZYpLHhui3qRNokWFg2JcX8CYtMqzWHR5R4xowjcbPqh,2025-02-27T20:26:04Z,2025-02-27T20:26:04Z,MEDIUM,,False
9ozGrcC5L8RrbDA19rfGtm1G15ANoswG67e2yEkkr3jR,upstream,1,1,7aLLQRBpGCaSLmmHGf34MGtbdtTumiB14d14TtDnpump,2026-02-28T20:15:03Z,2026-02-28T20:15:03Z,MEDIUM,,False
9pJX4zJgEGX1b435hDzuydC7scU4Rmhshtf7jn7Ge1AE,upstream,1,1,Er5RuNhTEwJH5dHv9c3YGATjgkLCETH4dKazntyWEtXY,2026-06-07T20:34:52Z,2026-06-07T20:34:52Z,MEDIUM,,False
9pKSFDfCgeJLhxKpyc2RpxMMi3RfQGqCWY5eLBYpW9R7,direct,1,1,rMPLDvnn6KR773WNhZvtFNcgFwnRkc7UbPkUaiMpump,2025-08-18T12:08:41Z,2025-08-18T12:08:41Z,HIGH,,False
9pMiAWZ5QQbDsZkEiBq7EQGmZQzZRDKDPk4UAeMMp2Wx,direct,1,1,5nnWe5SCBaNMC3oNiR7utth6kx3mH1dhmCarjDb91shW,2026-09-07T09:26:10Z,2026-09-07T09:26:10Z,HIGH,,False
9pnhstim5NP4b7JPzC9sxm38cwLtdvP2yh3XucuebUj3,upstream,1,1,8qT3o4k4aUmyLrgd7hHYmVxin3kFhQ9QsXdSXTP6pump,2026-03-09T13:43:13Z,2026-03-09T13:43:13Z,MEDIUM,,False
9q115Pd76qf3PXZM1rNdzy2LfKgjBizjBjTXrL9d4rbx,direct,1,1,3coFBLantjJkMRmzaQ4znMQQzfqFYTyBeNhdXYAzpump,2026-07-22T13:49:24Z,2026-07-22T13:49:24Z,HIGH,,False
9qGd6dfkHyk5fN3zT2dmnZQqSjQkQj1EUDovFUqUCUmh,upstream,1,1,9ek8utEujXFmiM9wXcWKPF18y57PmeG8rsiBZGzzpump,2024-02-13T15:25:21Z,2024-02-13T15:25:21Z,MEDIUM,,False
9qiY7G5tjM5kmEDHbp7dyv8iH63L6FTMK7Wocm72hSGV,direct,1,1,7xXo3JYBqzh6D91XRppzFRLfw8wJHypeukGaNWwKgZ8m,2026-08-30T17:36:30Z,2026-08-30T17:36:30Z,HIGH,,False
9rZCTfL8C5JumCNH8SbHA7zq2YmcpMLc9eeD14CvdVYv,upstream,1,1,4kkrecvSVnnkK3RZcJ85tNFiZu9pWg584yHjNCqEpump,2026-08-09T17:45:14Z,2026-08-09T17:45:14Z,MEDIUM,,False
9sKtacAKzXhUr2dRfizUonKL4Je9iSgXCHA1v7p9DMKJ,direct,1,1,8qT3o4k4aUmyLrgd7hHYmVxin3kFhQ9QsXdSXTP6pump,2026-06-20T12:14:32Z,2026-06-20T12:14:32Z,HIGH,,False
9tDzhZYBeqr8fcNgpTxz68QxZ5YAHHsp1yQF2wB5FHuC,direct,1,1,5L6As5obMTXxKwjmGBy1LTRwW2Hm1PjSK18JhETrpump,2026-02-26T03:40:36Z,2026-02-26T03:40:36Z,HIGH,,False
9uVkWDgca7TsY5KBvdnvYeoyJEZCE6bSR7KVxv6jZHJf,upstream,1,1,6akNLpNd11oq4q5zxhXGwr5jwUi6Ke4CvKmF6QeUwJCQ,2026-07-28T21:33:05Z,2026-07-28T21:33:05Z,MEDIUM,,False
9uW9cQpNVzsCbmTrtACdPwhmFMEciesMjPnQscwzPkNE,direct,1,1,55bKo8bj1YVEgsbwkkd4Nwu7JhaZF9trUgbvpZ3YeVCA,2025-02-10T11:27:02Z,2025-02-10T11:27:02Z,HIGH,,False
9uguQiRBVXdjUGqTBA3LwKF8t7Gvmhvm58Pwm6qoLUZ,upstream,1,1,BUPNYwndVGfzVb6RG6q2PX53VdAimw2Mi98QxqeWpump,2024-04-09T00:18:11Z,2024-04-09T00:18:11Z,MEDIUM,,False
9v3uHRg6LrmQAvvwePzMcGY2UHfRC85sKnW4DjKw8Gkj,direct,1,1,8qT3o4k4aUmyLrgd7hHYmVxin3kFhQ9QsXdSXTP6pump,2026-08-29T12:55:13Z,2026-08-29T12:55:13Z,HIGH,,False
9v4xDEghdmtfgccnB55TsrAzLfkAGX7PT9iKujnZXbSE,upstream,1,1,5o9sE9FEVC12zWBd2zqPXAhoVyRiNjGfaYX6hS3Ppump,2025-02-12T04:21:19Z,2025-02-12T04:21:19Z,MEDIUM,,False
9wE2LHiFtcuNxF4qobhcTmRzE2c1D9KKPzidwH1Z3FZi,upstream,1,1,F59cEB3A7RAKHGtkvR577swnPSP6EsdaBoL5AcVZpump,2025-11-27T19:05:10Z,2025-11-27T19:05:10Z,MEDIUM,,False
9wE2LHiFtcuNxF4qobhcTmRzE2c1D9KKPzidwH1Z3FZi,direct,1,1,F59cEB3A7RAKHGtkvR577swnPSP6EsdaBoL5AcVZpump,2026-07-19T12:57:33Z,2026-07-19T12:57:33Z,HIGH,,False
9wLN6VkQjhTsGUWGyY3JxqfyEPQAj1yXYXT37oaCzyCx,upstream,1,1,5L6As5obMTXxKwjmGBy1LTRwW2Hm1PjSK18JhETrpump,2025-12-24T16:44:21Z,2025-12-24T16:44:21Z,MEDIUM,,False
9wiK3orYBUTzeo7fNzZSb1dcmfo9NQAx3UAqwnn1LKjj,direct,1,1,DJejJn1iJntJVTAixy4VRgqJFF3NMKPEMgVzbJFmpump,2026-09-26T20:00:42Z,2026-09-26T20:00:42Z,HIGH,,False
9x9uzj9iBSLALojV4TChMTCDDaB92Jt6vRaABYZaseeU,direct,1,1,EHUzmwAzmUix7TkwVr7b16U9ChJDr3RpjfXshR5swy5j,2026-09-17T12:12:42Z,2026-09-17T12:12:42Z,HIGH,,False
9xRXt47hoQVM6iPcWxfQdG6sQ3RVMdNdfzX6KyNTZkbY,direct,1,1,3GeNgcFpMwH9ts5b3W3jddtfwhwAURaykTy8YjtrGQWT,2026-09-06T13:07:06Z,2026-09-06T13:07:06Z,HIGH,,False
9xsLpxqeQkcEu4myhnBSMKWVCx32JSGNrGpQHmMeCDY1,upstream,1,1,BZYpLHhui3qRNokWFg2JcX8CYtMqzWHR5R4xowjcbPqh,2026-01-05T12:33:38Z,2026-01-05T12:33:38Z,MEDIUM,,False
9xsVcpVCYvqE66DT1AtjBRz5BWgGoN26WUaQaCPCZaEj,upstream,1,1,EoKqyKksc4ekiPVuBD9FiztYQHkV59x8KTcZ3ReLpump,2026-04-20T12:34:39Z,2026-04-20T12:34:39Z,MEDIUM,,False
9xzfX4kfiqzi4mUApr6oVYJmhFjizePPJXM97gLZ25wM,direct,1,1,28HydoWU7TZQxWiVQxGZyspE3qgWdCHToNDVgLoNpump,2026-08-29T15:56:49Z,2026-08-29T15:56:49Z,HIGH,,False
9yLnooj4Tem5Vg7EXSohJA9b1GAXnTFjqaKuHbHACBLf,upstream,1,1,5o43e7gYZWFNEpdqkegHY6LXkhMXB1z6f7d6TAVGEMTM,2024-03-11T01:47:48Z,2024-03-11T01:47:48Z,MEDIUM,,False
9z1DU4esSeyptrwxH2WnbS1Y1K47W2yJSeGc4eBrkxUr,upstream,1,1,4prKtarobdhYDY4Hu3uGZMx7Je4HqPJeLVyxN6m4Ld3T,2025-01-08T18:22:30Z,2025-01-08T18:22:30Z,MEDIUM,,False
9zg7R2RcfZj2kKBcHfUDf8xs9Ec9EmyrjaoMT73K25Jt,upstream,1,1,57ANN8dAbPX8x1BEFFwzBttkzwpKZBEiJkdiWSzVNQvS,2024-05-18T19:27:11Z,2024-05-18T19:27:11Z,MEDIUM,,False
A124naNSBRFN4Nb3Y73e1JeZBEPBGbwEWYXiPDpLeABr,upstream,1,1,6gKx5EMvnymTVz2JgFhJAqpGxTYaBdVsaLb9YfPfvg4Y,2025-11-05T11:04:00Z,2025-11-05T11:04:00Z,MEDIUM,,False
A1SeUu1wi1CtZ35UPWfNxRUApPJaVpXfD7eqYEUmy5qf,direct,1,1,9xhMStAAufkH5jA5nevaGy6M9fCsQ74BZnsXyo93DkfA,2025-11-15T11:15:25Z,2025-11-15T11:15:25Z,HIGH,,False
A2NBGSxf13FxjDfdG3QTk1yQSyEzAEunXkPHgDN3xUQT,upstream,1,1,rMPLDvnn6KR773WNhZvtFNcgFwnRkc7UbPkUaiMpump,2026-05-04T17:44:21Z,2026-05-04T17:44:21Z,MEDIUM,,False
A2Nbi7JDFJkxDdfTdupEEmH1ye1x1Kxxx9NaQ5E6EUeb,direct,1,1,B3xU49SW3khA7m5Lgata2fmPxZeQRuaJbCruPsVDpump,2026-09-03T18:19:40Z,2026-09-03T18:19:40Z,HIGH,,False
A2XBdtfQNHbbaRqCLGUqALS1Hyah45VfjncL5eUHetHV,direct,1,1,BZYpLHhui3qRNokWFg2JcX8CYtMqzWHR5R4xowjcbPqh,2026-01-13T10:03:40Z,2026-01-13T10:03:40Z,HIGH,,False
A3HnLomha4LVEvDdTYw6jbdosC3T4GZ7zeyjDbUGyZpY,direct,1,1,DkDwxjD5JFK7hd7qUNHqNaTeqDGcZ1ia3Y6E7EUiehEn,2025-04-01T11:43:06Z,2025-04-01T11:43:06Z,HIGH,,False
A3rgFjV1SvCFP6KKKDwNQAe3Q89ZBcdPZBFGTSxik3NG,direct,1,1,Ajz86fyiygsv8kZkUyDxogxkz5VfKRs4HTEABVTfpump,2026-08-22T21:12:21Z,2026-08-22T21:12:21Z,HIGH,,False
A3roSgHd5PqWTEuQmMic26oXRHjZoDF8ccpoKgtpUyZC,upstream,1,1,55bKo8bj1YVEgsbwkkd4Nwu7JhaZF9trUgbvpZ3YeVCA,2025-02-13T11:38:26Z,2025-02-13T11:38:26Z,MEDIUM,,False
A3zT96Yddt92u4way3zRA3xqNq2SFwUaaRYmTKpFsjLH,upstream,1,1,xeKm1qmxyHLJZLdwKpsZdx5UFtYyb124GTWRZWypump,2025-11-10T20:43:17Z,2025-11-10T20:43:17Z,MEDIUM,,False
A4RDVdwyttp9ARfhHDmh9Uecj3eYipMdf86zwu7zAvy6,upstream,1,1,BZYpLHhui3qRNokWFg2JcX8CYtMqzWHR5R4xowjcbPqh,2025-10-30T19:00:44Z,2025-10-30T19:00:44Z,MEDIUM,,False
A4d2E2dZMYpcFYygxVKZxNtSmvtjBpJ6TE9wGMu44q95,direct,1,1,Ajz86fyiygsv8kZkUyDxogxkz5VfKRs4HTEABVTfpump,2025-01-09T04:23:51Z,2025-01-09T04:23:51Z,HIGH,,False
A6Cf1y15U9MwWQD67vAUARpFerrYQNnnf6W8DRaPnCge,direct,1,1,DkDwxjD5JFK7hd7qUNHqNaTeqDGcZ1ia3Y6E7EUiehEn,2024-12-23T16:54:59Z,2024-12-23T16:54:59Z,HIGH,,False
A6T9JxuiJWNG8sTeWpByUxJg1q1voqvcMpchVg9ynRYT,upstream,1,1,JAqRn24FuQ5MFReXNgXb8uFej5vHJDxhVtebpQvHTQZy,2025-06-21T15:02:27Z,2025-06-21T15:02:27Z,MEDIUM,,False
A6nVPWbpL1jDyrpWPEFT4GSYP2czY2r8poaQp8mWiQB,upstream,1,1,DQ2H7qcj262RAKfSxGYeL7cYJq54mVdXe4gYxUwxpump,2025-12-25T16:39:42Z,2025-12-25T16:39:42Z,MEDIUM,,False
A7CSbA2vHrRZQ6Ecxm2LDt6uqYaejKTMBMmwL3GfeoyS,upstream,1,1,EkTkjVEfhvgkoCwheMTnr8mhEmJ6Q7ZR8q7ZMCcnpump,2026-04-29T17:15:39Z,2026-04-29T17:15:39Z,MEDIUM,,False
A7aMXVhgeY9Khm76Wz6MNDpqoHpiEvCVVYffkpFTyuk9,direct,1,1,7271ZR6GBzaGqdtP28ZqZ5BKRt2ziu4AnPnVCAL7pump,2025-05-02T14:23:25Z,2025-05-02T14:23:25Z,HIGH,,False
A82vczfj9ERDBM2Xr1o5FutbgrtPQdFcWN6ma1fquweB,direct,1,1,4sjtHGeAKP6DoMUdvFqQuiYKhhPpwa9XCxUyuFD2pump,2026-07-31T06:43:55Z,2026-07-31T06:43:55Z,HIGH,,False
A84cVHyYjc8QCJD8vW81sznGFHMq4sGGApHns4AiG2CX,upstream,1,1,6akNLpNd11oq4q5zxhXGwr5jwUi6Ke4CvKmF6QeUwJCQ,2026-08-05T00:08:21Z,2026-08-05T00:08:21Z,MEDIUM,,False
A8JJMYHH5Mi1sGxetmyPLfGYCTV5JhGDtYrpWwvc9bpz,upstream,1,1,3coFBLantjJkMRmzaQ4znMQQzfqFYTyBeNhdXYAzpump,2026-07-02T19:39:51Z,2026-07-02T19:39:51Z,MEDIUM,,False
A8W9yvKaM674tk6FyZZNzmwXJYBqxrBapzSMaa79GCe4,upstream,1,1,dy6zeSw9j2zHprXLwk1uUGAD4d2HF5R3pAFrL6bRAKs,2026-09-03T21:43:24Z,2026-09-03T21:43:24Z,MEDIUM,,False
A8X5bBLyp7vhKXyiHEbsYWW2JiGp8fkSMUoYKNw5gSqo,upstream,1,1,7mRDn1rAqjwFQXacodr1UmkNdvAGPbtNP9k5jvBZqt9J,2025-03-14T16:45:55Z,2025-03-14T16:45:55Z,MEDIUM,,False
A8Z6u579sMLVVkgqWbgvccS8Lw6ThGrrV8nuGU29sdNc,upstream,1,1,EoKqyKksc4ekiPVuBD9FiztYQHkV59x8KTcZ3ReLpump,2026-07-22T11:04:08Z,2026-07-22T11:04:08Z,MEDIUM,,False
AAfYSJckp3Etp3KJGVpifX4GRvwTQvsJ7LaRErszFg3n,upstream,1,1,4kkrecvSVnnkK3RZcJ85tNFiZu9pWg584yHjNCqEpump,2025-11-04T21:02:34Z,2025-11-04T21:02:34Z,MEDIUM,,False
ABXymn9N4hEeLDjZmdrofgHYqWyCjsRXYjmgH78pz7J7,direct,1,1,6wSQipxdE9Suf8tVNaCEbcqavUbLT7gL9tibpm3Jpump,2026-02-03T12:19:32Z,2026-02-03T12:19:32Z,HIGH,,False
ABa6Tiuqxdsd16gpcWme9D85KWjK4h7n6ca8M7Niu2T,upstream,1,1,EHUzmwAzmUix7TkwVr7b16U9ChJDr3RpjfXshR5swy5j,2025-07-20T18:01:13Z,2025-07-20T18:01:13Z,MEDIUM,,False
ACandSyakYk8p2DjxTst2e7y3z5XtrpFyTyKURpCVMp4,upstream,1,1,F41TwidZvJJcsx9c2BMwS6eH9W6HcUT4LzPmGvK9WU6N,2024-07-02T12:02:48Z,2024-07-02T12:02:48Z,MEDIUM,,False
AChrW5assKV65LEV4paXmQRPB6F9GsYSkaxTSsfc6Go3,direct,1,1,CziyAr14UNUrfkxpioWSumkLXMwWnDWN2bu2WR5ao7kc,2025-11-01T14:59:20Z,2025-11-01T14:59:20Z,HIGH,,False
AD94qLuBzMvMBdNLkD55kWc9U18w1bBdgXi1qWXmxqWg,upstream,1,1,5o43e7gYZWFNEpdqkegHY6LXkhMXB1z6f7d6TAVGEMTM,2026-09-12T17:27:32Z,2026-09-12T17:27:32Z,MEDIUM,,False
ADiBhVe1G5Xvi1FRXadHAVhTui6eSBU5YPLkGjNVnk9D,upstream,1,1,21XJbyQWEhmeoxKRHdGrEjetSfHopvtp68LWzdvT471M,2026-09-07T11:07:59Z,2026-09-07T11:07:59Z,MEDIUM,,False
AEA5we6SM3WQ1S5VikLCUhpkcRrYZypqnQRvdLC9Kmgv,direct,1,1,G9r7nnHSgvb7LUfCE8kavRaKokEMMYBjVHGKvQ6dpump,2026-09-28T14:54:20Z,2026-09-28T14:54:20Z,HIGH,,False
AEuMjrBcefqkGAfjkbaF3p4Z8dNGqaMx4NwsApmpQFUD,direct,1,1,dy6zeSw9j2zHprXLwk1uUGAD4d2HF5R3pAFrL6bRAKs,2026-09-12T22:16:20Z,2026-09-12T22:16:20Z,HIGH,,False
AF4ESSNmjijnd4zbxVL4Sup4wbHMh1PNtxY5hyPayZNA,upstream,1,1,7Q9VxTczrzgvjXWbJJZibR7hbYAohngsNsuEhdEcpump,2026-04-17T18:03:05Z,2026-04-17T18:03:05Z,MEDIUM,,False
AF8VuwCncKd5ZBnLYYnMjqh4vLch8mjqE75sFe5ZjRFW,direct,1,1,4kkrecvSVnnkK3RZcJ85tNFiZu9pWg584yHjNCqEpump,2026-06-01T14:48:49Z,2026-06-01T14:48:49Z,HIGH,,False
AF8VuwCncKd5ZBnLYYnMjqh4vLch8mjqE75sFe5ZjRFW,upstream,1,1,BmU6YJP2YCAo8sc2dkeR8KjvF3rGFBHZL25ejysppump,2025-12-17T00:49:21Z,2025-12-17T00:49:21Z,MEDIUM,,False
AFJ2mSQpzT5eZfeAkYBT3teRtTHzV8S1AtPhgkKwxVwb,upstream,1,1,5Sg1vv51KGCSDF2gBHgbNATCEXFjYtVhWgztNUwtgJYD,2024-12-14T19:16:59Z,2024-12-14T19:16:59Z,MEDIUM,,False
AFKmP1zmWvV1cC4x9g9hApURBYuGUJjkFx5UMZ7TUGeP,direct,1,1,69N7rm9nnp6sVoULtp5toD26F25rYum8593GupxkUYvH,2026-09-26T11:16:39Z,2026-09-26T11:16:39Z,HIGH,,False
AGVCkd22zbzyudQhy99DoiAPK4JZwZHo95NhKUrjgiSY,direct,1,1,BZYpLHhui3qRNokWFg2JcX8CYtMqzWHR5R4xowjcbPqh,2024-05-09T17:38:58Z,2024-05-09T17:38:58Z,HIGH,,False
AGVznHW4h9aT3sZjAcELqf2cm57v43VFwqggGgSqb4kH,direct,1,1,4n32UBFWKJNPQayeN25GrLJHswbja41XFMxebcg9pump,2025-05-25T15:51:44Z,2025-05-25T15:51:44Z,HIGH,,False
AGn7ekkn2qqY69vWBpsyGPSmkNHqqSbgkcd1o9iSfsn2,direct,1,1,7xXo3JYBqzh6D91XRppzFRLfw8wJHypeukGaNWwKgZ8m,2025-01-15T23:28:42Z,2025-01-15T23:28:42Z,HIGH,,False
AHXDVNdFAaMrBMnSiBLQT6MGsvPS4aSne5FV7DSP4BWt,upstream,1,1,2Tiw1Tna3kAut868cjXuKoyrv8U8gi1YjTaXw7Czpump,2026-02-20T08:54:44Z,2026-02-20T08:54:44Z,MEDIUM,,False
AHai2uDMLkx8TBTbWUgrYPGYPZZg9ZdEkzFviDK1c7yT,upstream,1,1,69N7rm9nnp6sVoULtp5toD26F25rYum8593GupxkUYvH,2026-09-26T11:16:38Z,2026-09-26T11:16:38Z,MEDIUM,,False
AJGZZCp9UbDDFn6iLRbKPxCceWa7zktMoJjeKKejMone,upstream,1,1,25GrKYrc3y4LZmmuhppYgFRCKb7JyZ6grum4WhLYvA1z,2025-01-12T16:15:39Z,2025-01-12T16:15:39Z,MEDIUM,,False
AK27mFrCG3yHgZsJirtTkcxZhsTsRqbNzL3A4opE3Spi,direct,1,1,4kkrecvSVnnkK3RZcJ85tNFiZu9pWg584yHjNCqEpump,2024-12-14T19:28:29Z,2024-12-14T19:28:29Z,HIGH,,False
AK2Sd2mt8KTx7vPvnUgCHEVGGQC8FPhbhugNpc4N1jrR,upstream,1,1,7xXo3JYBqzh6D91XRppzFRLfw8wJHypeukGaNWwKgZ8m,2025-02-10T09:06:45Z,2025-02-10T09:06:45Z,MEDIUM,,False
AKLSJbV2Uth4pHxQew4wMp6zd9Tudeoc8i3men1iDGXi,upstream,1,1,4prKtarobdhYDY4Hu3uGZMx7Je4HqPJeLVyxN6m4Ld3T,2026-01-19T17:08:08Z,2026-01-19T17:08:08Z,MEDIUM,,False
ALNSKw5Yk1fPTgLe72ZgcgqbzZFBGTk8uED9dx7pLgMD,direct,1,1,9hAojtonqe4RUQarvUYZhFqC99VK1S3LCewYkSjnpump,2026-08-24T11:39:16Z,2026-08-24T11:39:16Z,HIGH,,False
ALxvS7kUuqqqX7sU8VkWWW6mmbUByZCgPofjhzXLHiov,upstream,1,1,BZYpLHhui3qRNokWFg2JcX8CYtMqzWHR5R4xowjcbPqh,2025-03-05T17:17:39Z,2025-03-05T17:17:39Z,MEDIUM,,False
AMLBDZjNVQNDiJpuMursFDmE75gQ12UoyFLqK9sSUaEo,direct,1,1,5DoZAeBkoci5t5zPhUiuhQFjuzYTfkSv5Seojsxppump,2026-08-05T04:11:29Z,2026-08-05T04:11:29Z,HIGH,,False
AMRsSeU5JpqwQWJGNLMpZzRCZSFEwYQYbMnms3dD4311,upstream,1,1,6sFMbTF2VTzutzKekenJujFZBqb4TiBZJKfyLMUbpump,2026-04-19T02:19:11Z,2026-04-19T02:19:11Z,MEDIUM,,False
AMiT4AwVpfrt1ykSWdg5smX59zAZqBpRN2hRryNeydPj,upstream,1,1,3vfxnHSCS139RZiw6MPZaEvhySnjbEi81GuF5EdNpump,2025-12-09T21:46:55Z,2025-12-09T21:46:55Z,MEDIUM,,False
AN98QYttjw7XtcCbRs7VZcGK4soX4DyDfNzbwL7FXwTb,direct,1,1,4sjtHGeAKP6DoMUdvFqQuiYKhhPpwa9XCxUyuFD2pump,2025-05-30T16:38:50Z,2025-05-30T16:38:50Z,HIGH,,False
ANLxj8cABKGmNcJPzhS7ZDGKDKE9kUG3sjLn1gD87uFk,upstream,1,1,5o43e7gYZWFNEpdqkegHY6LXkhMXB1z6f7d6TAVGEMTM,2026-09-22T12:07:51Z,2026-09-22T12:07:51Z,MEDIUM,,False
ANZVSjwxh4qQedBpoZr9vVm18nMSknZHfB3ejTsiuEeE,upstream,1,1,9CzNGAEutxKHJ5CwYC5Lk8X8YzgYrQnvKChP2BFEpump,2025-01-14T02:31:11Z,2025-01-14T02:31:11Z,MEDIUM,,False
APeS2t7onh3YbtdKTzGhjM9r59QTMgxZtj64tYM2fmot,direct,1,1,4n32UBFWKJNPQayeN25GrLJHswbja41XFMxebcg9pump,2026-01-03T11:12:59Z,2026-01-03T11:12:59Z,HIGH,,False
APw6htiijFwkTR6Ah3jW9qSDL9paYHQ5SHQ2pGEnHVV6,direct,1,1,8ypYfW5cjafrfAZij8TZj5SFHAbPNpiRio96LMzypDkn,2026-05-21T06:21:49Z,2026-05-21T06:21:49Z,HIGH,,False
AQja5ufjkPCdSsMkYYRiwgyUpsaDtKhM5Gha5yhFSWCu,upstream,1,1,8ypYfW5cjafrfAZij8TZj5SFHAbPNpiRio96LMzypDkn,2025-09-10T16:42:00Z,2025-09-10T16:42:00Z,MEDIUM,,False
ARAMG4zxXvqzTnj7L2eNh36EMHsrAxekyDgNzmeaRSY7,upstream,1,1,55bKo8bj1YVEgsbwkkd4Nwu7JhaZF9trUgbvpZ3YeVCA,2024-12-18T15:26:47Z,2024-12-18T15:26:47Z,MEDIUM,,False
ARW9ofgiDLvN7ubfv8Jriw6tuke6X16teq1ygb4vfGGa,upstream,1,1,3GeNgcFpMwH9ts5b3W3jddtfwhwAURaykTy8YjtrGQWT,2026-08-31T20:35:16Z,2026-08-31T20:35:16Z,MEDIUM,,False
ARzA53rdjCRdX4H91wzxRZyQSMwMBaykQVDJ4tUSrVFQ,direct,1,1,GfqKCwNeAdHHi97AmgCLP5qrwcSJRDdyZ1huiU6xUXTz,2026-09-22T20:23:09Z,2026-09-22T20:23:09Z,HIGH,,False
ATRECtZhC4EmBizrJGimN8k7Z1XeB7x6BSxLBkEdVr5t,direct,1,1,13V3CbY7Q7AXnf24FMsUaQrmLxnRU4Md9phDEWZvpump,2026-09-03T22:37:37Z,2026-09-03T22:37:37Z,HIGH,,False
AUQEE2GnSEoGnyFDbukwRoaDRPpK6S5ze8vf1Xh7NAi4,direct,1,1,GL7M1C4QeLoURyexYgdhuP8SvaPh5LHQLRqKha3epump,2025-08-22T12:13:24Z,2025-08-22T12:13:24Z,HIGH,,False
AUg3WfaUdW5wEosfLRBtm45ip1qZ3bbxusQ7b5mfuN21,upstream,1,1,13V3CbY7Q7AXnf24FMsUaQrmLxnRU4Md9phDEWZvpump,2026-04-16T13:19:29Z,2026-04-16T13:19:29Z,MEDIUM,,False
AUrkH8jWtG7our71fSYqCp524BAJuf5Tampe267wfyFA,direct,1,1,DQ2H7qcj262RAKfSxGYeL7cYJq54mVdXe4gYxUwxpump,2026-08-15T13:54:46Z,2026-08-15T13:54:46Z,HIGH,,False
AVSWtGfPZbGGCJ2ZSfzKXACMR9R4aUqcHfH9on4C7EXe,upstream,1,1,9xhMStAAufkH5jA5nevaGy6M9fCsQ74BZnsXyo93DkfA,2023-12-14T21:12:50Z,2023-12-14T21:12:50Z,MEDIUM,,False
AW1D1ZHPTRDDXrwMDqM9J7oig3htMCof4WuPWcNhpByY,upstream,1,1,8G7aM6Gco4fHjVpmVvUdVvhKMKaWXJEqkCKRvPdepump,2026-08-25T00:17:15Z,2026-08-25T00:17:15Z,MEDIUM,,False
AWaCZrrhicfDfjsFHtwo9q5utAAop9QDXvmBxr9ZC5fL,upstream,1,1,4ZUjJ5EJbwfh7teotB29uHc1SC3SiqbrkwJoNgsxibbU,2025-02-04T07:52:09Z,2025-02-04T07:52:09Z,MEDIUM,,False
AWhYQkCELaZfj8v4F5b8cYbbAfUjfWGjwzQsR469difR,direct,1,1,2Tiw1Tna3kAut868cjXuKoyrv8U8gi1YjTaXw7Czpump,2026-02-20T13:11:40Z,2026-02-20T13:11:40Z,HIGH,,False
AWkxiRQCHFHwcEBep1QZtwNgGXEXM7PKKSR5NN3pZbHq,upstream,1,1,CziyAr14UNUrfkxpioWSumkLXMwWnDWN2bu2WR5ao7kc,2024-01-16T03:34:53Z,2024-01-16T03:34:53Z,MEDIUM,,False
AXCzaZMhGsn6heNNhFQPJAijnDdjdZ1JXbfwYYbn6tv6,direct,1,1,5L6As5obMTXxKwjmGBy1LTRwW2Hm1PjSK18JhETrpump,2025-12-08T00:38:31Z,2025-12-08T00:38:31Z,HIGH,,False
AXH7ZjLSqcxR8grWqiihqw3HYmu6tjiRPgdHcSA9aS1y,upstream,1,1,8ypYfW5cjafrfAZij8TZj5SFHAbPNpiRio96LMzypDkn,2026-10-01T11:55:16Z,2026-10-01T11:55:16Z,MEDIUM,,False
AXXvLGCitPAXa4PCDyX8aYGxFm6ckKceEftg38VvipCH,direct,1,1,3vfxnHSCS139RZiw6MPZaEvhySnjbEi81GuF5EdNpump,2026-08-05T08:57:05Z,2026-08-05T08:57:05Z,HIGH,,False
AXe8ea4q4RN84hTZ2ft1pKD7BKNPxTWRruigSHBv3LBu,upstream,1,1,7p4MwwkUaMv4gBThVkW46QjwVaosaUrccbFV1MbXpump,2026-08-27T21:20:48Z,2026-08-27T21:20:48Z,MEDIUM,,False
AYPUmSwJtdH9xRA7SjgxRopasXda8hs79LQ58BBqsF8j,direct,1,1,69N7rm9nnp6sVoULtp5toD26F25rYum8593GupxkUYvH,2026-09-14T14:59:27Z,2026-09-14T14:59:27Z,HIGH,,False
AZ6DLwkQLGwM5Rvbh94vg5uiU2VEoYPCpi4PiJtbcjtY,upstream,1,1,5nnWe5SCBaNMC3oNiR7utth6kx3mH1dhmCarjDb91shW,2026-02-04T18:28:28Z,2026-02-04T18:28:28Z,MEDIUM,,False
AZEMhUckjDHrxyoFMe48nZLLJsJEPvoCTLKuCdLWAv8B,upstream,1,1,6wSQipxdE9Suf8tVNaCEbcqavUbLT7gL9tibpm3Jpump,2024-01-02T17:18:37Z,2024-01-02T17:18:37Z,MEDIUM,,False
Aa4CxNaHrfh3jiMHUDW1fzCHGS83QSW8crdcdsukT4T6,upstream,1,1,CziyAr14UNUrfkxpioWSumkLXMwWnDWN2bu2WR5ao7kc,2024-10-29T09:43:45Z,2024-10-29T09:43:45Z,MEDIUM,,False
AaHEQsfrFawNMgugu5fFMyda2eyN3guLewQmiBAWgPYF,direct,1,1,JAqRn24FuQ5MFReXNgXb8uFej5vHJDxhVtebpQvHTQZy,2025-02-04T02:09:52Z,2025-02-04T02:09:52Z,HIGH,,False
AbJrazm8X4BWqDKUCALj5VShSmMVWU6Ma4YqGCogX5dX,direct,1,1,7p4MwwkUaMv4gBThVkW46QjwVaosaUrccbFV1MbXpump,2026-09-10T00:01:38Z,2026-09-10T00:01:38Z,HIGH,,False
AbP3EHBvMfw4nSoygpD5UasCrykUQR8Znh8awoANEAVc,direct,1,1,55bKo8bj1YVEgsbwkkd4Nwu7JhaZF9trUgbvpZ3YeVCA,2026-09-15T08:54:24Z,2026-09-15T08:54:24Z,HIGH,,False
AbVsLeB82suvTgUTnKy2usyjN45f6JzZnCU4WyBEsSQ8,direct,1,1,ASftCNtzPNmK3nMDvpQNvpLauKS45Vkq7kwTPutqUBL1,2026-09-15T06:59:30Z,2026-09-15T06:59:30Z,HIGH,,False
AbXtBRATNtmuQSvA1JP3XTYyfYFiszaaM98PBgPTgE9B,upstream,1,1,2A6sLqrw8WN6KkgnCsN4xJkyAowBZHr2H9xQ4u3Mpump,2024-12-08T19:50:10Z,2024-12-08T19:50:10Z,MEDIUM,,False
Abb817791uYH8JSnuZZnFhqAPMxfo9KxoqZPvUDEoi9K,upstream,1,1,7p4MwwkUaMv4gBThVkW46QjwVaosaUrccbFV1MbXpump,2025-12-19T17:11:59Z,2025-12-19T17:11:59Z,MEDIUM,,False
AbsTN9hbBTNdcwpA2aWVMurG8f6bVPnzczaCiVguabaA,direct,1,1,xeKm1qmxyHLJZLdwKpsZdx5UFtYyb124GTWRZWypump,2026-07-31T18:09:13Z,2026-07-31T18:09:13Z,HIGH,,False
AbuGAb9M4AgXBchk42pJ3NSGgQKbiW6Lgc48BtMMKqkN,direct,1,1,25GrKYrc3y4LZmmuhppYgFRCKb7JyZ6grum4WhLYvA1z,2026-06-12T13:09:03Z,2026-06-12T13:09:03Z,HIGH,,False
Ac9Ssu144pHuCDiCUEUKHdCq76XvPvZQhRPLVadnTJoV,direct,1,1,2Tiw1Tna3kAut868cjXuKoyrv8U8gi1YjTaXw7Czpump,2026-09-03T02:01:30Z,2026-09-03T02:01:30Z,HIGH,,False
AcwYr3vqcJ6t65ay2bhV9wtw7REsXM4NtpqCxBXffsXU,direct,1,1,Er5RuNhTEwJH5dHv9c3YGATjgkLCETH4dKazntyWEtXY,2026-09-11T21:19:41Z,2026-09-11T21:19:41Z,HIGH,,False
AdFDwssBuTKrxfkY9rysuYqZ5ffAgjsYtwPaiFoZypGM,upstream,1,1,5DoZAeBkoci5t5zPhUiuhQFjuzYTfkSv5Seojsxppump,2026-04-23T02:37:22Z,2026-04-23T02:37:22Z,MEDIUM,,False
AdnWVMgQo9RDdPueHyd7VgU9by7QD9SGF7EC9aU4GgQy,direct,1,1,7xXo3JYBqzh6D91XRppzFRLfw8wJHypeukGaNWwKgZ8m,2026-08-22T18:20:44Z,2026-08-22T18:20:44Z,HIGH,,False
AdszNhWjJ4nnX7b14a9cK3KTixJJKcU46zzotgkXS22n,upstream,1,1,7xXo3JYBqzh6D91XRppzFRLfw8wJHypeukGaNWwKgZ8m,2026-02-18T02:24:24Z,2026-02-18T02:24:24Z,MEDIUM,,False
AeBwztwXScyNNuQCEdhS54wttRQrw3Nj1UtqddzB4C7b,direct,1,1,55bKo8bj1YVEgsbwkkd4Nwu7JhaZF9trUgbvpZ3YeVCA,2025-03-13T11:23:15Z,2025-03-13T11:23:15Z,HIGH,,False
AeYEm2ZxsxXnkNDUYuevyDzAjYVP1xeTtT9SdXVVjPck,direct,1,1,3coFBLantjJkMRmzaQ4znMQQzfqFYTyBeNhdXYAzpump,2026-09-05T13:44:09Z,2026-09-05T13:44:09Z,HIGH,,False
AecCxbTmqcZEaK7FmHDJFSQfoKg85Ue6fJ3wt9qAz2Aw,direct,1,1,3uYT8w1FxasDGmM4WDG5kXu6D9BGvyP3iEfPJEVb6ewT,2026-09-16T06:49:24Z,2026-09-16T06:49:24Z,HIGH,,False
Af5qhcKbUaXBvWNycRUjNEKKSR3Msssz8V67MUs5ThL6,upstream,1,1,UsrcsZMqw6p53Fohu16UCBjsbjqc73XmoRFZDcnCtMR,2026-09-09T22:15:09Z,2026-09-09T22:15:09Z,MEDIUM,,False
AfswRzZ1BKarX1Ay88yZDiED1tVduPk8t4RzRgaggtGD,upstream,1,1,3GeNgcFpMwH9ts5b3W3jddtfwhwAURaykTy8YjtrGQWT,2026-08-31T20:35:22Z,2026-08-31T20:35:22Z,MEDIUM,,False
AgJf2wdGXgzCr6kX28sv2j1wwqyoba5uJyKnpo6edkmd,direct,1,1,47r9YPDeTVpwHjAakoVgnzNTJRChXC8f4KSUqMbEsBbM,2026-09-10T20:55:46Z,2026-09-10T20:55:46Z,HIGH,,False
Agyn7QVZjPqD5jNNrVPpAiVu22FCZJ4o5kRavBKhWnKX,upstream,1,1,7mRDn1rAqjwFQXacodr1UmkNdvAGPbtNP9k5jvBZqt9J,2024-06-10T00:04:01Z,2024-06-10T00:04:01Z,MEDIUM,,False
AiGYgN64ojbSpvQ847asCtzgSGwtttwJFtViP9Vwkdmp,direct,1,1,EkTkjVEfhvgkoCwheMTnr8mhEmJ6Q7ZR8q7ZMCcnpump,2026-05-04T15:22:04Z,2026-05-04T15:22:04Z,HIGH,,False
AiL1zYykdj5bjAFSFPXNZj61paERd9GQXY4dnV2Xq9VM,upstream,1,1,DQ2H7qcj262RAKfSxGYeL7cYJq54mVdXe4gYxUwxpump,2026-06-15T14:56:31Z,2026-06-15T14:56:31Z,MEDIUM,,False
AiNfNi2ePcQMVE2jrkbTRvFTXYGi8C2VVneJYNZNaTyb,direct,1,1,5L6As5obMTXxKwjmGBy1LTRwW2Hm1PjSK18JhETrpump,2026-07-02T13:07:05Z,2026-07-02T13:07:05Z,HIGH,,False
AiqTDMBquEk5LqNeTpQ4qPUbAMBXCzGVR3mzasJHanN1,direct,1,1,3coFBLantjJkMRmzaQ4znMQQzfqFYTyBeNhdXYAzpump,2026-02-12T23:46:01Z,2026-02-12T23:46:01Z,HIGH,,False
Aj5psT8RoZKGAgxLrEybqBqGa6Qhk2EtDmX1yesLof7y,upstream,1,1,4sjtHGeAKP6DoMUdvFqQuiYKhhPpwa9XCxUyuFD2pump,2025-12-23T20:22:32Z,2025-12-23T20:22:32Z,MEDIUM,,False
Aj5rrAWxqGT1yKeJZ9iWSPabVS58t8Gw4kP4n4jaHumg,upstream,1,1,BZYpLHhui3qRNokWFg2JcX8CYtMqzWHR5R4xowjcbPqh,2025-10-25T11:10:57Z,2025-10-25T11:10:57Z,MEDIUM,,False
AjjSLDPzyKp3f9u8fuvfBxvZYF97WnCSxG5bDYa8nuQP,direct,1,1,sMe5iUcgTe4VXmg4WaShF5kuk6GmcKF3y4HqKGZpump,2025-04-28T18:20:05Z,2025-04-28T18:20:05Z,HIGH,,False
Ajva8uEW2qGhTfjVooA53LCxChpub2PBr5U15qc3Ggzz,direct,1,1,rMPLDvnn6KR773WNhZvtFNcgFwnRkc7UbPkUaiMpump,2026-09-29T08:38:04Z,2026-09-29T08:38:04Z,HIGH,,False
AkPUuAQLTDKUC6xr13bfCxy8Wo6TxYKVpJCTsifLwCS5,direct,1,1,55bKo8bj1YVEgsbwkkd4Nwu7JhaZF9trUgbvpZ3YeVCA,2026-07-10T14:34:11Z,2026-07-10T14:34:11Z,HIGH,,False
Amg7i2nAjGJJPxSWVxNDGSWwBrwSVrj7Edm7LvRAuom2,upstream,1,1,sMe5iUcgTe4VXmg4WaShF5kuk6GmcKF3y4HqKGZpump,2025-10-29T21:19:21Z,2025-10-29T21:19:21Z,MEDIUM,,False
AmzrmF5A92wN1azCLWCQiRFG9NemTqfAbzCkpuiDSuDi,upstream,1,1,49aM4HrGABwG9F8iAn385zzcsS6mxHEFY8YN3H7y1Cd9,2026-06-16T16:17:01Z,2026-06-16T16:17:01Z,MEDIUM,,False
AnqXMstSmn7cK2Wx8em5KPJPE2SeAdbCdsn5WcCzAftt,direct,1,1,5DoZAeBkoci5t5zPhUiuhQFjuzYTfkSv5Seojsxppump,2026-03-19T23:30:50Z,2026-03-19T23:30:50Z,HIGH,,False
AoUpYnjvqFPbnbzB72PdantkrxYRxnLvTkVxXebVR5z7,direct,1,1,6gKx5EMvnymTVz2JgFhJAqpGxTYaBdVsaLb9YfPfvg4Y,2025-09-07T12:43:41Z,2025-09-07T12:43:41Z,HIGH,,False
AosAm7jEdS1UGC42RZeyrfndfW1EXyDL1gJZMpCngsiz,upstream,1,1,7p4MwwkUaMv4gBThVkW46QjwVaosaUrccbFV1MbXpump,2025-02-16T12:21:34Z,2025-02-16T12:21:34Z,MEDIUM,,False
Ap7WWseDPSsPkokbkSCQKGu1EQeqkZeb6HyGKT3Si6vg,direct,1,1,omskHvyNvQSn3PFak3E8JHQJeSVJFsrc6izWT12pump,2026-02-15T16:46:25Z,2026-02-15T16:46:25Z,HIGH,,False
Ap9qNtySCshjCBK2PHq4g9B39SKRzQYLDPCLdCs5asQb,direct,1,1,3coFBLantjJkMRmzaQ4znMQQzfqFYTyBeNhdXYAzpump,2026-08-08T19:20:02Z,2026-08-08T19:20:02Z,HIGH,,False
ApAMf3K4hPJRkczooBzfrAyidqcjssg3DfEKeuUEB89h,direct,1,1,F59cEB3A7RAKHGtkvR577swnPSP6EsdaBoL5AcVZpump,2026-02-05T13:42:08Z,2026-02-05T13:42:08Z,HIGH,,False
ApBS68GQBcQaXBM51jWusyW8Qqa1KNWfHnTLLbKsr5U6,direct,1,1,21XJbyQWEhmeoxKRHdGrEjetSfHopvtp68LWzdvT471M,2026-08-25T00:54:17Z,2026-08-25T00:54:17Z,HIGH,,False
ApGkmRkJUzxiE64EPnpzWEXwKKMiezbbpakVmLeKZMhg,upstream,1,1,BZYpLHhui3qRNokWFg2JcX8CYtMqzWHR5R4xowjcbPqh,2026-02-04T12:08:26Z,2026-02-04T12:08:26Z,MEDIUM,,False
ApNSbqC7k4ADsDKUudKDNHYRnihPQVecg8RCDaasLupq,upstream,1,1,57ANN8dAbPX8x1BEFFwzBttkzwpKZBEiJkdiWSzVNQvS,2021-07-15T06:54:25Z,2021-07-15T06:54:25Z,MEDIUM,,False
ApXbC2pjoeR3ssnJB4mpCF3Zr1245m4bcWn3x1DecSth,direct,1,1,3vfxnHSCS139RZiw6MPZaEvhySnjbEi81GuF5EdNpump,2026-07-06T18:26:25Z,2026-07-06T18:26:25Z,HIGH,,False
Aq52vzpkf4LQv47NAqjbANP9vuGmtnQuif8Zsohi7pfb,upstream,1,1,8ypYfW5cjafrfAZij8TZj5SFHAbPNpiRio96LMzypDkn,2026-09-23T13:01:30Z,2026-09-23T13:01:30Z,MEDIUM,,False
AqBmdYynpNQRMJYoYavALPvaugGhP1V8ZCxR8A7BRUpY,upstream,1,1,47r9YPDeTVpwHjAakoVgnzNTJRChXC8f4KSUqMbEsBbM,2026-09-17T18:33:45Z,2026-09-17T18:33:45Z,MEDIUM,,False
AqPzioVUwD1mqaBSvod4hpmx2m3a51tZoUGhevseV3wH,direct,1,1,2iSB473Z7L2ndpWs3n22tb7H3KSGpswDTH3jP7qCCAZT,2026-08-16T12:48:10Z,2026-08-16T12:48:10Z,HIGH,,False
Ar3C8fmdp9LzpVs6ea4adEDnMgL6SdQ4Hz5sqZdBVwW2,direct,1,1,4sjtHGeAKP6DoMUdvFqQuiYKhhPpwa9XCxUyuFD2pump,2026-08-26T03:13:02Z,2026-08-26T03:13:02Z,HIGH,,False
Ara6auFinvrC71nRcDarT6F3uvKZ1CQsc3fexYrHUheU,direct,1,1,AgB5SxiP1DFZbW9uDAH7s8Mhv1HF21nJv67tnAAYpump,2026-09-02T22:34:25Z,2026-09-02T22:34:25Z,HIGH,,False
AreftoSzgV48X6cYXc8Ei4h9ERW7JHynznocb7Y4Hsqh,direct,1,1,55bKo8bj1YVEgsbwkkd4Nwu7JhaZF9trUgbvpZ3YeVCA,2025-04-21T16:51:34Z,2025-04-21T16:51:34Z,HIGH,,False
ArrkB5RfrHWCGWxokCXCsDWLCwJnm5UtfMb6nvZjZiaC,upstream,1,1,JAqRn24FuQ5MFReXNgXb8uFej5vHJDxhVtebpQvHTQZy,2022-12-10T11:56:32Z,2022-12-10T11:56:32Z,MEDIUM,,False
AsoixsLotjvqdo1tu2CfXga1YpHmc2ZQoS1gAuv6x9ig,upstream,1,1,H8oe2SCksJcYzhPeS4TsbteusgZW5k7QaZ4boKyq8C7U,2026-10-01T10:31:35Z,2026-10-01T10:31:35Z,MEDIUM,,False
AtXxbape2f8PehNG1irVTtXf7kNrh2twEnABu29KPrjE,direct,1,1,D4aEpQLW45YnWrBmztcpJHqabbPtFe9F9PTv8Umvpump,2026-09-04T17:02:02Z,2026-09-04T17:02:02Z,HIGH,,False
AtvV52sP4F9St5kK2RuZZBHRSy4dYPk2upDUSNRKxe7E,direct,1,1,4sjtHGeAKP6DoMUdvFqQuiYKhhPpwa9XCxUyuFD2pump,2025-12-02T17:12:01Z,2025-12-02T17:12:01Z,HIGH,,False
AuUbHqHGVYgsYpX9tAg4JZsJaMvEuP7qdSRMw8KBzTLn,upstream,1,1,6XD1vorwquLXjTSL5W4MJMGewZBeiEcPFmZw527TSwva,2026-10-03T15:28:42Z,2026-10-03T15:28:42Z,MEDIUM,,False
AuoEKubmUJBnCVYrm7gmRSzvVcKqxcCHvLrreE7Teu53,direct,1,1,dy6zeSw9j2zHprXLwk1uUGAD4d2HF5R3pAFrL6bRAKs,2026-06-01T00:20:49Z,2026-06-01T00:20:49Z,HIGH,,False
Av3W6rbFmFst9gFr4Uu2DaaQWHqmdrkgSaERxbLFRtVZ,upstream,1,1,7dACCWZXF4Lr9ftxFpi7TJk7a3hcPpUwGPAcTuXDpump,2026-08-31T16:04:52Z,2026-08-31T16:04:52Z,MEDIUM,,False
AwKso1auFRhnvgUeTpxQLVLyK5tRPgnBCQAahNC2KB5T,direct,1,1,D4aEpQLW45YnWrBmztcpJHqabbPtFe9F9PTv8Umvpump,2025-09-11T12:09:18Z,2025-09-11T12:09:18Z,HIGH,,False
AwkExRCM3GGXbjtqsjopwGUvt8NEWsUavS8Co5Et7zYV,direct,1,1,5DoZAeBkoci5t5zPhUiuhQFjuzYTfkSv5Seojsxppump,2026-09-04T20:25:31Z,2026-09-04T20:25:31Z,HIGH,,False
AwnMjoFyd3e3obftuLwAKozbvzKv4EzJMRg1W2M2vZnS,direct,1,1,rMPLDvnn6KR773WNhZvtFNcgFwnRkc7UbPkUaiMpump,2025-11-05T17:40:16Z,2025-11-05T17:40:16Z,HIGH,,False
Awyz1jkaWQhTNHaZDCytHFzm2ywqd9ggfQ3d2B9X5cGb,direct,1,1,13V3CbY7Q7AXnf24FMsUaQrmLxnRU4Md9phDEWZvpump,2026-08-27T09:36:01Z,2026-08-27T09:36:01Z,HIGH,,False
AxGcrdooF1KBir6iJQs8UnzsdbfuwoaaddEdThvoBTgj,upstream,1,1,B3xU49SW3khA7m5Lgata2fmPxZeQRuaJbCruPsVDpump,2025-10-20T20:07:02Z,2025-10-20T20:07:02Z,MEDIUM,,False
AxNF4WLGf4Tkwz1H9RzDFdifbe8PpHJDjrPzgfdp8dgH,upstream,1,1,BZYpLHhui3qRNokWFg2JcX8CYtMqzWHR5R4xowjcbPqh,2024-11-13T17:11:20Z,2024-11-13T17:11:20Z,MEDIUM,,False
AxxnxyekEQmGNLru1GXkaHqygA5fvQ3w2Y3dWUPZf7ou,upstream,1,1,HJPjdsDmcvgCj4MV3NvqCWd78qDP8BMzGfrsk4Nbpump,2026-03-13T20:05:08Z,2026-03-13T20:05:08Z,MEDIUM,,False
AzAMNA5XgggqbNXefaUAX4hypWQvZ2uFiXk5vPXFTdVs,direct,1,1,GKTxLXsmkjLDo89XmPa5htwK7sAzdqZ3jmfV6gaTvK67,2026-08-26T13:10:28Z,2026-08-26T13:10:28Z,HIGH,,False
Azbom3cjMidYzGyx4nLQiPzw3Q2GQ667UGxpAV1U2fmM,direct,1,1,9PNfxvTARzdxvQas2uknW57bnfMCS1dxW1He7rPbuhuQ,2025-11-06T07:51:30Z,2025-11-06T07:51:30Z,HIGH,,False
AzePNbuViLoTDEmfWtJsNBHQWEKeJL97oZTvBpzsPFVb,upstream,1,1,AbpJywMWmkf1MFonRddPVogSwPPZHB9pG4x2nKb1YaPn,2026-08-29T12:44:18Z,2026-08-29T12:44:18Z,MEDIUM,,False
AzzidVxGcdd64wcntp6At83HtYcScijuw3vAzE3rD6Nd,upstream,1,1,EoKqyKksc4ekiPVuBD9FiztYQHkV59x8KTcZ3ReLpump,2025-10-27T06:05:13Z,2025-10-27T06:05:13Z,MEDIUM,,False
B1RaiiaphLKbh7ckvATtvh7Xuk45tG8fefwQLDaVLdo3,direct,1,1,F41TwidZvJJcsx9c2BMwS6eH9W6HcUT4LzPmGvK9WU6N,2026-08-18T11:51:26Z,2026-08-18T11:51:26Z,HIGH,,False
B1afuxkaymvfGDVFsTrXcHzt5GW2pUboiotVUX6iwoyS,direct,1,1,6sFMbTF2VTzutzKekenJujFZBqb4TiBZJKfyLMUbpump,2026-09-06T20:39:37Z,2026-09-06T20:39:37Z,HIGH,,False
B245gS53FQpBrDPtD42ivkxARAsNJA7jFFkGv3UtjysA,direct,1,1,FuF2M5T79HJdpJUbp46qwWssLXQ1Xjf1yiNSfyo5UEGC,2025-04-17T21:57:19Z,2025-04-17T21:57:19Z,HIGH,,False
B2UrNW8MfRsQtzeyoRQNJdpijJv2GpsgeX4WLvfvPx6W,direct,1,1,49aM4HrGABwG9F8iAn385zzcsS6mxHEFY8YN3H7y1Cd9,2026-09-29T12:41:00Z,2026-09-29T12:41:00Z,HIGH,,False
B2gDCQKkHKCFjBjHNcbNvkcRt7ww6XxgDyZkwnnFjvV6,direct,1,1,2iSB473Z7L2ndpWs3n22tb7H3KSGpswDTH3jP7qCCAZT,2026-08-19T19:57:52Z,2026-08-19T19:57:52Z,HIGH,,False
B3uybdf5wxCDc95pa7ZpRzQvqkYG2jxk7KMrBeizx7gS,direct,1,1,CziyAr14UNUrfkxpioWSumkLXMwWnDWN2bu2WR5ao7kc,2026-07-19T09:56:40Z,2026-07-19T09:56:40Z,HIGH,,False
B46xaUeRM112q7EVbsBJPfWMLs2X64vtZpJVE1ofKZMY,upstream,1,1,9CzNGAEutxKHJ5CwYC5Lk8X8YzgYrQnvKChP2BFEpump,2023-08-23T23:25:44Z,2023-08-23T23:25:44Z,MEDIUM,,False
B4XwBGFVotynSNmVH3YwoGmW99o9otoqsQKZaa6qciYA,direct,1,1,21XJbyQWEhmeoxKRHdGrEjetSfHopvtp68LWzdvT471M,2026-09-10T09:15:46Z,2026-09-10T09:15:46Z,HIGH,,False
B51jF66BP3Zzw9JN2c1wBDP2FvuVgcy1QqUNxKVpJ2LW,direct,1,1,4GRTznsfLTRqaB2uMAFmmgaWtvfVyBb4qCsTjskUpump,2026-04-19T11:40:14Z,2026-04-19T11:40:14Z,HIGH,,False
B5JfPo5s3gTboL7cE4raBhyA5q4u97QSBCL1vrcH9qPp,direct,1,1,3GeNgcFpMwH9ts5b3W3jddtfwhwAURaykTy8YjtrGQWT,2025-12-11T14:07:41Z,2025-12-11T14:07:41Z,HIGH,,False
B5XuaBEy2SJ1Z8dSzfP3MvwxKc2wkyvrG4ezwz6j5NDD,upstream,1,1,4kkrecvSVnnkK3RZcJ85tNFiZu9pWg584yHjNCqEpump,2024-11-25T12:51:04Z,2024-11-25T12:51:04Z,MEDIUM,,False
B5rMYyijZULWg8kvqXkenaYPwcgJVG8TwM1shJ9woeho,upstream,1,1,dy6zeSw9j2zHprXLwk1uUGAD4d2HF5R3pAFrL6bRAKs,2026-03-08T09:04:56Z,2026-03-08T09:04:56Z,MEDIUM,,False
B6KDbDzcsncdzx4kp6tACsacZFcY1xunFAEFwknf6Bit,direct,1,1,UsrcsZMqw6p53Fohu16UCBjsbjqc73XmoRFZDcnCtMR,2026-09-27T03:18:39Z,2026-09-27T03:18:39Z,HIGH,,False
B6i3az3NQEFm4Cz4kZZRJsTZa9cEH1neGmRjvvkqABTJ,upstream,1,1,6VMsrZvNaSzddT6vkY6dEDoFMeK5EoHD4KCAycfQpump,2022-01-10T08:15:09Z,2022-01-10T08:15:09Z,MEDIUM,,False
B7KaWeTSiTCBZJN1gGYJBJD9E2u1yFrxPmBT6cV8bGBK,direct,1,1,F59cEB3A7RAKHGtkvR577swnPSP6EsdaBoL5AcVZpump,2026-08-31T23:15:03Z,2026-08-31T23:15:03Z,HIGH,,False
B7cmgGxAz6RfAftGeFhZtacHquDGKj8AejtuomxrgnBj,upstream,1,1,5DoZAeBkoci5t5zPhUiuhQFjuzYTfkSv5Seojsxppump,2026-04-18T09:57:52Z,2026-04-18T09:57:52Z,MEDIUM,,False
B8CpyC4uM4e2uaLqPYY5SurMbtfjq4LNR7uybCuJdCfi,upstream,1,1,4ZUjJ5EJbwfh7teotB29uHc1SC3SiqbrkwJoNgsxibbU,2023-12-02T16:03:33Z,2023-12-02T16:03:33Z,MEDIUM,,False
B8cM2HS2qYrk9Mv2RR5aYN1BfExTCQH4M3ea3ciaZy8b,upstream,1,1,2iSB473Z7L2ndpWs3n22tb7H3KSGpswDTH3jP7qCCAZT,2026-09-10T19:48:25Z,2026-09-10T19:48:25Z,MEDIUM,,False
B8jbTQUy59ov1a3zqyWUcR2gshDVvG1yY1WxcY6vrSiP,upstream,1,1,4kkrecvSVnnkK3RZcJ85tNFiZu9pWg584yHjNCqEpump,2025-07-16T01:58:57Z,2025-07-16T01:58:57Z,MEDIUM,,False
B8vYdiPJCJBUX2ZqSDXhs76vw6rMqstZgHQfwjmmtt21,direct,1,1,DQ2H7qcj262RAKfSxGYeL7cYJq54mVdXe4gYxUwxpump,2026-08-25T16:51:18Z,2026-08-25T16:51:18Z,HIGH,,False
B99nAAc1obxK2bRneD3ThNzQ5fX1juF1LYWUqtr2mqKC,upstream,1,1,6wSQipxdE9Suf8tVNaCEbcqavUbLT7gL9tibpm3Jpump,2024-01-01T20:55:45Z,2024-01-01T20:55:45Z,MEDIUM,,False
B9SX1tTKVLLo38r3MUUvbNjxdGksQnHN9UDwBbgoqPpt,upstream,1,1,JAqRn24FuQ5MFReXNgXb8uFej5vHJDxhVtebpQvHTQZy,2026-06-18T18:25:22Z,2026-06-18T18:25:22Z,MEDIUM,,False
B9in4BFtUq9mdcCbpAKPoER2uhfJ5nnPb7JCE7YDb9AX,direct,1,1,GKTxLXsmkjLDo89XmPa5htwK7sAzdqZ3jmfV6gaTvK67,2026-02-05T10:45:23Z,2026-02-05T10:45:23Z,HIGH,,False
B9wTq1JPWfW46NqEPAviGuhJdQZJM8YA3STgw3kUZKgA,upstream,1,1,6wSQipxdE9Suf8tVNaCEbcqavUbLT7gL9tibpm3Jpump,2024-01-19T10:54:02Z,2024-01-19T10:54:02Z,MEDIUM,,False
BAjHZDdzwmXruKS2MGztkoqZxCwc7P6XQZz7rKj6rwEc,direct,1,1,21XJbyQWEhmeoxKRHdGrEjetSfHopvtp68LWzdvT471M,2026-09-18T17:16:26Z,2026-09-18T17:16:26Z,HIGH,,False
BAxVrD44cK5BCtLSVH8PKcZkCpYCQmJ99rJ8HzXgfqcU,direct,1,1,G9r7nnHSgvb7LUfCE8kavRaKokEMMYBjVHGKvQ6dpump,2026-10-03T00:45:01Z,2026-10-03T00:45:01Z,HIGH,,False
BAypTdhjj6nWz3anWHi9cQFW8k6RsSQCiqw1EdNCzH5t,upstream,1,1,8ypYfW5cjafrfAZij8TZj5SFHAbPNpiRio96LMzypDkn,2025-03-16T08:51:34Z,2025-03-16T08:51:34Z,MEDIUM,,False
BB4rWuuVY6xTmb6GTCf3brekWFptRuRbXKckW365buGB,upstream,1,1,JAqRn24FuQ5MFReXNgXb8uFej5vHJDxhVtebpQvHTQZy,2025-02-04T02:43:15Z,2025-02-04T02:43:15Z,MEDIUM,,False
BB5dnY55FXS1e1NXqZDwCzgdYJdMCj3B92PU6Q5Fb6DT,upstream,1,1,8ypYfW5cjafrfAZij8TZj5SFHAbPNpiRio96LMzypDkn,2024-05-06T13:27:17Z,2024-05-06T13:27:17Z,MEDIUM,,False
BBBZnU2kzuLi6ad9o3wkjKjwHqZx94FeyapeottPa6y1,upstream,1,1,3coFBLantjJkMRmzaQ4znMQQzfqFYTyBeNhdXYAzpump,2026-06-08T20:26:39Z,2026-06-08T20:26:39Z,MEDIUM,,False
BBFhtuEJU4qcffp2r3XJJpq7gnsfVuDhHepQzDKLfyhk,upstream,1,1,8ypYfW5cjafrfAZij8TZj5SFHAbPNpiRio96LMzypDkn,2026-09-16T02:05:47Z,2026-09-16T02:05:47Z,MEDIUM,,False
BBSJ6Ds2LPE1r5oFWXM79qUkXtUrESdavbFMJoN9dq5u,upstream,1,1,4n32UBFWKJNPQayeN25GrLJHswbja41XFMxebcg9pump,2026-07-26T15:06:21Z,2026-07-26T15:06:21Z,MEDIUM,,False
BBYsao18ieyM5AiEY4Z4zwyzskMLgwcAHBnaJJfUhPZd,upstream,1,1,67afrnTxo8DVc52Uev61Yo4Yr9BGQpRw1RpPMWcx42La,2026-02-19T12:07:46Z,2026-02-19T12:07:46Z,MEDIUM,,False
BBhiQdUJn7ECtwecmSqzgQMNyt2JH9bqf26g18aYq6me,upstream,1,1,5L6As5obMTXxKwjmGBy1LTRwW2Hm1PjSK18JhETrpump,2024-10-23T00:11:10Z,2024-10-23T00:11:10Z,MEDIUM,,False
BBwjh3CT5AFYh42dJ4hdQWSw8HhnKeXdekCWvBBWAqgf,direct,1,1,4prKtarobdhYDY4Hu3uGZMx7Je4HqPJeLVyxN6m4Ld3T,2026-08-23T01:40:26Z,2026-08-23T01:40:26Z,HIGH,,False
BCCKotewVWzmVLevxiHUrYYaKmP4fPJtDooWKjUXph1L,upstream,1,1,8ypYfW5cjafrfAZij8TZj5SFHAbPNpiRio96LMzypDkn,2026-09-04T16:14:07Z,2026-09-04T16:14:07Z,MEDIUM,,False
BCCKotewVWzmVLevxiHUrYYaKmP4fPJtDooWKjUXph1L,direct,1,1,CziyAr14UNUrfkxpioWSumkLXMwWnDWN2bu2WR5ao7kc,2026-09-04T16:14:07Z,2026-09-04T16:14:07Z,HIGH,,False
BCCwRKh4MLBKH5MpdJ1TAcjUK4hfPDSAyuyBViBBU6rf,upstream,1,1,DQ2H7qcj262RAKfSxGYeL7cYJq54mVdXe4gYxUwxpump,2026-08-25T09:35:17Z,2026-08-25T09:35:17Z,MEDIUM,,False
BCGqR9rjcDCVb2j636wbFXYoh8yHzSFCAm59aS3fHw9H,upstream,1,1,6wSQipxdE9Suf8tVNaCEbcqavUbLT7gL9tibpm3Jpump,2021-11-09T15:25:08Z,2021-11-09T15:25:08Z,MEDIUM,,False
BChZNvcz6gfCajbv2qEPcEYMvWbyobHUL7vPE5yWYftp,upstream,1,1,6wSQipxdE9Suf8tVNaCEbcqavUbLT7gL9tibpm3Jpump,2025-10-16T10:46:38Z,2025-10-16T10:46:38Z,MEDIUM,,False
BE3G2F5jKygsSNbPFKHHTxvKpuFXSumASeGweLcei6G3,upstream,1,1,5nnWe5SCBaNMC3oNiR7utth6kx3mH1dhmCarjDb91shW,2021-03-21T09:01:55Z,2021-03-21T09:01:55Z,MEDIUM,,False
BE5P9TJAiB1ykF9JeKCWxKFmKLBGZncVmxzPTEysGhgW,upstream,1,1,omskHvyNvQSn3PFak3E8JHQJeSVJFsrc6izWT12pump,2026-05-26T21:10:34Z,2026-05-26T21:10:34Z,MEDIUM,,False
BENg4Ku3z2kCafqpmGjWJmczHquFQT2QprUuebi9zS2u,upstream,1,1,JAqRn24FuQ5MFReXNgXb8uFej5vHJDxhVtebpQvHTQZy,2026-01-23T13:13:10Z,2026-01-23T13:13:10Z,MEDIUM,,False
BEUdysKkxL3ojjDtVdnVoqJceMkRczfCtJ2tLERWXJfu,upstream,1,1,55bKo8bj1YVEgsbwkkd4Nwu7JhaZF9trUgbvpZ3YeVCA,2025-04-15T15:23:26Z,2025-04-15T15:23:26Z,MEDIUM,,False
BExZxmn9ghBN24YjpxvHfpnoLPWRN6irE6btWtygM4zU,direct,1,1,JAqRn24FuQ5MFReXNgXb8uFej5vHJDxhVtebpQvHTQZy,2025-06-11T19:27:19Z,2025-06-11T19:27:19Z,HIGH,,False
BEzH4H3vGLB5BbyZ1GUURvskDrTnBwke5EKoZuHFzXsX,direct,1,1,3GeNgcFpMwH9ts5b3W3jddtfwhwAURaykTy8YjtrGQWT,2026-07-19T23:58:19Z,2026-07-19T23:58:19Z,HIGH,,False
BFP8Fws5vcQshqDeLyPknerrRzE28dRwMtoPpehnWGEu,direct,1,1,G9r7nnHSgvb7LUfCE8kavRaKokEMMYBjVHGKvQ6dpump,2026-09-29T03:12:08Z,2026-09-29T03:12:08Z,HIGH,,False
BGA1y75bwzwgkMQqddQy4e4z1sssTYGF2keNFYJiKH8A,direct,1,1,GKTxLXsmkjLDo89XmPa5htwK7sAzdqZ3jmfV6gaTvK67,2026-01-28T22:56:39Z,2026-01-28T22:56:39Z,HIGH,,False
BHB1UQTnXgwoQnq6c5nD85cFNc7nUrQjbPsvCp5soaEq,direct,1,1,dy6zeSw9j2zHprXLwk1uUGAD4d2HF5R3pAFrL6bRAKs,2026-09-06T11:00:29Z,2026-09-06T11:00:29Z,HIGH,,False
BJQdKePXf5Tf5cxnt914P6cStjtgZH5WCcb7YSxj4JNg,upstream,1,1,GfqKCwNeAdHHi97AmgCLP5qrwcSJRDdyZ1huiU6xUXTz,2025-12-09T02:46:58Z,2025-12-09T02:46:58Z,MEDIUM,,False
BJiXy8ZBseLpc1GNXZ1wSS8EHvxykw77ewFX4ATL3hMU,direct,1,1,5EZ7yagvcsHcwH3e17khLwGzhFrCsx7CKS7ZN6J6i4Lh,2026-03-09T21:55:08Z,2026-03-09T21:55:08Z,HIGH,,False
BK2ciybp5WEeWUpPzPACUDfwcNFHeDQSrQsdKyT3Wdkb,direct,1,1,JAqRn24FuQ5MFReXNgXb8uFej5vHJDxhVtebpQvHTQZy,2026-08-21T21:09:26Z,2026-08-21T21:09:26Z,HIGH,,False
BKaqxmugDwqfsPouZWD2E4Sef4yDehno4HAZPDwoE9Ui,direct,1,1,G9r7nnHSgvb7LUfCE8kavRaKokEMMYBjVHGKvQ6dpump,2025-07-29T08:10:17Z,2025-07-29T08:10:17Z,HIGH,,False
BLAST1mXyJ7chNKedhhtH58bMUSKAZPDGzNYUhmUz9H5,direct,1,1,7xXo3JYBqzh6D91XRppzFRLfw8wJHypeukGaNWwKgZ8m,2026-01-27T08:57:43Z,2026-01-27T08:57:43Z,HIGH,,False
BLFbFG2EfNPFZ4sAGecSCGff2ZAszZpJGo1uXDfy8h6m,upstream,1,1,3GeNgcFpMwH9ts5b3W3jddtfwhwAURaykTy8YjtrGQWT,2026-09-06T12:31:06Z,2026-09-06T12:31:06Z,MEDIUM,,False
BLLALqcyLzBf8zzNqViK8xnCdVT4N9UkBNdCYqyQKYKv,direct,1,1,sMe5iUcgTe4VXmg4WaShF5kuk6GmcKF3y4HqKGZpump,2026-02-28T21:16:31Z,2026-02-28T21:16:31Z,HIGH,,False
BLcLr5j8EsGx6FtRHm21SrXmXHZYmMMb3L1zEN8TQsPf,direct,1,1,5Sg1vv51KGCSDF2gBHgbNATCEXFjYtVhWgztNUwtgJYD,2026-08-18T00:21:12Z,2026-08-18T00:21:12Z,HIGH,,False
BMJirnPyyWuhsb2XqXtg3yZWykAe8kJtT3odMYugPMrT,direct,1,1,7mRDn1rAqjwFQXacodr1UmkNdvAGPbtNP9k5jvBZqt9J,2026-09-20T18:33:21Z,2026-09-20T18:33:21Z,HIGH,,False
BNAtvaV9dpbaBAiz9WU8pUjojkJh6xoyZNZaQq8qDATy,direct,1,1,2A6sLqrw8WN6KkgnCsN4xJkyAowBZHr2H9xQ4u3Mpump,2026-08-22T07:30:37Z,2026-08-22T07:30:37Z,HIGH,,False
BNWabWqPP2x7zWZ8Pi2vnFfkMAbfdwzMcMV3kSJtxM5s,upstream,1,1,F41TwidZvJJcsx9c2BMwS6eH9W6HcUT4LzPmGvK9WU6N,2026-04-28T03:03:40Z,2026-04-28T03:03:40Z,MEDIUM,,False
BP8LSShkvH2CNenujQcTSJSFrjkJihuq9EEmUm9AFAsc,direct,1,1,7HiD5rzoZxAYXEJ8Z4t3WgM8VE1iSKWJdxPPyEdDNzwN,2026-08-15T13:49:17Z,2026-08-15T13:49:17Z,HIGH,,False
BPB7JLn5sqK9N42Y5gXn75BRxye5jsqcdLwTLcdJzvLY,direct,1,1,Ajz86fyiygsv8kZkUyDxogxkz5VfKRs4HTEABVTfpump,2026-08-27T06:10:32Z,2026-08-27T06:10:32Z,HIGH,,False
BPCHJCMMDynskLtZKKGhkupjCK564eUBLsKexY8j22F,direct,1,1,7HiD5rzoZxAYXEJ8Z4t3WgM8VE1iSKWJdxPPyEdDNzwN,2026-09-17T21:28:20Z,2026-09-17T21:28:20Z,HIGH,,False
BPCHJCMMDynskLtZKKGhkupjCK564eUBLsKexY8j22F,upstream,1,1,DkDwxjD5JFK7hd7qUNHqNaTeqDGcZ1ia3Y6E7EUiehEn,2026-09-08T15:10:24Z,2026-09-08T15:10:24Z,MEDIUM,,False
BPCPwPsQ2Q1dkAo29LPKDgDDtLqYoquvvTU9MGKioGRe,direct,1,1,69N7rm9nnp6sVoULtp5toD26F25rYum8593GupxkUYvH,2025-11-06T02:06:42Z,2025-11-06T02:06:42Z,HIGH,,False
BPMsQBoxQvDEgqYAZMiUoFUdtcE5kbVUVMyopiQFRBG5,upstream,1,1,4sjtHGeAKP6DoMUdvFqQuiYKhhPpwa9XCxUyuFD2pump,2024-02-15T09:11:33Z,2024-02-15T09:11:33Z,MEDIUM,,False
BQ2Ub1NrStc716GDATCsc2iYJYcd5fjAQyzwSGjyX4YN,upstream,1,1,4sjtHGeAKP6DoMUdvFqQuiYKhhPpwa9XCxUyuFD2pump,2024-06-09T16:00:04Z,2024-06-09T16:00:04Z,MEDIUM,,False
BQL67dLHf4cKcZozbqZDeotZXmzYKjMNXCjhaWytLHsy,upstream,1,1,G9r7nnHSgvb7LUfCE8kavRaKokEMMYBjVHGKvQ6dpump,2026-10-02T23:45:03Z,2026-10-02T23:45:03Z,MEDIUM,,False
BQqSJBcfGJhZpyCakCd13KspKKSycsoZmFGDgkYfnvY9,upstream,1,1,omskHvyNvQSn3PFak3E8JHQJeSVJFsrc6izWT12pump,2025-01-30T18:09:22Z,2025-01-30T18:09:22Z,MEDIUM,,False
BQzWXmBKuCU5h1EugfU9KPTJWipJrDDTE1z4oKw9vGAD,direct,1,1,7xXo3JYBqzh6D91XRppzFRLfw8wJHypeukGaNWwKgZ8m,2026-08-12T15:13:28Z,2026-08-12T15:13:28Z,HIGH,,False
BR1RJc2ydB9bipxnP3YHFx6YEVC1b1ojMDEK3NfMni8a,direct,1,1,CSLP8Vp7u9hrXQi7crPXqCp7BaJaG4JrNxqvR3jDpump,2026-07-31T11:02:36Z,2026-07-31T11:02:36Z,HIGH,,False
BRByzc33qoDsg3jasJxnfoubv9LgFurZe7Cinda7Rvmk,direct,1,1,EoKqyKksc4ekiPVuBD9FiztYQHkV59x8KTcZ3ReLpump,2026-07-29T08:44:25Z,2026-07-29T08:44:25Z,HIGH,,False
BRPWkLvGuUvdhMnb654Dc8sErabMrb4tuYZrWYYidHyU,direct,1,1,4prKtarobdhYDY4Hu3uGZMx7Je4HqPJeLVyxN6m4Ld3T,2026-08-30T15:30:09Z,2026-08-30T15:30:09Z,HIGH,,False
BRVfaRLkZXzjHSEzb4uUUCjLqGEX7qBsNH6QZumNCiwB,upstream,1,1,6gKx5EMvnymTVz2JgFhJAqpGxTYaBdVsaLb9YfPfvg4Y,2026-08-24T10:28:03Z,2026-08-24T10:28:03Z,MEDIUM,,False
BRcZFuKhgsa9G1qXH7fS9Mt6JLvfkgP5b5rYu5b6HDwn,direct,1,1,4ZUjJ5EJbwfh7teotB29uHc1SC3SiqbrkwJoNgsxibbU,2026-07-23T03:40:15Z,2026-07-23T03:40:15Z,HIGH,,False
BSGkP47te6EYe161a7CnFmjLHK3dSB4NPEqDrAaPFzej,direct,1,1,DTm66ivA96mhuQnqTy1cv7uELS4MHdYtpbRGJdW9t7Fn,2025-11-13T02:35:13Z,2025-11-13T02:35:13Z,HIGH,,False
BThY85WeRSHgwuuj2SPFN4MAzBdc3Mcs5VDwQPe2EtSJ,upstream,1,1,9mqJNDG2squcqZt2zC7cWWNtVozUbQUnzVnP1jG6pump,2026-01-11T04:21:01Z,2026-01-11T04:21:01Z,MEDIUM,,False
BTtBoRvsnFRnrzG45Mut6wYjMab9jAgnd5wESMKFbzQh,upstream,1,1,DJejJn1iJntJVTAixy4VRgqJFF3NMKPEMgVzbJFmpump,2026-09-01T21:42:05Z,2026-09-01T21:42:05Z,MEDIUM,,False
BTtBoRvsnFRnrzG45Mut6wYjMab9jAgnd5wESMKFbzQh,direct,1,1,Ajz86fyiygsv8kZkUyDxogxkz5VfKRs4HTEABVTfpump,2026-09-01T21:42:05Z,2026-09-01T21:42:05Z,HIGH,,False
BU7Q2y7Dfmz1QfwhUH7c7nAVXsMLgjWBTbNEXUnqsDNX,direct,1,1,AbpJywMWmkf1MFonRddPVogSwPPZHB9pG4x2nKb1YaPn,2026-08-26T22:58:58Z,2026-08-26T22:58:58Z,HIGH,,False
BUFTuBnLCpjCGYe5nZzNMx4Xf1mQyXHdAUsxeRFLmo1q,direct,1,1,9mqJNDG2squcqZt2zC7cWWNtVozUbQUnzVnP1jG6pump,2026-02-23T21:28:42Z,2026-02-23T21:28:42Z,HIGH,,False
BV5XTtrsQroJMh8EEp98iZwb2mbEpLS3eCfuWfTrAJwC,direct,1,1,6gKx5EMvnymTVz2JgFhJAqpGxTYaBdVsaLb9YfPfvg4Y,2026-04-15T20:19:09Z,2026-04-15T20:19:09Z,HIGH,,False
BVPJ77q5hm8ab77D9xDHzR7Z9QkaXKhvx9qmCu3qQFZf,direct,1,1,3GeNgcFpMwH9ts5b3W3jddtfwhwAURaykTy8YjtrGQWT,2026-08-31T20:35:24Z,2026-08-31T20:35:24Z,HIGH,,False
BVS3etk3YJxV3oX2Qm5DRn6Bzb69cAhVejJ7j1zFfjH,direct,1,1,F41TwidZvJJcsx9c2BMwS6eH9W6HcUT4LzPmGvK9WU6N,2026-09-09T13:07:05Z,2026-09-09T13:07:05Z,HIGH,,False
BVb4kMCnr4goSthrDkyckw9jPFFjLDGDMfggkhnMxYSh,upstream,1,1,7271ZR6GBzaGqdtP28ZqZ5BKRt2ziu4AnPnVCAL7pump,2024-06-07T13:54:17Z,2024-06-07T13:54:17Z,MEDIUM,,False
BVyjEWS8BvuYATGwqCdcyrxr6ZDRuzz5LkbPZXw9F8Gh,upstream,1,1,7dACCWZXF4Lr9ftxFpi7TJk7a3hcPpUwGPAcTuXDpump,2026-07-02T12:48:31Z,2026-07-02T12:48:31Z,MEDIUM,,False
BW1PNxZ8jyaBRvZcffFSmFLJjw76K1nkjfy1rLDnDG4b,upstream,1,1,EkTkjVEfhvgkoCwheMTnr8mhEmJ6Q7ZR8q7ZMCcnpump,2025-03-08T00:20:34Z,2025-03-08T00:20:34Z,MEDIUM,,False
BWBd3hj2MmSYYYFidfXeuWGqoednsdkdHqXU75C56xpt,upstream,1,1,H8oe2SCksJcYzhPeS4TsbteusgZW5k7QaZ4boKyq8C7U,2026-07-29T17:36:26Z,2026-07-29T17:36:26Z,MEDIUM,,False
BWEH65vUUmmfk9Fd85BRBrF7YApjKsv6rJhb7myGc16i,direct,1,1,8qT3o4k4aUmyLrgd7hHYmVxin3kFhQ9QsXdSXTP6pump,2026-08-28T21:47:46Z,2026-08-28T21:47:46Z,HIGH,,False
BWFb3JuCjLV91KXJj2ebX3EByyCep9VNzwHeQpmZ8wy2,direct,1,1,7Q9VxTczrzgvjXWbJJZibR7hbYAohngsNsuEhdEcpump,2026-01-14T14:52:31Z,2026-01-14T14:52:31Z,HIGH,,False
BWGZAvokMc882VzqzdZssR3RsQVKXoJdF7qd5EFpbniG,direct,1,1,8qT3o4k4aUmyLrgd7hHYmVxin3kFhQ9QsXdSXTP6pump,2026-08-06T14:46:27Z,2026-08-06T14:46:27Z,HIGH,,False
BWQzgc8iZCjWJxwZorTUZNXq4gZX5wCn59JCQF39onTV,direct,1,1,47r9YPDeTVpwHjAakoVgnzNTJRChXC8f4KSUqMbEsBbM,2026-09-22T19:56:16Z,2026-09-22T19:56:16Z,HIGH,,False
BWWd1iVBECm4oDPPS35TugguzokpjEA6qUa9giJcWQ5V,direct,1,1,BmU6YJP2YCAo8sc2dkeR8KjvF3rGFBHZL25ejysppump,2025-03-13T16:56:47Z,2025-03-13T16:56:47Z,HIGH,,False
BWe8KjrQwpqGAFMurCEAdnQd4hEWqjZsade9eHtePo8h,upstream,1,1,ASftCNtzPNmK3nMDvpQNvpLauKS45Vkq7kwTPutqUBL1,2026-08-01T03:40:34Z,2026-08-01T03:40:34Z,MEDIUM,,False
BYMQvui1k83yVAVnxB86GpmsepU8G8rEAWwLg5x28bDk,upstream,1,1,9hAojtonqe4RUQarvUYZhFqC99VK1S3LCewYkSjnpump,2026-07-15T19:06:21Z,2026-07-15T19:06:21Z,MEDIUM,,False
BYR1B3HqiJjNR9hxRd1gxXZ7mZqqFnTSSrAy73zUKXoR,direct,1,1,dy6zeSw9j2zHprXLwk1uUGAD4d2HF5R3pAFrL6bRAKs,2026-08-04T02:04:46Z,2026-08-04T02:04:46Z,HIGH,,False
BYwgSyXgnP3xtJssWgsZEyzAVUtMRM7ZN3EXuSJ1JRhD,direct,1,1,4prKtarobdhYDY4Hu3uGZMx7Je4HqPJeLVyxN6m4Ld3T,2025-05-04T18:51:48Z,2025-05-04T18:51:48Z,HIGH,,False
BZcvtxDy4WihU24k3pezzajuiqYtTUHPfH7b5m26BucR,upstream,1,1,JAqRn24FuQ5MFReXNgXb8uFej5vHJDxhVtebpQvHTQZy,2026-08-28T17:21:14Z,2026-08-28T17:21:14Z,MEDIUM,,False
Ba7nDPrEjn8yJCwAmuF5HJe28zPvYNZHactRkdLRWYVC,direct,1,1,3coFBLantjJkMRmzaQ4znMQQzfqFYTyBeNhdXYAzpump,2026-08-31T08:35:23Z,2026-08-31T08:35:23Z,HIGH,,False
BaFDWJsYFeMKuyqdiZaPWimezm9teHLmpSMHWFaC8hxV,upstream,1,1,7mRDn1rAqjwFQXacodr1UmkNdvAGPbtNP9k5jvBZqt9J,2025-09-13T12:09:43Z,2025-09-13T12:09:43Z,MEDIUM,,False
BaPoe7q18dQY5dK6RW8mSCSKj39ph8hkrgrYmEb2bT2k,upstream,1,1,7xXo3JYBqzh6D91XRppzFRLfw8wJHypeukGaNWwKgZ8m,2025-05-15T11:50:46Z,2025-05-15T11:50:46Z,MEDIUM,,False
BadyjJ4ynEXkY4SyjzwXQLV4nCVYgG6Fk56peid6j6J6,direct,1,1,dy6zeSw9j2zHprXLwk1uUGAD4d2HF5R3pAFrL6bRAKs,2026-08-19T18:19:33Z,2026-08-19T18:19:33Z,HIGH,,False
Bankx45BGu1Hc1AbbbnyzBZJgsjcNxHgfPTvKoatQUV3,direct,1,1,xeKm1qmxyHLJZLdwKpsZdx5UFtYyb124GTWRZWypump,2026-06-22T09:28:56Z,2026-06-22T09:28:56Z,HIGH,,False
BavFq3Vx6gpRxEse41ymx5PTHU9Mjf7UQSLsm1XjptEs,direct,1,1,EkTkjVEfhvgkoCwheMTnr8mhEmJ6Q7ZR8q7ZMCcnpump,2025-09-17T18:54:58Z,2025-09-17T18:54:58Z,HIGH,,False
BbNoN6wsuNiJcSFyjeUGC73hcgoGUiWJtf8tHhE9sTie,direct,1,1,9PNfxvTARzdxvQas2uknW57bnfMCS1dxW1He7rPbuhuQ,2025-11-24T14:32:12Z,2025-11-24T14:32:12Z,HIGH,,False
Bca1LvDDo9761xMvp9564tZGnofrk6ePvwjrdkZhN4iL,direct,1,1,6gKx5EMvnymTVz2JgFhJAqpGxTYaBdVsaLb9YfPfvg4Y,2026-08-24T16:50:22Z,2026-08-24T16:50:22Z,HIGH,,False
Bcf63HMyLfzAQ6ocQTzX5TWL9HgY2NmA5BQf2hWpLtuU,upstream,1,1,omskHvyNvQSn3PFak3E8JHQJeSVJFsrc6izWT12pump,2026-05-26T20:53:40Z,2026-05-26T20:53:40Z,MEDIUM,,False
BcpfKYFMqUWqUKRD8Hq6gQu6QrC8Us8F7vH6gqzNkq4d,direct,1,1,7p4MwwkUaMv4gBThVkW46QjwVaosaUrccbFV1MbXpump,2026-08-29T01:13:28Z,2026-08-29T01:13:28Z,HIGH,,False
BcuahcPojALX2tew2wqeyzo3B3KTTcsHa3MREXMgC6DL,direct,1,1,6XD1vorwquLXjTSL5W4MJMGewZBeiEcPFmZw527TSwva,2026-09-27T13:36:06Z,2026-09-27T13:36:06Z,HIGH,,False
Bd6wteotcYkyYviHqdh2G856eSQjjWiJxKtZgtrdfLiT,direct,1,1,BZYpLHhui3qRNokWFg2JcX8CYtMqzWHR5R4xowjcbPqh,2024-10-10T03:45:41Z,2024-10-10T03:45:41Z,HIGH,,False
BeAtf2f6yrSAVsF1jT3aGzY2GZ4iRDgToktcq5Aa5Nr9,direct,1,1,CziyAr14UNUrfkxpioWSumkLXMwWnDWN2bu2WR5ao7kc,2026-05-01T13:08:20Z,2026-05-01T13:08:20Z,HIGH,,False
BeESLrs45qJ6mfH3H4wauWF7nivR4JfGRgPDmxtng2SY,direct,1,1,4ZUjJ5EJbwfh7teotB29uHc1SC3SiqbrkwJoNgsxibbU,2026-09-04T21:36:50Z,2026-09-04T21:36:50Z,HIGH,,False
BeKHG3qPfG15b7WwTRFqYWAjBKYhxiRK5KWLFLfHFHQc,upstream,1,1,EkTkjVEfhvgkoCwheMTnr8mhEmJ6Q7ZR8q7ZMCcnpump,2025-12-07T10:13:50Z,2025-12-07T10:13:50Z,MEDIUM,,False
BeUtVj5Gg8ijCVxQ7AdBW3ojAhfN1veKhourTaJGtyPp,direct,1,1,7xXo3JYBqzh6D91XRppzFRLfw8wJHypeukGaNWwKgZ8m,2025-08-28T20:10:14Z,2025-08-28T20:10:14Z,HIGH,,False
BeWUAxEuTMD2ikMD2c7eEnydSUyhGyWoHj8poZFvtpBr,upstream,1,1,69N7rm9nnp6sVoULtp5toD26F25rYum8593GupxkUYvH,2026-09-26T11:22:00Z,2026-09-26T11:22:00Z,MEDIUM,,False
BfU3W8cTepxrzobcvbbAQDLQ6BLqAsBz3sFBSM4At99c,upstream,1,1,rMPLDvnn6KR773WNhZvtFNcgFwnRkc7UbPkUaiMpump,2024-03-06T15:10:59Z,2024-03-06T15:10:59Z,MEDIUM,,False
BgsKgDhvdMwYmQE2e6BwGBhFRd47etNrKfWtvtMher6R,upstream,1,1,13V3CbY7Q7AXnf24FMsUaQrmLxnRU4Md9phDEWZvpump,2025-06-19T17:52:22Z,2025-06-19T17:52:22Z,MEDIUM,,False
BhMaRBC9FRD5CFqjasxgZuAnZN5QgT6Tb39WQbA8R1U5,upstream,1,1,21XJbyQWEhmeoxKRHdGrEjetSfHopvtp68LWzdvT471M,2026-02-27T17:28:06Z,2026-02-27T17:28:06Z,MEDIUM,,False
BhzWH6UUgoTkWJSXpHWtVXzLXCzgevT4HSxFcJ8J16Je,direct,1,1,67afrnTxo8DVc52Uev61Yo4Yr9BGQpRw1RpPMWcx42La,2026-08-10T15:25:24Z,2026-08-10T15:25:24Z,HIGH,,False
Bi7Y4RkLVz8912V7xfXNattiH1pAm9Eb8EwJeSuyy7gB,upstream,1,1,4ZUjJ5EJbwfh7teotB29uHc1SC3SiqbrkwJoNgsxibbU,2026-07-17T04:26:05Z,2026-07-17T04:26:05Z,MEDIUM,,False
BiNJytaKUGSAKaJbb1dQYijfSyKrWgPL8QmfXq7yTXbJ,upstream,1,1,28HydoWU7TZQxWiVQxGZyspE3qgWdCHToNDVgLoNpump,2026-08-06T12:46:29Z,2026-08-06T12:46:29Z,MEDIUM,,False
BiSJKU7rmWMQP2CSFkqskqeeJJaFfFGwPy73sSkMscyw,direct,1,1,6wSQipxdE9Suf8tVNaCEbcqavUbLT7gL9tibpm3Jpump,2025-06-27T05:22:16Z,2025-06-27T05:22:16Z,HIGH,,False
BibWmz1C8sst6ECAMVgAeMHDqQFifZCcaZdkgAuiyLkf,upstream,1,1,8ypYfW5cjafrfAZij8TZj5SFHAbPNpiRio96LMzypDkn,2026-08-27T10:30:22Z,2026-08-27T10:30:22Z,MEDIUM,,False
BiggjRP3jcyvX4rKtga1D13gbm15K1L6tRziNu3Z4dDu,upstream,1,1,8qT3o4k4aUmyLrgd7hHYmVxin3kFhQ9QsXdSXTP6pump,2026-08-23T04:08:37Z,2026-08-23T04:08:37Z,MEDIUM,,False
BiggjRP3jcyvX4rKtga1D13gbm15K1L6tRziNu3Z4dDu,direct,1,1,8qT3o4k4aUmyLrgd7hHYmVxin3kFhQ9QsXdSXTP6pump,2026-08-23T04:08:37Z,2026-08-23T04:08:37Z,HIGH,,False
BikSrSzU93SFcRyguBohSkZkf6sw9jKDhg7ymugdVW9C,direct,1,1,7Q9VxTczrzgvjXWbJJZibR7hbYAohngsNsuEhdEcpump,2026-07-28T03:40:31Z,2026-07-28T03:40:31Z,HIGH,,False
BjVokUJzgxsvfvxMaaQyPgxfyXWdBY4JUAPcd4TJFBCK,upstream,1,1,EoKqyKksc4ekiPVuBD9FiztYQHkV59x8KTcZ3ReLpump,2026-05-15T14:46:06Z,2026-05-15T14:46:06Z,MEDIUM,,False
BjgM7sQ6UwYy4S9GoV6v79THPkTTGncwXLqXqPztDG1e,direct,1,1,H9GGsNc7vA4hN13N1oU4itq8x3mrdZBdw2XdK3Mipump,2025-10-09T18:32:00Z,2025-10-09T18:32:00Z,HIGH,,False
BjhPB4oTfARiSbB7fS2S9QWA4TZXPYTpupYCirHYmzQx,direct,1,1,47r9YPDeTVpwHjAakoVgnzNTJRChXC8f4KSUqMbEsBbM,2024-11-23T16:34:41Z,2024-11-23T16:34:41Z,HIGH,,False
BjpL2bFcjtbAGQBJiaNNrvSdo7NwbqpyQAFYZnjktnvR,direct,1,1,FuF2M5T79HJdpJUbp46qwWssLXQ1Xjf1yiNSfyo5UEGC,2025-05-21T22:21:12Z,2025-05-21T22:21:12Z,HIGH,,False
Bk6ZMLksdoucFFLRKHv5HjeKJwcy8Mo72rr1ZXkwHCDd,direct,1,1,55bKo8bj1YVEgsbwkkd4Nwu7JhaZF9trUgbvpZ3YeVCA,2026-09-19T22:27:55Z,2026-09-19T22:27:55Z,HIGH,,False
BkC9MZW6rjU8WEeVdmLSdecehsnNLfX2qTHeh45M38fM,direct,1,1,28HydoWU7TZQxWiVQxGZyspE3qgWdCHToNDVgLoNpump,2025-10-31T14:36:55Z,2025-10-31T14:36:55Z,HIGH,,False
BkhNF3KTpDARgoHTa7QCk3ZVsrbkFm7QgfCkeYUj8ufG,upstream,1,1,4sjtHGeAKP6DoMUdvFqQuiYKhhPpwa9XCxUyuFD2pump,2026-08-25T15:29:32Z,2026-08-25T15:29:32Z,MEDIUM,,False
BkpbQwJDwpUmCCbY81R2uFejdso6L2Qm1nwkd4DDki64,direct,1,1,AgB5SxiP1DFZbW9uDAH7s8Mhv1HF21nJv67tnAAYpump,2025-02-19T13:59:27Z,2025-02-19T13:59:27Z,HIGH,,False
BksHiTmNnj34D5pXN89itWJE7qb192mM7bRFQ3Q2aF2a,upstream,1,1,DkDwxjD5JFK7hd7qUNHqNaTeqDGcZ1ia3Y6E7EUiehEn,2025-10-07T19:37:37Z,2025-10-07T19:37:37Z,MEDIUM,,False
Bn78PkJxhquwBKWG2DupRtZ5stPgfbfnJ5nDnVq7EqPZ,direct,1,1,5L6As5obMTXxKwjmGBy1LTRwW2Hm1PjSK18JhETrpump,2026-01-12T15:03:46Z,2026-01-12T15:03:46Z,HIGH,,False
BnKpn3UeeEGiQXtXRcmx5AemLG1dQj2mohs7d1rTf9uF,direct,1,1,BmU6YJP2YCAo8sc2dkeR8KjvF3rGFBHZL25ejysppump,2025-02-11T18:50:52Z,2025-02-11T18:50:52Z,HIGH,,False
Bp2omA9WBnxw9buYDNg8CZPdDPnLmaV6rcFrgr3isKk,upstream,1,1,rMPLDvnn6KR773WNhZvtFNcgFwnRkc7UbPkUaiMpump,2024-12-09T15:49:35Z,2024-12-09T15:49:35Z,MEDIUM,,False
BpKaG9D8sC3NLgBAdRtBGApCLZDLEznTUFJ23v89mHVa,upstream,1,1,rMPLDvnn6KR773WNhZvtFNcgFwnRkc7UbPkUaiMpump,2026-05-08T06:46:17Z,2026-05-08T06:46:17Z,MEDIUM,,False
BpXWjUVaWSrZ7dvZXXd2swkPbfmkJHdY9QmaWuKJzv3a,direct,1,1,AbpJywMWmkf1MFonRddPVogSwPPZHB9pG4x2nKb1YaPn,2026-08-31T05:47:10Z,2026-08-31T05:47:10Z,HIGH,,False
BpxVKp3RMsJgTRyRWhcj6aLHEcXSReaGcoavtyCJxnsQ,direct,1,1,8qT3o4k4aUmyLrgd7hHYmVxin3kFhQ9QsXdSXTP6pump,2026-09-02T14:49:23Z,2026-09-02T14:49:23Z,HIGH,,False
BqDoevcS9WCcJzeduAMXmJb6YkK8ZSTyxcrpGqTV3NDV,direct,1,1,47r9YPDeTVpwHjAakoVgnzNTJRChXC8f4KSUqMbEsBbM,2026-01-26T14:24:20Z,2026-01-26T14:24:20Z,HIGH,,False
BqHUZMjiRWYS27Cfuf6SLKfF8NuCPZDSb9QHok3JtzCC,upstream,1,1,6gKx5EMvnymTVz2JgFhJAqpGxTYaBdVsaLb9YfPfvg4Y,2026-04-14T20:55:11Z,2026-04-14T20:55:11Z,MEDIUM,,False
BqPN9E9odxhAEfKPWxziwVRkPK8Dz87kXHX4ZCNgLFk8,direct,1,1,7aLLQRBpGCaSLmmHGf34MGtbdtTumiB14d14TtDnpump,2025-04-14T06:57:08Z,2025-04-14T06:57:08Z,HIGH,,False
BqUeDKfUEDuaSAtTjvqH9Eh26VvfKRsq5UcsDUkBXgnZ,direct,1,1,rMPLDvnn6KR773WNhZvtFNcgFwnRkc7UbPkUaiMpump,2026-07-25T04:33:27Z,2026-07-25T04:33:27Z,HIGH,,False
BqbnNcdA2Bis41wq3wL2Gy445pQQjT2addnpgQnmMGb7,direct,1,1,6sFMbTF2VTzutzKekenJujFZBqb4TiBZJKfyLMUbpump,2026-09-06T20:00:19Z,2026-09-06T20:00:19Z,HIGH,,False
BqgHqP5RWASvkih1nkbVQdcitkX2RwiG5HZ5utvDpMGD,direct,1,1,5nnWe5SCBaNMC3oNiR7utth6kx3mH1dhmCarjDb91shW,2026-08-26T21:23:26Z,2026-08-26T21:23:26Z,HIGH,,False
BrGihgGjCmpu2p96rou6GQj3sQpwgeud937jf4RvZP9G,direct,1,1,F41TwidZvJJcsx9c2BMwS6eH9W6HcUT4LzPmGvK9WU6N,2026-08-28T03:46:12Z,2026-08-28T03:46:12Z,HIGH,,False
BrHy8kCwtEC3AeB9utTRPR32C3xzpCuU2arj7RgcPnCi,upstream,1,1,JAqRn24FuQ5MFReXNgXb8uFej5vHJDxhVtebpQvHTQZy,2025-09-06T12:26:13Z,2025-09-06T12:26:13Z,MEDIUM,,False
Bs6yUMdmp8WGc2mVFLadbLiLm335kDtQr7J82LoUr9VH,upstream,1,1,GKTxLXsmkjLDo89XmPa5htwK7sAzdqZ3jmfV6gaTvK67,2024-06-11T10:28:27Z,2024-06-11T10:28:27Z,MEDIUM,,False
BsDnVNjotdup1oYVvQ2MeDxVfbQoT6jVifkohAN1pQkU,direct,1,1,F59cEB3A7RAKHGtkvR577swnPSP6EsdaBoL5AcVZpump,2026-09-02T10:35:55Z,2026-09-02T10:35:55Z,HIGH,,False
BsjvaVSA7Vo95hACGEx2ZBymM1zqcRyL7mhNbvKbSBBX,upstream,1,1,ASftCNtzPNmK3nMDvpQNvpLauKS45Vkq7kwTPutqUBL1,2025-08-13T08:54:57Z,2025-08-13T08:54:57Z,MEDIUM,,False
Bt9h9wYxLkNBKJCJpp9X3is8bDuve86K4jAEbsXHr69K,upstream,1,1,47r9YPDeTVpwHjAakoVgnzNTJRChXC8f4KSUqMbEsBbM,2026-01-26T13:32:37Z,2026-01-26T13:32:37Z,MEDIUM,,False
BuVXm3Mzpob76VTc2JPBwDdamW9kPkpNtu5mYwEray8a,direct,1,1,GKTxLXsmkjLDo89XmPa5htwK7sAzdqZ3jmfV6gaTvK67,2026-08-26T08:47:06Z,2026-08-26T08:47:06Z,HIGH,,False
BudDXED4govTmfpL8TAvSxBiwTbRpzwsDHogtVyaXHex,direct,1,1,55bKo8bj1YVEgsbwkkd4Nwu7JhaZF9trUgbvpZ3YeVCA,2026-09-12T16:34:35Z,2026-09-12T16:34:35Z,HIGH,,False
BvH5tMWeBhMndSs49Kriqm5RhRtNWPNCT97p23ULHSqA,upstream,1,1,6sFMbTF2VTzutzKekenJujFZBqb4TiBZJKfyLMUbpump,2024-06-07T00:51:22Z,2024-06-07T00:51:22Z,MEDIUM,,False
BvSeeKR4XVJwZvVd6SSDqpTL6qNiP6ifQteBXqDEoLgp,direct,1,1,HJPjdsDmcvgCj4MV3NvqCWd78qDP8BMzGfrsk4Nbpump,2026-07-21T23:10:40Z,2026-07-21T23:10:40Z,HIGH,,False
BwCs9M5jBZ4EGw93SYLLwYv482YAWvkTD9ZPFuAZCnsV,direct,1,1,7xXo3JYBqzh6D91XRppzFRLfw8wJHypeukGaNWwKgZ8m,2026-02-18T02:30:50Z,2026-02-18T02:30:50Z,HIGH,,False
BwYdY9teodPJqeGuaUBmqgXHtAnsBbakEVwHkBZRr4bX,direct,1,1,AbpJywMWmkf1MFonRddPVogSwPPZHB9pG4x2nKb1YaPn,2026-07-18T17:45:11Z,2026-07-18T17:45:11Z,HIGH,,False
BwxfijAnhBTxtCNUcC3Q31uFGfedcEaZPNPGg6BWY8Tu,direct,1,1,7Q9VxTczrzgvjXWbJJZibR7hbYAohngsNsuEhdEcpump,2026-08-29T12:51:41Z,2026-08-29T12:51:41Z,HIGH,,False
BxZafhmdhwTqS2K4Wukf6zw62Jg9bqdZGuWSr5scKjD6,direct,1,1,DJejJn1iJntJVTAixy4VRgqJFF3NMKPEMgVzbJFmpump,2026-09-27T08:34:24Z,2026-09-27T08:34:24Z,HIGH,,False
BxZfTgjoAxzGWzZZ7wHz2qv4PQDLbwJPKucJSs7xaFQM,upstream,1,1,6wSQipxdE9Suf8tVNaCEbcqavUbLT7gL9tibpm3Jpump,2024-12-19T18:57:04Z,2024-12-19T18:57:04Z,MEDIUM,,False
By2MGQW1ZrJurtpUnGV2TuF93Jhc8jSu2QNnatMbDVe2,upstream,1,1,5pSEZw1iytqYznD7crsGyKNek7q5JkjBqj2KmfqxUVZd,2024-01-28T19:01:34Z,2024-01-28T19:01:34Z,MEDIUM,,False
By4RoMgrSW8ds9BrJnxGYu747ftZjcpLG16D6Y963z9z,direct,1,1,6sFMbTF2VTzutzKekenJujFZBqb4TiBZJKfyLMUbpump,2026-09-09T10:08:31Z,2026-09-09T10:08:31Z,HIGH,,False
ByMua8MQQjbCGyRnnE5nw962ikmmYwgsPgTB8q8Z62gs,upstream,1,1,21XJbyQWEhmeoxKRHdGrEjetSfHopvtp68LWzdvT471M,2026-02-24T09:02:37Z,2026-02-24T09:02:37Z,MEDIUM,,False
ByreAxXkgRJexsxgrgqz1ckr538ZpUEeGryMxUaDYktg,direct,1,1,3GeNgcFpMwH9ts5b3W3jddtfwhwAURaykTy8YjtrGQWT,2026-08-05T13:21:19Z,2026-08-05T13:21:19Z,HIGH,,False
Byrgxi3xUVhCvUrKX42QZc5XymE7GHsMYrCDUcXSofSb,upstream,1,1,CSLP8Vp7u9hrXQi7crPXqCp7BaJaG4JrNxqvR3jDpump,2025-03-25T07:21:22Z,2025-03-25T07:21:22Z,MEDIUM,,False
BzeDAs5Taw9vK4CcGzTPMtA1VojUMeDpDLfCuQ2A4Jww,upstream,1,1,4ZUjJ5EJbwfh7teotB29uHc1SC3SiqbrkwJoNgsxibbU,2026-03-07T17:46:07Z,2026-03-07T17:46:07Z,MEDIUM,,False
BzeaFA4V6DBVLKKyEAAGfpLT8LUGbRKHJ22yfYfWzoYR,upstream,1,1,28HydoWU7TZQxWiVQxGZyspE3qgWdCHToNDVgLoNpump,2026-08-31T05:24:00Z,2026-08-31T05:24:00Z,MEDIUM,,False
BzyMJz2jRNDU1Q1GNExPSzbnnnPS3QSgGHZ3ag5pH5Rf,upstream,1,1,7xXo3JYBqzh6D91XRppzFRLfw8wJHypeukGaNWwKgZ8m,2026-08-29T20:27:55Z,2026-08-29T20:27:55Z,MEDIUM,,False
BzyMJz2jRNDU1Q1GNExPSzbnnnPS3QSgGHZ3ag5pH5Rf,direct,1,1,5L6As5obMTXxKwjmGBy1LTRwW2Hm1PjSK18JhETrpump,2026-08-25T01:50:52Z,2026-08-25T01:50:52Z,HIGH,,False
C1P47FHuBQ7mvzSNgwP1jx9yJzZZKbzJu5WxHdKxHLxv,direct,1,1,5o43e7gYZWFNEpdqkegHY6LXkhMXB1z6f7d6TAVGEMTM,2025-04-18T03:23:44Z,2025-04-18T03:23:44Z,HIGH,,False
C1zYGtL7QZuwtHhLrK3LCqJTJZAbVVHdir4TvE3cb4yN,upstream,1,1,5DoZAeBkoci5t5zPhUiuhQFjuzYTfkSv5Seojsxppump,2026-05-26T02:07:11Z,2026-05-26T02:07:11Z,MEDIUM,,False
C3MfiJJb6DLpVDETrwuWxB9HtTYW7fuEy5enUixkgVbr,upstream,1,1,4ZUjJ5EJbwfh7teotB29uHc1SC3SiqbrkwJoNgsxibbU,2026-09-12T15:46:49Z,2026-09-12T15:46:49Z,MEDIUM,,False
C3nvNM8XEUHMnxd8srzeMnPgERyrjfPwVQjXZnJv9cfv,upstream,1,1,AbpJywMWmkf1MFonRddPVogSwPPZHB9pG4x2nKb1YaPn,2026-07-18T17:37:30Z,2026-07-18T17:37:30Z,MEDIUM,,False
C42SHQMDcfe8vLsHwBiHKj7sksco2jLQq8xcXXt3EB6T,direct,1,1,49aM4HrGABwG9F8iAn385zzcsS6mxHEFY8YN3H7y1Cd9,2026-09-23T13:35:20Z,2026-09-23T13:35:20Z,HIGH,,False
C44FPTB2rSs4y6NKFDnR2MjDQE6oevjrcwBJoTi82Qt9,direct,1,1,7dACCWZXF4Lr9ftxFpi7TJk7a3hcPpUwGPAcTuXDpump,2026-09-19T10:44:33Z,2026-09-19T10:44:33Z,HIGH,,False
C4oGdUx51YLumuFnCZNZ4pvtmmTk5EqW6wE4T2dx2rob,direct,1,1,H9GGsNc7vA4hN13N1oU4itq8x3mrdZBdw2XdK3Mipump,2025-05-17T16:43:30Z,2025-05-17T16:43:30Z,HIGH,,False
C58VnGE8YttmPY4UesXvpu8kEmV9whtJ72K69dqWYKRU,upstream,1,1,HJPjdsDmcvgCj4MV3NvqCWd78qDP8BMzGfrsk4Nbpump,2026-03-13T20:10:38Z,2026-03-13T20:10:38Z,MEDIUM,,False
C5Ujgo9qgfAV2SLNCrX6CGJ2tCew5dhhcJBSkNKUcRoq,direct,1,1,FuF2M5T79HJdpJUbp46qwWssLXQ1Xjf1yiNSfyo5UEGC,2026-08-23T16:06:05Z,2026-08-23T16:06:05Z,HIGH,,False
C5w7Li1gYoMmHrbvPtY1Zp7fMivYJpryqqH5GqR99FqC,upstream,1,1,sMe5iUcgTe4VXmg4WaShF5kuk6GmcKF3y4HqKGZpump,2026-08-28T17:47:06Z,2026-08-28T17:47:06Z,MEDIUM,,False
C6nyDYhzNdgdNzCwtzp7NhrNfBJqA1W8P6d3pULVsU9M,upstream,1,1,21XJbyQWEhmeoxKRHdGrEjetSfHopvtp68LWzdvT471M,2026-08-04T19:05:36Z,2026-08-04T19:05:36Z,MEDIUM,,False
C6p3GGR6pTSDPdCn5jn3QMGV7J9T67ZePznBMnaHHc9k,upstream,1,1,28HydoWU7TZQxWiVQxGZyspE3qgWdCHToNDVgLoNpump,2026-08-03T20:22:38Z,2026-08-03T20:22:38Z,MEDIUM,,False
C6p3qbgox9on9AsraxBKCvCACSgvWGa5J3fEePcf4sFF,direct,1,1,7mRDn1rAqjwFQXacodr1UmkNdvAGPbtNP9k5jvBZqt9J,2026-10-04T03:59:56Z,2026-10-04T03:59:56Z,HIGH,,False
C7J3hR7L5JzM2Gneb6crdGvYid3ahAwVqiCm2CMLB8do,direct,1,1,H9GGsNc7vA4hN13N1oU4itq8x3mrdZBdw2XdK3Mipump,2026-09-09T08:34:34Z,2026-09-09T08:34:34Z,HIGH,,False
C7M3QrK1dammNHQxoLdwZUn4HxAmL2ybw9VXnFoYpTge,direct,1,1,DkDwxjD5JFK7hd7qUNHqNaTeqDGcZ1ia3Y6E7EUiehEn,2026-07-18T02:34:49Z,2026-07-18T02:34:49Z,HIGH,,False
C7fUtKzXwWfCLt7jNi5Bxno9RMbKZVMYkgGbeuY4xhw1,upstream,1,1,rMPLDvnn6KR773WNhZvtFNcgFwnRkc7UbPkUaiMpump,2024-09-14T04:53:21Z,2024-09-14T04:53:21Z,MEDIUM,,False
C7gJuYVsfKG96EoTEdT7gQBmUuDkhfoMHkU3oQGssdVB,direct,1,1,BmU6YJP2YCAo8sc2dkeR8KjvF3rGFBHZL25ejysppump,2026-05-11T16:32:21Z,2026-05-11T16:32:21Z,HIGH,,False
C7rz5rmPk4pDgk7AL57Nx9AjS7J7Uxwiw8H99vYJwxH1,direct,1,1,FuF2M5T79HJdpJUbp46qwWssLXQ1Xjf1yiNSfyo5UEGC,2026-07-08T15:41:45Z,2026-07-08T15:41:45Z,HIGH,,False
C89o9sCjLrQ8SAS284AHS1ABBY2fXJFG4w3hYgped4mr,direct,1,1,6akNLpNd11oq4q5zxhXGwr5jwUi6Ke4CvKmF6QeUwJCQ,2026-07-22T10:38:57Z,2026-07-22T10:38:57Z,HIGH,,False
C8MZE2w7eSa6Auq4Ap2tLCZVPPE9oKLrG2RCtz6H1XvB,direct,1,1,4kkrecvSVnnkK3RZcJ85tNFiZu9pWg584yHjNCqEpump,2026-08-11T15:24:22Z,2026-08-11T15:24:22Z,HIGH,,False
C9DT2UFACgTthb4ACtYtdiVBoSgeQ2TNTMddPLMSJDSv,direct,1,1,6gKx5EMvnymTVz2JgFhJAqpGxTYaBdVsaLb9YfPfvg4Y,2025-07-08T08:05:44Z,2025-07-08T08:05:44Z,HIGH,,False
C9oQ6dCoxno5ZB8ttmnDHLiUExTYWq6njYjyUuDmgLiJ,direct,1,1,6wSQipxdE9Suf8tVNaCEbcqavUbLT7gL9tibpm3Jpump,2026-08-18T06:18:32Z,2026-08-18T06:18:32Z,HIGH,,False
C9vXnZjBgwov2r2t1advX4aSrCqVFYMEQKtNqvGLQFM4,direct,1,1,FuF2M5T79HJdpJUbp46qwWssLXQ1Xjf1yiNSfyo5UEGC,2025-11-09T18:53:51Z,2025-11-09T18:53:51Z,HIGH,,False
CAF1x4b3jWcw3MEPYn3eoVhsdqQTBB4ha6NKJXYiETpF,upstream,1,1,BmU6YJP2YCAo8sc2dkeR8KjvF3rGFBHZL25ejysppump,2024-12-24T00:47:16Z,2024-12-24T00:47:16Z,MEDIUM,,False
CBRwEuKHa6oJgm853zqhQa9Hd2DxXfBwPSSEdVA7NTVg,direct,1,1,DkDwxjD5JFK7hd7qUNHqNaTeqDGcZ1ia3Y6E7EUiehEn,2025-10-15T09:36:40Z,2025-10-15T09:36:40Z,HIGH,,False
CBp1RnZGbSUFxc2DjaNGJ4SJEADcCSFi79G8wer1ymvw,upstream,1,1,7Q9VxTczrzgvjXWbJJZibR7hbYAohngsNsuEhdEcpump,2022-02-21T08:17:57Z,2022-02-21T08:17:57Z,MEDIUM,,False
CBsCZVzpR3FdZjLaTkL5KoKYUyhSzZT7hnU724GeEHkU,direct,1,1,4prKtarobdhYDY4Hu3uGZMx7Je4HqPJeLVyxN6m4Ld3T,2025-12-11T18:39:11Z,2025-12-11T18:39:11Z,HIGH,,False
CCBtGeFehsafSyZuTrdWBeAtuYK8sURvVznFqiYnqcxX,direct,1,1,8ypYfW5cjafrfAZij8TZj5SFHAbPNpiRio96LMzypDkn,2026-09-29T11:27:31Z,2026-09-29T11:27:31Z,HIGH,,False
CEEmSfcdjaRMYm89bnzNfqZEi7R3Kboxiw5qyGVMAzyd,direct,1,1,9xhMStAAufkH5jA5nevaGy6M9fCsQ74BZnsXyo93DkfA,2025-11-17T12:11:09Z,2025-11-17T12:11:09Z,HIGH,,False
CF9Epv6Q73UPeanMZMCDoszzvch9UgLJL4UrSCif2kti,upstream,1,1,3coFBLantjJkMRmzaQ4znMQQzfqFYTyBeNhdXYAzpump,2026-07-02T19:39:56Z,2026-07-02T19:39:56Z,MEDIUM,,False
CFTUepkcU3tmb3WF4bkRJ9jzDu6vQ5xm97CcAZvDNjqk,direct,1,1,DQ2H7qcj262RAKfSxGYeL7cYJq54mVdXe4gYxUwxpump,2026-08-30T15:12:57Z,2026-08-30T15:12:57Z,HIGH,,False
CFaQwTNgTRaLgeBaM54qZ37CGpWs7ixLVepSXNPj4JhT,direct,1,1,7mRDn1rAqjwFQXacodr1UmkNdvAGPbtNP9k5jvBZqt9J,2026-09-20T15:52:08Z,2026-09-20T15:52:08Z,HIGH,,False
CFtfQbvEMWE9o31QzNBXcLfqhmPP6om2k7WFuoyrCq6N,upstream,1,1,9PNfxvTARzdxvQas2uknW57bnfMCS1dxW1He7rPbuhuQ,2022-10-04T07:09:57Z,2022-10-04T07:09:57Z,MEDIUM,,False
CGQHYDW1M53CcFdVhwcmFsDMtNaKUKE3sWX3mxcB8T2D,direct,1,1,5DoZAeBkoci5t5zPhUiuhQFjuzYTfkSv5Seojsxppump,2026-03-22T04:28:20Z,2026-03-22T04:28:20Z,HIGH,,False
CGiMwfKsS7HUzNt8CQf7ZyHbyZncb39F9PsHWXvbJLqH,upstream,1,1,7Q9VxTczrzgvjXWbJJZibR7hbYAohngsNsuEhdEcpump,2025-11-26T15:38:09Z,2025-11-26T15:38:09Z,MEDIUM,,False
CGnY4o2QBHzdcejobH78HMMPBQugk1MNYEkSvk4mRVDD,direct,1,1,49aM4HrGABwG9F8iAn385zzcsS6mxHEFY8YN3H7y1Cd9,2025-05-12T15:57:01Z,2025-05-12T15:57:01Z,HIGH,,False
CHVyeVnHHZR9guhTiHK1tt6FdedBuQgU8CtiSyz1Eah2,direct,1,1,7p4MwwkUaMv4gBThVkW46QjwVaosaUrccbFV1MbXpump,2025-02-16T12:27:46Z,2025-02-16T12:27:46Z,HIGH,,False
CHhN6HH2hiXHr8nnTtQvn4SzjrqEVg5SdzUvh7iAFJqe,direct,1,1,GKTxLXsmkjLDo89XmPa5htwK7sAzdqZ3jmfV6gaTvK67,2026-09-23T06:08:13Z,2026-09-23T06:08:13Z,HIGH,,False
CHtUQxLVsenUoSfV3SsSxJoviYfX1zX8eMTHjSFj9GRb,upstream,1,1,8G7aM6Gco4fHjVpmVvUdVvhKMKaWXJEqkCKRvPdepump,2024-11-08T13:02:47Z,2024-11-08T13:02:47Z,MEDIUM,,False
CJQLchWf3BzUQaenhtYWELf4YBAgiFaSWeDBxFe9kKK8,direct,1,1,BZYpLHhui3qRNokWFg2JcX8CYtMqzWHR5R4xowjcbPqh,2025-01-05T08:46:01Z,2025-01-05T08:46:01Z,HIGH,,False
CKEvXSDmxcTFqAtUYBCXCEapKUBSJLmmXXdAptkHGRhr,direct,1,1,5Sg1vv51KGCSDF2gBHgbNATCEXFjYtVhWgztNUwtgJYD,2026-09-30T11:53:50Z,2026-09-30T11:53:50Z,HIGH,,False
CKmSw2fZGMiw8u41PuniGioenfYZBuNPfwN4CKSpegHm,upstream,1,1,7p4MwwkUaMv4gBThVkW46QjwVaosaUrccbFV1MbXpump,2026-07-29T22:41:02Z,2026-07-29T22:41:02Z,MEDIUM,,False
CMV6UKxjuC2dfWog8oVnLYQzgdrfXRDzFcbsy2YSyYHR,direct,1,1,9xhMStAAufkH5jA5nevaGy6M9fCsQ74BZnsXyo93DkfA,2026-07-04T14:04:07Z,2026-07-04T14:04:07Z,HIGH,,False
CNcFFCC3Cf8S5uvMZZJa4u54FB5Vz349UKbsKLa8pjCr,direct,1,1,8ypYfW5cjafrfAZij8TZj5SFHAbPNpiRio96LMzypDkn,2026-08-30T12:46:23Z,2026-08-30T12:46:23Z,HIGH,,False
CNjQTu6N9McgXeLvDw98emDjYHradKc7GZMyKZhv9V3s,upstream,1,1,UsrcsZMqw6p53Fohu16UCBjsbjqc73XmoRFZDcnCtMR,2026-09-11T05:49:31Z,2026-09-11T05:49:31Z,MEDIUM,,False
CPXbgt2F664bdeuUb2V9EVqzosumX7ugKKLD2aAvine6,upstream,1,1,AgB5SxiP1DFZbW9uDAH7s8Mhv1HF21nJv67tnAAYpump,2026-09-02T20:42:12Z,2026-09-02T20:42:12Z,MEDIUM,,False
CPXfNqsZBuEv8bDJPxnHf7rozsHzCjp81hxJiskkPEUn,direct,1,1,4sjtHGeAKP6DoMUdvFqQuiYKhhPpwa9XCxUyuFD2pump,2026-08-25T12:39:02Z,2026-08-25T12:39:02Z,HIGH,,False
CQ9VxtSmZ8MuiFwLunEJJuX6ohQL28GwRR7N6kkKMSHP,upstream,1,1,HJPjdsDmcvgCj4MV3NvqCWd78qDP8BMzGfrsk4Nbpump,2026-08-21T05:03:39Z,2026-08-21T05:03:39Z,MEDIUM,,False
CRRynwsUABxngPnWGvuWZGHcoG6h1JfKuBnPAN9WPU28,direct,1,1,sMe5iUcgTe4VXmg4WaShF5kuk6GmcKF3y4HqKGZpump,2025-05-10T18:33:25Z,2025-05-10T18:33:25Z,HIGH,,False
CSvircDJiKEzwFqQqte6b65zWso9PTvHgwCoUUx61XpG,direct,1,1,F41TwidZvJJcsx9c2BMwS6eH9W6HcUT4LzPmGvK9WU6N,2026-08-06T22:20:45Z,2026-08-06T22:20:45Z,HIGH,,False
CTQLKJL8iasRxFEEgmKxT4CRCBou1ZBbaJ5Xpqsy1xXp,upstream,1,1,4prKtarobdhYDY4Hu3uGZMx7Je4HqPJeLVyxN6m4Ld3T,2024-09-30T08:27:20Z,2024-09-30T08:27:20Z,MEDIUM,,False
CUch9CgyUJoRBmKjPQvFwe1ZTpnfy1afGuBRS7SZfK2E,direct,1,1,BZYpLHhui3qRNokWFg2JcX8CYtMqzWHR5R4xowjcbPqh,2026-02-04T00:49:11Z,2026-02-04T00:49:11Z,HIGH,,False
CVZUHHMQBrSRfz1b6HcJLvcGhfYibspvRmSMidmYYeh9,direct,1,1,9xhMStAAufkH5jA5nevaGy6M9fCsQ74BZnsXyo93DkfA,2025-08-15T12:51:41Z,2025-08-15T12:51:41Z,HIGH,,False
CVg9J8auG87PqybLYEF5YhEooWgzkJ2qaRm6g8BbBkgS,upstream,1,1,GKTxLXsmkjLDo89XmPa5htwK7sAzdqZ3jmfV6gaTvK67,2026-08-03T02:21:17Z,2026-08-03T02:21:17Z,MEDIUM,,False
CWEd7BM7SBUE7qnmMD56mUpjprCxPm775VPs9aGPdqSq,upstream,1,1,xeKm1qmxyHLJZLdwKpsZdx5UFtYyb124GTWRZWypump,2025-02-12T14:41:38Z,2025-02-12T14:41:38Z,MEDIUM,,False
CXiwKpAokSscEyRron35s7TgDTiCiQSrz3HwCQxg76Ub,direct,1,1,FuF2M5T79HJdpJUbp46qwWssLXQ1Xjf1yiNSfyo5UEGC,2025-04-30T22:33:16Z,2025-04-30T22:33:16Z,HIGH,,False
CXoUJHtBGnuNR6zJ3zm8nTnNzCwXxFViXh29d1kTJQmK,upstream,1,1,EHUzmwAzmUix7TkwVr7b16U9ChJDr3RpjfXshR5swy5j,2025-07-18T18:58:43Z,2025-07-18T18:58:43Z,MEDIUM,,False
CYMxUmMXJRBvSvjFxTgoK53vPcTtmuCA1GrkeDwXdfQg,direct,1,1,7mRDn1rAqjwFQXacodr1UmkNdvAGPbtNP9k5jvBZqt9J,2025-06-23T16:20:54Z,2025-06-23T16:20:54Z,HIGH,,False
CYNoqduPakkbQSxtZ8s7GmoVeKumCuJB6r3657XyaxM5,direct,1,1,5DoZAeBkoci5t5zPhUiuhQFjuzYTfkSv5Seojsxppump,2026-05-04T00:48:45Z,2026-05-04T00:48:45Z,HIGH,,False
CYWkworemSphinLdpGySgzYRcxihPrzp1T8G8emqbh8n,upstream,1,1,F59cEB3A7RAKHGtkvR577swnPSP6EsdaBoL5AcVZpump,2025-03-05T06:46:31Z,2025-03-05T06:46:31Z,MEDIUM,,False
CYxr5fhxMZYST3iSoQ2Yte5sq5b7onoyTRK7wYFc9vxE,upstream,1,1,7xXo3JYBqzh6D91XRppzFRLfw8wJHypeukGaNWwKgZ8m,2024-12-11T19:20:05Z,2024-12-11T19:20:05Z,MEDIUM,,False
CaMpN8z34NAn1vLHR7vsEqdDG1F4AiAHubSRXAERKBmv,upstream,1,1,JAqRn24FuQ5MFReXNgXb8uFej5vHJDxhVtebpQvHTQZy,2024-11-20T13:39:00Z,2024-11-20T13:39:00Z,MEDIUM,,False
CaiHmuNxrGiBPHtvLLvoGTB9Q7smBnrVCZW9t9MRamNM,direct,1,1,DkDwxjD5JFK7hd7qUNHqNaTeqDGcZ1ia3Y6E7EUiehEn,2026-05-11T18:15:12Z,2026-05-11T18:15:12Z,HIGH,,False
Cb7v7VaKDoDoyudhNN2WPi3jpykJ6ix6CCrWm5BbZvCM,direct,1,1,7p4MwwkUaMv4gBThVkW46QjwVaosaUrccbFV1MbXpump,2026-09-02T14:36:12Z,2026-09-02T14:36:12Z,HIGH,,False
CbEwyPSSX3JJHazox6wk1q4qzsYquf35njK23RrjQLwQ,direct,1,1,4sjtHGeAKP6DoMUdvFqQuiYKhhPpwa9XCxUyuFD2pump,2026-08-24T10:17:47Z,2026-08-24T10:17:47Z,HIGH,,False
CbpuREuSUEtuXdbD4dsoeCfzLMK8ZgJc8x4WctqysRXK,upstream,1,1,6wSQipxdE9Suf8tVNaCEbcqavUbLT7gL9tibpm3Jpump,2026-08-28T09:32:22Z,2026-08-28T09:32:22Z,MEDIUM,,False
CcKW3L884QvgvpqA92HZVyCrtETjPZEDTVcVHpwV2xv4,direct,1,1,5DoZAeBkoci5t5zPhUiuhQFjuzYTfkSv5Seojsxppump,2026-05-27T13:00:05Z,2026-05-27T13:00:05Z,HIGH,,False
CdAmdKeVviq4ohS4e7mkQ3cNVCApP8qdC3yGYEhtXQg1,direct,1,1,57ANN8dAbPX8x1BEFFwzBttkzwpKZBEiJkdiWSzVNQvS,2026-10-03T14:29:19Z,2026-10-03T14:29:19Z,HIGH,,False
CdbvMV3bpuwKXKWceR8fd7dMGJtgbSDqUg7fotpr7Grd,direct,1,1,21XJbyQWEhmeoxKRHdGrEjetSfHopvtp68LWzdvT471M,2025-04-04T16:58:28Z,2025-04-04T16:58:28Z,HIGH,,False
Ce35Cmm1qfFmra964NaQY1JBuJmZcwH5B9tLAFdDEpab,direct,1,1,D4aEpQLW45YnWrBmztcpJHqabbPtFe9F9PTv8Umvpump,2026-05-15T12:01:36Z,2026-05-15T12:01:36Z,HIGH,,False
Ce6LfXqqk1HoCzcymiQaPCzoJ6kNXf2UbLRDjVKj2quv,upstream,1,1,7xXo3JYBqzh6D91XRppzFRLfw8wJHypeukGaNWwKgZ8m,2026-02-18T02:05:13Z,2026-02-18T02:05:13Z,MEDIUM,,False
CeNZf6Tpuap6SkkDYRTTf58CyRyDu6nNF3SXnsmbTWNQ,upstream,1,1,4prKtarobdhYDY4Hu3uGZMx7Je4HqPJeLVyxN6m4Ld3T,2024-04-22T11:21:03Z,2024-04-22T11:21:03Z,MEDIUM,,False
CfSZygy2fH6yZb6WtSEgK2JuQCFEVd4QjqUhAN7CECBh,direct,1,1,8ypYfW5cjafrfAZij8TZj5SFHAbPNpiRio96LMzypDkn,2026-04-03T13:18:18Z,2026-04-03T13:18:18Z,HIGH,,False
CfXyem5hdYuergz5Y8ATyCA5kvJYqLResLrRPw5NPoh7,upstream,1,1,CziyAr14UNUrfkxpioWSumkLXMwWnDWN2bu2WR5ao7kc,2025-01-26T01:44:14Z,2025-01-26T01:44:14Z,MEDIUM,,False
CfsbuMYm6fYT7CpVHP2WfDWuAEfzwNg6U8TXUZGHprUX,upstream,1,1,4GRTznsfLTRqaB2uMAFmmgaWtvfVyBb4qCsTjskUpump,2026-02-25T01:29:24Z,2026-02-25T01:29:24Z,MEDIUM,,False
Ch2vce9Ri11ZitvPNVV9ycDidm3hS7eXAMWmC3JthiUy,direct,1,1,28HydoWU7TZQxWiVQxGZyspE3qgWdCHToNDVgLoNpump,2026-02-15T17:37:09Z,2026-02-15T17:37:09Z,HIGH,,False
ChphGvKQAtEi97KtynvP3F3WEFTJypV6ZpfFpk87YMpa,direct,1,1,BUPNYwndVGfzVb6RG6q2PX53VdAimw2Mi98QxqeWpump,2026-09-05T22:35:47Z,2026-09-05T22:35:47Z,HIGH,,False
Ci2uW1FoLwuFPdMEri5yxZWRHBURkiMWcb7dRuQYvXvS,direct,1,1,9PNfxvTARzdxvQas2uknW57bnfMCS1dxW1He7rPbuhuQ,2026-09-29T15:15:06Z,2026-09-29T15:15:06Z,HIGH,,False
Ci5kSuFkotB6XAuzEfqbCjdGQsAUov9h3AWfouo7PWu9,direct,1,1,dy6zeSw9j2zHprXLwk1uUGAD4d2HF5R3pAFrL6bRAKs,2026-08-03T18:29:20Z,2026-08-03T18:29:20Z,HIGH,,False
Ci8t1WJAb3uKroSCUZaAWC98uay2zXeJar2RMZkhoX17,direct,1,1,6VMsrZvNaSzddT6vkY6dEDoFMeK5EoHD4KCAycfQpump,2026-09-08T15:20:30Z,2026-09-08T15:20:30Z,HIGH,,False
CjAnKbEaQYhjuptiUwpH2U7NFz2QystGjWUpWJjTfkrt,upstream,1,1,9ek8utEujXFmiM9wXcWKPF18y57PmeG8rsiBZGzzpump,2025-10-10T08:04:55Z,2025-10-10T08:04:55Z,MEDIUM,,False
CkbbymWjAxRfKWApjTaAbwU1RkgPxsZLv7wXmSzsdEsL,direct,1,1,7Q9VxTczrzgvjXWbJJZibR7hbYAohngsNsuEhdEcpump,2026-08-27T15:44:15Z,2026-08-27T15:44:15Z,HIGH,,False
CkjjwDDhrnS2fZMe6XiJQwKdP7ktZw6C5gsSViuGVmhM,direct,1,1,7aLLQRBpGCaSLmmHGf34MGtbdtTumiB14d14TtDnpump,2026-09-02T00:19:59Z,2026-09-02T00:19:59Z,HIGH,,False
CkxS94AnDPmr62kLRESi5m4fsVFQUP95S5N9aEwhm1cJ,upstream,1,1,GfqKCwNeAdHHi97AmgCLP5qrwcSJRDdyZ1huiU6xUXTz,2026-09-11T01:57:00Z,2026-09-11T01:57:00Z,MEDIUM,,False
CmhwnxnwdJCpkKqihNxR9cub3V417WgwzZQzEgVyjCNG,direct,1,1,5L6As5obMTXxKwjmGBy1LTRwW2Hm1PjSK18JhETrpump,2026-07-06T22:43:10Z,2026-07-06T22:43:10Z,HIGH,,False
Cnn7axydkM9T1uW4ZsWUg577EBjDJyVoqMT2APD6ZKrB,direct,1,1,hHc9579gpKUnvYvgcKyjdpe1UhmfVfGzGwMQCADpump,2026-03-03T17:56:31Z,2026-03-03T17:56:31Z,HIGH,,False
CnwjCMYzCxkfPdzdoH7y4e24Wa7jsccNNKZ2M3EaHqxW,direct,1,1,Er5RuNhTEwJH5dHv9c3YGATjgkLCETH4dKazntyWEtXY,2026-09-14T14:04:15Z,2026-09-14T14:04:15Z,HIGH,,False
Co7vre4CSX9oaiMudUVh68r8cUY85t8jr3HikgUTzh5V,upstream,1,1,3GeNgcFpMwH9ts5b3W3jddtfwhwAURaykTy8YjtrGQWT,2026-08-30T01:47:23Z,2026-08-30T01:47:23Z,MEDIUM,,False
CoJgqK9pjAzcWQG17F9HV9S4u35KYW9A9kQMhgksjE5K,direct,1,1,DQ2H7qcj262RAKfSxGYeL7cYJq54mVdXe4gYxUwxpump,2026-08-28T11:22:01Z,2026-08-28T11:22:01Z,HIGH,,False
CoTqEEyRHeYDHgkb6oQyXS5CqqZZAfJfNbQSswBD1Ymm,direct,1,1,5L6As5obMTXxKwjmGBy1LTRwW2Hm1PjSK18JhETrpump,2026-02-14T18:11:57Z,2026-02-14T18:11:57Z,HIGH,,False
CpGEieYsB4NaaQxA916EKvunTZEuMhBKPv6hFFZ1EDw1,direct,1,1,BUPNYwndVGfzVb6RG6q2PX53VdAimw2Mi98QxqeWpump,2025-05-10T21:27:30Z,2025-05-10T21:27:30Z,HIGH,,False
CpjT87kNYYvpiXRsZ7V4eXMKXWUSpzTUsi2mJhayvfSy,upstream,1,1,7271ZR6GBzaGqdtP28ZqZ5BKRt2ziu4AnPnVCAL7pump,2026-08-15T17:50:46Z,2026-08-15T17:50:46Z,MEDIUM,,False
Cq1WshUES6mMLZYnkaiy63k9QmN53cEwpomuL2iGdwLN,upstream,1,1,25GrKYrc3y4LZmmuhppYgFRCKb7JyZ6grum4WhLYvA1z,2026-04-25T10:38:35Z,2026-04-25T10:38:35Z,MEDIUM,,False
Cq4EEupqa4f6vtZgrbRjhyQw4oDF1gTME3pA3xdCaweA,upstream,1,1,28HydoWU7TZQxWiVQxGZyspE3qgWdCHToNDVgLoNpump,2025-01-29T19:33:43Z,2025-01-29T19:33:43Z,MEDIUM,,False
CqJyPLSriXk3dESteQVa3iNAdwLFrAhdqaLAyvcqV4AC,direct,1,1,9CzNGAEutxKHJ5CwYC5Lk8X8YzgYrQnvKChP2BFEpump,2026-01-09T12:59:43Z,2026-01-09T12:59:43Z,HIGH,,False
CqVZZpYYe3VCsNTujpwfD4s252Y5CFuSdmq8o7rHf7cy,upstream,1,1,4sjtHGeAKP6DoMUdvFqQuiYKhhPpwa9XCxUyuFD2pump,2026-08-28T14:37:32Z,2026-08-28T14:37:32Z,MEDIUM,,False
Cqe4qkEkXF364LomNkYoUcE7yNUvGXmSmJzfmiq6oHjK,direct,1,1,9xhMStAAufkH5jA5nevaGy6M9fCsQ74BZnsXyo93DkfA,2025-02-11T13:46:32Z,2025-02-11T13:46:32Z,HIGH,,False
Cr5nfN2GjxhwiMfyc1mSv1dw55R3Q4VmQFNfKSwFxH8U,direct,1,1,BZYpLHhui3qRNokWFg2JcX8CYtMqzWHR5R4xowjcbPqh,2026-09-19T10:58:36Z,2026-09-19T10:58:36Z,HIGH,,False
CrGekRaAuzF87jM7qd5qwTuJKJ1ZpUpofjTieToaGT2m,direct,1,1,4sjtHGeAKP6DoMUdvFqQuiYKhhPpwa9XCxUyuFD2pump,2026-08-25T05:13:54Z,2026-08-25T05:13:54Z,HIGH,,False
CsivWktkvorff5EHEzuKFYnNNgxaeGm4HdpBkWP6ArXS,direct,1,1,sMe5iUcgTe4VXmg4WaShF5kuk6GmcKF3y4HqKGZpump,2026-08-25T04:12:26Z,2026-08-25T04:12:26Z,HIGH,,False
CsvXobm3PhgAXHSokFxd6NjaPHMF2XzdbUq33yVgg74W,direct,1,1,4n32UBFWKJNPQayeN25GrLJHswbja41XFMxebcg9pump,2026-09-07T22:07:23Z,2026-09-07T22:07:23Z,HIGH,,False
CszaLRXC8qmUiHtAWA4NLzUbXCKUdMWkc6CwWFK976So,upstream,1,1,DkDwxjD5JFK7hd7qUNHqNaTeqDGcZ1ia3Y6E7EUiehEn,2026-09-04T22:28:02Z,2026-09-04T22:28:02Z,MEDIUM,,False
Ct8pZwcr6DbgsGSccimJ71vByhRvaayVtBccazFzEvu6,direct,1,1,4sjtHGeAKP6DoMUdvFqQuiYKhhPpwa9XCxUyuFD2pump,2026-08-28T14:40:01Z,2026-08-28T14:40:01Z,HIGH,,False
CtPxvpWo1pk7HtL6KwpCLMMdsXHC6fdqAN1bPiracaQq,upstream,1,1,5o43e7gYZWFNEpdqkegHY6LXkhMXB1z6f7d6TAVGEMTM,2025-05-02T07:39:29Z,2025-05-02T07:39:29Z,MEDIUM,,False
CtatGdTQPB7EHGwTiLJ8mAXLYppnD9ih853G87Jzu1er,direct,1,1,9xhMStAAufkH5jA5nevaGy6M9fCsQ74BZnsXyo93DkfA,2026-09-17T17:10:10Z,2026-09-17T17:10:10Z,HIGH,,False
CtyqkVdquUC9LazhQt249uNZ9jcRLK9P5QYnzLd2rQqf,upstream,1,1,5DoZAeBkoci5t5zPhUiuhQFjuzYTfkSv5Seojsxppump,2026-05-26T02:05:21Z,2026-05-26T02:05:21Z,MEDIUM,,False
CuSbsxMaLD384fGN5Q2wYhKJRJBn9eLKa3qJPW5GvoTg,direct,1,1,3uYT8w1FxasDGmM4WDG5kXu6D9BGvyP3iEfPJEVb6ewT,2026-09-09T08:46:13Z,2026-09-09T08:46:13Z,HIGH,,False
Cud7qMjzSuGDVFuDSWagTwZAvdZ2iD7SE3GuaGQidmgE,direct,1,1,9PNfxvTARzdxvQas2uknW57bnfMCS1dxW1He7rPbuhuQ,2026-09-12T22:56:18Z,2026-09-12T22:56:18Z,HIGH,,False
CvJNN4qsBeix9BnnQwXR1DgRyonS6jbTAZe6EvFpAd2R,direct,1,1,21XJbyQWEhmeoxKRHdGrEjetSfHopvtp68LWzdvT471M,2026-04-20T12:11:31Z,2026-04-20T12:11:31Z,HIGH,,False
CvN7hJE1evEjRDEcUPUFabyAjSqoZ8G1JRKBFJ5EVZtK,direct,1,1,G9r7nnHSgvb7LUfCE8kavRaKokEMMYBjVHGKvQ6dpump,2026-09-28T18:36:04Z,2026-09-28T18:36:04Z,HIGH,,False
Cx7hM7yZJ42fVoxA5G6CJpYLdZViY4sCjzPFpQVgWsDP,direct,1,1,D4aEpQLW45YnWrBmztcpJHqabbPtFe9F9PTv8Umvpump,2026-08-30T07:49:55Z,2026-08-30T07:49:55Z,HIGH,,False
CxgiBUPgdJtRTJGo6NKJV5PjQBMBRLEXa56f9JHWqu7C,direct,1,1,AmWCcDf6tG7zB3VPeDVjeXL5N567fXAiHcTKw3xXpump,2026-07-29T16:12:25Z,2026-07-29T16:12:25Z,HIGH,,False
CyBiGyD1EunXXrNRsu6pKkCQPTbdZ9UTsxAum9twRcSt,upstream,1,1,5nnWe5SCBaNMC3oNiR7utth6kx3mH1dhmCarjDb91shW,2026-09-01T06:05:52Z,2026-09-01T06:05:52Z,MEDIUM,,False
CyeEQT61mNPfHkm72LtdkB22EnXjLEMsn5iLracgvUNS,upstream,1,1,GL7M1C4QeLoURyexYgdhuP8SvaPh5LHQLRqKha3epump,2025-01-04T08:48:47Z,2025-01-04T08:48:47Z,MEDIUM,,False
Cyrn7G89kGBE1Qqv4pMTfDysGLLzQ2gvfjM7jEBLr3KY,direct,1,1,ASftCNtzPNmK3nMDvpQNvpLauKS45Vkq7kwTPutqUBL1,2026-01-08T15:23:50Z,2026-01-08T15:23:50Z,HIGH,,False
CzEjDyWVmegMgnKuYs1STXPVBBwT8nUdjpSRHjJxxpCm,direct,1,1,25GrKYrc3y4LZmmuhppYgFRCKb7JyZ6grum4WhLYvA1z,2026-08-29T05:46:49Z,2026-08-29T05:46:49Z,HIGH,,False
CzcjNrzfsgTB8zntpxzckKkqwy94dLdYBB849UqxEr9s,upstream,1,1,DkDwxjD5JFK7hd7qUNHqNaTeqDGcZ1ia3Y6E7EUiehEn,2024-07-10T18:03:21Z,2024-07-10T18:03:21Z,MEDIUM,,False
CzqZNuxXc7ezekzreeJrNQr1nE9bjWY8agRv4wR79LC5,upstream,1,1,55bKo8bj1YVEgsbwkkd4Nwu7JhaZF9trUgbvpZ3YeVCA,2025-05-22T16:07:56Z,2025-05-22T16:07:56Z,MEDIUM,,False
D1Y6nE9M4F8Cfi9KpYNr32QTe7tVCPA2BJPQR94pHU5M,direct,1,1,F41TwidZvJJcsx9c2BMwS6eH9W6HcUT4LzPmGvK9WU6N,2025-03-11T15:00:41Z,2025-03-11T15:00:41Z,HIGH,,False
D2BLKXqmhiiEDMga2ebTU7B5GjKef6hKij2EJ9AmiMzL,direct,1,1,9hAojtonqe4RUQarvUYZhFqC99VK1S3LCewYkSjnpump,2026-08-05T06:34:38Z,2026-08-05T06:34:38Z,HIGH,,False
D2HEHfpciDF5fpBc2RbaV24pzge5myDtRoLVeVurFrtA,upstream,1,1,BmU6YJP2YCAo8sc2dkeR8KjvF3rGFBHZL25ejysppump,2025-03-11T10:59:19Z,2025-03-11T10:59:19Z,MEDIUM,,False
D2QDDPHGvv6e7Vv1pr9eLSW7THcwYXHMWmHvZ6HQ2op9,upstream,1,1,B3xU49SW3khA7m5Lgata2fmPxZeQRuaJbCruPsVDpump,2025-07-26T16:42:14Z,2025-07-26T16:42:14Z,MEDIUM,,False
D2ax7LUeKon7HGb16u7e7iTx7uzxcw7pPxBoRrCNTWWC,direct,1,1,DTm66ivA96mhuQnqTy1cv7uELS4MHdYtpbRGJdW9t7Fn,2026-08-15T23:20:44Z,2026-08-15T23:20:44Z,HIGH,,False
D34ugCrALv7CEhaCHQdNkh3aCw9MWajeuTtgJKKo2N5S,upstream,1,1,21XJbyQWEhmeoxKRHdGrEjetSfHopvtp68LWzdvT471M,2025-07-25T08:07:44Z,2025-07-25T08:07:44Z,MEDIUM,,False
D3S9P41M494MeayAGKgckq6j69boVMU4yvZmSNAqcjJj,upstream,1,1,13V3CbY7Q7AXnf24FMsUaQrmLxnRU4Md9phDEWZvpump,2026-08-22T12:26:44Z,2026-08-22T12:26:44Z,MEDIUM,,False
D3dnsvYWPEHBEDVdJvK7Ea6cJAK3UbwGok9pp2H9x4ug,direct,1,1,F41TwidZvJJcsx9c2BMwS6eH9W6HcUT4LzPmGvK9WU6N,2026-08-09T19:18:58Z,2026-08-09T19:18:58Z,HIGH,,False
D4fpfsQnpraFzznRpS1sNws1vThWw98BMb6SYz1No2zf,direct,1,1,7mRDn1rAqjwFQXacodr1UmkNdvAGPbtNP9k5jvBZqt9J,2026-09-26T12:46:33Z,2026-09-26T12:46:33Z,HIGH,,False
D5iTDppnj9FY9c3pE3mKnm8HeUnGasiiZgG2k7CWRwpb,upstream,1,1,55bKo8bj1YVEgsbwkkd4Nwu7JhaZF9trUgbvpZ3YeVCA,2026-08-16T19:14:38Z,2026-08-16T19:14:38Z,MEDIUM,,False
D63cSq9AUJer9boqKZ5sWZson7gsP7CKutRgJCkrZJg5,direct,1,1,CHygERrxnc5QByNCwxUNSMhP7tKJA7rh6hNBdJ2spump,2026-09-01T22:42:54Z,2026-09-01T22:42:54Z,HIGH,,False
D6FhYnpvSxRXyPHobE17ZRBqWHgXmhtkMYTF38Lu43JB,upstream,1,1,7HiD5rzoZxAYXEJ8Z4t3WgM8VE1iSKWJdxPPyEdDNzwN,2026-01-25T16:31:39Z,2026-01-25T16:31:39Z,MEDIUM,,False
D6Q49rKbLuVzd1s5m9NGQ1tSwmineCDSoPCds7NHdvHa,direct,1,1,21XJbyQWEhmeoxKRHdGrEjetSfHopvtp68LWzdvT471M,2026-07-31T22:02:56Z,2026-07-31T22:02:56Z,HIGH,,False
D7jG8u3gVQtH3dDE992n7WS4SJe7hAByh6Z5tJJ5anga,direct,1,1,6gKx5EMvnymTVz2JgFhJAqpGxTYaBdVsaLb9YfPfvg4Y,2026-08-30T14:13:58Z,2026-08-30T14:13:58Z,HIGH,,False
D8cJRpXaCWVK8c3doDq7Ymoz2XE4WyhFhbgNytWwqptA,direct,1,1,EkTkjVEfhvgkoCwheMTnr8mhEmJ6Q7ZR8q7ZMCcnpump,2026-08-28T23:21:26Z,2026-08-28T23:21:26Z,HIGH,,False
D8khT6ACKH2S8WE2npDyrmBGPPdPV2Sap39xPRXkwL3x,upstream,1,1,7p4MwwkUaMv4gBThVkW46QjwVaosaUrccbFV1MbXpump,2026-08-14T19:54:59Z,2026-08-14T19:54:59Z,MEDIUM,,False
D9GMPv9qp1S7MayfW64qVFWwpPCs3khMDqZSf2hvpQmz,direct,1,1,F41TwidZvJJcsx9c2BMwS6eH9W6HcUT4LzPmGvK9WU6N,2025-02-24T21:40:58Z,2025-02-24T21:40:58Z,HIGH,,False
D9Jeh97cQQf3XvgL84JiRQWTaGFzVho6wtPzFZ4FwDj8,upstream,1,1,5L6As5obMTXxKwjmGBy1LTRwW2Hm1PjSK18JhETrpump,2024-12-20T15:31:32Z,2024-12-20T15:31:32Z,MEDIUM,,False
D9ra8EK2hDdqVctP4vHtUjiVmWimkQBA5uJv9kKYB4tM,upstream,1,1,2Tiw1Tna3kAut868cjXuKoyrv8U8gi1YjTaXw7Czpump,2025-11-29T20:15:41Z,2025-11-29T20:15:41Z,MEDIUM,,False
DAShV3YUgy5oqjZfz2tn2gHcAuv5CtgyedubTMz5YrX4,direct,1,1,4kkrecvSVnnkK3RZcJ85tNFiZu9pWg584yHjNCqEpump,2025-12-25T21:10:15Z,2025-12-25T21:10:15Z,HIGH,,False
DAbFJEPb9p8MHL7v3sateKdXVea7Dm6aqiCP6z7qDMzM,upstream,1,1,9CzNGAEutxKHJ5CwYC5Lk8X8YzgYrQnvKChP2BFEpump,2025-12-30T12:16:01Z,2025-12-30T12:16:01Z,MEDIUM,,False
DApevogPWGuHuijMr5eEz6yRD3aMMMf2jePfUwxeyuEN,direct,1,1,6sFMbTF2VTzutzKekenJujFZBqb4TiBZJKfyLMUbpump,2026-06-03T04:00:28Z,2026-06-03T04:00:28Z,HIGH,,False
DAqCpTpQN1JNCDYLXWir28q1J2eXSufiNNADsSnUQTBZ,upstream,1,1,6sFMbTF2VTzutzKekenJujFZBqb4TiBZJKfyLMUbpump,2026-07-07T02:49:24Z,2026-07-07T02:49:24Z,MEDIUM,,False
DBQHq7aGY8iWDfjJs3SehcLLdKzq4DDnFjrrfxZs3MHb,direct,1,1,5o43e7gYZWFNEpdqkegHY6LXkhMXB1z6f7d6TAVGEMTM,2024-11-14T21:01:49Z,2024-11-14T21:01:49Z,HIGH,,False
DBob48e62MVSdGH9vcecrzQTmnzQvqv2evv9stmb4zvm,direct,1,1,3vfxnHSCS139RZiw6MPZaEvhySnjbEi81GuF5EdNpump,2026-05-15T16:34:13Z,2026-05-15T16:34:13Z,HIGH,,False
DBpHffngH3bvyj8mTF7fSo417MZCAS6NTn4fp2NKrbPk,upstream,1,1,9PNfxvTARzdxvQas2uknW57bnfMCS1dxW1He7rPbuhuQ,2024-07-01T19:56:06Z,2024-07-01T19:56:06Z,MEDIUM,,False
DBxWvdUGzvrPNqBEqbMQgPRDSAsLLHhMmNMgzbYUQA5n,upstream,1,1,3GeNgcFpMwH9ts5b3W3jddtfwhwAURaykTy8YjtrGQWT,2026-08-30T01:46:56Z,2026-08-30T01:46:56Z,MEDIUM,,False
DDX5M6aZzip2Kyyy6QwZFWHbHRojDQYbWK7QGyTVXBka,upstream,1,1,ASftCNtzPNmK3nMDvpQNvpLauKS45Vkq7kwTPutqUBL1,2025-01-14T09:17:38Z,2025-01-14T09:17:38Z,MEDIUM,,False
DDga9aQqwZPLssUzKWF4N5nyzLit8hj7y1N7k5e6xuGG,upstream,1,1,5o43e7gYZWFNEpdqkegHY6LXkhMXB1z6f7d6TAVGEMTM,2026-10-04T13:16:42Z,2026-10-04T13:16:42Z,MEDIUM,,False
DDqVZuytATneA6rpcReB2vNqaco5f9NZe6jXYFJYN1Pb,upstream,1,1,5o9sE9FEVC12zWBd2zqPXAhoVyRiNjGfaYX6hS3Ppump,2026-08-13T22:12:16Z,2026-08-13T22:12:16Z,MEDIUM,,False
DEXGUYMrUaNTAkVgVvuDuMjycdwTcq2qhqhbv1EdNuTS,direct,1,1,6wSQipxdE9Suf8tVNaCEbcqavUbLT7gL9tibpm3Jpump,2026-04-27T12:21:17Z,2026-04-27T12:21:17Z,HIGH,,False
DEqtENmYNciQy5jqa13u2BQPEGGAKF537hoxPUukg8Rm,direct,1,1,H8oe2SCksJcYzhPeS4TsbteusgZW5k7QaZ4boKyq8C7U,2026-10-03T04:30:19Z,2026-10-03T04:30:19Z,HIGH,,False
DFkxLXvQtUKWCuf5Hat3riU4npYnYgEsAMGdwt4efQV4,direct,1,1,25GrKYrc3y4LZmmuhppYgFRCKb7JyZ6grum4WhLYvA1z,2026-09-22T20:15:03Z,2026-09-22T20:15:03Z,HIGH,,False
DFscyPwz6PRbBU15W1B21CDgw1Assxv6F93AM8FEjjbR,upstream,1,1,dy6zeSw9j2zHprXLwk1uUGAD4d2HF5R3pAFrL6bRAKs,2026-02-12T18:56:46Z,2026-02-12T18:56:46Z,MEDIUM,,False
DGJX5Phf9drKA2pq7vcXxBEBZ2cE38bQuiQrA1byvdbC,direct,1,1,28HydoWU7TZQxWiVQxGZyspE3qgWdCHToNDVgLoNpump,2026-07-09T15:50:28Z,2026-07-09T15:50:28Z,HIGH,,False
DGKiwTXBb7HYY7V5EsU7B5gKwVrzv8YVchTBWb3CjQLW,upstream,1,1,9hAojtonqe4RUQarvUYZhFqC99VK1S3LCewYkSjnpump,2022-02-07T16:56:32Z,2022-02-07T16:56:32Z,MEDIUM,,False
DGidLoNkmkHHSSNi8nS4fF6FvUrhRaNkpGyNQ5qcvE83,direct,1,1,9ek8utEujXFmiM9wXcWKPF18y57PmeG8rsiBZGzzpump,2026-09-09T18:02:45Z,2026-09-09T18:02:45Z,HIGH,,False
DHNUeGp2ZcfE28fNnoh8ndwJhpLysNuRvD3dTThJNyjk,direct,1,1,ASftCNtzPNmK3nMDvpQNvpLauKS45Vkq7kwTPutqUBL1,2026-01-05T20:18:34Z,2026-01-05T20:18:34Z,HIGH,,False
DHfykGewiMQ9GfW5cTcUV2MsXE24pe694SckbkX1hcBw,direct,1,1,5pSEZw1iytqYznD7crsGyKNek7q5JkjBqj2KmfqxUVZd,2026-09-12T12:41:52Z,2026-09-12T12:41:52Z,HIGH,,False
DJ48qtLfheg5wY8CNLQtf8MivSAVh2D9GcbZaadKCHVN,upstream,1,1,2iSB473Z7L2ndpWs3n22tb7H3KSGpswDTH3jP7qCCAZT,2026-01-08T12:00:28Z,2026-01-08T12:00:28Z,MEDIUM,,False
DJPJN4qiDKrgSGAmGL1G8Ed3TMzk3uTovDYYcR4DsZUt,direct,1,1,2iSB473Z7L2ndpWs3n22tb7H3KSGpswDTH3jP7qCCAZT,2026-09-21T19:59:52Z,2026-09-21T19:59:52Z,HIGH,,False
DJbogNp2E9sXeGrWnVPkahssKi4qrnkhFGjjJsS1pump,direct,1,1,4prKtarobdhYDY4Hu3uGZMx7Je4HqPJeLVyxN6m4Ld3T,2025-12-26T05:13:01Z,2025-12-26T05:13:01Z,HIGH,,False
DJnTQgLE3capWvqd4K7tGksxW3pykQavenXutVr1r3Lm,upstream,1,1,rMPLDvnn6KR773WNhZvtFNcgFwnRkc7UbPkUaiMpump,2026-08-14T18:23:55Z,2026-08-14T18:23:55Z,MEDIUM,,False
DKFcbMNywH9iUB6iiMonYX9sWJvAH25h7b1Y83LqHQzD,direct,1,1,21XJbyQWEhmeoxKRHdGrEjetSfHopvtp68LWzdvT471M,2026-08-27T16:40:18Z,2026-08-27T16:40:18Z,HIGH,,False
DKLE8KA8jX9c2hjZPqRu3r46doQ2LSttan3eqLe1cetq,upstream,1,1,Ajz86fyiygsv8kZkUyDxogxkz5VfKRs4HTEABVTfpump,2024-11-23T20:48:03Z,2024-11-23T20:48:03Z,MEDIUM,,False
DKhCcuxePBVrP9hvMmhKUVxcLYB8v2EnBLehiSLDhSNr,direct,1,1,CSLP8Vp7u9hrXQi7crPXqCp7BaJaG4JrNxqvR3jDpump,2026-08-27T14:15:27Z,2026-08-27T14:15:27Z,HIGH,,False
DLshyJs9NNT7yA9Y64M1YQWqcpUs7PBmLyeKDeHXYjr5,direct,1,1,3GeNgcFpMwH9ts5b3W3jddtfwhwAURaykTy8YjtrGQWT,2026-08-31T20:35:36Z,2026-08-31T20:35:36Z,HIGH,,False
DLshyJs9NNT7yA9Y64M1YQWqcpUs7PBmLyeKDeHXYjr5,upstream,1,1,GfqKCwNeAdHHi97AmgCLP5qrwcSJRDdyZ1huiU6xUXTz,2026-08-31T20:35:36Z,2026-08-31T20:35:36Z,MEDIUM,,False
DLtbUpuoB9LxK5bAhN8pdPW53vtnAztjHHhdKU2zMRhh,direct,1,1,4ZUjJ5EJbwfh7teotB29uHc1SC3SiqbrkwJoNgsxibbU,2026-09-06T22:14:31Z,2026-09-06T22:14:31Z,HIGH,,False
DMQs4fPzbVAuQdr2rzyhhPkTbZstfUxkBpyunT2nUwgx,direct,1,1,28HydoWU7TZQxWiVQxGZyspE3qgWdCHToNDVgLoNpump,2026-08-28T17:16:34Z,2026-08-28T17:16:34Z,HIGH,,False
DNKPgYzjrdprSBATRYv9reCBdgDv82bPyZSf9gG4g8tp,upstream,1,1,4prKtarobdhYDY4Hu3uGZMx7Je4HqPJeLVyxN6m4Ld3T,2026-06-25T09:10:27Z,2026-06-25T09:10:27Z,MEDIUM,,False
DNPRBEmWT6nA9ruFoghB7pppGiQz5Yz8kLyGTSHEeEty,upstream,1,1,rMPLDvnn6KR773WNhZvtFNcgFwnRkc7UbPkUaiMpump,2026-09-22T18:04:30Z,2026-09-22T18:04:30Z,MEDIUM,,False
DNaRDbDPFRmvuFFxq6t4Z9ASqgqciUp25iySRupLvifY,upstream,1,1,21XJbyQWEhmeoxKRHdGrEjetSfHopvtp68LWzdvT471M,2026-09-12T21:35:28Z,2026-09-12T21:35:28Z,MEDIUM,,False
DPBN18W2LhA4aTxY5zfs3jkZcxSYdzzVbq8onU9Db41,direct,1,1,9PNfxvTARzdxvQas2uknW57bnfMCS1dxW1He7rPbuhuQ,2026-09-23T22:19:17Z,2026-09-23T22:19:17Z,HIGH,,False
DPD9umthJ7AfwfXFFT3jFjrWs6gTn4MP1A3gqRdf6yFQ,direct,1,1,5Sg1vv51KGCSDF2gBHgbNATCEXFjYtVhWgztNUwtgJYD,2026-09-02T12:55:15Z,2026-09-02T12:55:15Z,HIGH,,False
DPGBtpCqWEhePyLH18a8zyRkV3i7JpzyKijTkv8BWTNf,upstream,1,1,UsrcsZMqw6p53Fohu16UCBjsbjqc73XmoRFZDcnCtMR,2026-09-17T23:37:05Z,2026-09-17T23:37:05Z,MEDIUM,,False
DPPpethhEv5bhL6R24wy9tDW1tc8VHDeMXVpcP7ttbxw,direct,1,1,CSLP8Vp7u9hrXQi7crPXqCp7BaJaG4JrNxqvR3jDpump,2026-08-28T20:05:17Z,2026-08-28T20:05:17Z,HIGH,,False
DPqsobysNf5iA9w7zrQM8HLzCKZEDMkZsWbiidsAt1xo,upstream,1,1,7p4MwwkUaMv4gBThVkW46QjwVaosaUrccbFV1MbXpump,2026-08-25T02:02:51Z,2026-08-25T02:02:51Z,MEDIUM,,False
DQ8xvKJreor6FWS7LenfBgSMqG2sJcrkNf28v4xJzF9v,direct,1,1,BZYpLHhui3qRNokWFg2JcX8CYtMqzWHR5R4xowjcbPqh,2026-01-21T08:42:19Z,2026-01-21T08:42:19Z,HIGH,,False
DRRzSbj7mvEdyBP6WkYcpUumWaWP5EN5PdUgkWnnEWMr,direct,1,1,BmU6YJP2YCAo8sc2dkeR8KjvF3rGFBHZL25ejysppump,2026-08-31T16:06:54Z,2026-08-31T16:06:54Z,HIGH,,False
DRuPLHD1LMzEx9ewgLb6DJGqKQfArZpJN5sUtjbKAhTF,direct,1,1,4sjtHGeAKP6DoMUdvFqQuiYKhhPpwa9XCxUyuFD2pump,2026-02-26T13:34:53Z,2026-02-26T13:34:53Z,HIGH,,False
DSqBS2bZ16qATXZuJ3QMpdaTBSXGUZ3JKz2kBN4dFzjK,upstream,1,1,Ajz86fyiygsv8kZkUyDxogxkz5VfKRs4HTEABVTfpump,2025-12-04T14:02:07Z,2025-12-04T14:02:07Z,MEDIUM,,False
DSsZP7RqBrKmJ7j6xfLJ5gPmbn5n49cHh3V1F1AvzqNB,upstream,1,1,D4aEpQLW45YnWrBmztcpJHqabbPtFe9F9PTv8Umvpump,2026-08-26T12:49:34Z,2026-08-26T12:49:34Z,MEDIUM,,False
DTEEJMKsZ6BszQPJ48DLTTYXNTYznW8SMY3KeMqfiK6R,upstream,1,1,9xhMStAAufkH5jA5nevaGy6M9fCsQ74BZnsXyo93DkfA,2026-09-16T19:59:37Z,2026-09-16T19:59:37Z,MEDIUM,,False
DTQT1qXYpRpm1Hyx6CQ4SyDLhmNFr96Yh8DQaDRbi1S6,upstream,1,1,FuF2M5T79HJdpJUbp46qwWssLXQ1Xjf1yiNSfyo5UEGC,2026-08-23T10:52:43Z,2026-08-23T10:52:43Z,MEDIUM,,False
DTQX2X6ywHQ32qRXJLmL2B9eteuw46wLwcJCTHh3K3ri,direct,1,1,6wSQipxdE9Suf8tVNaCEbcqavUbLT7gL9tibpm3Jpump,2026-06-09T21:42:31Z,2026-06-09T21:42:31Z,HIGH,,False
DTfzrwqAmpBKEYrYNLR5EUvmhcBFJdtnmAiynZzgaTzd,direct,1,1,67afrnTxo8DVc52Uev61Yo4Yr9BGQpRw1RpPMWcx42La,2024-08-08T00:17:28Z,2024-08-08T00:17:28Z,HIGH,,False
DTyGXorhLgvFfE8VAQKzHmvJb9R9QjX5GVLNBSheV8X9,upstream,1,1,JAqRn24FuQ5MFReXNgXb8uFej5vHJDxhVtebpQvHTQZy,2025-09-19T21:53:46Z,2025-09-19T21:53:46Z,MEDIUM,,False
DVcs2LUxvE1HGRb9y147YRLgqQ4Xc3do69CehL1rQKh3,upstream,1,1,55bKo8bj1YVEgsbwkkd4Nwu7JhaZF9trUgbvpZ3YeVCA,2025-11-19T12:44:06Z,2025-11-19T12:44:06Z,MEDIUM,,False
DVxHxHvkJo5BwWeCnuxmLeAfxWwrtsVtuPWj2VV9gbpu,direct,1,1,dy6zeSw9j2zHprXLwk1uUGAD4d2HF5R3pAFrL6bRAKs,2026-05-30T13:19:43Z,2026-05-30T13:19:43Z,HIGH,,False
DWNNGBv5iuoq6CiRJssJ2jMqQLgrbzd9jG31LcjfrYsa,direct,1,1,CziyAr14UNUrfkxpioWSumkLXMwWnDWN2bu2WR5ao7kc,2026-08-28T11:02:06Z,2026-08-28T11:02:06Z,HIGH,,False
DWST9H6WxmW4SJBf6qA6rTnwbKHXTkMPmhp6xf7pZUwc,upstream,1,1,2iSB473Z7L2ndpWs3n22tb7H3KSGpswDTH3jP7qCCAZT,2024-06-21T11:09:28Z,2024-06-21T11:09:28Z,MEDIUM,,False
DX7batTzLUbU9rJigExCdiraNsTuRx4HFKtqJHN73CCQ,direct,1,1,6akNLpNd11oq4q5zxhXGwr5jwUi6Ke4CvKmF6QeUwJCQ,2026-09-18T20:44:48Z,2026-09-18T20:44:48Z,HIGH,,False
DYLMH2qvu6Gjdi1RvqgNwwy8pZLP6PyEKPrGjUwnmS43,direct,1,1,DJejJn1iJntJVTAixy4VRgqJFF3NMKPEMgVzbJFmpump,2026-08-19T18:51:01Z,2026-08-19T18:51:01Z,HIGH,,False
Da1GoFrj4FUrKoFCcLhnSyfdtiJGzbDhSdpPbmY5MCis,upstream,1,1,5L6As5obMTXxKwjmGBy1LTRwW2Hm1PjSK18JhETrpump,2025-04-20T22:25:42Z,2025-04-20T22:25:42Z,MEDIUM,,False
DaFci8XxDYwF14r7TLbRhcbXgCGzmJvSFxJrCWyw4DSo,direct,1,1,B3xU49SW3khA7m5Lgata2fmPxZeQRuaJbCruPsVDpump,2026-03-02T18:53:39Z,2026-03-02T18:53:39Z,HIGH,,False
DbATFnwumEYmbAVKvLfVonLagyPJFFvFRwGkzP9V9K46,direct,1,1,7dACCWZXF4Lr9ftxFpi7TJk7a3hcPpUwGPAcTuXDpump,2026-09-25T18:36:49Z,2026-09-25T18:36:49Z,HIGH,,False
DbD5HV1CXBR3Vv8se3G5VADiSXrRaqgcV8vBQP8uQn1X,upstream,1,1,AgB5SxiP1DFZbW9uDAH7s8Mhv1HF21nJv67tnAAYpump,2026-02-04T19:23:02Z,2026-02-04T19:23:02Z,MEDIUM,,False
DbG7RyLFBWXpEWgfKUA8qByvBZEZ3chqGh9TLkpjpF3b,direct,1,1,JAqRn24FuQ5MFReXNgXb8uFej5vHJDxhVtebpQvHTQZy,2026-08-11T08:05:30Z,2026-08-11T08:05:30Z,HIGH,,False
DcnQTTGGdn7T2novsUbwJjpdNNP4SweNYoNyaqdKnWAn,direct,1,1,28HydoWU7TZQxWiVQxGZyspE3qgWdCHToNDVgLoNpump,2026-08-13T04:48:26Z,2026-08-13T04:48:26Z,HIGH,,False
DduZJnsHPpewKFG1mz7ydANnk7pMbiSbJdqpGgiN3WN8,direct,1,1,5EZ7yagvcsHcwH3e17khLwGzhFrCsx7CKS7ZN6J6i4Lh,2026-08-13T21:46:37Z,2026-08-13T21:46:37Z,HIGH,,False
DeJtN3Bv8ihgnCHmQAfqtScRZHKLHmokynXqdvT6gJne,direct,1,1,xeKm1qmxyHLJZLdwKpsZdx5UFtYyb124GTWRZWypump,2026-08-27T16:28:35Z,2026-08-27T16:28:35Z,HIGH,,False
DeJy7jXczTm4aM7tsC3k2fXVXRvKU4FisXwwisoSLJQd,direct,1,1,DJejJn1iJntJVTAixy4VRgqJFF3NMKPEMgVzbJFmpump,2026-07-03T08:40:26Z,2026-07-03T08:40:26Z,HIGH,,False
DefK9f7DnBDfNrFFAdWweXpLJKVrCQWGLqpD3CGWH1Rm,direct,1,1,13V3CbY7Q7AXnf24FMsUaQrmLxnRU4Md9phDEWZvpump,2025-08-04T21:01:15Z,2025-08-04T21:01:15Z,HIGH,,False
DfSY8sqZWkkjy7sC9Wt3irijgfJH6Rc5rYndHRT2zGP5,direct,1,1,DQ2H7qcj262RAKfSxGYeL7cYJq54mVdXe4gYxUwxpump,2026-02-17T23:19:08Z,2026-02-17T23:19:08Z,HIGH,,False
DfgoXYPb8FXfEV8XDsfDYyUf7VGiP7PhDPUL1arHuoYh,upstream,1,1,4prKtarobdhYDY4Hu3uGZMx7Je4HqPJeLVyxN6m4Ld3T,2026-07-29T15:00:50Z,2026-07-29T15:00:50Z,MEDIUM,,False
DgaEujXUjbbUHw2tiFsyaRN85NVnHb5yLxzfpQArNXS7,direct,1,1,ASftCNtzPNmK3nMDvpQNvpLauKS45Vkq7kwTPutqUBL1,2026-09-19T13:30:13Z,2026-09-19T13:30:13Z,HIGH,,False
DgdQG78GwHv3FeJwEVuAsMjU5KSTnsRz4BXeh9szMu1V,direct,1,1,GL7M1C4QeLoURyexYgdhuP8SvaPh5LHQLRqKha3epump,2025-08-30T10:51:08Z,2025-08-30T10:51:08Z,HIGH,,False
DgdsExtRM5cHcFPQbSM7Ky6J1Xixcv14Tj3gRfzYM1Mu,upstream,1,1,GKTxLXsmkjLDo89XmPa5htwK7sAzdqZ3jmfV6gaTvK67,2023-07-03T09:34:24Z,2023-07-03T09:34:24Z,MEDIUM,,False
DgwXpZ4ig6au4eFWrX5wUFP2xFXQhXY5KcK89qowFyoD,direct,1,1,omskHvyNvQSn3PFak3E8JHQJeSVJFsrc6izWT12pump,2026-09-17T14:26:11Z,2026-09-17T14:26:11Z,HIGH,,False
DhJ9Z4Lzy9XGCKGQKwrnizSrUTxLvuB868ZxJRGQTW2X,upstream,1,1,7aLLQRBpGCaSLmmHGf34MGtbdtTumiB14d14TtDnpump,2026-03-31T20:42:20Z,2026-03-31T20:42:20Z,MEDIUM,,False
DhLr8qZFpSu9DnDcpprQUnBxMhYPgdkqnWWB8AuAam9K,direct,1,1,7p4MwwkUaMv4gBThVkW46QjwVaosaUrccbFV1MbXpump,2026-09-11T00:49:31Z,2026-09-11T00:49:31Z,HIGH,,False
DhxMofoZtgCDwjzmAHZzsjcWiDv1zoKUB8gfhMd76qM5,upstream,1,1,5L6As5obMTXxKwjmGBy1LTRwW2Hm1PjSK18JhETrpump,2024-12-16T06:14:03Z,2024-12-16T06:14:03Z,MEDIUM,,False
Di53RxFwnXUiwqq8SMiW7LjnWGVPVwhHcH7ewx3MS2JS,direct,1,1,H8oe2SCksJcYzhPeS4TsbteusgZW5k7QaZ4boKyq8C7U,2026-09-24T21:04:34Z,2026-09-24T21:04:34Z,HIGH,,False
DioyRjr8ZjVMDvXo5WBbvupG5s8BrELvTircSpSZiowd,direct,1,1,DJejJn1iJntJVTAixy4VRgqJFF3NMKPEMgVzbJFmpump,2026-08-24T01:58:57Z,2026-08-24T01:58:57Z,HIGH,,False
DivJa11Xhkg6uMtwX3SPzuTqVLvLCZyD3CwxPpyxnJYK,direct,1,1,3GeNgcFpMwH9ts5b3W3jddtfwhwAURaykTy8YjtrGQWT,2026-08-29T15:32:25Z,2026-08-29T15:32:25Z,HIGH,,False
DiynCSwXLrMniYZfq7VVXZtxs1pm4W8rmQxANCUZbzRu,upstream,1,1,49aM4HrGABwG9F8iAn385zzcsS6mxHEFY8YN3H7y1Cd9,2026-09-28T12:30:41Z,2026-09-28T12:30:41Z,MEDIUM,,False
DjQ1Ms93h7BEtwAhQwH2UT9HnkLervi6sEQ8zN6cAHzy,direct,1,1,69N7rm9nnp6sVoULtp5toD26F25rYum8593GupxkUYvH,2026-08-04T23:21:13Z,2026-08-04T23:21:13Z,HIGH,,False
Djywf8jjhasLpaKKZGHXgh7oxcydfWtb6fF9NJgi6s2F,upstream,1,1,7271ZR6GBzaGqdtP28ZqZ5BKRt2ziu4AnPnVCAL7pump,2026-08-10T11:42:30Z,2026-08-10T11:42:30Z,MEDIUM,,False
DmG66jy6xA4q8Cn4NYASzcbZw89FHw8tXkJTsdQb22zy,upstream,1,1,rMPLDvnn6KR773WNhZvtFNcgFwnRkc7UbPkUaiMpump,2026-07-16T19:12:51Z,2026-07-16T19:12:51Z,MEDIUM,,False
DmNf6ML9MXDNBQzP7FeHbhpUq315HpDsNWnG3HCruiP9,upstream,1,1,21XJbyQWEhmeoxKRHdGrEjetSfHopvtp68LWzdvT471M,2025-03-02T06:49:40Z,2025-03-02T06:49:40Z,MEDIUM,,False
Dmxorjd4sTV6ko6cRgEinrFjquKkbyeYMKb5cAx5DQhG,upstream,1,1,3vfxnHSCS139RZiw6MPZaEvhySnjbEi81GuF5EdNpump,2025-11-11T09:47:23Z,2025-11-11T09:47:23Z,MEDIUM,,False
DnRApgn4QXqkRHrde2W8EQAzXKcX3eXHVU4fQBKUzNpY,direct,1,1,6gKx5EMvnymTVz2JgFhJAqpGxTYaBdVsaLb9YfPfvg4Y,2026-07-14T05:01:09Z,2026-07-14T05:01:09Z,HIGH,,False
DnWuZ8THWkv1ssRuatXx72BHpYqLSk4hnf6HKcdgg2QE,direct,1,1,6sFMbTF2VTzutzKekenJujFZBqb4TiBZJKfyLMUbpump,2026-04-02T15:58:24Z,2026-04-02T15:58:24Z,HIGH,,False
DogeUX58ATqUPGzhTVdEdtpWnkaxWg9kJcBHqjM6Derp,upstream,1,1,7aLLQRBpGCaSLmmHGf34MGtbdtTumiB14d14TtDnpump,2026-01-20T05:12:24Z,2026-01-20T05:12:24Z,MEDIUM,,False
Dp1LRa9nARUGB5FCy8wBANycz9tXyGAYBbcM7He7SsFG,direct,1,1,13V3CbY7Q7AXnf24FMsUaQrmLxnRU4Md9phDEWZvpump,2026-09-04T03:34:50Z,2026-09-04T03:34:50Z,HIGH,,False
DsKi6KALKMRfV1kGjMpenzVAfD5mZydJt5W6jVzeXWbG,direct,1,1,2A6sLqrw8WN6KkgnCsN4xJkyAowBZHr2H9xQ4u3Mpump,2025-05-14T06:26:00Z,2025-05-14T06:26:00Z,HIGH,,False
DsxfGLLnJLNCdDzHe46kv1TPfuMSenWeXi1RsRyDHeW4,direct,1,1,5nnWe5SCBaNMC3oNiR7utth6kx3mH1dhmCarjDb91shW,2026-02-18T07:54:47Z,2026-02-18T07:54:47Z,HIGH,,False
DszWdiKGnkrgekRQ8TENPqWDzNcV6ZMGeMEhesSnSzTY,direct,1,1,3GeNgcFpMwH9ts5b3W3jddtfwhwAURaykTy8YjtrGQWT,2026-08-31T20:35:18Z,2026-08-31T20:35:18Z,HIGH,,False
DtWDAPXzGwUntG1n4BFzyMwGRtnrbk38XaRZBHtoxDzC,direct,1,1,9PNfxvTARzdxvQas2uknW57bnfMCS1dxW1He7rPbuhuQ,2025-05-07T11:15:23Z,2025-05-07T11:15:23Z,HIGH,,False
DtnR9E8P9EQKsvu9mPM3Htmpf54cW1HWD96fKNQNPy3E,upstream,1,1,BZYpLHhui3qRNokWFg2JcX8CYtMqzWHR5R4xowjcbPqh,2026-09-19T10:18:38Z,2026-09-19T10:18:38Z,MEDIUM,,False
DtwuFkdBGZijPhrQddhwCZNFWft1aMBGfoimfanXTNak,direct,1,1,5nnWe5SCBaNMC3oNiR7utth6kx3mH1dhmCarjDb91shW,2025-02-14T06:15:19Z,2025-02-14T06:15:19Z,HIGH,,False
DuSs7rCr7oTLHjM29QQ8NwDViaahTU58qqxaJVyAkgbn,upstream,1,1,28HydoWU7TZQxWiVQxGZyspE3qgWdCHToNDVgLoNpump,2026-07-29T08:45:22Z,2026-07-29T08:45:22Z,MEDIUM,,False
DuToK2Ua2BmErw1R7LZYAWdtBZ8bSqi9ryM7UBNBTiuS,upstream,1,1,57ANN8dAbPX8x1BEFFwzBttkzwpKZBEiJkdiWSzVNQvS,2021-07-15T07:40:01Z,2021-07-15T07:40:01Z,MEDIUM,,False
DuqRF2eogmHHEBJ3DS7kjmbmjvXhKZuNcXb5uVv37Msi,direct,1,1,F41TwidZvJJcsx9c2BMwS6eH9W6HcUT4LzPmGvK9WU6N,2026-09-11T16:44:39Z,2026-09-11T16:44:39Z,HIGH,,False
Dv1hPF5chEWys1Zrpd4XtydvYpnnUPWwW9tzm5X6MYvu,upstream,1,1,CHygERrxnc5QByNCwxUNSMhP7tKJA7rh6hNBdJ2spump,2026-08-31T20:24:30Z,2026-08-31T20:24:30Z,MEDIUM,,False
Dw7hf9uM6Uc9whJsHnQqZozFgiowdShvLVZNnqC3AwSA,direct,1,1,dy6zeSw9j2zHprXLwk1uUGAD4d2HF5R3pAFrL6bRAKs,2026-09-14T20:18:56Z,2026-09-14T20:18:56Z,HIGH,,False
DwX9ELPGE1mNB79LusLiwzmpdM5FzD1FKbRLsq1cBYG4,upstream,1,1,9PNfxvTARzdxvQas2uknW57bnfMCS1dxW1He7rPbuhuQ,2025-08-05T19:00:48Z,2025-08-05T19:00:48Z,MEDIUM,,False
DxAnLN97fsAb91DSJqdwoUGrq6rHEBPYyrxqe9zwco9V,upstream,1,1,6wSQipxdE9Suf8tVNaCEbcqavUbLT7gL9tibpm3Jpump,2026-08-30T18:20:55Z,2026-08-30T18:20:55Z,MEDIUM,,False
DxjXw7bpLyS3YK7KoYPXa5iPrpkgFnCq6aEKfqcHNrr8,upstream,1,1,HJPjdsDmcvgCj4MV3NvqCWd78qDP8BMzGfrsk4Nbpump,2026-08-19T18:43:00Z,2026-08-19T18:43:00Z,MEDIUM,,False
Dy1cD4Rvfpw9fn9wEZcnXeDmp2KmTjfiabktTfJ8JPZ6,direct,1,1,CHygERrxnc5QByNCwxUNSMhP7tKJA7rh6hNBdJ2spump,2026-09-03T20:43:55Z,2026-09-03T20:43:55Z,HIGH,,False
DzG81GLPidek9YYNYv2jCu9fQaTSeLKeGebYrcTmzKDv,upstream,1,1,8ypYfW5cjafrfAZij8TZj5SFHAbPNpiRio96LMzypDkn,2026-09-12T08:38:58Z,2026-09-12T08:38:58Z,MEDIUM,,False
E1KWdtAw64voxqCNjm2B7azFT7g6QDgN18RwhsTmTNtQ,direct,1,1,DJejJn1iJntJVTAixy4VRgqJFF3NMKPEMgVzbJFmpump,2025-12-07T22:22:56Z,2025-12-07T22:22:56Z,HIGH,,False
E2Ec5XTexHbxEkCLdQSpTeCZCz9C8GPVJZpCc2L2re3m,direct,1,1,7dACCWZXF4Lr9ftxFpi7TJk7a3hcPpUwGPAcTuXDpump,2026-09-21T12:35:44Z,2026-09-21T12:35:44Z,HIGH,,False
E3isRYYQ2TXzr6EvWkPYKeYYFPCn6w8S9BacKXferxjw,upstream,1,1,8ypYfW5cjafrfAZij8TZj5SFHAbPNpiRio96LMzypDkn,2026-10-01T12:33:16Z,2026-10-01T12:33:16Z,MEDIUM,,False
E3qwnAjbHWVo7wjuCgkfgW1qBsxokp3rnAGfFdT5sLJs,upstream,1,1,sMe5iUcgTe4VXmg4WaShF5kuk6GmcKF3y4HqKGZpump,2026-08-28T20:28:27Z,2026-08-28T20:28:27Z,MEDIUM,,False
E4WuDtSt39GpUacPoFnaqU1jSni8LMG3nGt2mWL331NA,upstream,1,1,Ajz86fyiygsv8kZkUyDxogxkz5VfKRs4HTEABVTfpump,2026-07-07T20:43:28Z,2026-07-07T20:43:28Z,MEDIUM,,False
E4rQ6TyDRyyFv7hADBUXuw53qqpfkNZFBGiQPDjvFKNj,upstream,1,1,3GeNgcFpMwH9ts5b3W3jddtfwhwAURaykTy8YjtrGQWT,2026-09-06T11:53:06Z,2026-09-06T11:53:06Z,MEDIUM,,False
E5UdqaHen9xammc4DmBtweWrngRKKVuKRoAjxF8YM2ax,direct,1,1,6gKx5EMvnymTVz2JgFhJAqpGxTYaBdVsaLb9YfPfvg4Y,2026-08-18T23:39:59Z,2026-08-18T23:39:59Z,HIGH,,False
E5WqpjECmiNhqt2uvnV93JmL7LyaPPHkt1coxHqA8bwa,direct,1,1,GKTxLXsmkjLDo89XmPa5htwK7sAzdqZ3jmfV6gaTvK67,2026-09-16T13:33:37Z,2026-09-16T13:33:37Z,HIGH,,False
E5p5R3HkySgrU9TtrLzzHgGH4HMgq7Y34TKvKPg2718U,direct,1,1,44s336LDz8bXp4rpxy1qwUfysZ4THjpReQWTKQg7pump,2026-09-08T15:29:10Z,2026-09-08T15:29:10Z,HIGH,,False
E7HbbcwYMBSYNTqZCaDDyof4HmfAdyUsdtFJvdXcY3by,direct,1,1,7HiD5rzoZxAYXEJ8Z4t3WgM8VE1iSKWJdxPPyEdDNzwN,2026-10-04T07:27:07Z,2026-10-04T07:27:07Z,HIGH,,False
E8WcxN4LVpNNUW1d9k5ZD512pdJvoEGwmFmBtJ6AFz2n,upstream,1,1,55bKo8bj1YVEgsbwkkd4Nwu7JhaZF9trUgbvpZ3YeVCA,2025-02-08T19:39:15Z,2025-02-08T19:39:15Z,MEDIUM,,False
E92ATo6EwVQWSkm5V7Y9EjgDh38E4vFAxJogyMHSpnry,direct,1,1,6VMsrZvNaSzddT6vkY6dEDoFMeK5EoHD4KCAycfQpump,2026-09-07T14:30:45Z,2026-09-07T14:30:45Z,HIGH,,False
E9SK1htYef2qqAaJoFg6KPsdH133MxZ419NAGC2zok9V,upstream,1,1,8G7aM6Gco4fHjVpmVvUdVvhKMKaWXJEqkCKRvPdepump,2026-07-21T12:32:11Z,2026-07-21T12:32:11Z,MEDIUM,,False
EAJbSCdw6DuAunQHeQaepnz5DCswNYTi9VusaURCghaY,upstream,1,1,3vfxnHSCS139RZiw6MPZaEvhySnjbEi81GuF5EdNpump,2026-07-17T15:15:31Z,2026-07-17T15:15:31Z,MEDIUM,,False
EAUhoRXP3iWknPqY6tQXC1bq7bouC7Mpq2eRs3GBJUAJ,upstream,1,1,CSLP8Vp7u9hrXQi7crPXqCp7BaJaG4JrNxqvR3jDpump,2026-08-22T12:54:27Z,2026-08-22T12:54:27Z,MEDIUM,,False
EC4P8epGvBereFVXwyvD6MBj3MERnie9d5HZ56dzFucB,direct,1,1,dy6zeSw9j2zHprXLwk1uUGAD4d2HF5R3pAFrL6bRAKs,2026-09-10T17:12:38Z,2026-09-10T17:12:38Z,HIGH,,False
ECHuwZVjbd8HspYbWGzeQU5iiKZAwmLmr7ExrXPrfXP7,direct,1,1,5pSEZw1iytqYznD7crsGyKNek7q5JkjBqj2KmfqxUVZd,2026-09-18T20:37:10Z,2026-09-18T20:37:10Z,HIGH,,False
ECVVrtv42LXLPhgSPB2wS2EQecWykJjPkN46WV2xRaJB,upstream,1,1,8ypYfW5cjafrfAZij8TZj5SFHAbPNpiRio96LMzypDkn,2021-10-27T11:20:11Z,2021-10-27T11:20:11Z,MEDIUM,,False
ECskVAwoChTCEDRpegbeb4LMqfFLu1TRFmSea1qRcu6S,upstream,1,1,4n32UBFWKJNPQayeN25GrLJHswbja41XFMxebcg9pump,2024-01-12T00:43:14Z,2024-01-12T00:43:14Z,MEDIUM,,False
ED7zF18VSnw3JFwXdnCGgntfuDxcKx6LVwzChhuKLnaG,direct,1,1,DkDwxjD5JFK7hd7qUNHqNaTeqDGcZ1ia3Y6E7EUiehEn,2026-08-09T17:18:59Z,2026-08-09T17:18:59Z,HIGH,,False
EDrsMaWoPpQ3Y6GRzynfuE6KjeFbx1FUYTxj1f6JYrWW,direct,1,1,13V3CbY7Q7AXnf24FMsUaQrmLxnRU4Md9phDEWZvpump,2026-08-31T22:38:20Z,2026-08-31T22:38:20Z,HIGH,,False
EEXgTzZK3G1enUrGecXJkWe5RQqNzqtzufKZy32uWsvm,upstream,1,1,2A6sLqrw8WN6KkgnCsN4xJkyAowBZHr2H9xQ4u3Mpump,2026-06-06T14:01:10Z,2026-06-06T14:01:10Z,MEDIUM,,False
EEwVT4xMbsYuCvBPG94e9D7oBfzdWqq7KxYdvgmQhwW2,upstream,1,1,6wSQipxdE9Suf8tVNaCEbcqavUbLT7gL9tibpm3Jpump,2023-12-08T19:53:25Z,2023-12-08T19:53:25Z,MEDIUM,,False
EF4oFpqvm1A4n7M1kdZZ2W48cNmKR8MsXsy76czpHFfG,direct,1,1,AbpJywMWmkf1MFonRddPVogSwPPZHB9pG4x2nKb1YaPn,2025-10-05T19:17:51Z,2025-10-05T19:17:51Z,HIGH,,False
EFQWfkdrszoHqC5xNZJeegrw6gywv6BR8jRREs6kTaJN,direct,1,1,G9r7nnHSgvb7LUfCE8kavRaKokEMMYBjVHGKvQ6dpump,2026-09-30T15:32:02Z,2026-09-30T15:32:02Z,HIGH,,False
EGXE51ht9q7b5G7YezZMnk6gznr4L7vSHSETLrdRKz63,upstream,1,1,2iSB473Z7L2ndpWs3n22tb7H3KSGpswDTH3jP7qCCAZT,2026-02-05T13:14:53Z,2026-02-05T13:14:53Z,MEDIUM,,False
EGqzoHpKoyH4awhtPeQN9DJugwrkuAuDyH24nN9twkou,direct,1,1,9mqJNDG2squcqZt2zC7cWWNtVozUbQUnzVnP1jG6pump,2026-08-02T03:20:04Z,2026-08-02T03:20:04Z,HIGH,,False
EHFGraJiDaWnxYHVu1s9sFx1oeMKieWVhTiDRezqZXCj,direct,1,1,57ANN8dAbPX8x1BEFFwzBttkzwpKZBEiJkdiWSzVNQvS,2026-10-01T09:42:37Z,2026-10-01T09:42:37Z,HIGH,,False
EHFGraJiDaWnxYHVu1s9sFx1oeMKieWVhTiDRezqZXCj,upstream,1,1,57ANN8dAbPX8x1BEFFwzBttkzwpKZBEiJkdiWSzVNQvS,2026-10-01T09:42:37Z,2026-10-01T09:42:37Z,MEDIUM,,False
EHf4w1VLeQ5yYVNDfCBnwBnLo4x5wmAZH27tVnvJnKVc,direct,1,1,4prKtarobdhYDY4Hu3uGZMx7Je4HqPJeLVyxN6m4Ld3T,2026-07-31T16:54:22Z,2026-07-31T16:54:22Z,HIGH,,False
EHmpUd9vZbfWP37r5XjHZ5KtGrwJ5u3P1nNFYpTsaL2g,upstream,1,1,rMPLDvnn6KR773WNhZvtFNcgFwnRkc7UbPkUaiMpump,2026-05-08T06:46:22Z,2026-05-08T06:46:22Z,MEDIUM,,False
EHyi9efoaRreCVT6YF3wkU8CcN3UAWLKzS4ajJ8jEHEJ,upstream,1,1,21XJbyQWEhmeoxKRHdGrEjetSfHopvtp68LWzdvT471M,2026-01-30T17:21:41Z,2026-01-30T17:21:41Z,MEDIUM,,False
EJEZLEVmN5Ba2GBfrVUhrtKjP7zxzbxHgdXMVLAGaxM8,direct,1,1,GfqKCwNeAdHHi97AmgCLP5qrwcSJRDdyZ1huiU6xUXTz,2026-09-11T01:57:02Z,2026-09-11T01:57:02Z,HIGH,,False
EJFUkwsNRqsMMZc9iUbszzDfwczgsgjRTL5EAtSmtNN8,direct,1,1,DQ2H7qcj262RAKfSxGYeL7cYJq54mVdXe4gYxUwxpump,2026-08-16T13:00:52Z,2026-08-16T13:00:52Z,HIGH,,False
EJSYDj4NXgu3bcmzFmyHJGucaqb5r5MkBRRU9ibd1MsE,upstream,1,1,25GrKYrc3y4LZmmuhppYgFRCKb7JyZ6grum4WhLYvA1z,2026-06-12T14:38:07Z,2026-06-12T14:38:07Z,MEDIUM,,False
EKR47RNnvQtTN28mDA38UdDjEATTNwQWuhUB7BRGC3MU,direct,1,1,55bKo8bj1YVEgsbwkkd4Nwu7JhaZF9trUgbvpZ3YeVCA,2026-09-11T11:50:03Z,2026-09-11T11:50:03Z,HIGH,,False
EKv8tVc2CGZQwvtwQMMMTLF5X5pL8EEcbhTpdsP532LU,direct,1,1,5DoZAeBkoci5t5zPhUiuhQFjuzYTfkSv5Seojsxppump,2026-05-04T10:06:50Z,2026-05-04T10:06:50Z,HIGH,,False
EKwkkRQDpncBnB7r2effFxQA5g56aXyFifv441FKQFVn,direct,1,1,rMPLDvnn6KR773WNhZvtFNcgFwnRkc7UbPkUaiMpump,2025-04-09T16:34:14Z,2025-04-09T16:34:14Z,HIGH,,False
EL5G3L8HqxegaBcRZDkRqaKcr4Kp38Gz4R7TCyqUtRrG,direct,1,1,H8oe2SCksJcYzhPeS4TsbteusgZW5k7QaZ4boKyq8C7U,2026-10-03T14:05:49Z,2026-10-03T14:05:49Z,HIGH,,False
ELCotAzwH9uTGUKBwqhprD5FP91xVZzRQaSQqqTsd9i3,upstream,1,1,4prKtarobdhYDY4Hu3uGZMx7Je4HqPJeLVyxN6m4Ld3T,2026-05-20T02:32:35Z,2026-05-20T02:32:35Z,MEDIUM,,False
ELcPpDttdjyRrN9tkpYUaANrhzzPzj3ZxnunfHxt12Fw,direct,1,1,4ZUjJ5EJbwfh7teotB29uHc1SC3SiqbrkwJoNgsxibbU,2026-06-20T06:55:49Z,2026-06-20T06:55:49Z,HIGH,,False
ELetGHs1ySXrt8GqG4Ts3F2rirfmk42oMFzhCdvH4pJK,upstream,1,1,omskHvyNvQSn3PFak3E8JHQJeSVJFsrc6izWT12pump,2026-01-14T11:09:02Z,2026-01-14T11:09:02Z,MEDIUM,,False
EMLcaY28SJSyLaoxFCLkoMfNH9uXoswjdi7f5WLBt9G,direct,1,1,4sjtHGeAKP6DoMUdvFqQuiYKhhPpwa9XCxUyuFD2pump,2026-08-26T21:08:22Z,2026-08-26T21:08:22Z,HIGH,,False
EMV3mFRK23BcBf2DWF3XHxD8tNb3wzLGeT9oy6arAE9d,upstream,1,1,5EZ7yagvcsHcwH3e17khLwGzhFrCsx7CKS7ZN6J6i4Lh,2026-09-03T21:42:20Z,2026-09-03T21:42:20Z,MEDIUM,,False
ENUCZ1rZwDCvTHf7U3hBXV32vn4VutSvDAsDJGUYsQqW,upstream,1,1,BmU6YJP2YCAo8sc2dkeR8KjvF3rGFBHZL25ejysppump,2024-12-24T00:52:44Z,2024-12-24T00:52:44Z,MEDIUM,,False
EQCRdwCY1JJKTwimzMX1tPsiLaVKVqrGPbLMLLgnaAJV,direct,1,1,FuF2M5T79HJdpJUbp46qwWssLXQ1Xjf1yiNSfyo5UEGC,2025-04-21T18:04:12Z,2025-04-21T18:04:12Z,HIGH,,False
EQHRJPvpzxS1r6Xy4GggLwnAgqfYZ1hAmBkxEPuCBrWz,direct,1,1,9CzNGAEutxKHJ5CwYC5Lk8X8YzgYrQnvKChP2BFEpump,2025-08-24T10:28:48Z,2025-08-24T10:28:48Z,HIGH,,False
EQTKhNYQrXko3nK5ZdCciuqba3f6TGcDHZYTdhrAbBE2,upstream,1,1,69N7rm9nnp6sVoULtp5toD26F25rYum8593GupxkUYvH,2025-08-23T02:42:51Z,2025-08-23T02:42:51Z,MEDIUM,,False
EQbPkVihx11yATCvhDuniE6TvNDkdPG5gDauRdqzExmW,direct,1,1,47r9YPDeTVpwHjAakoVgnzNTJRChXC8f4KSUqMbEsBbM,2026-09-02T09:35:00Z,2026-09-02T09:35:00Z,HIGH,,False
ERU14ALCqDHLouLsRcGsYdvW1AoA12c6raMzsi5KZvNC,upstream,1,1,2iSB473Z7L2ndpWs3n22tb7H3KSGpswDTH3jP7qCCAZT,2026-08-02T19:37:56Z,2026-08-02T19:37:56Z,MEDIUM,,False
ETRKu9LrjY4ZGVL4yKg3QcMVVJkNrN7jmPhkX98cK2Pf,upstream,1,1,F41TwidZvJJcsx9c2BMwS6eH9W6HcUT4LzPmGvK9WU6N,2026-04-28T17:19:09Z,2026-04-28T17:19:09Z,MEDIUM,,False
ETaG4cXQe7qsR6sTWcMMtQXR4cQSXEcsGVNVqL6MX8Cy,upstream,1,1,EkTkjVEfhvgkoCwheMTnr8mhEmJ6Q7ZR8q7ZMCcnpump,2026-07-20T21:33:41Z,2026-07-20T21:33:41Z,MEDIUM,,False
ETtpnXf2vYibmtfzdrMTdrrFmKxZBmdpZfwt6BzZKmzX,direct,1,1,3uYT8w1FxasDGmM4WDG5kXu6D9BGvyP3iEfPJEVb6ewT,2025-06-16T09:25:44Z,2025-06-16T09:25:44Z,HIGH,,False
EU64Hmorz9FkFWRbyW32yd6MZKhFCMgwx8arqvyAsaAf,upstream,1,1,4prKtarobdhYDY4Hu3uGZMx7Je4HqPJeLVyxN6m4Ld3T,2026-08-29T15:15:08Z,2026-08-29T15:15:08Z,MEDIUM,,False
EU9vfuXY4gtYkL4wtUFkR7WytfyombA7cuSFbTq8SLCp,direct,1,1,5o43e7gYZWFNEpdqkegHY6LXkhMXB1z6f7d6TAVGEMTM,2026-09-22T13:34:31Z,2026-09-22T13:34:31Z,HIGH,,False
EUhDr2G3gtFnkxjbmFUURmpW7YiUBh2A6vvLJ5eubxna,direct,1,1,4prKtarobdhYDY4Hu3uGZMx7Je4HqPJeLVyxN6m4Ld3T,2025-10-20T13:54:36Z,2025-10-20T13:54:36Z,HIGH,,False
EVaAo6J7uvZkWgNUHKZQPmu5JZTCauGsHATqrsaHizhz,direct,1,1,HJPjdsDmcvgCj4MV3NvqCWd78qDP8BMzGfrsk4Nbpump,2025-08-16T21:05:27Z,2025-08-16T21:05:27Z,HIGH,,False
EVevj5oqhFj3SjC6nYhWd61kYuPwCXbMrx1gLDq2CWvL,upstream,1,1,9PNfxvTARzdxvQas2uknW57bnfMCS1dxW1He7rPbuhuQ,2026-07-27T07:07:47Z,2026-07-27T07:07:47Z,MEDIUM,,False
EVevj5oqhFj3SjC6nYhWd61kYuPwCXbMrx1gLDq2CWvL,direct,1,1,9PNfxvTARzdxvQas2uknW57bnfMCS1dxW1He7rPbuhuQ,2026-07-27T07:07:47Z,2026-07-27T07:07:47Z,HIGH,,False
EVrumbkLwfhb9TLP8XR3Fde9QhW7xyHGMnJUjNzC81jk,upstream,1,1,GL7M1C4QeLoURyexYgdhuP8SvaPh5LHQLRqKha3epump,2025-01-04T09:54:09Z,2025-01-04T09:54:09Z,MEDIUM,,False
EW4qF7gSSQGrKEPjD5suEoVEfw6RoXZhiWwCLdxdpqAn,direct,1,1,2iSB473Z7L2ndpWs3n22tb7H3KSGpswDTH3jP7qCCAZT,2026-02-19T09:23:53Z,2026-02-19T09:23:53Z,HIGH,,False
EY2hbXX2sJE1AQPFLmWd9WvLPJoKXhKHw9xxyG1Rr14L,direct,1,1,rMPLDvnn6KR773WNhZvtFNcgFwnRkc7UbPkUaiMpump,2025-03-22T22:58:29Z,2025-03-22T22:58:29Z,HIGH,,False
EYEQVKLQDfUqXgbhZVeDWCK8sLUGagAkwutZQ3UhqV9v,upstream,1,1,7xXo3JYBqzh6D91XRppzFRLfw8wJHypeukGaNWwKgZ8m,2024-12-14T14:07:41Z,2024-12-14T14:07:41Z,MEDIUM,,False
EYN6LkE25UJyywZpghdj14usioUq7JqLHnTRDAmBJpmc,upstream,1,1,28HydoWU7TZQxWiVQxGZyspE3qgWdCHToNDVgLoNpump,2025-02-13T04:29:49Z,2025-02-13T04:29:49Z,MEDIUM,,False
EYNHQMfqBPrxgmuroeFD6xf8Dd1yW2ZPhWm7wBt89YSp,direct,1,1,CHygERrxnc5QByNCwxUNSMhP7tKJA7rh6hNBdJ2spump,2026-09-01T19:12:31Z,2026-09-01T19:12:31Z,HIGH,,False
EYeDuAV5UPvkTtkS45z3zQ7VWrLWWG3e1BNCnPYHmtTm,upstream,1,1,F59cEB3A7RAKHGtkvR577swnPSP6EsdaBoL5AcVZpump,2026-08-25T12:28:05Z,2026-08-25T12:28:05Z,MEDIUM,,False
EZCCmj5STmhYg1q8DyApNJUocm5REdyvGxQMcy1QSaut,direct,1,1,FuF2M5T79HJdpJUbp46qwWssLXQ1Xjf1yiNSfyo5UEGC,2025-04-20T16:14:08Z,2025-04-20T16:14:08Z,HIGH,,False
EZHxPvH1qwH1YyyrS751ynrokgKsGVXtr9sWyMBtRnbT,upstream,1,1,4ZUjJ5EJbwfh7teotB29uHc1SC3SiqbrkwJoNgsxibbU,2023-12-27T23:52:39Z,2023-12-27T23:52:39Z,MEDIUM,,False
EZrV4FNxkiNBASvy9Nq95G3ga8xBPP8bGdjnCUWE3d5o,upstream,1,1,9xhMStAAufkH5jA5nevaGy6M9fCsQ74BZnsXyo93DkfA,2026-01-30T16:44:47Z,2026-01-30T16:44:47Z,MEDIUM,,False
Eb8MYKgfZbW93RoMgD4FDX57Kxc84oj7wHM2ibmJKuW,direct,1,1,8qT3o4k4aUmyLrgd7hHYmVxin3kFhQ9QsXdSXTP6pump,2026-06-22T16:25:56Z,2026-06-22T16:25:56Z,HIGH,,False
EbSpm2k2PJRD1wdoZUTcTDyFp8d4EUcvR3Nb9xrCDzvB,upstream,1,1,rMPLDvnn6KR773WNhZvtFNcgFwnRkc7UbPkUaiMpump,2026-05-07T10:47:52Z,2026-05-07T10:47:52Z,MEDIUM,,False
Ec1ppyYrai72DM5B8wqYmQU7HrS1kk1xQDx8DUxEFnSL,direct,1,1,3GeNgcFpMwH9ts5b3W3jddtfwhwAURaykTy8YjtrGQWT,2026-09-06T13:00:24Z,2026-09-06T13:00:24Z,HIGH,,False
EcYgETbnJAPLXgpx3TrpXc7MpwgeEGNZR4eAVgqf86PS,direct,1,1,4prKtarobdhYDY4Hu3uGZMx7Je4HqPJeLVyxN6m4Ld3T,2024-07-09T20:53:09Z,2024-07-09T20:53:09Z,HIGH,,False
EchsxfwQ4JU3KHA9sTozsz6K5ZYx7f3dcKoEc8RZWdoK,upstream,1,1,D4aEpQLW45YnWrBmztcpJHqabbPtFe9F9PTv8Umvpump,2026-08-27T11:31:46Z,2026-08-27T11:31:46Z,MEDIUM,,False
Eck9KGurhHELCkyTMK2PwJi7AWmq6N3SJYhvvTZemhaT,direct,1,1,7dACCWZXF4Lr9ftxFpi7TJk7a3hcPpUwGPAcTuXDpump,2026-09-18T22:41:12Z,2026-09-18T22:41:12Z,HIGH,,False
EcqbnKErTtdNg5ciXj1c5ticyuUEPmX3KTFTEbHsWaS4,direct,1,1,7p4MwwkUaMv4gBThVkW46QjwVaosaUrccbFV1MbXpump,2026-09-12T12:36:14Z,2026-09-12T12:36:14Z,HIGH,,False
EdeKup62LFBR4eNAveMr9nW3St7XajMFhF68kAfvC4gc,upstream,1,1,4ZUjJ5EJbwfh7teotB29uHc1SC3SiqbrkwJoNgsxibbU,2023-12-29T17:33:37Z,2023-12-29T17:33:37Z,MEDIUM,,False
EdgiMKsumtwtmCra1bpccDkt9DXZ2huFrkfPETMNsVyB,direct,1,1,7HiD5rzoZxAYXEJ8Z4t3WgM8VE1iSKWJdxPPyEdDNzwN,2026-09-02T21:07:54Z,2026-09-02T21:07:54Z,HIGH,,False
Ee9CTeopNW2657puxPWZsAtQcMiin2h5cHzWM6bypqax,direct,1,1,GfqKCwNeAdHHi97AmgCLP5qrwcSJRDdyZ1huiU6xUXTz,2026-09-17T08:47:36Z,2026-09-17T08:47:36Z,HIGH,,False
EfGxX17Q75fDiH154NkZNESn1smZbd7rDvDtnNWizZSD,direct,1,1,5Sg1vv51KGCSDF2gBHgbNATCEXFjYtVhWgztNUwtgJYD,2026-08-19T17:05:07Z,2026-08-19T17:05:07Z,HIGH,,False
EfPssv3MPAsYAPZ2CjPaGZbkuJtYxY75ZTPSvtXzhqL8,direct,1,1,3coFBLantjJkMRmzaQ4znMQQzfqFYTyBeNhdXYAzpump,2026-09-03T01:39:57Z,2026-09-03T01:39:57Z,HIGH,,False
EgTWSiqrrP2mgGMRLUsk9jRwjuKV9QAyqKT9U5qu9v7g,upstream,1,1,13V3CbY7Q7AXnf24FMsUaQrmLxnRU4Md9phDEWZvpump,2026-08-31T22:37:16Z,2026-08-31T22:37:16Z,MEDIUM,,False
Egq3yfEVJHvKtX6ETbaUXSSNXPLidb4DuvMKuRFRHA8Z,upstream,1,1,EHUzmwAzmUix7TkwVr7b16U9ChJDr3RpjfXshR5swy5j,2026-08-31T19:43:49Z,2026-08-31T19:43:49Z,MEDIUM,,False
EhVerAQCXuzNpvjXuwVFJNvCgpLnzWLsSzhYiuZwXSPu,direct,1,1,7Q9VxTczrzgvjXWbJJZibR7hbYAohngsNsuEhdEcpump,2026-04-25T12:10:36Z,2026-04-25T12:10:36Z,HIGH,,False
Ehu52Xpw7xytEZbcomGeSmPXUQXuY5763cmfTfLkoaHS,direct,1,1,7dACCWZXF4Lr9ftxFpi7TJk7a3hcPpUwGPAcTuXDpump,2026-08-31T19:51:03Z,2026-08-31T19:51:03Z,HIGH,,False
EhwqsXUJgvc3veC7jumxaHs8fvFLGVgG7uRBBD1avxC8,direct,1,1,AmWCcDf6tG7zB3VPeDVjeXL5N567fXAiHcTKw3xXpump,2026-07-05T15:02:26Z,2026-07-05T15:02:26Z,HIGH,,False
EiT9GqS4fMR3cPsYeS98HMoNCq81DjDgfMBJr4WwTJb7,direct,1,1,7dACCWZXF4Lr9ftxFpi7TJk7a3hcPpUwGPAcTuXDpump,2024-09-30T07:13:30Z,2024-09-30T07:13:30Z,HIGH,,False
EiW1mxZDkeZt1Hjm5Aqg4scLPgkwQF7aN91anWtiYWgt,upstream,1,1,ASftCNtzPNmK3nMDvpQNvpLauKS45Vkq7kwTPutqUBL1,2026-01-05T20:18:03Z,2026-01-05T20:18:03Z,MEDIUM,,False
EjJWoy6hYD6tdohvCjPGpK2DF5X9pVqYiryxLT2HLBab,upstream,1,1,3GeNgcFpMwH9ts5b3W3jddtfwhwAURaykTy8YjtrGQWT,2026-07-19T03:18:12Z,2026-07-19T03:18:12Z,MEDIUM,,False
EjgNevdaemf2FgKxKh4vsXa3BXpPZoMARjaeBjoKgAVf,direct,1,1,DkDwxjD5JFK7hd7qUNHqNaTeqDGcZ1ia3Y6E7EUiehEn,2026-09-10T23:49:11Z,2026-09-10T23:49:11Z,HIGH,,False
Em39DrHj4y43HvU13bN6ivYedeFKq3UXu8Y3wLvUeom9,direct,1,1,B3xU49SW3khA7m5Lgata2fmPxZeQRuaJbCruPsVDpump,2026-08-28T06:02:24Z,2026-08-28T06:02:24Z,HIGH,,False
Emd1gPvKtrBnwkWeVpP9JkiE93xGrridbwiYEWkVGT7Y,direct,1,1,7xXo3JYBqzh6D91XRppzFRLfw8wJHypeukGaNWwKgZ8m,2026-08-11T10:34:42Z,2026-08-11T10:34:42Z,HIGH,,False
EmpBg4rvEZXakofVmxYRsC1WfBmcmCrmp7zz53BsX3Aj,upstream,1,1,F59cEB3A7RAKHGtkvR577swnPSP6EsdaBoL5AcVZpump,2026-09-01T21:51:55Z,2026-09-01T21:51:55Z,MEDIUM,,False
EnxFkSMoJkEzYUkWHubEXYKw2y9HQVUEHGmXrMyQniKu,upstream,1,1,GL7M1C4QeLoURyexYgdhuP8SvaPh5LHQLRqKha3epump,2026-01-22T13:31:20Z,2026-01-22T13:31:20Z,MEDIUM,,False
Eo5xQ8JyHAL6m7y9ZoziErpkNxVQEEkgoLkxHjrXeko8,upstream,1,1,6wSQipxdE9Suf8tVNaCEbcqavUbLT7gL9tibpm3Jpump,2025-05-04T11:57:01Z,2025-05-04T11:57:01Z,MEDIUM,,False
EoNVQPkLfGirZ2a1aJERcJXdKMLYP8yArBjDPNiVJLrA,direct,1,1,7xXo3JYBqzh6D91XRppzFRLfw8wJHypeukGaNWwKgZ8m,2025-09-17T07:29:07Z,2025-09-17T07:29:07Z,HIGH,,False
EpdDsYL5g3KvMyPqMaftxDyKrYqR4ouqtttdjMx4XK6m,direct,1,1,GfqKCwNeAdHHi97AmgCLP5qrwcSJRDdyZ1huiU6xUXTz,2026-02-10T21:46:58Z,2026-02-10T21:46:58Z,HIGH,,False
EpoXrGfxMdM5uWx6irwEgFHv3YMS8jjdoSsVXSUH6sFz,direct,1,1,4prKtarobdhYDY4Hu3uGZMx7Je4HqPJeLVyxN6m4Ld3T,2026-06-02T01:28:49Z,2026-06-02T01:28:49Z,HIGH,,False
EqiFgyNw6kgrmYstWyrP8VjKhka7XEmKTZzHSmwpr1Zb,direct,1,1,FuF2M5T79HJdpJUbp46qwWssLXQ1Xjf1yiNSfyo5UEGC,2026-08-22T14:18:58Z,2026-08-22T14:18:58Z,HIGH,,False
EqpU1FDB6ddgcNwJwi2DVYANVoCDaDFagygphrswbgLh,direct,1,1,7p4MwwkUaMv4gBThVkW46QjwVaosaUrccbFV1MbXpump,2026-08-30T14:48:51Z,2026-08-30T14:48:51Z,HIGH,,False
ErhDYuG8N7Q5zdpKeakKpLTTBLdf4fd35Tg63xA6Df8j,direct,1,1,55bKo8bj1YVEgsbwkkd4Nwu7JhaZF9trUgbvpZ3YeVCA,2025-04-17T04:22:02Z,2025-04-17T04:22:02Z,HIGH,,False
ErvXUnneyKSTKTWm6AXJ6WHZmJWT5LYVtvP1yKEuHHum,direct,1,1,BmU6YJP2YCAo8sc2dkeR8KjvF3rGFBHZL25ejysppump,2025-07-20T20:32:08Z,2025-07-20T20:32:08Z,HIGH,,False
EsMBRKr6FoTt7CmBU6Auu242nR3AyJWqxGaigMJeBSz7,direct,1,1,BZYpLHhui3qRNokWFg2JcX8CYtMqzWHR5R4xowjcbPqh,2026-08-30T23:58:25Z,2026-08-30T23:58:25Z,HIGH,,False
Esu7FjnoV3DeY4AR3fYZiZU67n11Wr1LgmZR6pRTE9rH,direct,1,1,xeKm1qmxyHLJZLdwKpsZdx5UFtYyb124GTWRZWypump,2025-06-28T16:44:47Z,2025-06-28T16:44:47Z,HIGH,,False
Esu7FjnoV3DeY4AR3fYZiZU67n11Wr1LgmZR6pRTE9rH,upstream,1,1,xeKm1qmxyHLJZLdwKpsZdx5UFtYyb124GTWRZWypump,2025-06-28T16:44:47Z,2025-06-28T16:44:47Z,MEDIUM,,False
EtrFKkV7nb4hna25bRTAsgThoiqSfwAoHvG2s357cNio,direct,1,1,5DoZAeBkoci5t5zPhUiuhQFjuzYTfkSv5Seojsxppump,2026-04-18T10:38:58Z,2026-04-18T10:38:58Z,HIGH,,False
Euc3mCS4QscM9NBsPGe4zhDNCjD2XN9dNsQhM2YSAAdd,direct,1,1,7xXo3JYBqzh6D91XRppzFRLfw8wJHypeukGaNWwKgZ8m,2026-08-08T02:45:58Z,2026-08-08T02:45:58Z,HIGH,,False
Ev4MQJN3DVP34a1M8RsSLSb7E5eqrUyNaNga3YEsJqRF,direct,1,1,D4aEpQLW45YnWrBmztcpJHqabbPtFe9F9PTv8Umvpump,2026-09-03T15:46:33Z,2026-09-03T15:46:33Z,HIGH,,False
EvYAUHw4XZTuG3RH7BT2yecCLYPCxKPALrag1c1v6dFt,direct,1,1,2iSB473Z7L2ndpWs3n22tb7H3KSGpswDTH3jP7qCCAZT,2026-07-29T19:28:21Z,2026-07-29T19:28:21Z,HIGH,,False
EwZguuowsts46vLSFf6iokY9NQEGCebnQSBvBM57JXVi,direct,1,1,3GeNgcFpMwH9ts5b3W3jddtfwhwAURaykTy8YjtrGQWT,2025-06-19T07:11:12Z,2025-06-19T07:11:12Z,HIGH,,False
Ewu3fq5SNv2BoFArh5ySvLfwxyXgJBUXp6Rm33qbuEfR,upstream,1,1,DTm66ivA96mhuQnqTy1cv7uELS4MHdYtpbRGJdW9t7Fn,2025-04-23T02:41:17Z,2025-04-23T02:41:17Z,MEDIUM,,False
Ex7UenPz33rMzhvgbyQSBdrtJyx67zK3VkG9FxAfDRLa,direct,1,1,9hAojtonqe4RUQarvUYZhFqC99VK1S3LCewYkSjnpump,2025-08-23T04:36:21Z,2025-08-23T04:36:21Z,HIGH,,False
EzcD6Kc7GYBqBdRo6Lnv3YiwpAUtxYtb5xKWw8r7Q7H8,upstream,1,1,8ypYfW5cjafrfAZij8TZj5SFHAbPNpiRio96LMzypDkn,2026-07-23T10:41:53Z,2026-07-23T10:41:53Z,MEDIUM,,False
F16ADXrPetbFRxSreVYogoy4H3fBNuNBvxyjpZDYi61f,direct,1,1,FuF2M5T79HJdpJUbp46qwWssLXQ1Xjf1yiNSfyo5UEGC,2024-10-30T22:00:36Z,2024-10-30T22:00:36Z,HIGH,,False
F1AkDjsmtj9dAu3m79eBXQwUkgvcGDkYMB7P6UmRMZGm,upstream,1,1,7271ZR6GBzaGqdtP28ZqZ5BKRt2ziu4AnPnVCAL7pump,2024-06-22T14:50:47Z,2024-06-22T14:50:47Z,MEDIUM,,False
F1ZUYLPBdQGAtb9yVRrqFh21HQTgiRKm7mV454rieG6K,direct,1,1,4ZUjJ5EJbwfh7teotB29uHc1SC3SiqbrkwJoNgsxibbU,2026-06-30T11:40:54Z,2026-06-30T11:40:54Z,HIGH,,False
F1msAabChVC5mTjVAHv5SdFGoXm17KwtBKnJLGrtBif3,upstream,1,1,7aLLQRBpGCaSLmmHGf34MGtbdtTumiB14d14TtDnpump,2025-09-07T03:38:10Z,2025-09-07T03:38:10Z,MEDIUM,,False
F3WtPGhMA9nMnMXFAZZDCXTjC51mRqbCfb92e3Mh6Pdr,direct,1,1,H8oe2SCksJcYzhPeS4TsbteusgZW5k7QaZ4boKyq8C7U,2026-07-29T17:59:39Z,2026-07-29T17:59:39Z,HIGH,,False
F4JM3ws8FqLjFrKiYPYqo7kWL95U8j5XLVEzeJZ78jGi,direct,1,1,4kkrecvSVnnkK3RZcJ85tNFiZu9pWg584yHjNCqEpump,2026-07-27T22:06:38Z,2026-07-27T22:06:38Z,HIGH,,False
F4T8utnEYpH7ECQNsMYEVVcNLxUpEwPRDv9nnhE42mek,direct,1,1,rMPLDvnn6KR773WNhZvtFNcgFwnRkc7UbPkUaiMpump,2026-08-28T22:39:14Z,2026-08-28T22:39:14Z,HIGH,,False
F4Zr7xeheMAozaVZFqg31D5jHhLKJptotGJdoezkR7M7,direct,1,1,8ypYfW5cjafrfAZij8TZj5SFHAbPNpiRio96LMzypDkn,2026-09-15T17:49:34Z,2026-09-15T17:49:34Z,HIGH,,False
F58LFGbv7wCEbsMkHZZqRmESc5KVVsp7A8iLCb4U7zdr,upstream,1,1,5o43e7gYZWFNEpdqkegHY6LXkhMXB1z6f7d6TAVGEMTM,2025-05-01T20:53:39Z,2025-05-01T20:53:39Z,MEDIUM,,False
F5FtciqwUUeqzsqcnmDCEE9NBEgvadiXHZNJhP4QvR3q,upstream,1,1,3GeNgcFpMwH9ts5b3W3jddtfwhwAURaykTy8YjtrGQWT,2026-08-30T01:47:10Z,2026-08-30T01:47:10Z,MEDIUM,,False
F6FL3svNR9CXu2r4AzEfFQLZwN6CNYzyZ3rw2RTvir52,direct,1,1,EHUzmwAzmUix7TkwVr7b16U9ChJDr3RpjfXshR5swy5j,2025-11-06T08:52:20Z,2025-11-06T08:52:20Z,HIGH,,False
F6FL3svNR9CXu2r4AzEfFQLZwN6CNYzyZ3rw2RTvir52,upstream,1,1,JAqRn24FuQ5MFReXNgXb8uFej5vHJDxhVtebpQvHTQZy,2025-11-06T08:52:20Z,2025-11-06T08:52:20Z,MEDIUM,,False
F6u91ty17fCgipXRuRAEEUnuBRruLg3Ug21uatBiyMpe,direct,1,1,21XJbyQWEhmeoxKRHdGrEjetSfHopvtp68LWzdvT471M,2026-01-06T09:45:16Z,2026-01-06T09:45:16Z,HIGH,,False
F7VFUA28jZA2kBcnoQZu2pTyCwe1X8KFcmDaA1n2F6VM,upstream,1,1,6sFMbTF2VTzutzKekenJujFZBqb4TiBZJKfyLMUbpump,2025-01-23T05:18:42Z,2025-01-23T05:18:42Z,MEDIUM,,False
F7irKob2gdWmnQHZc7RpVszMFMTG8s7o5inuzt5uv1yG,direct,1,1,AbpJywMWmkf1MFonRddPVogSwPPZHB9pG4x2nKb1YaPn,2026-08-29T12:44:46Z,2026-08-29T12:44:46Z,HIGH,,False
F8BXZsETWWiG6xqF9BKxEh4YoGNcVfW4ef2ntgtFw5Hr,direct,1,1,8G7aM6Gco4fHjVpmVvUdVvhKMKaWXJEqkCKRvPdepump,2025-05-15T13:08:06Z,2025-05-15T13:08:06Z,HIGH,,False
F8ePdsExXQn7Cc6tDVAuUbCzqBgc6rYVuoq5FuyGBoTc,direct,1,1,H9GGsNc7vA4hN13N1oU4itq8x3mrdZBdw2XdK3Mipump,2026-05-02T16:34:01Z,2026-05-02T16:34:01Z,HIGH,,False
F99w8XFPtdD6A7Eb14KJvXAMq4EEUmiQP6BTzePU2tot,upstream,1,1,47r9YPDeTVpwHjAakoVgnzNTJRChXC8f4KSUqMbEsBbM,2026-09-01T18:52:06Z,2026-09-01T18:52:06Z,MEDIUM,,False
F9uBJEFywAE4nWtNQRwWhR6vyTkMcL9EwMctJfm56zXp,upstream,1,1,dy6zeSw9j2zHprXLwk1uUGAD4d2HF5R3pAFrL6bRAKs,2026-09-06T10:50:19Z,2026-09-06T10:50:19Z,MEDIUM,,False
F9zT1F46HAoPanR4NC1Yw7TyP8Z9tCavTe48mrzK7aN4,direct,1,1,21XJbyQWEhmeoxKRHdGrEjetSfHopvtp68LWzdvT471M,2026-08-03T18:18:43Z,2026-08-03T18:18:43Z,HIGH,,False
FAYa9qkvcmZEMKB8Sd5jt2dqKi5dNfqpCsuuGoYy4NBU,upstream,1,1,JAqRn24FuQ5MFReXNgXb8uFej5vHJDxhVtebpQvHTQZy,2024-12-27T22:42:25Z,2024-12-27T22:42:25Z,MEDIUM,,False
FAfSPA3RPMpQRnV11iAw3hUu7GxA218Nuacb4eVF3p1o,direct,1,1,5Sg1vv51KGCSDF2gBHgbNATCEXFjYtVhWgztNUwtgJYD,2025-04-16T16:41:48Z,2025-04-16T16:41:48Z,HIGH,,False
FAfSPA3RPMpQRnV11iAw3hUu7GxA218Nuacb4eVF3p1o,upstream,1,1,5Sg1vv51KGCSDF2gBHgbNATCEXFjYtVhWgztNUwtgJYD,2025-04-16T16:41:48Z,2025-04-16T16:41:48Z,MEDIUM,,False
FAjy79ncahjN7kMQZsowwRK3mhXTnc3bPHkX3HxUv8y6,direct,1,1,5o9sE9FEVC12zWBd2zqPXAhoVyRiNjGfaYX6hS3Ppump,2025-07-05T16:07:35Z,2025-07-05T16:07:35Z,HIGH,,False
FBRi7nVGNrFQQX69mPH7m3rHKAiXacaFeepGSj2oW6Uy,direct,1,1,28HydoWU7TZQxWiVQxGZyspE3qgWdCHToNDVgLoNpump,2026-01-16T01:47:22Z,2026-01-16T01:47:22Z,HIGH,,False
FBc9YQeyfkFhg6DDbQqbFUuysKso3wrXfBKtyYVQYMd2,upstream,1,1,6gKx5EMvnymTVz2JgFhJAqpGxTYaBdVsaLb9YfPfvg4Y,2025-11-02T19:16:16Z,2025-11-02T19:16:16Z,MEDIUM,,False
FBg4pWiEJYbwe5kxh9nMSAx4LJW7y9J1N4rBDbRwjBpV,direct,1,1,CHygERrxnc5QByNCwxUNSMhP7tKJA7rh6hNBdJ2spump,2026-05-03T10:48:13Z,2026-05-03T10:48:13Z,HIGH,,False
FBiJ4dnUTmuQHuJqLgkAp8dmK2FYTQ8hzpMemauz8BVY,upstream,1,1,7aLLQRBpGCaSLmmHGf34MGtbdtTumiB14d14TtDnpump,2025-03-26T16:24:55Z,2025-03-26T16:24:55Z,MEDIUM,,False
FBjpLFBqqt6MPijGywVz2vpYRzPy9KXxBeBYfY43iKWT,upstream,1,1,F41TwidZvJJcsx9c2BMwS6eH9W6HcUT4LzPmGvK9WU6N,2025-01-30T09:35:55Z,2025-01-30T09:35:55Z,MEDIUM,,False
FD9cMrd7K7xHHBFkjQutueJht8AyU3QoF5ZCU4F8xJKt,direct,1,1,5DoZAeBkoci5t5zPhUiuhQFjuzYTfkSv5Seojsxppump,2025-04-24T02:21:41Z,2025-04-24T02:21:41Z,HIGH,,False
FDJGwYN9sbnnrP9mbjiF2TeZnMURaxNWZ9QDdxshA3LC,direct,1,1,B3xU49SW3khA7m5Lgata2fmPxZeQRuaJbCruPsVDpump,2026-03-20T02:09:54Z,2026-03-20T02:09:54Z,HIGH,,False
FDMTyuXgyCgwCmmDkQQypZkKUKTTohZAWjHDc57g2g7k,direct,1,1,9xhMStAAufkH5jA5nevaGy6M9fCsQ74BZnsXyo93DkfA,2026-09-09T21:12:29Z,2026-09-09T21:12:29Z,HIGH,,False
FDadxu7vSKqKkKPNECjd6vUES7i8fnWvjXkLCbSsaK9J,direct,1,1,xeKm1qmxyHLJZLdwKpsZdx5UFtYyb124GTWRZWypump,2026-04-10T00:41:26Z,2026-04-10T00:41:26Z,HIGH,,False
FFQfXvR2fwHWfk3hH7PH5ECpA2me8iKDAM2riwYsVuLu,upstream,1,1,3uYT8w1FxasDGmM4WDG5kXu6D9BGvyP3iEfPJEVb6ewT,2026-06-03T21:48:48Z,2026-06-03T21:48:48Z,MEDIUM,,False
FFdBLYqL9rs5fUT38ArE8GV2L3BziEgG5LJUu6sshfkF,direct,1,1,5Sg1vv51KGCSDF2gBHgbNATCEXFjYtVhWgztNUwtgJYD,2026-03-17T18:07:01Z,2026-03-17T18:07:01Z,HIGH,,False
FG6WupMFRo61xi654dp6ivoYrF58i2ctUGBA7f92xavD,upstream,1,1,xeKm1qmxyHLJZLdwKpsZdx5UFtYyb124GTWRZWypump,2026-06-22T18:34:02Z,2026-06-22T18:34:02Z,MEDIUM,,False
FGjaYMzombAHAHpBc6ZrrYvJxSeqZZ46oQfjBVPFJ4gS,upstream,1,1,7p4MwwkUaMv4gBThVkW46QjwVaosaUrccbFV1MbXpump,2023-07-14T07:49:38Z,2023-07-14T07:49:38Z,MEDIUM,,False
FGjvwJ9e6rYeoyqN5C4UoK3Tp4AbZkkHXTVwY1roVDqE,direct,1,1,4sjtHGeAKP6DoMUdvFqQuiYKhhPpwa9XCxUyuFD2pump,2025-12-28T15:04:29Z,2025-12-28T15:04:29Z,HIGH,,False
FGqqeCGqCyuTAFLvEhxFhUdKatAoYP4EtqB4egZKEzFR,upstream,1,1,57ANN8dAbPX8x1BEFFwzBttkzwpKZBEiJkdiWSzVNQvS,2025-05-15T02:07:41Z,2025-05-15T02:07:41Z,MEDIUM,,False
FHJDKo6ZxsomudBRB7KC4tLyYZo6AyiSH24TqdPg7LoV,upstream,1,1,F59cEB3A7RAKHGtkvR577swnPSP6EsdaBoL5AcVZpump,2026-07-05T18:51:07Z,2026-07-05T18:51:07Z,MEDIUM,,False
FHeXk4hnbDPDYkpQvNFprjLBMakupMrsfBEirnfdLw1Z,direct,1,1,3coFBLantjJkMRmzaQ4znMQQzfqFYTyBeNhdXYAzpump,2026-03-18T22:16:56Z,2026-03-18T22:16:56Z,HIGH,,False
FHzvSFKmKTekHzNPQRxFZUNrYCugmi8w7S3JSD4uqV1P,upstream,1,1,DJejJn1iJntJVTAixy4VRgqJFF3NMKPEMgVzbJFmpump,2026-02-22T09:35:01Z,2026-02-22T09:35:01Z,MEDIUM,,False
FK9qF3Ls2tRLYMFCgKruJrQJbf3auUxiKJM6V7ZnY9Tn,direct,1,1,8qT3o4k4aUmyLrgd7hHYmVxin3kFhQ9QsXdSXTP6pump,2025-09-11T13:03:25Z,2025-09-11T13:03:25Z,HIGH,,False
FKACFF2VXU42bPnFyowHvqS2uMDuEv4LjTp2NJvSrNoF,upstream,1,1,7dACCWZXF4Lr9ftxFpi7TJk7a3hcPpUwGPAcTuXDpump,2025-02-05T02:57:18Z,2025-02-05T02:57:18Z,MEDIUM,,False
FLEG6XnPe2QW67DxKR4XmAaNX7R86j4MDk5NX7sDNKnq,upstream,1,1,DQ2H7qcj262RAKfSxGYeL7cYJq54mVdXe4gYxUwxpump,2025-12-25T21:03:19Z,2025-12-25T21:03:19Z,MEDIUM,,False
FM2KfmMRhePmwc2an7jR5iwzUS6MxCvX3vZYzrTR7pd6,upstream,1,1,6akNLpNd11oq4q5zxhXGwr5jwUi6Ke4CvKmF6QeUwJCQ,2026-07-29T01:13:49Z,2026-07-29T01:13:49Z,MEDIUM,,False
FMftf5KTGDHua5i7yw9qdGMoSUDzdurQNrDno22ZXGXx,upstream,1,1,7dACCWZXF4Lr9ftxFpi7TJk7a3hcPpUwGPAcTuXDpump,2026-08-30T22:04:29Z,2026-08-30T22:04:29Z,MEDIUM,,False
FMmD38GcBxZpBcdqoGxhksYU5wYedv7kXVJwQUfYycpX,direct,1,1,3GeNgcFpMwH9ts5b3W3jddtfwhwAURaykTy8YjtrGQWT,2026-07-02T13:41:43Z,2026-07-02T13:41:43Z,HIGH,,False
FMoQjS5Zb3gpM6kzW6bFAwLJVb9oZ6jPjCbai2YDvSdf,upstream,1,1,GfqKCwNeAdHHi97AmgCLP5qrwcSJRDdyZ1huiU6xUXTz,2025-09-08T09:53:21Z,2025-09-08T09:53:21Z,MEDIUM,,False
FN8a9ojy1tTGMnmr26V4fuLkpGNLwLSYuUctFoxiQq6o,direct,1,1,dy6zeSw9j2zHprXLwk1uUGAD4d2HF5R3pAFrL6bRAKs,2026-06-15T08:57:29Z,2026-06-15T08:57:29Z,HIGH,,False
FNBw4NniHavMLdnLcyzTgDGSkWdQSHpbR3cCMkcJWqQN,upstream,1,1,5o43e7gYZWFNEpdqkegHY6LXkhMXB1z6f7d6TAVGEMTM,2026-08-22T05:08:17Z,2026-08-22T05:08:17Z,MEDIUM,,False
FNmR99KgPAvS7mVrkwtDXij7Z2hs2WT48KnmajD7np3j,upstream,1,1,21XJbyQWEhmeoxKRHdGrEjetSfHopvtp68LWzdvT471M,2025-03-02T14:18:29Z,2025-03-02T14:18:29Z,MEDIUM,,False
FNtjs1V6RMRhWE224wniA4iQKQGpHoNWWv3CA9R823G7,direct,1,1,8G7aM6Gco4fHjVpmVvUdVvhKMKaWXJEqkCKRvPdepump,2026-08-28T19:22:29Z,2026-08-28T19:22:29Z,HIGH,,False
FQUxZCGR4Pi8dkGLzeu1ph7yRusRAnht6jaybaxYES6k,direct,1,1,D4aEpQLW45YnWrBmztcpJHqabbPtFe9F9PTv8Umvpump,2026-08-17T21:05:50Z,2026-08-17T21:05:50Z,HIGH,,False
FRBPS12hytf1qhBGDxBX9Tmfzn1PBwJk6yNccoWgpS69,upstream,1,1,2A6sLqrw8WN6KkgnCsN4xJkyAowBZHr2H9xQ4u3Mpump,2024-03-18T05:53:06Z,2024-03-18T05:53:06Z,MEDIUM,,False
FRVP68Zs4kF5Vx7R9G1pxFj4LhbJEanPHdvQ9HFgY8Up,upstream,1,1,F59cEB3A7RAKHGtkvR577swnPSP6EsdaBoL5AcVZpump,2026-06-04T23:10:45Z,2026-06-04T23:10:45Z,MEDIUM,,False
FSJkfCDecikc46JhyDMfKRNig2boaCuu6h9q6za85pSE,direct,1,1,8qT3o4k4aUmyLrgd7hHYmVxin3kFhQ9QsXdSXTP6pump,2026-03-18T08:49:53Z,2026-03-18T08:49:53Z,HIGH,,False
FSMcGyQkGhudMBaXenARiUEFqh8Z64yPor35SG2JpgM,upstream,1,1,3GeNgcFpMwH9ts5b3W3jddtfwhwAURaykTy8YjtrGQWT,2025-08-02T21:25:02Z,2025-08-02T21:25:02Z,MEDIUM,,False
FSN2a5B5ZNcUTLBTt5MvfKvCdtujavjGb59zQfUtG72E,direct,1,1,3coFBLantjJkMRmzaQ4znMQQzfqFYTyBeNhdXYAzpump,2026-02-25T12:36:43Z,2026-02-25T12:36:43Z,HIGH,,False
FSjVufNSHPxeSo2XCVUGYv7kfGeeBQ8g1YFWpkPuJdq6,upstream,1,1,JAqRn24FuQ5MFReXNgXb8uFej5vHJDxhVtebpQvHTQZy,2026-08-31T16:27:40Z,2026-08-31T16:27:40Z,MEDIUM,,False
FSpUB1PEvqiL66WapsY7hRtCDivdJd6hYQ1NZo89pYnt,upstream,1,1,F41TwidZvJJcsx9c2BMwS6eH9W6HcUT4LzPmGvK9WU6N,2024-11-23T19:30:47Z,2024-11-23T19:30:47Z,MEDIUM,,False
FTjWkdT67F86ZvK39DBoy9uMfAL4AeZBXAPGddyfVdoN,upstream,1,1,55bKo8bj1YVEgsbwkkd4Nwu7JhaZF9trUgbvpZ3YeVCA,2024-11-17T19:27:35Z,2024-11-17T19:27:35Z,MEDIUM,,False
FU76UTs7nbzYNNGVphsTbviyLmofZR9kD1t8sycdw2er,direct,1,1,CSLP8Vp7u9hrXQi7crPXqCp7BaJaG4JrNxqvR3jDpump,2026-06-29T02:50:48Z,2026-06-29T02:50:48Z,HIGH,,False
FUJZR1SGGrNV46jimvozc77EFnKbAHqW3TBYMEvoQ5Ec,upstream,1,1,3coFBLantjJkMRmzaQ4znMQQzfqFYTyBeNhdXYAzpump,2025-11-14T18:30:42Z,2025-11-14T18:30:42Z,MEDIUM,,False
FV3HYYFNGyHXhLyyAebXqo82ZLS78ZqbkUsTznXVzgER,upstream,1,1,5pSEZw1iytqYznD7crsGyKNek7q5JkjBqj2KmfqxUVZd,2024-04-07T22:56:29Z,2024-04-07T22:56:29Z,MEDIUM,,False
FVZG9GCGCKdFhwQADq4dTauwsczyLiuFzGH2GDc22nYS,upstream,1,1,6wSQipxdE9Suf8tVNaCEbcqavUbLT7gL9tibpm3Jpump,2026-05-01T00:05:59Z,2026-05-01T00:05:59Z,MEDIUM,,False
FWtAMQnyYgRR4J7Hrfn7SZzo2KCPEx1JfYeVF7kSJ23r,direct,1,1,Ajz86fyiygsv8kZkUyDxogxkz5VfKRs4HTEABVTfpump,2026-08-05T06:52:21Z,2026-08-05T06:52:21Z,HIGH,,False
FX5sVd2QmeGMenMPGEVef7G9wB1rTH8UQFxHeKFQYM8Q,direct,1,1,CHygERrxnc5QByNCwxUNSMhP7tKJA7rh6hNBdJ2spump,2026-03-22T04:45:25Z,2026-03-22T04:45:25Z,HIGH,,False
FXq6bAHNb5xViwcmyMybxKEZeqcs8F8dQrACUSQzc9qc,direct,1,1,rMPLDvnn6KR773WNhZvtFNcgFwnRkc7UbPkUaiMpump,2026-05-04T17:44:51Z,2026-05-04T17:44:51Z,HIGH,,False
FYPwZZDB2sur2XioQZbnSmWSugHJknSSYr2w2DQ6ZmUs,direct,1,1,4kkrecvSVnnkK3RZcJ85tNFiZu9pWg584yHjNCqEpump,2026-08-29T12:53:50Z,2026-08-29T12:53:50Z,HIGH,,False
FYdd8FGArrbbwb74wcjZsXrvFXQv2yJFWhj8jVSzcBe8,upstream,1,1,5L6As5obMTXxKwjmGBy1LTRwW2Hm1PjSK18JhETrpump,2026-01-18T12:58:40Z,2026-01-18T12:58:40Z,MEDIUM,,False
FZBMg8e8HtnRjePw2Kf8CQsZKPXXWM568QBAhiDjFkW3,direct,1,1,67afrnTxo8DVc52Uev61Yo4Yr9BGQpRw1RpPMWcx42La,2025-11-29T21:36:19Z,2025-11-29T21:36:19Z,HIGH,,False
Fa9qPovB2gxs67eCxWM9KheYJH9BgyPjGBqj8cL1bLRG,direct,1,1,6XD1vorwquLXjTSL5W4MJMGewZBeiEcPFmZw527TSwva,2026-09-29T03:18:54Z,2026-09-29T03:18:54Z,HIGH,,False
FaLGrkpAb4FMFdME4JiJtJnKeviVbWv2MTGBFGHbsjBE,direct,1,1,28HydoWU7TZQxWiVQxGZyspE3qgWdCHToNDVgLoNpump,2026-08-31T21:02:21Z,2026-08-31T21:02:21Z,HIGH,,False
FbBUSRZcpD4b2w5Y1k9Zjr87nNk7uMYPD99X93vrnmnq,direct,1,1,7mRDn1rAqjwFQXacodr1UmkNdvAGPbtNP9k5jvBZqt9J,2026-10-04T16:40:18Z,2026-10-04T16:40:18Z,HIGH,,False
FbL3s3q3Q1mN4tqPXoeLCkoWW8A9aLRGuW6xhdfQD3wg,direct,1,1,8ypYfW5cjafrfAZij8TZj5SFHAbPNpiRio96LMzypDkn,2026-09-22T15:33:33Z,2026-09-22T15:33:33Z,HIGH,,False
FbXZKS7vM6mnBsgRfQHLtQAsHPJZzuUf8tNiUsvvhKVj,direct,1,1,9CzNGAEutxKHJ5CwYC5Lk8X8YzgYrQnvKChP2BFEpump,2025-11-18T23:38:50Z,2025-11-18T23:38:50Z,HIGH,,False
FbaRmW4Kf5qeopuYJw1ARXFLz2iEa7HKbaKGQubvTuVS,direct,1,1,GfqKCwNeAdHHi97AmgCLP5qrwcSJRDdyZ1huiU6xUXTz,2026-09-21T20:31:02Z,2026-09-21T20:31:02Z,HIGH,,False
FbjSRHYJP9CyiP12BuEMECPi2x24NNgzowNfKSWUvVSX,upstream,1,1,FuF2M5T79HJdpJUbp46qwWssLXQ1Xjf1yiNSfyo5UEGC,2026-08-23T10:07:28Z,2026-08-23T10:07:28Z,MEDIUM,,False
Fc7NG865974ikWw5PapXBjvshsVmb3H6j3gDUDKic5xi,upstream,1,1,B3xU49SW3khA7m5Lgata2fmPxZeQRuaJbCruPsVDpump,2025-01-06T22:23:20Z,2025-01-06T22:23:20Z,MEDIUM,,False
FcA7vusi3rmJq87N6cR6GkyykgZNmyuZJZxxLv7xqLww,direct,1,1,9hAojtonqe4RUQarvUYZhFqC99VK1S3LCewYkSjnpump,2026-07-13T22:44:36Z,2026-07-13T22:44:36Z,HIGH,,False
FdGG4Gk5yoYQ7BEYpEMenjCUL8tMNTNNQ287b8oGycWH,upstream,1,1,7xXo3JYBqzh6D91XRppzFRLfw8wJHypeukGaNWwKgZ8m,2026-08-07T12:25:26Z,2026-08-07T12:25:26Z,MEDIUM,,False
FdhnnMcuJxAJ9wJTo6P7kgosxftis84pWaHK4mRATtwa,upstream,1,1,3coFBLantjJkMRmzaQ4znMQQzfqFYTyBeNhdXYAzpump,2026-06-08T20:26:35Z,2026-06-08T20:26:35Z,MEDIUM,,False
FdupEvo1K1ZEXEEZXhzoqQrcEgnSP85jaXHdemvBT7ap,direct,1,1,omskHvyNvQSn3PFak3E8JHQJeSVJFsrc6izWT12pump,2026-09-16T20:24:34Z,2026-09-16T20:24:34Z,HIGH,,False
FeqvZfwUbpM7xA3KkUaLfQEQgh735GJBxk3pw7eSmyAs,direct,1,1,DkDwxjD5JFK7hd7qUNHqNaTeqDGcZ1ia3Y6E7EUiehEn,2024-10-19T05:08:21Z,2024-10-19T05:08:21Z,HIGH,,False
Ff11gArLcqy4HiPKgrH36k2hFzGSfHd5fjmi1CLPWdE7,upstream,1,1,G9r7nnHSgvb7LUfCE8kavRaKokEMMYBjVHGKvQ6dpump,2025-05-18T12:04:23Z,2025-05-18T12:04:23Z,MEDIUM,,False
Ff9wqPM11QT9vQo5M3vKQEyoXeQm5KCxHT8ephRv6oaW,direct,1,1,9PNfxvTARzdxvQas2uknW57bnfMCS1dxW1He7rPbuhuQ,2025-11-25T19:08:26Z,2025-11-25T19:08:26Z,HIGH,,False
FfUeQmgpTrSFaQUMuhwNDhMCnM6eAiBFJFT9QjxwKj4d,upstream,1,1,7xXo3JYBqzh6D91XRppzFRLfw8wJHypeukGaNWwKgZ8m,2026-05-05T15:36:24Z,2026-05-05T15:36:24Z,MEDIUM,,False
Fg9gvbwydtz1mzDmf9r6yLBkwRU415MQ9qx4UwqPKKcM,direct,1,1,CHygERrxnc5QByNCwxUNSMhP7tKJA7rh6hNBdJ2spump,2026-03-20T03:21:50Z,2026-03-20T03:21:50Z,HIGH,,False
FgaesH1eJXmuuzVPLPBSS6iSpEvFNRTUSKYePECHf8Ez,direct,1,1,44s336LDz8bXp4rpxy1qwUfysZ4THjpReQWTKQg7pump,2025-02-04T23:14:31Z,2025-02-04T23:14:31Z,HIGH,,False
Fgf54J553xLdZUR6p6nMfgnrPEABaKiF1cbh6vX5RdTw,direct,1,1,3f8CKfznVUGrFfhcq8ZBY9M1xyDeEQGrh6iH372h3ebN,2026-06-30T10:53:34Z,2026-06-30T10:53:34Z,HIGH,,False
Fh9pTrNfkDY9B2f8EtTdj3S8aGTVYhvW8bYZeTPYKEyz,upstream,1,1,omskHvyNvQSn3PFak3E8JHQJeSVJFsrc6izWT12pump,2026-09-16T22:41:06Z,2026-09-16T22:41:06Z,MEDIUM,,False
FhpR7fLVgNYMHPj9gXNFFPv2cDPEE9iUnYtfZsfpyGBe,upstream,1,1,9xhMStAAufkH5jA5nevaGy6M9fCsQ74BZnsXyo93DkfA,2026-08-21T14:53:25Z,2026-08-21T14:53:25Z,MEDIUM,,False
Fk6Qw82h1MzfF2hMJKb8oG6b5est71UHnsr3prRzf5bH,direct,1,1,25GrKYrc3y4LZmmuhppYgFRCKb7JyZ6grum4WhLYvA1z,2026-07-30T10:50:53Z,2026-07-30T10:50:53Z,HIGH,,False
FmMn3wtdBcujgenS1fNucLibJtcgwYSDwGU6ns9mKo4n,direct,1,1,5nnWe5SCBaNMC3oNiR7utth6kx3mH1dhmCarjDb91shW,2026-04-02T00:03:05Z,2026-04-02T00:03:05Z,HIGH,,False
FmqMnazsuyi1C1UEB2fHoLrf7ut2vj6aFcsm7CAsQoow,direct,1,1,3GeNgcFpMwH9ts5b3W3jddtfwhwAURaykTy8YjtrGQWT,2026-08-28T16:15:32Z,2026-08-28T16:15:32Z,HIGH,,False
FoeYkGzL8Y7htg1ZPCFe43mv9q8bwxZE9nNhu3aDYmbi,upstream,1,1,3coFBLantjJkMRmzaQ4znMQQzfqFYTyBeNhdXYAzpump,2026-05-12T19:23:20Z,2026-05-12T19:23:20Z,MEDIUM,,False
FoykXBHgSA9DTWa7NFiJkWUKcdBWpXE7vdpTAtwujpxr,direct,1,1,JAqRn24FuQ5MFReXNgXb8uFej5vHJDxhVtebpQvHTQZy,2026-03-12T18:02:07Z,2026-03-12T18:02:07Z,HIGH,,False
Fq4mKFHoArSBmDDf1FK2ZA4mDTEPraA9MD7KUSaF3z14,upstream,1,1,G9r7nnHSgvb7LUfCE8kavRaKokEMMYBjVHGKvQ6dpump,2025-06-13T10:29:05Z,2025-06-13T10:29:05Z,MEDIUM,,False
FqY1596tg4Byg4RXtuKsudPwUx3rZiW8ner4iuNArFWC,upstream,1,1,47r9YPDeTVpwHjAakoVgnzNTJRChXC8f4KSUqMbEsBbM,2024-02-07T01:57:40Z,2024-02-07T01:57:40Z,MEDIUM,,False
FqYWYMv4udiGVuQ6PTGa8tSHANybQngFyggNg9kkvsCw,upstream,1,1,67afrnTxo8DVc52Uev61Yo4Yr9BGQpRw1RpPMWcx42La,2026-04-11T07:58:51Z,2026-04-11T07:58:51Z,MEDIUM,,False
FqbDJoaAZQdk4EvMp5td36q8x7F24hb49UEs5HEGo9BH,direct,1,1,ASftCNtzPNmK3nMDvpQNvpLauKS45Vkq7kwTPutqUBL1,2026-09-09T13:44:02Z,2026-09-09T13:44:02Z,HIGH,,False
Fqq5ZUkZ7R19w3cE7sw4hEEAKmi6twa4qcKthudzLs4E,upstream,1,1,25GrKYrc3y4LZmmuhppYgFRCKb7JyZ6grum4WhLYvA1z,2025-06-02T05:41:37Z,2025-06-02T05:41:37Z,MEDIUM,,False
FrZiw2Dw39gVuMsD3aPri8mAZDgyPpL56sbu8kL1YK4t,direct,1,1,5o43e7gYZWFNEpdqkegHY6LXkhMXB1z6f7d6TAVGEMTM,2025-02-10T10:34:23Z,2025-02-10T10:34:23Z,HIGH,,False
FsxH9k75MdUnN7fe6Pnp115Up8Kr4A9gudyphD7R1sRU,upstream,1,1,xeKm1qmxyHLJZLdwKpsZdx5UFtYyb124GTWRZWypump,2026-08-17T10:59:20Z,2026-08-17T10:59:20Z,MEDIUM,,False
Ft5GBSPS9Qv4HcwMgypx7xaaM3rKvnEpTaPy2vmXM5jw,direct,1,1,4ZUjJ5EJbwfh7teotB29uHc1SC3SiqbrkwJoNgsxibbU,2024-07-16T01:07:11Z,2024-07-16T01:07:11Z,HIGH,,False
Fu8YNDKn74JfpESwMv5Zyk8g4W4wzbfZANcWBNfwTeFU,upstream,1,1,Ajz86fyiygsv8kZkUyDxogxkz5VfKRs4HTEABVTfpump,2025-09-14T16:55:36Z,2025-09-14T16:55:36Z,MEDIUM,,False
FuApfAJtbwgWYgCezZuoZknn69eqPZzuxMGo8JqU8e3m,direct,1,1,8G7aM6Gco4fHjVpmVvUdVvhKMKaWXJEqkCKRvPdepump,2026-05-06T02:54:26Z,2026-05-06T02:54:26Z,HIGH,,False
Fv2yq8VHQ6t8p4DPPvx1MzzdY3EDUeDzZKvVHKBF8okX,direct,1,1,EoKqyKksc4ekiPVuBD9FiztYQHkV59x8KTcZ3ReLpump,2026-09-01T19:31:55Z,2026-09-01T19:31:55Z,HIGH,,False
Fv7nddWw4iNT2jjiaSKfgKc4DJCQ2hRbZgtWY5qWfMCY,direct,1,1,55bKo8bj1YVEgsbwkkd4Nwu7JhaZF9trUgbvpZ3YeVCA,2026-08-09T12:40:16Z,2026-08-09T12:40:16Z,HIGH,,False
FwLHNA8WNeiYNWf54Ap3HqJCuCCRSsgEykUjL8rt8HKT,direct,1,1,4GRTznsfLTRqaB2uMAFmmgaWtvfVyBb4qCsTjskUpump,2025-07-11T10:51:46Z,2025-07-11T10:51:46Z,HIGH,,False
Fwiiys6oTavCq7mPZ1ADGFXDavuJmAZTSSCsfeHGC1Qi,upstream,1,1,4sjtHGeAKP6DoMUdvFqQuiYKhhPpwa9XCxUyuFD2pump,2026-08-25T21:51:07Z,2026-08-25T21:51:07Z,MEDIUM,,False
FxC5b9RoBC2FeTDw8AUYz2kojpAQkaC1FedvqV4E89EA,upstream,1,1,DJejJn1iJntJVTAixy4VRgqJFF3NMKPEMgVzbJFmpump,2026-09-28T15:50:10Z,2026-09-28T15:50:10Z,MEDIUM,,False
FxVumvMfcHMR35SoRWm28RRpUebHGKUiKh7uSndQ5aKd,upstream,1,1,21XJbyQWEhmeoxKRHdGrEjetSfHopvtp68LWzdvT471M,2026-08-31T18:26:04Z,2026-08-31T18:26:04Z,MEDIUM,,False
FxVumvMfcHMR35SoRWm28RRpUebHGKUiKh7uSndQ5aKd,direct,1,1,9CzNGAEutxKHJ5CwYC5Lk8X8YzgYrQnvKChP2BFEpump,2026-09-04T10:53:04Z,2026-09-04T10:53:04Z,HIGH,,False
FxiJMYdR7joUXV1927V7hFv8xoKFfMDrEcvd4gYMNE79,direct,1,1,F41TwidZvJJcsx9c2BMwS6eH9W6HcUT4LzPmGvK9WU6N,2026-09-08T08:53:57Z,2026-09-08T08:53:57Z,HIGH,,False
FydKsX2iyLn5TAxLtVdGUdCKzqEX5kxNkgi8RGkSXakA,direct,1,1,2A6sLqrw8WN6KkgnCsN4xJkyAowBZHr2H9xQ4u3Mpump,2025-03-28T20:24:44Z,2025-03-28T20:24:44Z,HIGH,,False
Fz2yt8QLJxgKARLptMcqKBABGDcEdHX39WCKZrJ5YeMg,direct,1,1,5EZ7yagvcsHcwH3e17khLwGzhFrCsx7CKS7ZN6J6i4Lh,2026-10-05T21:09:52Z,2026-10-05T21:09:52Z,HIGH,,False
FzJQUtVydpjwiGXxGBGSChpyN8ceyFGqKsjbG5n2Ka7D,upstream,1,1,GKTxLXsmkjLDo89XmPa5htwK7sAzdqZ3jmfV6gaTvK67,2026-09-16T10:10:36Z,2026-09-16T10:10:36Z,MEDIUM,,False
FzhWS5vxqeWwMRarHqzGDQ3iH91amCMtfxbA3vSrMnry,direct,1,1,Er5RuNhTEwJH5dHv9c3YGATjgkLCETH4dKazntyWEtXY,2026-06-12T12:40:01Z,2026-06-12T12:40:01Z,HIGH,,False
G13GySE9xr9Bu9WDgzwfBjhS8bFamWhyL9nMiXqCAGKQ,upstream,1,1,CziyAr14UNUrfkxpioWSumkLXMwWnDWN2bu2WR5ao7kc,2025-02-19T10:15:17Z,2025-02-19T10:15:17Z,MEDIUM,,False
G15sDFsLzK8ghBSs3Uxqu9XokDushBNXXrz1LQS9kiK5,direct,1,1,5L6As5obMTXxKwjmGBy1LTRwW2Hm1PjSK18JhETrpump,2025-08-21T13:32:39Z,2025-08-21T13:32:39Z,HIGH,,False
G1C7bEikcXHv1jEuGLssqz1vmGJxFYixhZvSh6cJqPHk,upstream,1,1,9xhMStAAufkH5jA5nevaGy6M9fCsQ74BZnsXyo93DkfA,2025-01-18T21:42:46Z,2025-01-18T21:42:46Z,MEDIUM,,False
G1NWyDHXqdktc6up4Nxr7frqPh77zb62U4AoDghKjTQU,direct,1,1,BZYpLHhui3qRNokWFg2JcX8CYtMqzWHR5R4xowjcbPqh,2026-09-19T13:12:22Z,2026-09-19T13:12:22Z,HIGH,,False
G22Rj6cqcidTnTaNXg75kX5Jm9cQwgE6zujcKLNrrzYX,direct,1,1,9hAojtonqe4RUQarvUYZhFqC99VK1S3LCewYkSjnpump,2026-07-15T20:25:50Z,2026-07-15T20:25:50Z,HIGH,,False
G26C3qAMziBPrm8M44stHqCGqJavMUmbwujjAxzy9oG3,upstream,1,1,xeKm1qmxyHLJZLdwKpsZdx5UFtYyb124GTWRZWypump,2026-06-24T13:01:49Z,2026-06-24T13:01:49Z,MEDIUM,,False
G2PxkKfH3WBnrkXNgY5r3unbKMnuX6gYkpyUSQibLpuL,direct,1,1,5L6As5obMTXxKwjmGBy1LTRwW2Hm1PjSK18JhETrpump,2026-08-08T16:59:04Z,2026-08-08T16:59:04Z,HIGH,,False
G2PxkKfH3WBnrkXNgY5r3unbKMnuX6gYkpyUSQibLpuL,upstream,1,1,5L6As5obMTXxKwjmGBy1LTRwW2Hm1PjSK18JhETrpump,2026-08-10T01:03:35Z,2026-08-10T01:03:35Z,MEDIUM,,False
G3ESt6bYMLe24tAiWWbEZZS84X9KvcB5Vt6eh6ZtjAZb,upstream,1,1,4kkrecvSVnnkK3RZcJ85tNFiZu9pWg584yHjNCqEpump,2025-11-29T22:28:32Z,2025-11-29T22:28:32Z,MEDIUM,,False
G44bHqdjj64G9A86LeBQLT33hxdvKdvuKFaYbEsYM28u,upstream,1,1,49aM4HrGABwG9F8iAn385zzcsS6mxHEFY8YN3H7y1Cd9,2026-08-27T15:12:14Z,2026-08-27T15:12:14Z,MEDIUM,,False
G4Tipsy4HzBAH3VzQLRvGXSbqVznas4j5RB8dcrmuWR9,direct,1,1,dy6zeSw9j2zHprXLwk1uUGAD4d2HF5R3pAFrL6bRAKs,2026-03-18T14:02:07Z,2026-03-18T14:02:07Z,HIGH,,False
G4Zfm37AUWv61X4BLqpnxyqPPBBpFyKNXtWG7u41Mw1L,upstream,1,1,2Tiw1Tna3kAut868cjXuKoyrv8U8gi1YjTaXw7Czpump,2025-09-11T17:20:45Z,2025-09-11T17:20:45Z,MEDIUM,,False
G4ihhXn2qrLgVi3GKt69e3e5Xdg6sEWgfwVdUkB54Xp7,direct,1,1,7mRDn1rAqjwFQXacodr1UmkNdvAGPbtNP9k5jvBZqt9J,2026-02-01T23:00:11Z,2026-02-01T23:00:11Z,HIGH,,False
G4qWvSLmejqEMAnX9Uu9et3qiHZY6DGrXufUn5MwsPV5,direct,1,1,CziyAr14UNUrfkxpioWSumkLXMwWnDWN2bu2WR5ao7kc,2026-04-07T21:44:06Z,2026-04-07T21:44:06Z,HIGH,,False
G5ZXNYFoJyhMq3C1G9zdSkSwH17Ap1wfbh5RPGjZa8GW,upstream,1,1,B3xU49SW3khA7m5Lgata2fmPxZeQRuaJbCruPsVDpump,2022-03-23T18:37:26Z,2022-03-23T18:37:26Z,MEDIUM,,False
G67PFVTHc2Jeak6jvSMJ9Eqas8gnHsAG4763e4gDNSYd,direct,1,1,F41TwidZvJJcsx9c2BMwS6eH9W6HcUT4LzPmGvK9WU6N,2026-05-07T14:29:36Z,2026-05-07T14:29:36Z,HIGH,,False
G6mtRhrwcw386FjoJ2zGGQZqXqiXEtci14dUR7brVMxh,upstream,1,1,D4aEpQLW45YnWrBmztcpJHqabbPtFe9F9PTv8Umvpump,2026-08-17T20:23:42Z,2026-08-17T20:23:42Z,MEDIUM,,False
G7XAbHFysFNZooKfuVtdUL11nRv4DMS7UZ7g11FGCH8d,upstream,1,1,2iSB473Z7L2ndpWs3n22tb7H3KSGpswDTH3jP7qCCAZT,2025-12-22T22:35:39Z,2025-12-22T22:35:39Z,MEDIUM,,False
G7XAbHFysFNZooKfuVtdUL11nRv4DMS7UZ7g11FGCH8d,direct,1,1,2iSB473Z7L2ndpWs3n22tb7H3KSGpswDTH3jP7qCCAZT,2025-12-22T22:35:39Z,2025-12-22T22:35:39Z,HIGH,,False
G7XTh2vDfbHhqzf8Wv8ZkDrijo8YbjhEHrdgUYrnG2TJ,direct,1,1,G9r7nnHSgvb7LUfCE8kavRaKokEMMYBjVHGKvQ6dpump,2026-09-30T15:35:46Z,2026-09-30T15:35:46Z,HIGH,,False
G8G661sZhnaSA8TXtdWEvsznhH94Wr7MRBLXmfZUUAQo,upstream,1,1,F59cEB3A7RAKHGtkvR577swnPSP6EsdaBoL5AcVZpump,2026-09-01T21:53:52Z,2026-09-01T21:53:52Z,MEDIUM,,False
G8yMDwwfaEv3Xd4zvjQmZvSDDiXs5SyP2pW8B9UnAbzC,upstream,1,1,3coFBLantjJkMRmzaQ4znMQQzfqFYTyBeNhdXYAzpump,2026-08-31T08:35:22Z,2026-08-31T08:35:22Z,MEDIUM,,False
G9X7F4JzLzbSGMCndiBdWNi5YzZZakmtkdwq7xS3Q3FE,upstream,1,1,D4aEpQLW45YnWrBmztcpJHqabbPtFe9F9PTv8Umvpump,2026-06-28T12:58:43Z,2026-06-28T12:58:43Z,MEDIUM,,False
G9hX58aiqBVTZqvWSgBRv44kr5WKLyuRGKaiSE4LMUwP,direct,1,1,7aLLQRBpGCaSLmmHGf34MGtbdtTumiB14d14TtDnpump,2026-08-08T13:29:19Z,2026-08-08T13:29:19Z,HIGH,,False
G9upanzBdDvxE8MBRe5h3s58BZjEpHzyvY6qyeZTR9Nc,upstream,1,1,6gKx5EMvnymTVz2JgFhJAqpGxTYaBdVsaLb9YfPfvg4Y,2026-09-01T02:58:01Z,2026-09-01T02:58:01Z,MEDIUM,,False
GAAJ62amumUSWwJe7ukiH7j7h9jyVozc9sD2yCvFn9bV,direct,1,1,67afrnTxo8DVc52Uev61Yo4Yr9BGQpRw1RpPMWcx42La,2026-04-16T20:14:01Z,2026-04-16T20:14:01Z,HIGH,,False
GAf6zGscJdDA8W8bmMEJTg61WXBweshp4CSvsXwv1TJB,upstream,1,1,CziyAr14UNUrfkxpioWSumkLXMwWnDWN2bu2WR5ao7kc,2026-07-18T16:36:58Z,2026-07-18T16:36:58Z,MEDIUM,,False
GB9wfFerHKbf1P4smDN6Zy3nWVWJrhHFngZPbrpffRPc,direct,1,1,8ypYfW5cjafrfAZij8TZj5SFHAbPNpiRio96LMzypDkn,2026-09-11T13:13:18Z,2026-09-11T13:13:18Z,HIGH,,False
GBciTEntWKxzZyQ9ZUqQrymJVoQVSu1f5yQvQXBtf4Pv,upstream,1,1,9PNfxvTARzdxvQas2uknW57bnfMCS1dxW1He7rPbuhuQ,2022-01-14T21:52:12Z,2022-01-14T21:52:12Z,MEDIUM,,False
GCEyyyKiyhamiPPzJQkeC38RN17vnfmJxfXKBj7Lm8Yr,upstream,1,1,5Sg1vv51KGCSDF2gBHgbNATCEXFjYtVhWgztNUwtgJYD,2026-09-17T11:08:01Z,2026-09-17T11:08:01Z,MEDIUM,,False
GCPws8xQALDTuccgrzRv2AmuqEUNbLNn1VNvqV9zQrzd,direct,1,1,5EZ7yagvcsHcwH3e17khLwGzhFrCsx7CKS7ZN6J6i4Lh,2026-09-29T16:58:24Z,2026-09-29T16:58:24Z,HIGH,,False
GDWVdQgKWyP3SUZ2V5WQxq1LgcxH3fxaPr1ZBwKx24Rf,direct,1,1,JAqRn24FuQ5MFReXNgXb8uFej5vHJDxhVtebpQvHTQZy,2025-08-13T19:00:51Z,2025-08-13T19:00:51Z,HIGH,,False
GDonVcLgzB9wgmRh5gqk7EDrMXpEEbE3GdUvcYhceZtz,upstream,1,1,7p4MwwkUaMv4gBThVkW46QjwVaosaUrccbFV1MbXpump,2026-08-29T01:04:18Z,2026-08-29T01:04:18Z,MEDIUM,,False
GFS8oBmEBVj97PpSw7cue5FKdYa26y6kzXikhCDXWqck,direct,1,1,6akNLpNd11oq4q5zxhXGwr5jwUi6Ke4CvKmF6QeUwJCQ,2026-09-26T10:19:35Z,2026-09-26T10:19:35Z,HIGH,,False
GFvoqZxrYa41erccxkmv973KZx89EiEjLhYmZqbb5pix,upstream,1,1,5o9sE9FEVC12zWBd2zqPXAhoVyRiNjGfaYX6hS3Ppump,2026-08-12T19:55:38Z,2026-08-12T19:55:38Z,MEDIUM,,False
GFxVNdWQk6v6k14XQ1AS9z4CepQ9ZPBqE3hpZ7LrmaB3,direct,1,1,5DoZAeBkoci5t5zPhUiuhQFjuzYTfkSv5Seojsxppump,2026-09-07T21:58:20Z,2026-09-07T21:58:20Z,HIGH,,False
GHKgf75cuhdQ6Jyqb4xXfqn6iEy8JDNQo8LQp4F9CsYV,upstream,1,1,Er5RuNhTEwJH5dHv9c3YGATjgkLCETH4dKazntyWEtXY,2026-09-07T15:30:06Z,2026-09-07T15:30:06Z,MEDIUM,,False
GHmMapfWNZbut96QSFALNKire7yi3H6Ny8cAf94bUCwi,direct,1,1,HJPjdsDmcvgCj4MV3NvqCWd78qDP8BMzGfrsk4Nbpump,2026-08-23T17:22:46Z,2026-08-23T17:22:46Z,HIGH,,False
GHo8mQ1pPwU63t9YUQHVnZMy5VxgZCbAVSHVXxTMs2cu,upstream,1,1,4sjtHGeAKP6DoMUdvFqQuiYKhhPpwa9XCxUyuFD2pump,2025-12-23T20:45:32Z,2025-12-23T20:45:32Z,MEDIUM,,False
GJ8HJGCWStRJZWZwaqkjFKTRY9nhszk31se7LfXpDBUz,direct,1,1,F59cEB3A7RAKHGtkvR577swnPSP6EsdaBoL5AcVZpump,2025-03-19T00:42:37Z,2025-03-19T00:42:37Z,HIGH,,False
GJetisoE5tReUwZSFSyD49j38zfw61HnVcKEuqKs4w49,direct,1,1,2Tiw1Tna3kAut868cjXuKoyrv8U8gi1YjTaXw7Czpump,2026-09-09T18:59:15Z,2026-09-09T18:59:15Z,HIGH,,False
GJqeYWju5nvfBdndYUJaJxG83LS9CGM1hcFaEWPAAfEX,direct,1,1,2A6sLqrw8WN6KkgnCsN4xJkyAowBZHr2H9xQ4u3Mpump,2026-06-08T11:31:37Z,2026-06-08T11:31:37Z,HIGH,,False
GLR33sgWKC7HmVd5hinYRUuB4bqyd41747oUqfYCn3dt,direct,1,1,GKTxLXsmkjLDo89XmPa5htwK7sAzdqZ3jmfV6gaTvK67,2026-09-01T08:42:55Z,2026-09-01T08:42:55Z,HIGH,,False
GMZ5UoKFQFU7gf25aTYv7PYHLkqmdAM5EctTFfDS8JAS,direct,1,1,6gKx5EMvnymTVz2JgFhJAqpGxTYaBdVsaLb9YfPfvg4Y,2026-04-15T20:20:04Z,2026-04-15T20:20:04Z,HIGH,,False
GN4GhQnj7Mn74JPz9GT5LUyK5fZPzuHr4Ngk2zfbBThH,direct,1,1,Er5RuNhTEwJH5dHv9c3YGATjgkLCETH4dKazntyWEtXY,2026-03-12T21:18:48Z,2026-03-12T21:18:48Z,HIGH,,False
GNEWWK5Qr3SL1SgCYkK31TPGTmPS92LCeRKoNniKXi56,upstream,1,1,49aM4HrGABwG9F8iAn385zzcsS6mxHEFY8YN3H7y1Cd9,2026-09-28T10:03:40Z,2026-09-28T10:03:40Z,MEDIUM,,False
GPM2h1E1bFGeCMYgLkfskxLRnjAVR1vW9Jt8ZBvSQ4bA,direct,1,1,F59cEB3A7RAKHGtkvR577swnPSP6EsdaBoL5AcVZpump,2026-08-31T13:36:47Z,2026-08-31T13:36:47Z,HIGH,,False
GPe122iUksKhtJiLUnGBdbJZDhanqJCtTDKrS4gxY4wE,upstream,1,1,F59cEB3A7RAKHGtkvR577swnPSP6EsdaBoL5AcVZpump,2026-08-24T16:16:59Z,2026-08-24T16:16:59Z,MEDIUM,,False
GPuGzPfNPu1jrqDX1iBCjbvza7ttEyUxVbzcn5vcpkTV,upstream,1,1,3f8CKfznVUGrFfhcq8ZBY9M1xyDeEQGrh6iH372h3ebN,2024-01-24T19:18:35Z,2024-01-24T19:18:35Z,MEDIUM,,False
GPwuCUzo11B63tkSpuS9M56fBpGnj5X6eS4yr8RoHe8r,upstream,1,1,8G7aM6Gco4fHjVpmVvUdVvhKMKaWXJEqkCKRvPdepump,2026-08-03T15:15:16Z,2026-08-03T15:15:16Z,MEDIUM,,False
GQ9AQG2U3ywH8Jbdq573LdDnkB7gTCbRLXyT2Vz48nkM,direct,1,1,JAqRn24FuQ5MFReXNgXb8uFej5vHJDxhVtebpQvHTQZy,2025-09-06T12:26:19Z,2025-09-06T12:26:19Z,HIGH,,False
GQEDR1jPnZFjV9qXyRZVErjHisPNVCvPWMNJo1kpoZXg,upstream,1,1,BZYpLHhui3qRNokWFg2JcX8CYtMqzWHR5R4xowjcbPqh,2026-01-26T00:23:29Z,2026-01-26T00:23:29Z,MEDIUM,,False
GR2DBk1tTg3YxabzUXQxgomNUuP7hmufffSFvc9taEdV,direct,1,1,55bKo8bj1YVEgsbwkkd4Nwu7JhaZF9trUgbvpZ3YeVCA,2025-03-05T09:18:03Z,2025-03-05T09:18:03Z,HIGH,,False
GRJAzippbxKgwxsbmxY67a5VQr2YBK3E4DCQRN3BRTEP,direct,1,1,DkDwxjD5JFK7hd7qUNHqNaTeqDGcZ1ia3Y6E7EUiehEn,2026-02-04T03:45:47Z,2026-02-04T03:45:47Z,HIGH,,False
GRxpXKzrSxqgSVoxgDGY4B4qfdxxY8R5qBNUzESp4xj3,direct,1,1,JAqRn24FuQ5MFReXNgXb8uFej5vHJDxhVtebpQvHTQZy,2026-02-13T09:08:54Z,2026-02-13T09:08:54Z,HIGH,,False
GSFDJsDp3zDykt6aoT2MTDjZyuPGfAFvwCiy5LDLgoiT,direct,1,1,13V3CbY7Q7AXnf24FMsUaQrmLxnRU4Md9phDEWZvpump,2026-09-02T15:04:51Z,2026-09-02T15:04:51Z,HIGH,,False
GSa4ZSVEKZgL3vZtTSVykrzQJ8S4Y6PNWRHVEZM52kkF,direct,1,1,4sjtHGeAKP6DoMUdvFqQuiYKhhPpwa9XCxUyuFD2pump,2026-08-26T03:11:45Z,2026-08-26T03:11:45Z,HIGH,,False
GT6mfg4odQ5ZL1JTtvHHrFsomwZ5osj3osRe3FRFRqYN,upstream,1,1,4ZUjJ5EJbwfh7teotB29uHc1SC3SiqbrkwJoNgsxibbU,2025-01-21T05:41:08Z,2025-01-21T05:41:08Z,MEDIUM,,False
GTLTS5eVeuLhCq4g8XJco1hKeTL8Ae8KNureLdxypKj7,direct,1,1,4n32UBFWKJNPQayeN25GrLJHswbja41XFMxebcg9pump,2026-09-04T09:10:27Z,2026-09-04T09:10:27Z,HIGH,,False
GTX3qpfgcBdriWpkPWPVaKjbkhRMJqQFyM9An21GgHiT,upstream,1,1,2A6sLqrw8WN6KkgnCsN4xJkyAowBZHr2H9xQ4u3Mpump,2026-03-02T01:13:27Z,2026-03-02T01:13:27Z,MEDIUM,,False
GV4zkBu3EjB9wDgJ4MbnTG7Au6czpZMDqeCdGLn2FhFc,direct,1,1,4GRTznsfLTRqaB2uMAFmmgaWtvfVyBb4qCsTjskUpump,2026-08-23T17:15:48Z,2026-08-23T17:15:48Z,HIGH,,False
GVDoC1BUtLBHkDSSqnqvTbHWdWpBFUNwKQBD2MrF8ky7,upstream,1,1,2Tiw1Tna3kAut868cjXuKoyrv8U8gi1YjTaXw7Czpump,2026-04-30T13:02:36Z,2026-04-30T13:02:36Z,MEDIUM,,False
GVmyvpBgS1URuvurqh3dCzN9hrho7cGymsFvPVY2TbBm,direct,1,1,HJPjdsDmcvgCj4MV3NvqCWd78qDP8BMzGfrsk4Nbpump,2026-09-05T17:28:33Z,2026-09-05T17:28:33Z,HIGH,,False
GW1YTNEpvnwrPxXrutzsbZr1v53S37ipuibvCVnQpuYj,direct,1,1,55bKo8bj1YVEgsbwkkd4Nwu7JhaZF9trUgbvpZ3YeVCA,2025-08-14T22:43:51Z,2025-08-14T22:43:51Z,HIGH,,False
GW4oDYDVYA4kaH8gzSicdjHXHNj5Ru3WWcW7gWQbWegg,direct,1,1,7dACCWZXF4Lr9ftxFpi7TJk7a3hcPpUwGPAcTuXDpump,2026-08-25T15:46:53Z,2026-08-25T15:46:53Z,HIGH,,False
GW9Zt5qjSqakgfoTWKgyKqF1T7r1t9edkSugKc9FiBYz,upstream,1,1,8ypYfW5cjafrfAZij8TZj5SFHAbPNpiRio96LMzypDkn,2026-09-21T18:50:35Z,2026-09-21T18:50:35Z,MEDIUM,,False
GWE4ZM4vskHWAM9eErhbussgxiWBmYi6W28LeywVjWkh,direct,1,1,F41TwidZvJJcsx9c2BMwS6eH9W6HcUT4LzPmGvK9WU6N,2026-09-09T02:15:16Z,2026-09-09T02:15:16Z,HIGH,,False
GWKN9MMCGpxGwpbL1cdhSLF4m8oochdwjvmRm26piDwa,direct,1,1,21XJbyQWEhmeoxKRHdGrEjetSfHopvtp68LWzdvT471M,2026-09-22T19:19:40Z,2026-09-22T19:19:40Z,HIGH,,False
GXXMNCdMzTqjkwhqntLzuKW5uEXdR8BkSDhvRysMY3XT,direct,1,1,4kkrecvSVnnkK3RZcJ85tNFiZu9pWg584yHjNCqEpump,2025-09-16T22:58:05Z,2025-09-16T22:58:05Z,HIGH,,False
GXiqNxeHhWc42G79TCXFkvd9YR5BxfcVvnsqWS5fWycZ,upstream,1,1,DQ2H7qcj262RAKfSxGYeL7cYJq54mVdXe4gYxUwxpump,2024-11-23T08:41:53Z,2024-11-23T08:41:53Z,MEDIUM,,False
GXne39ift2dcXrV85sqcHS6vLBJXMMAShmEZH75YFfi3,upstream,1,1,13V3CbY7Q7AXnf24FMsUaQrmLxnRU4Md9phDEWZvpump,2026-04-15T10:30:57Z,2026-04-15T10:30:57Z,MEDIUM,,False
GY7JT3rXsE33cBz1rZhGBzUYP67sWg5G4dhuCppZXrzD,direct,1,1,DJejJn1iJntJVTAixy4VRgqJFF3NMKPEMgVzbJFmpump,2026-09-15T00:43:04Z,2026-09-15T00:43:04Z,HIGH,,False
GYBhY8dRZg9Go85i5yRU2enaE8zwdcaR8xyb13GZST8g,direct,1,1,2Tiw1Tna3kAut868cjXuKoyrv8U8gi1YjTaXw7Czpump,2024-02-21T10:25:22Z,2024-02-21T10:25:22Z,HIGH,,False
GYmLzkV9qRDuKwihxttqxFnKmkcoqK3Qie7wK5HCfpcp,direct,1,1,57ANN8dAbPX8x1BEFFwzBttkzwpKZBEiJkdiWSzVNQvS,2026-09-14T19:29:41Z,2026-09-14T19:29:41Z,HIGH,,False
GZeVgZTDAyGDR5fg7Tbct6JfeGTNuE8xfT6zH2wGWm3v,direct,1,1,DkDwxjD5JFK7hd7qUNHqNaTeqDGcZ1ia3Y6E7EUiehEn,2025-08-18T10:41:04Z,2025-08-18T10:41:04Z,HIGH,,False
Gac1VR8oNsWwUKz5jRp1GCrXC1DbqTvj7XGXHcX8UtFJ,direct,1,1,7xXo3JYBqzh6D91XRppzFRLfw8wJHypeukGaNWwKgZ8m,2026-08-17T20:22:15Z,2026-08-17T20:22:15Z,HIGH,,False
GbL9a9rAP9kBKqStnmAqbHkQGpe4tSFx71w3kg14Jwvs,upstream,1,1,dy6zeSw9j2zHprXLwk1uUGAD4d2HF5R3pAFrL6bRAKs,2026-08-17T14:20:31Z,2026-08-17T14:20:31Z,MEDIUM,,False
GbL9aJztyeRKayKB2QgyEzCeo3GvNQhM8wAh3QNcUCML,upstream,1,1,D4aEpQLW45YnWrBmztcpJHqabbPtFe9F9PTv8Umvpump,2026-05-07T22:55:35Z,2026-05-07T22:55:35Z,MEDIUM,,False
GcmXqJWgUwY29AAdZ8kVBSNcX23QsXP8CwAtFvXxv3oR,direct,1,1,9PNfxvTARzdxvQas2uknW57bnfMCS1dxW1He7rPbuhuQ,2025-11-09T16:40:51Z,2025-11-09T16:40:51Z,HIGH,,False
GdFqe91zPntjVTRqmEbapiUmW2SgFUuwntFb3wSAxzaL,direct,1,1,F59cEB3A7RAKHGtkvR577swnPSP6EsdaBoL5AcVZpump,2026-07-19T12:57:52Z,2026-07-19T12:57:52Z,HIGH,,False
GddaXDVg5hsvuUC2Upp1zKyuzwS7xBE1vhRFcycB5p4y,upstream,1,1,F41TwidZvJJcsx9c2BMwS6eH9W6HcUT4LzPmGvK9WU6N,2026-08-24T15:03:40Z,2026-08-24T15:03:40Z,MEDIUM,,False
GehZNcV6bcSPsS5qUPQGCdBUaxnNsBHKx2AjypwTJ5NK,direct,1,1,9CzNGAEutxKHJ5CwYC5Lk8X8YzgYrQnvKChP2BFEpump,2025-07-19T17:04:32Z,2025-07-19T17:04:32Z,HIGH,,False
Gem2VAypSg7Ai7vjDKPTtqFahpoQWkfgVkyzx3rPoTka,upstream,1,1,4n32UBFWKJNPQayeN25GrLJHswbja41XFMxebcg9pump,2026-06-22T06:40:19Z,2026-06-22T06:40:19Z,MEDIUM,,False
GfCohXYeKctERT1obX1Yf9tUK1sVmbXjFJjxXpmJ8FMj,direct,1,1,CziyAr14UNUrfkxpioWSumkLXMwWnDWN2bu2WR5ao7kc,2026-05-28T20:53:11Z,2026-05-28T20:53:11Z,HIGH,,False
GgjoswpEHUSfPK3t5hsff9PvePiYpfxQ3vipVT4TKzjX,upstream,1,1,DTm66ivA96mhuQnqTy1cv7uELS4MHdYtpbRGJdW9t7Fn,2025-03-18T19:39:24Z,2025-03-18T19:39:24Z,MEDIUM,,False
GhVwUt5R6jNs2eKHwk2wwwFyScxKTeXQXrkEv8ArMbvC,direct,1,1,5o9sE9FEVC12zWBd2zqPXAhoVyRiNjGfaYX6hS3Ppump,2026-08-30T19:33:36Z,2026-08-30T19:33:36Z,HIGH,,False
GhhBh9Xd2HX6RLAdnxJ8a8jpTkYwVJ9R8tiNmvZrJhcY,upstream,1,1,9CzNGAEutxKHJ5CwYC5Lk8X8YzgYrQnvKChP2BFEpump,2025-07-07T17:26:39Z,2025-07-07T17:26:39Z,MEDIUM,,False
Gi44dqcR4HezueB3YEe3tBTZCRWNZsqTHNEp6itn6fu9,upstream,1,1,G9r7nnHSgvb7LUfCE8kavRaKokEMMYBjVHGKvQ6dpump,2026-08-18T00:07:52Z,2026-08-18T00:07:52Z,MEDIUM,,False
GiHXKoMH9Aopw7W5tYQJJWs2NFmaMNet8kVotrLAucSJ,direct,1,1,AgB5SxiP1DFZbW9uDAH7s8Mhv1HF21nJv67tnAAYpump,2026-07-26T18:59:16Z,2026-07-26T18:59:16Z,HIGH,,False
GiXkHzHy8k8PD8ZtbfKAEWFpFE2YiR1AtjXW1S6WVs3d,direct,1,1,57ANN8dAbPX8x1BEFFwzBttkzwpKZBEiJkdiWSzVNQvS,2026-09-10T23:31:03Z,2026-09-10T23:31:03Z,HIGH,,False
Gih78rc1VtspZhgHPsJRfyyMY7J85Czxna2RWqLsTVju,upstream,1,1,4sjtHGeAKP6DoMUdvFqQuiYKhhPpwa9XCxUyuFD2pump,2026-08-28T14:37:32Z,2026-08-28T14:37:32Z,MEDIUM,,False
Gisg19rjM7vJ6xtC2foeD5gxzBJjEZp6hGMyMWmesMAD,direct,1,1,3coFBLantjJkMRmzaQ4znMQQzfqFYTyBeNhdXYAzpump,2026-01-12T10:34:05Z,2026-01-12T10:34:05Z,HIGH,,False
GjDbeszHvCcbf3ux5GLuG5qm9kGzwXAKCmMCbu7QZQh,upstream,1,1,8G7aM6Gco4fHjVpmVvUdVvhKMKaWXJEqkCKRvPdepump,2025-08-11T09:46:30Z,2025-08-11T09:46:30Z,MEDIUM,,False
GjZt3FvuU2up4rhs5EqXzV9HxY6AS9u2qsfVtLZy3aDs,upstream,1,1,D4aEpQLW45YnWrBmztcpJHqabbPtFe9F9PTv8Umvpump,2026-04-14T15:26:14Z,2026-04-14T15:26:14Z,MEDIUM,,False
Gjo6vtZcYR12bP1GkPXcfHMWsuqYmgHyewcZPh9QFzRA,upstream,1,1,dy6zeSw9j2zHprXLwk1uUGAD4d2HF5R3pAFrL6bRAKs,2026-03-17T21:22:32Z,2026-03-17T21:22:32Z,MEDIUM,,False
GjtuYCg3AtCrz6n3A11A7nen5zT6H2zSxDBbEuEAupS2,direct,1,1,DJejJn1iJntJVTAixy4VRgqJFF3NMKPEMgVzbJFmpump,2026-09-25T18:55:11Z,2026-09-25T18:55:11Z,HIGH,,False
Gk6nqrXdsL9HyCRpK1LewzftwyCHPSBYaZ7SCFVyNweZ,direct,1,1,FuF2M5T79HJdpJUbp46qwWssLXQ1Xjf1yiNSfyo5UEGC,2026-08-26T14:18:52Z,2026-08-26T14:18:52Z,HIGH,,False
GkSwmhCtoitiLLtAzNow8GfqTrYnE58iTu6of9ZNf68Q,upstream,1,1,5nnWe5SCBaNMC3oNiR7utth6kx3mH1dhmCarjDb91shW,2025-04-01T16:40:32Z,2025-04-01T16:40:32Z,MEDIUM,,False
GkkzStNoT9iEb2t9VQhPL6ekEirMBxfB5bDJsMCmLjEJ,upstream,1,1,9CzNGAEutxKHJ5CwYC5Lk8X8YzgYrQnvKChP2BFEpump,2026-04-19T21:40:17Z,2026-04-19T21:40:17Z,MEDIUM,,False
Gm47njEA2Tb4VrPLhQnSLABLvL1sRPvhRamCvykjxa82,direct,1,1,2A6sLqrw8WN6KkgnCsN4xJkyAowBZHr2H9xQ4u3Mpump,2026-07-22T22:47:44Z,2026-07-22T22:47:44Z,HIGH,,False
Gn2zCpo4tXCFxRu42YWMcoWPLuHR5WWZCYYPiNStMvEP,upstream,1,1,9CzNGAEutxKHJ5CwYC5Lk8X8YzgYrQnvKChP2BFEpump,2024-08-11T02:20:46Z,2024-08-11T02:20:46Z,MEDIUM,,False
GnBbV25vuKvW8z8gGyutt1JxLYnDBPnNAuWEbcAhvS84,direct,1,1,F41TwidZvJJcsx9c2BMwS6eH9W6HcUT4LzPmGvK9WU6N,2025-09-02T13:27:27Z,2025-09-02T13:27:27Z,HIGH,,False
GnJe1HVm1d3d9jeWiJCPcekwLSfZbFbvQtgoa3EjaEDa,direct,1,1,B3xU49SW3khA7m5Lgata2fmPxZeQRuaJbCruPsVDpump,2025-11-20T04:19:33Z,2025-11-20T04:19:33Z,HIGH,,False
GncLtsEJ2tSvD4a2LdVTTNGayDXnDYQ64GpcbropvMPa,direct,1,1,Er5RuNhTEwJH5dHv9c3YGATjgkLCETH4dKazntyWEtXY,2026-03-11T06:31:32Z,2026-03-11T06:31:32Z,HIGH,,False
GndwfrPpBAZUCwn8npK2cSL68T3SstSwn8XPWAPEZjxp,upstream,1,1,9CzNGAEutxKHJ5CwYC5Lk8X8YzgYrQnvKChP2BFEpump,2025-07-19T15:34:39Z,2025-07-19T15:34:39Z,MEDIUM,,False
GpM1zuMYJ4X4kwik3zQKeSxxk4WZ8vCrXm4t4UTyBJQj,upstream,1,1,2Tiw1Tna3kAut868cjXuKoyrv8U8gi1YjTaXw7Czpump,2026-02-02T16:16:52Z,2026-02-02T16:16:52Z,MEDIUM,,False
GpR7S1zXaD27hFx3ZgeM65gCVv6QwexaiCTY9UddPVPA,direct,1,1,5pSEZw1iytqYznD7crsGyKNek7q5JkjBqj2KmfqxUVZd,2024-10-30T21:50:28Z,2024-10-30T21:50:28Z,HIGH,,False
Gpxn64rZ2BgeJM1n5tiVoYndn6bkoRiHzMoR3BSfF7rS,direct,1,1,21XJbyQWEhmeoxKRHdGrEjetSfHopvtp68LWzdvT471M,2026-01-20T00:50:39Z,2026-01-20T00:50:39Z,HIGH,,False
GqCJBWqSWroEBdgt49PSE1wFXPjA9gJCNQbR5pWgxT9G,direct,1,1,4n32UBFWKJNPQayeN25GrLJHswbja41XFMxebcg9pump,2026-08-27T21:02:05Z,2026-08-27T21:02:05Z,HIGH,,False
GqPekNi1b15hoqwoWYHm5DuDtCH7o6HSmDacEgzQndjr,direct,1,1,7Q9VxTczrzgvjXWbJJZibR7hbYAohngsNsuEhdEcpump,2026-08-27T22:44:15Z,2026-08-27T22:44:15Z,HIGH,,False
GqrmqiKohEGFqYoEeS9t3wd12P8abW6t4JNiSAmiPDjM,direct,1,1,9hAojtonqe4RUQarvUYZhFqC99VK1S3LCewYkSjnpump,2026-08-03T21:18:40Z,2026-08-03T21:18:40Z,HIGH,,False
Gs8Zztp4yDvT3iGPSuv9i8MrALYQ9moKnaH1kWBjpf81,upstream,1,1,44s336LDz8bXp4rpxy1qwUfysZ4THjpReQWTKQg7pump,2023-09-14T06:15:19Z,2023-09-14T06:15:19Z,MEDIUM,,False
GsTvdVU2DZzKP2JfkMXiLYxGGqtBabZaTvhSQqnq2aa,direct,1,1,dy6zeSw9j2zHprXLwk1uUGAD4d2HF5R3pAFrL6bRAKs,2026-08-04T19:07:26Z,2026-08-04T19:07:26Z,HIGH,,False
GtAoTYfF78QvGKZs3dVVmNNtLtTPd86RKJ36H1RAzKaQ,direct,1,1,F41TwidZvJJcsx9c2BMwS6eH9W6HcUT4LzPmGvK9WU6N,2026-08-26T13:41:22Z,2026-08-26T13:41:22Z,HIGH,,False
GtMR3R4GEcLbCmb3b8VvVFBA2qe29KMxb9nNbFBwKDZx,direct,1,1,6sFMbTF2VTzutzKekenJujFZBqb4TiBZJKfyLMUbpump,2026-09-09T14:29:52Z,2026-09-09T14:29:52Z,HIGH,,False
Gtb8Qcyj1Z9Nto5ZSNW7GWMWa7r5dBJETb1cMfSw2vtP,upstream,1,1,5o43e7gYZWFNEpdqkegHY6LXkhMXB1z6f7d6TAVGEMTM,2025-05-02T21:59:18Z,2025-05-02T21:59:18Z,MEDIUM,,False
Gu6iqwQaPGSPD92PcGQRxtujirHidQNt9twpBubLE4yB,direct,1,1,44s336LDz8bXp4rpxy1qwUfysZ4THjpReQWTKQg7pump,2025-02-01T18:53:01Z,2025-02-01T18:53:01Z,HIGH,,False
GvwYCrHPd4LGLQTTPw7jb4jtEhA4uNBs4nVS9FwqX2WH,direct,1,1,rMPLDvnn6KR773WNhZvtFNcgFwnRkc7UbPkUaiMpump,2026-09-29T07:31:34Z,2026-09-29T07:31:34Z,HIGH,,False
GwxeiVH86ZGVYuUZizGAcgMLGCrghGeMBFfxkzixUsd5,direct,1,1,13V3CbY7Q7AXnf24FMsUaQrmLxnRU4Md9phDEWZvpump,2026-08-01T22:52:11Z,2026-08-01T22:52:11Z,HIGH,,False
GxbQVQ9j7kjBTUBNuFqCHuHTMDSHyNhsCknMnegSEDdV,upstream,1,1,2A6sLqrw8WN6KkgnCsN4xJkyAowBZHr2H9xQ4u3Mpump,2023-12-05T11:35:17Z,2023-12-05T11:35:17Z,MEDIUM,,False
Gyj3mo6HNEEXpjTiF4yX3GFnkfQ6YrGkvzDi4Em2FR2i,upstream,1,1,6sFMbTF2VTzutzKekenJujFZBqb4TiBZJKfyLMUbpump,2025-07-02T23:10:04Z,2025-07-02T23:10:04Z,MEDIUM,,False
GzTiXsaEVpfdvSk8AsnRNurqod92v2263NvxtsGkvvN6,upstream,1,1,47r9YPDeTVpwHjAakoVgnzNTJRChXC8f4KSUqMbEsBbM,2026-01-26T05:52:25Z,2026-01-26T05:52:25Z,MEDIUM,,False
GzZ4K9fwHz49tLvvVY9wqD4GVnFBzk31s9Q4nxww29Eu,direct,1,1,FuF2M5T79HJdpJUbp46qwWssLXQ1Xjf1yiNSfyo5UEGC,2025-04-22T20:30:33Z,2025-04-22T20:30:33Z,HIGH,,False
GzcVqoQjhR64MDY1CnrByco5o5qZN6rXcsHzhrmCFd9a,direct,1,1,dy6zeSw9j2zHprXLwk1uUGAD4d2HF5R3pAFrL6bRAKs,2026-08-03T21:55:18Z,2026-08-03T21:55:18Z,HIGH,,False
GzfNZ2LEujYjTjHYivYB76aD6ekKbVxp9pabHYKhvyWg,upstream,1,1,DQ2H7qcj262RAKfSxGYeL7cYJq54mVdXe4gYxUwxpump,2025-01-22T19:48:59Z,2025-01-22T19:48:59Z,MEDIUM,,False
H2DLipJeDttfmte4rnZLq8oxNKeHNj4pC1iM2D4opfYP,upstream,1,1,EkTkjVEfhvgkoCwheMTnr8mhEmJ6Q7ZR8q7ZMCcnpump,2026-07-20T22:24:55Z,2026-07-20T22:24:55Z,MEDIUM,,False
H2Pexrw53qUhSw4gaqoDCLGSMwuApcdJAtdsoCyL9TVR,direct,1,1,HJPjdsDmcvgCj4MV3NvqCWd78qDP8BMzGfrsk4Nbpump,2024-04-02T00:46:03Z,2024-04-02T00:46:03Z,HIGH,,False
H3aZbPJV9qLGP9E3rTSE3oxEWKYKNiH2LuLgV7Q4TDRr,upstream,1,1,7xXo3JYBqzh6D91XRppzFRLfw8wJHypeukGaNWwKgZ8m,2024-12-12T10:23:57Z,2024-12-12T10:23:57Z,MEDIUM,,False
H4dou5NRobts4HcYPUrxo4LkoNv8uwuHMYSKwE652Nz,direct,1,1,7Q9VxTczrzgvjXWbJJZibR7hbYAohngsNsuEhdEcpump,2026-08-27T02:44:23Z,2026-08-27T02:44:23Z,HIGH,,False
H58KWD6ae87oqKKCRVwzKYfFgJ7vexumRpbg9QENFzyR,upstream,1,1,GfqKCwNeAdHHi97AmgCLP5qrwcSJRDdyZ1huiU6xUXTz,2026-09-22T14:15:23Z,2026-09-22T14:15:23Z,MEDIUM,,False
H645T4RGfzHiXKsbXAd29GkiVa1JfBd7cKKgqdQeBTbJ,direct,1,1,HJPjdsDmcvgCj4MV3NvqCWd78qDP8BMzGfrsk4Nbpump,2026-08-23T13:45:57Z,2026-08-23T13:45:57Z,HIGH,,False
H6n9E3P7VkHHfWCHx7Vm8dkKJcNTqipwxRkrg797RnRJ,direct,1,1,4ZUjJ5EJbwfh7teotB29uHc1SC3SiqbrkwJoNgsxibbU,2026-09-12T01:51:27Z,2026-09-12T01:51:27Z,HIGH,,False
H6sNShGFqsRC7tF8DEKNRyk18XNsJQsBcCttiLFia7ug,direct,1,1,AgB5SxiP1DFZbW9uDAH7s8Mhv1HF21nJv67tnAAYpump,2026-02-09T16:06:56Z,2026-02-09T16:06:56Z,HIGH,,False
H7BJkwmRqGwC3JQXTVAkJefdDhWGvLeSHM14JHYLWqum,upstream,1,1,67afrnTxo8DVc52Uev61Yo4Yr9BGQpRw1RpPMWcx42La,2025-08-08T16:38:17Z,2025-08-08T16:38:17Z,MEDIUM,,False
H83beMDjmDdrU2NMjdRmtknPL2QkBShqjin8Ayo9o7xP,upstream,1,1,H9GGsNc7vA4hN13N1oU4itq8x3mrdZBdw2XdK3Mipump,2026-01-02T16:32:20Z,2026-01-02T16:32:20Z,MEDIUM,,False
H8h4c6XqLhKNr37gx1cyrtNPfJ5U7czyC7gP5kk9Dzur,upstream,1,1,9PNfxvTARzdxvQas2uknW57bnfMCS1dxW1He7rPbuhuQ,2023-07-14T13:40:11Z,2023-07-14T13:40:11Z,MEDIUM,,False
HA2zhXHveKL8Tu5aHmm3UXQWNtdazYiuwcsFcRyWa6jv,direct,1,1,9xhMStAAufkH5jA5nevaGy6M9fCsQ74BZnsXyo93DkfA,2026-08-15T03:07:29Z,2026-08-15T03:07:29Z,HIGH,,False
HA9EYrSRyt8vKxsSF7bHw2dd9u7LuRX26ExUhpC5LpE9,direct,1,1,EkTkjVEfhvgkoCwheMTnr8mhEmJ6Q7ZR8q7ZMCcnpump,2026-06-05T15:32:20Z,2026-06-05T15:32:20Z,HIGH,,False
HAcz6aydMnwjZRPSj3SFsugYendRPqHinCBpFEpDnBvJ,direct,1,1,55bKo8bj1YVEgsbwkkd4Nwu7JhaZF9trUgbvpZ3YeVCA,2025-05-25T17:48:43Z,2025-05-25T17:48:43Z,HIGH,,False
HAovbeasZd1QxJBYBrDWM2AZrKkM4B2EhRXwXRZJGLvK,direct,1,1,G9r7nnHSgvb7LUfCE8kavRaKokEMMYBjVHGKvQ6dpump,2025-04-22T19:41:27Z,2025-04-22T19:41:27Z,HIGH,,False
HB8VNLx4T8iBZZosiahHyMEMmeviVHoJ7A9RMn1mFHij,direct,1,1,EHUzmwAzmUix7TkwVr7b16U9ChJDr3RpjfXshR5swy5j,2026-01-22T18:41:08Z,2026-01-22T18:41:08Z,HIGH,,False
HBQ2TC2gmX9qeNuCsY9gRTk9hiZLRZaKhvHGj2ZbVoWB,upstream,1,1,9hAojtonqe4RUQarvUYZhFqC99VK1S3LCewYkSjnpump,2026-07-08T03:09:55Z,2026-07-08T03:09:55Z,MEDIUM,,False
HBT3tS6yjDmK87gcE11TzbkpLmz2JadBZ52TpmqhoNYa,direct,1,1,2Tiw1Tna3kAut868cjXuKoyrv8U8gi1YjTaXw7Czpump,2026-04-30T20:18:46Z,2026-04-30T20:18:46Z,HIGH,,False
HBobH6712KLVuyBQPDEnG5jp6TRhUguZGAzX5iGnTJW8,upstream,1,1,4kkrecvSVnnkK3RZcJ85tNFiZu9pWg584yHjNCqEpump,2025-09-14T16:57:35Z,2025-09-14T16:57:35Z,MEDIUM,,False
HCQRXUrf8fcKpThxgZ23JwuMu3QaRCxwpz6avTpHJFoF,upstream,1,1,7Q9VxTczrzgvjXWbJJZibR7hbYAohngsNsuEhdEcpump,2025-07-05T13:50:38Z,2025-07-05T13:50:38Z,MEDIUM,,False
HCZXbdNWsNQFz7DuAyDSh6YQ3PnfLEzmRAoQB72eYNFL,upstream,1,1,8ypYfW5cjafrfAZij8TZj5SFHAbPNpiRio96LMzypDkn,2024-08-30T06:06:10Z,2024-08-30T06:06:10Z,MEDIUM,,False
HCksMAX7ADjjhvn5JNbnThwbBr2XgpGhrwNRNpXr9XgL,upstream,1,1,6gKx5EMvnymTVz2JgFhJAqpGxTYaBdVsaLb9YfPfvg4Y,2024-12-04T14:21:35Z,2024-12-04T14:21:35Z,MEDIUM,,False
HCrojQNvRjmgnTw41S8w9ntX4BewPHQcZh6mz87a5fum,direct,1,1,9PNfxvTARzdxvQas2uknW57bnfMCS1dxW1He7rPbuhuQ,2026-10-02T16:14:05Z,2026-10-02T16:14:05Z,HIGH,,False
HDzwJdoT7LaZPgQv1qqCXmJFurYgC8LqESWMRDekFDCk,upstream,1,1,9mqJNDG2squcqZt2zC7cWWNtVozUbQUnzVnP1jG6pump,2026-01-08T12:38:25Z,2026-01-08T12:38:25Z,MEDIUM,,False
HEK93UBwqKoFPn27Loaze8Q79VyDr1i5HTw5dMxZ7F9G,upstream,1,1,6gKx5EMvnymTVz2JgFhJAqpGxTYaBdVsaLb9YfPfvg4Y,2026-04-14T21:00:46Z,2026-04-14T21:00:46Z,MEDIUM,,False
HG85PCBqVsnRwcHtJjfEe49tgi7X5ojMVknSWmcSGgZZ,direct,1,1,CziyAr14UNUrfkxpioWSumkLXMwWnDWN2bu2WR5ao7kc,2025-04-22T10:03:04Z,2025-04-22T10:03:04Z,HIGH,,False
HGB9HFC6hq5ojnV5BSgj4SvPK87vxXWy5FxS3dbQbdHB,upstream,1,1,4n32UBFWKJNPQayeN25GrLJHswbja41XFMxebcg9pump,2024-12-29T11:55:22Z,2024-12-29T11:55:22Z,MEDIUM,,False
HHL5prXhd6g5BQdnTYorDa3om5wbjdRgfTKzQqCWCfWm,direct,1,1,2A6sLqrw8WN6KkgnCsN4xJkyAowBZHr2H9xQ4u3Mpump,2025-11-30T18:58:00Z,2025-11-30T18:58:00Z,HIGH,,False
HHmhERfJN3RCaqNaRG6FTdvrJrrt6LtqaNFFYkWhjfVw,direct,1,1,5Sg1vv51KGCSDF2gBHgbNATCEXFjYtVhWgztNUwtgJYD,2026-09-17T17:24:22Z,2026-09-17T17:24:22Z,HIGH,,False
HJJQCwp6TxBxFHPfD2hegeuLwCW9UiKPKTzdwJv2RSyg,direct,1,1,7271ZR6GBzaGqdtP28ZqZ5BKRt2ziu4AnPnVCAL7pump,2026-08-17T13:24:34Z,2026-08-17T13:24:34Z,HIGH,,False
HJdg5tZY1c3v7AMg9SiLZJBE6DmmmR1oR1A3fon6pask,direct,1,1,7mRDn1rAqjwFQXacodr1UmkNdvAGPbtNP9k5jvBZqt9J,2025-03-15T14:05:55Z,2025-03-15T14:05:55Z,HIGH,,False
HK3QBkpn2JBYfjX3TW38FBWgUCP3SHrReDva2tEmNYE6,direct,1,1,2iSB473Z7L2ndpWs3n22tb7H3KSGpswDTH3jP7qCCAZT,2025-02-27T15:21:01Z,2025-02-27T15:21:01Z,HIGH,,False
HKQ5xA5mELGujjFc4Xnmz385Vhan3rWLci6e5gADPeEP,upstream,1,1,JAqRn24FuQ5MFReXNgXb8uFej5vHJDxhVtebpQvHTQZy,2025-09-06T12:21:29Z,2025-09-06T12:21:29Z,MEDIUM,,False
HKr7hQAF7XviMmvBq1Kjonnnqj5oDm4x8hgWWh9NjbWn,upstream,1,1,F41TwidZvJJcsx9c2BMwS6eH9W6HcUT4LzPmGvK9WU6N,2025-02-26T21:35:16Z,2025-02-26T21:35:16Z,MEDIUM,,False
HL4mUUWR7YXhum2Yxh8XjeKMTTdhQgbKHvcEeLGfv8nu,direct,1,1,3f8CKfznVUGrFfhcq8ZBY9M1xyDeEQGrh6iH372h3ebN,2025-02-10T17:28:12Z,2025-02-10T17:28:12Z,HIGH,,False
HLF1rZCu2o7oUEyqgBDyvPe6eDqhQ7cyd4cw9q5NuCZf,direct,1,1,7271ZR6GBzaGqdtP28ZqZ5BKRt2ziu4AnPnVCAL7pump,2026-03-01T13:02:52Z,2026-03-01T13:02:52Z,HIGH,,False
HN4MiNKxcDvHimhDrm6sQqDSHo45UtkFvNSt8E7ktet5,direct,1,1,5EZ7yagvcsHcwH3e17khLwGzhFrCsx7CKS7ZN6J6i4Lh,2026-10-05T21:45:56Z,2026-10-05T21:45:56Z,HIGH,,False
HN9wTx1eMGGQtFnHMxZk833LQ8dhRjqrMU8FZ8swXu8u,direct,1,1,8G7aM6Gco4fHjVpmVvUdVvhKMKaWXJEqkCKRvPdepump,2026-08-16T02:21:45Z,2026-08-16T02:21:45Z,HIGH,,False
HP7vzTuTb5qW4nLQLoUjeUNpGq9gAszEuRf7VFUu9Zgj,direct,1,1,69N7rm9nnp6sVoULtp5toD26F25rYum8593GupxkUYvH,2025-05-08T14:33:28Z,2025-05-08T14:33:28Z,HIGH,,False
HPTgXWN1t9s9J1RPz74MegtWA9SpyPWtniyxNGesDGHn,direct,1,1,2A6sLqrw8WN6KkgnCsN4xJkyAowBZHr2H9xQ4u3Mpump,2026-09-03T15:01:23Z,2026-09-03T15:01:23Z,HIGH,,False
HPbFCooG7KiAbk3SE5iWQrhiQidSf12GsezxKCKWz73W,direct,1,1,55bKo8bj1YVEgsbwkkd4Nwu7JhaZF9trUgbvpZ3YeVCA,2025-08-05T08:55:41Z,2025-08-05T08:55:41Z,HIGH,,False
HQ2TpQ8U2RV8QSDE4Pbgp8ustRfcbVRzh9xwQeQEZ3SD,direct,1,1,5pSEZw1iytqYznD7crsGyKNek7q5JkjBqj2KmfqxUVZd,2025-12-17T02:12:56Z,2025-12-17T02:12:56Z,HIGH,,False
HQBehKS9jmquf9tcYUfMaosqqLQXmp5fL6eGMdvbz6TZ,upstream,1,1,CSLP8Vp7u9hrXQi7crPXqCp7BaJaG4JrNxqvR3jDpump,2026-07-28T10:18:37Z,2026-07-28T10:18:37Z,MEDIUM,,False
HQodekceyxNKXYSmSU8Pd8WLBgKuN3SLEfkPJoXhqjok,direct,1,1,7p4MwwkUaMv4gBThVkW46QjwVaosaUrccbFV1MbXpump,2026-09-12T10:22:53Z,2026-09-12T10:22:53Z,HIGH,,False
HS6MJNYk9bHWumYr3eeT8bxDaeGwzesP6LvauGZvkTgL,direct,1,1,5EZ7yagvcsHcwH3e17khLwGzhFrCsx7CKS7ZN6J6i4Lh,2026-10-01T13:30:37Z,2026-10-01T13:30:37Z,HIGH,,False
HSGt4LrgzToJp3hoGVFkEkD8Ru8gdJnQLZdz4icngrkG,upstream,1,1,3uYT8w1FxasDGmM4WDG5kXu6D9BGvyP3iEfPJEVb6ewT,2025-05-12T17:58:44Z,2025-05-12T17:58:44Z,MEDIUM,,False
HSPA7XvqRfeiUyug2xPtuj35vrWgeVYnWC2NLZfbbpEr,direct,1,1,6wSQipxdE9Suf8tVNaCEbcqavUbLT7gL9tibpm3Jpump,2026-08-30T20:59:56Z,2026-08-30T20:59:56Z,HIGH,,False
HSYJsy9zFk115idHDsxctCNKPmQB3MDN4FWgXSWJADhM,upstream,1,1,3uYT8w1FxasDGmM4WDG5kXu6D9BGvyP3iEfPJEVb6ewT,2026-08-25T21:56:19Z,2026-08-25T21:56:19Z,MEDIUM,,False
HT2GRoq7eTBQzb1Lt553GmbfwnqWsJsFYCMs2e6G8c6t,upstream,1,1,5DoZAeBkoci5t5zPhUiuhQFjuzYTfkSv5Seojsxppump,2026-05-04T00:48:39Z,2026-05-04T00:48:39Z,MEDIUM,,False
HTckgXsXEz6b4uomnf6H2BWMUZ6Nd5qvVMVMNbZs42ZX,direct,1,1,9hAojtonqe4RUQarvUYZhFqC99VK1S3LCewYkSjnpump,2026-09-12T11:29:08Z,2026-09-12T11:29:08Z,HIGH,,False
HUF8BPvPfLBYkyRYjuDVTwS6onxXRz6cv9D5ZEugrXSr,upstream,1,1,5Sg1vv51KGCSDF2gBHgbNATCEXFjYtVhWgztNUwtgJYD,2025-07-13T20:42:04Z,2025-07-13T20:42:04Z,MEDIUM,,False
HUFc4WffqK2kV2JCzBGX7TrnMn3wdsT62KYT7odaxhbL,upstream,1,1,8ypYfW5cjafrfAZij8TZj5SFHAbPNpiRio96LMzypDkn,2026-08-08T02:55:39Z,2026-08-08T02:55:39Z,MEDIUM,,False
HUPwCmMPTwko94hJnkhG5wjsR3NX4ydRFRLTLT15b9ak,upstream,1,1,55bKo8bj1YVEgsbwkkd4Nwu7JhaZF9trUgbvpZ3YeVCA,2025-05-07T07:37:26Z,2025-05-07T07:37:26Z,MEDIUM,,False
HUWRguMzQ4YTAxy4QqqjXP41MHLQUyveDjT75QnXWcLC,upstream,1,1,13V3CbY7Q7AXnf24FMsUaQrmLxnRU4Md9phDEWZvpump,2024-04-04T14:26:07Z,2024-04-04T14:26:07Z,MEDIUM,,False
HXdmrctHxA95QFBkPenKCGcamm3qLQoV5KU1UF1i3Nqe,upstream,1,1,rMPLDvnn6KR773WNhZvtFNcgFwnRkc7UbPkUaiMpump,2025-02-03T18:31:28Z,2025-02-03T18:31:28Z,MEDIUM,,False
HYGpYsBkNB2bQY8mNgkLkAkmYvmMkdXBU88oSx1cakWG,upstream,1,1,DkDwxjD5JFK7hd7qUNHqNaTeqDGcZ1ia3Y6E7EUiehEn,2025-07-29T16:55:57Z,2025-07-29T16:55:57Z,MEDIUM,,False
HYX6sKYcqmXG54HqvRfX2fMnQnepvagE9NXmjET5253o,upstream,1,1,4sjtHGeAKP6DoMUdvFqQuiYKhhPpwa9XCxUyuFD2pump,2024-01-31T23:08:16Z,2024-01-31T23:08:16Z,MEDIUM,,False
HZ2XWEV3sVbeZUagY365YaioninjR9RtXL5DNu7vYr96,direct,1,1,69N7rm9nnp6sVoULtp5toD26F25rYum8593GupxkUYvH,2026-08-04T17:54:55Z,2026-08-04T17:54:55Z,HIGH,,False
HZeJ9hkM4Pcic7h6v1siAvd1B45XF1Ztg4MJAwuM47CX,direct,1,1,4ZUjJ5EJbwfh7teotB29uHc1SC3SiqbrkwJoNgsxibbU,2025-02-11T01:27:39Z,2025-02-11T01:27:39Z,HIGH,,False
HatjYt6MN1rqkW8NGwJqetPY1QC5kRtBHLoKy2siWNXL,upstream,1,1,5L6As5obMTXxKwjmGBy1LTRwW2Hm1PjSK18JhETrpump,2025-11-07T07:31:25Z,2025-11-07T07:31:25Z,MEDIUM,,False
HbZiArfbypisEo24aBNmEihW9FmkzoVsqMamrYeYxDYp,direct,1,1,F41TwidZvJJcsx9c2BMwS6eH9W6HcUT4LzPmGvK9WU6N,2025-06-28T13:47:25Z,2025-06-28T13:47:25Z,HIGH,,False
HbhX12ze5qUDdHVrkRbPxTxQfhTDeKDqUoq5NKQCS1Bd,direct,1,1,F41TwidZvJJcsx9c2BMwS6eH9W6HcUT4LzPmGvK9WU6N,2026-07-18T10:48:18Z,2026-07-18T10:48:18Z,HIGH,,False
HcgXHH1NNm6i7z9Pn1QuXVMi7BpbbipT7mpYqCg9yJAt,direct,1,1,6wSQipxdE9Suf8tVNaCEbcqavUbLT7gL9tibpm3Jpump,2026-05-31T10:03:34Z,2026-05-31T10:03:34Z,HIGH,,False
He7NMrcgWKA6KfRGGvJWZHkknXjRn9mSXznueBH6hkcA,direct,1,1,GL7M1C4QeLoURyexYgdhuP8SvaPh5LHQLRqKha3epump,2024-04-08T09:15:03Z,2024-04-08T09:15:03Z,HIGH,,False
HeExW3nUGCUZDGf4EtGucpeNeKaDimNVbns56sHZ3QrQ,upstream,1,1,3coFBLantjJkMRmzaQ4znMQQzfqFYTyBeNhdXYAzpump,2025-10-19T13:33:54Z,2025-10-19T13:33:54Z,MEDIUM,,False
HeLoQExY8Go9dpjBTaUCSPxyfGUxBFNf2ScA6uX5c9uc,direct,1,1,rMPLDvnn6KR773WNhZvtFNcgFwnRkc7UbPkUaiMpump,2026-05-08T06:46:25Z,2026-05-08T06:46:25Z,HIGH,,False
HedVv4VYH3Z8YetUgCQpovngFmk4VGgrt98uk1h3TDDv,upstream,1,1,H8oe2SCksJcYzhPeS4TsbteusgZW5k7QaZ4boKyq8C7U,2026-08-08T00:17:42Z,2026-08-08T00:17:42Z,MEDIUM,,False
HeztZAQoDVqs7gPXEFn84wChpymG3rqsnt2as9ii8Zv9,direct,1,1,DQ2H7qcj262RAKfSxGYeL7cYJq54mVdXe4gYxUwxpump,2026-08-29T20:36:20Z,2026-08-29T20:36:20Z,HIGH,,False
HfEZjHnus5vWX1zqkNL2TcigBPWhNef54Jb8VUCZHxtb,direct,1,1,9CzNGAEutxKHJ5CwYC5Lk8X8YzgYrQnvKChP2BFEpump,2026-08-09T04:42:02Z,2026-08-09T04:42:02Z,HIGH,,False
HfWnVrpYrPCRdVKBGt4TFDDJtzuwWYDoa7mU26dJQHZR,upstream,1,1,xeKm1qmxyHLJZLdwKpsZdx5UFtYyb124GTWRZWypump,2025-07-16T11:19:57Z,2025-07-16T11:19:57Z,MEDIUM,,False
HfpYZpjLPY2eSZfGaGarWJxGoesTg1n6CNgvPPhv7Ydy,direct,1,1,dy6zeSw9j2zHprXLwk1uUGAD4d2HF5R3pAFrL6bRAKs,2026-09-07T20:58:35Z,2026-09-07T20:58:35Z,HIGH,,False
HgVShSAXvNqfiiRkKNyzy96MywPM8JRGMShe1p9VbMfM,upstream,1,1,8G7aM6Gco4fHjVpmVvUdVvhKMKaWXJEqkCKRvPdepump,2022-07-26T18:53:08Z,2022-07-26T18:53:08Z,MEDIUM,,False
HgZ617WLSAbothCAPdQAvPoBJuzMNSwGS8jZaDKcWtHp,upstream,1,1,7dACCWZXF4Lr9ftxFpi7TJk7a3hcPpUwGPAcTuXDpump,2024-08-18T19:28:10Z,2024-08-18T19:28:10Z,MEDIUM,,False
HgutzVMXJ1XKBf4TBnRRvTmgtU8ejM4iQkkp1coVEYDD,upstream,1,1,AmWCcDf6tG7zB3VPeDVjeXL5N567fXAiHcTKw3xXpump,2024-11-02T07:02:17Z,2024-11-02T07:02:17Z,MEDIUM,,False
HhDgcVBBBvstuvCV9qUUy2X6gzPZXXHLHZi3pt9wAP2k,direct,1,1,49aM4HrGABwG9F8iAn385zzcsS6mxHEFY8YN3H7y1Cd9,2026-08-22T03:01:58Z,2026-08-22T03:01:58Z,HIGH,,False
HhtGko7WqB9ZD29o4Sk2zpmnmfsJPUMwBUtbkEi8BWwU,direct,1,1,4kkrecvSVnnkK3RZcJ85tNFiZu9pWg584yHjNCqEpump,2026-01-08T15:41:19Z,2026-01-08T15:41:19Z,HIGH,,False
HjA2gQoHaP9nZpbUhPur3wMDB6HUNSvH26ns5MFq7Fkx,upstream,1,1,EHUzmwAzmUix7TkwVr7b16U9ChJDr3RpjfXshR5swy5j,2026-07-28T20:04:54Z,2026-07-28T20:04:54Z,MEDIUM,,False
HjsQ3dgeCTrAxRZ5m9YFABtEuJhyLGsYcNzG5xsi7tV2,upstream,1,1,DkDwxjD5JFK7hd7qUNHqNaTeqDGcZ1ia3Y6E7EUiehEn,2024-01-23T02:19:54Z,2024-01-23T02:19:54Z,MEDIUM,,False
HjuvLWkeoRVuiDCVjZeWrj3cYzG2KV9CExqEJqJQJqJA,direct,1,1,xeKm1qmxyHLJZLdwKpsZdx5UFtYyb124GTWRZWypump,2026-07-25T09:00:02Z,2026-07-25T09:00:02Z,HIGH,,False
HkLAzMwuRQxBXq4ReVFJZeqdfobj6rC6gzCqu1RBXU3W,direct,1,1,xeKm1qmxyHLJZLdwKpsZdx5UFtYyb124GTWRZWypump,2026-09-06T20:00:12Z,2026-09-06T20:00:12Z,HIGH,,False
Hku5g9nikEwGrEgaKU3tR6afems7MfcpqmVYBxNJ81Nm,direct,1,1,BmU6YJP2YCAo8sc2dkeR8KjvF3rGFBHZL25ejysppump,2026-04-03T01:20:18Z,2026-04-03T01:20:18Z,HIGH,,False
Hm8k1AGZ3xgWMAUzvZajv7pf6mdZdk95fMHoypexdoVP,direct,1,1,CziyAr14UNUrfkxpioWSumkLXMwWnDWN2bu2WR5ao7kc,2026-07-22T09:20:52Z,2026-07-22T09:20:52Z,HIGH,,False
HnUmJk1FezMRF2qV7wyp8xeG4mCnPPznQfx8Cv5sUeJs,direct,1,1,5EZ7yagvcsHcwH3e17khLwGzhFrCsx7CKS7ZN6J6i4Lh,2026-10-01T10:18:51Z,2026-10-01T10:18:51Z,HIGH,,False
Ho1i9R65HGCj8NHVkX1dp4H4i31GzNNL3yRxiSfiBR2q,upstream,1,1,4sjtHGeAKP6DoMUdvFqQuiYKhhPpwa9XCxUyuFD2pump,2025-09-12T13:59:03Z,2025-09-12T13:59:03Z,MEDIUM,,False
Ho4ompQ58dKsHckPHNz9kWZEU2gFRYX3FeZF7rYerysJ,direct,1,1,8G7aM6Gco4fHjVpmVvUdVvhKMKaWXJEqkCKRvPdepump,2026-03-31T14:20:24Z,2026-03-31T14:20:24Z,HIGH,,False
HoBKbNRTgSxT74TrCwsUNMQe5DTtNeWQxv5cNzgrADNa,direct,1,1,28HydoWU7TZQxWiVQxGZyspE3qgWdCHToNDVgLoNpump,2026-05-23T18:43:27Z,2026-05-23T18:43:27Z,HIGH,,False
HoLitxUihaaKQBtb1mMVnY1txW326yzspHihpAA2esXQ,direct,1,1,9CzNGAEutxKHJ5CwYC5Lk8X8YzgYrQnvKChP2BFEpump,2026-08-19T08:53:12Z,2026-08-19T08:53:12Z,HIGH,,False
Hp3DTkwWEBazsj3E3PRjb6c1iPPtUEMvNfiCwc2vBLm6,direct,1,1,8ypYfW5cjafrfAZij8TZj5SFHAbPNpiRio96LMzypDkn,2026-09-09T08:04:59Z,2026-09-09T08:04:59Z,HIGH,,False
HpFJCyLRhajK1UhZPDumrRDQCwRk2FPKKSYUPy16CRHK,direct,1,1,3GeNgcFpMwH9ts5b3W3jddtfwhwAURaykTy8YjtrGQWT,2026-05-01T22:31:44Z,2026-05-01T22:31:44Z,HIGH,,False
HpPgVz2Loy2RYPtRLHZiBfuoSfmRFqBNqmqmxMWziFKv,direct,1,1,5o43e7gYZWFNEpdqkegHY6LXkhMXB1z6f7d6TAVGEMTM,2026-10-06T10:31:14Z,2026-10-06T10:31:14Z,HIGH,,False
Hpc8Hv9e8cW6sKyPgsVSgkAEjuevvxGxpxxv3udmAPam,direct,1,1,FuF2M5T79HJdpJUbp46qwWssLXQ1Xjf1yiNSfyo5UEGC,2025-05-08T23:57:38Z,2025-05-08T23:57:38Z,HIGH,,False
HqBLXnqnDY1xrGnMsa3rRfw4C6qoQYiCsbQCap5LUyGQ,direct,1,1,DTm66ivA96mhuQnqTy1cv7uELS4MHdYtpbRGJdW9t7Fn,2026-01-05T22:41:55Z,2026-01-05T22:41:55Z,HIGH,,False
HqPSBbJPELN8FhCwsPnqWPvjjtqexzHzgAMN134PS1U5,upstream,1,1,3uYT8w1FxasDGmM4WDG5kXu6D9BGvyP3iEfPJEVb6ewT,2025-09-13T07:51:18Z,2025-09-13T07:51:18Z,MEDIUM,,False
HshCvQQCfmYUESSWFPv9bmEFThUDNZruG9UdigrNpWTP,upstream,1,1,4prKtarobdhYDY4Hu3uGZMx7Je4HqPJeLVyxN6m4Ld3T,2026-05-20T02:31:10Z,2026-05-20T02:31:10Z,MEDIUM,,False
HsiDUpU68JNYNqR3PR4s9CXDhQJfEwGdri7C14H3P6YT,direct,1,1,DTm66ivA96mhuQnqTy1cv7uELS4MHdYtpbRGJdW9t7Fn,2026-03-23T15:08:33Z,2026-03-23T15:08:33Z,HIGH,,False
HsjCn5W83ma7mFj3tdfBfs6e7Us6vdcqZVR5tp1ithtC,direct,1,1,4sjtHGeAKP6DoMUdvFqQuiYKhhPpwa9XCxUyuFD2pump,2024-03-13T23:11:25Z,2024-03-13T23:11:25Z,HIGH,,False
HtJ9i3BsmakoqAQXXU74zGvPibRpspXETrtP9gZXvqFe,direct,1,1,49aM4HrGABwG9F8iAn385zzcsS6mxHEFY8YN3H7y1Cd9,2026-01-13T02:43:38Z,2026-01-13T02:43:38Z,HIGH,,False
HtJZbWBzhTPxzU31dhHWvqiJpYzwJHSRF8Y6LvNEL4rE,direct,1,1,28HydoWU7TZQxWiVQxGZyspE3qgWdCHToNDVgLoNpump,2026-09-01T07:26:01Z,2026-09-01T07:26:01Z,HIGH,,False
HtvyWRnxhkm8GwdDQZuqHbf6ZR8Pi99aGjxCsbke43Gd,direct,1,1,25GrKYrc3y4LZmmuhppYgFRCKb7JyZ6grum4WhLYvA1z,2026-09-26T15:21:39Z,2026-09-26T15:21:39Z,HIGH,,False
HuQSmemsfaJP5E8MYSd6rZme9bnvAFgCG5Dq8T8Q1V9f,direct,1,1,7Q9VxTczrzgvjXWbJJZibR7hbYAohngsNsuEhdEcpump,2026-08-27T17:01:59Z,2026-08-27T17:01:59Z,HIGH,,False
HuVWg4AP6a8PnNtkgiypHrKm1nD34L7YKoWXdtGHtNsy,upstream,1,1,8ypYfW5cjafrfAZij8TZj5SFHAbPNpiRio96LMzypDkn,2026-09-03T13:09:24Z,2026-09-03T13:09:24Z,MEDIUM,,False
Huc2VmoYhHx1SHbjyvFTwimpy7PBt9Qz1gnXQaY7Y7ZJ,upstream,1,1,DkDwxjD5JFK7hd7qUNHqNaTeqDGcZ1ia3Y6E7EUiehEn,2025-10-06T12:11:28Z,2025-10-06T12:11:28Z,MEDIUM,,False
Hudwr9vv9aoXW4RMtfmwBfRFnWpKmz63UNm77ShreTbf,direct,1,1,7dACCWZXF4Lr9ftxFpi7TJk7a3hcPpUwGPAcTuXDpump,2026-09-25T06:19:47Z,2026-09-25T06:19:47Z,HIGH,,False
HufqVoEtA6gJrkTnDi9ZwdYozX4V5fXurZbb3tt3jLz4,upstream,1,1,7Q9VxTczrzgvjXWbJJZibR7hbYAohngsNsuEhdEcpump,2025-12-04T19:37:57Z,2025-12-04T19:37:57Z,MEDIUM,,False
Hufy2kTe3sji5mbcttVhmkbWFyyKbHuHd9V8qQpWT4dw,upstream,1,1,H8oe2SCksJcYzhPeS4TsbteusgZW5k7QaZ4boKyq8C7U,2026-10-03T02:36:41Z,2026-10-03T02:36:41Z,MEDIUM,,False
Huiciytw47quye9eAbfiN7WVzLF2HYgoddaFqCecd6AP,upstream,1,1,3coFBLantjJkMRmzaQ4znMQQzfqFYTyBeNhdXYAzpump,2026-08-31T08:35:21Z,2026-08-31T08:35:21Z,MEDIUM,,False
Hw74HnDDgPYqCtcUjaouxyunHT12S9wZLUPA1fPRETbC,direct,1,1,2A6sLqrw8WN6KkgnCsN4xJkyAowBZHr2H9xQ4u3Mpump,2026-03-17T02:14:00Z,2026-03-17T02:14:00Z,HIGH,,False
HwBL75xHHKcXSMNcctq3UqWaEJPDWVQz6NazZJNjWaQc,upstream,1,1,CziyAr14UNUrfkxpioWSumkLXMwWnDWN2bu2WR5ao7kc,2024-03-21T04:41:20Z,2024-03-21T04:41:20Z,MEDIUM,,False
HwfcfxU811PPZWdyFN6ViyGrzjMHC2Nzikm8oQY5aym6,direct,1,1,57ANN8dAbPX8x1BEFFwzBttkzwpKZBEiJkdiWSzVNQvS,2026-08-08T11:41:07Z,2026-08-08T11:41:07Z,HIGH,,False
HxWJokn8KD6bGXbqA27MTgyoxZja8DPNUhBx2FZ7cT6V,direct,1,1,CziyAr14UNUrfkxpioWSumkLXMwWnDWN2bu2WR5ao7kc,2026-08-08T13:21:50Z,2026-08-08T13:21:50Z,HIGH,,False
HxzGRe6fqx2JoPCfkBb4uB8yxtpGc9spDWGexyH6zeG2,upstream,1,1,7Q9VxTczrzgvjXWbJJZibR7hbYAohngsNsuEhdEcpump,2026-08-07T18:53:24Z,2026-08-07T18:53:24Z,MEDIUM,,False
HyGpRUHowWMn3iEJ1uSUAYXMJm276pi5Cmjj1QHPcYC4,upstream,1,1,4ZUjJ5EJbwfh7teotB29uHc1SC3SiqbrkwJoNgsxibbU,2024-12-16T14:19:37Z,2024-12-16T14:19:37Z,MEDIUM,,False
HyLstouh9bAbRb1KjUxJ1auMhbp71FR6LhbwPswJLNdA,direct,1,1,G9r7nnHSgvb7LUfCE8kavRaKokEMMYBjVHGKvQ6dpump,2025-05-01T21:15:27Z,2025-05-01T21:15:27Z,HIGH,,False
HykkZn2JERm2Zp527PhBXgHHTeqSayvDbTuy2T5Fvcip,upstream,1,1,6gKx5EMvnymTVz2JgFhJAqpGxTYaBdVsaLb9YfPfvg4Y,2026-04-14T21:01:15Z,2026-04-14T21:01:15Z,MEDIUM,,False
HzVww4D4tN94MErd4ZUgXVNrjUrg4hu7ortbGZxCMN2o,direct,1,1,4kkrecvSVnnkK3RZcJ85tNFiZu9pWg584yHjNCqEpump,2026-08-29T22:25:31Z,2026-08-29T22:25:31Z,HIGH,,False
J1zX8Qu4NRYDu9jxbcEfEZLVuk4QvXFC4uoKKJzcDG9m,upstream,1,1,4kkrecvSVnnkK3RZcJ85tNFiZu9pWg584yHjNCqEpump,2025-10-21T20:08:44Z,2025-10-21T20:08:44Z,MEDIUM,,False
J2GBvsGJ44yFzNuSJxjG4WdQbnThHc8ZoKcohzFAXkG6,direct,1,1,9xhMStAAufkH5jA5nevaGy6M9fCsQ74BZnsXyo93DkfA,2026-07-26T22:24:06Z,2026-07-26T22:24:06Z,HIGH,,False
J4Fa7LMUsVZQAcczPeH7chtU3ZzWufFtADKUrepMGwFu,upstream,1,1,Ajz86fyiygsv8kZkUyDxogxkz5VfKRs4HTEABVTfpump,2026-01-12T15:01:15Z,2026-01-12T15:01:15Z,MEDIUM,,False
J4HwbEZ5aJCVT9Vb9FfkK8ew7AjDLbwZ1YcYTq7BHYZF,direct,1,1,8G7aM6Gco4fHjVpmVvUdVvhKMKaWXJEqkCKRvPdepump,2026-07-02T05:30:08Z,2026-07-02T05:30:08Z,HIGH,,False
J4bvpwgNdHruxDxWm4Lxw9fKbwfuUxxie7MzH1WmDwGw,direct,1,1,6wSQipxdE9Suf8tVNaCEbcqavUbLT7gL9tibpm3Jpump,2025-02-11T22:44:29Z,2025-02-11T22:44:29Z,HIGH,,False
J58ppEeuPbStahchWnoNrKW4zETS8mhHtorVutgKCiZV,direct,1,1,28HydoWU7TZQxWiVQxGZyspE3qgWdCHToNDVgLoNpump,2026-08-23T20:43:17Z,2026-08-23T20:43:17Z,HIGH,,False
J5HQaw4QR77W5qzia31J76HYqK1csFHFCisrz9wSyGkg,direct,1,1,3coFBLantjJkMRmzaQ4znMQQzfqFYTyBeNhdXYAzpump,2026-01-19T05:26:06Z,2026-01-19T05:26:06Z,HIGH,,False
J5HcKBo9QdBgL9wo6Kj1kna3EXoccegy4ophXEFKLp4b,upstream,1,1,8G7aM6Gco4fHjVpmVvUdVvhKMKaWXJEqkCKRvPdepump,2026-03-04T19:47:49Z,2026-03-04T19:47:49Z,MEDIUM,,False
J5fHCiJ5NMTEk6Vd6kGBhs2f1mfKNDoEtLbMyY2Bziuj,upstream,1,1,5Sg1vv51KGCSDF2gBHgbNATCEXFjYtVhWgztNUwtgJYD,2026-09-02T11:54:31Z,2026-09-02T11:54:31Z,MEDIUM,,False
J5o9FcAmtDzLPYDpLNNhNTgNrm3d7Rgh45xKRtDmruc6,direct,1,1,5o43e7gYZWFNEpdqkegHY6LXkhMXB1z6f7d6TAVGEMTM,2025-09-30T13:56:26Z,2025-09-30T13:56:26Z,HIGH,,False
J5pfhLRVtJL1nu8EMCAzjGKuWsqUWwTakmKTfiNvhK9R,direct,1,1,BUPNYwndVGfzVb6RG6q2PX53VdAimw2Mi98QxqeWpump,2026-08-12T15:16:51Z,2026-08-12T15:16:51Z,HIGH,,False
J5qMnagQJ1oEES4qMy1r4Qrps7qWYEHEXkuzbgTqxvme,direct,1,1,UsrcsZMqw6p53Fohu16UCBjsbjqc73XmoRFZDcnCtMR,2026-09-09T12:46:37Z,2026-09-09T12:46:37Z,HIGH,,False
J66uW8WTNKBQeT1z5oQN8EFNYmw2CNaEwXBRybiZosAL,direct,1,1,6sFMbTF2VTzutzKekenJujFZBqb4TiBZJKfyLMUbpump,2025-05-10T10:38:37Z,2025-05-10T10:38:37Z,HIGH,,False
J6XzSww1YbkstNdEaH2TtvaYd6sB3hujDw6WfGA2Z7hQ,upstream,1,1,3GeNgcFpMwH9ts5b3W3jddtfwhwAURaykTy8YjtrGQWT,2026-08-31T20:35:34Z,2026-08-31T20:35:34Z,MEDIUM,,False
J76MtwPnmZXWZGu7HrN2tpYe5cEn1yQXKpYu4vW92ipQ,upstream,1,1,5nnWe5SCBaNMC3oNiR7utth6kx3mH1dhmCarjDb91shW,2026-03-15T11:53:53Z,2026-03-15T11:53:53Z,MEDIUM,,False
J7Di4UY3Y9pFcbcQGUZmFmuniDgfFh9Xcp2aaXYf7zW4,upstream,1,1,BZYpLHhui3qRNokWFg2JcX8CYtMqzWHR5R4xowjcbPqh,2024-10-09T15:42:34Z,2024-10-09T15:42:34Z,MEDIUM,,False
J8DkM1PyPMcowfRJrfM2Qk9YzjjjUJ4pR7jzjFg41NCW,direct,1,1,hHc9579gpKUnvYvgcKyjdpe1UhmfVfGzGwMQCADpump,2026-07-24T14:01:11Z,2026-07-24T14:01:11Z,HIGH,,False
J8Gb3Jm8nPVYWHVij9PcM2bgXze3TSJt8LkitpX5MoUr,direct,1,1,9xhMStAAufkH5jA5nevaGy6M9fCsQ74BZnsXyo93DkfA,2026-05-25T02:14:37Z,2026-05-25T02:14:37Z,HIGH,,False
J8Gb3Jm8nPVYWHVij9PcM2bgXze3TSJt8LkitpX5MoUr,upstream,1,1,9xhMStAAufkH5jA5nevaGy6M9fCsQ74BZnsXyo93DkfA,2026-05-25T02:14:37Z,2026-05-25T02:14:37Z,MEDIUM,,False
J8VHH2KUMmMoC6ec4wgF6ebP6d9TP1QV2MJbhBzcKva7,direct,1,1,8G7aM6Gco4fHjVpmVvUdVvhKMKaWXJEqkCKRvPdepump,2026-07-30T17:12:57Z,2026-07-30T17:12:57Z,HIGH,,False
J8raNiJytjHDdPmP1dUDBuj4S3qVyDtBXuAM5h3g1Q2f,direct,1,1,5Sg1vv51KGCSDF2gBHgbNATCEXFjYtVhWgztNUwtgJYD,2025-04-22T12:54:21Z,2025-04-22T12:54:21Z,HIGH,,False
J91yYxQ7ketALwy9uxtG1ysjTd3rQaz12R8MxZJ2iyLr,upstream,1,1,FuF2M5T79HJdpJUbp46qwWssLXQ1Xjf1yiNSfyo5UEGC,2025-04-22T20:20:08Z,2025-04-22T20:20:08Z,MEDIUM,,False
J93n7MSHwrXn1Z17349TTqKkUerCjgu1U2jP48aqW4oq,direct,1,1,5pSEZw1iytqYznD7crsGyKNek7q5JkjBqj2KmfqxUVZd,2025-07-02T18:19:14Z,2025-07-02T18:19:14Z,HIGH,,False
J9ExSjFtfYb4YNrKcUejYki54wrWsxWeyeBWFoHt1upa,upstream,1,1,4n32UBFWKJNPQayeN25GrLJHswbja41XFMxebcg9pump,2025-04-10T13:32:14Z,2025-04-10T13:32:14Z,MEDIUM,,False
J9KXpXVsZagUVY8aeZ29uuohAq43kQDuZhN4HaadgGWV,upstream,1,1,21XJbyQWEhmeoxKRHdGrEjetSfHopvtp68LWzdvT471M,2026-09-11T17:20:41Z,2026-09-11T17:20:41Z,MEDIUM,,False
J9knEGBqccQWbHFwyskP9LGikqMeU4FV9QYuhh4zv2Ka,direct,1,1,3coFBLantjJkMRmzaQ4znMQQzfqFYTyBeNhdXYAzpump,2026-03-11T22:06:35Z,2026-03-11T22:06:35Z,HIGH,,False
J9n6d5UfsTrd35ghekPFwpdoKEu9FMdWD96HPdWPsFWX,direct,1,1,JAqRn24FuQ5MFReXNgXb8uFej5vHJDxhVtebpQvHTQZy,2025-06-21T15:02:31Z,2025-06-21T15:02:31Z,HIGH,,False
JAEfYX7PfhYyAn8fviFC4N7QG8KrDj4brQNYbtbzEs7c,upstream,1,1,5Sg1vv51KGCSDF2gBHgbNATCEXFjYtVhWgztNUwtgJYD,2026-02-22T08:04:00Z,2026-02-22T08:04:00Z,MEDIUM,,False
JAsmugcEx5SdHz9yo4R2Z7ntLcjuYuc2ga8m6dU3znTt,direct,1,1,8G7aM6Gco4fHjVpmVvUdVvhKMKaWXJEqkCKRvPdepump,2025-08-28T20:08:40Z,2025-08-28T20:08:40Z,HIGH,,False
JAuHcWa6cEKFeEsaA4iomnXc3sm1f5MXGzARpPjUm3Mm,direct,1,1,8G7aM6Gco4fHjVpmVvUdVvhKMKaWXJEqkCKRvPdepump,2026-08-31T13:40:11Z,2026-08-31T13:40:11Z,HIGH,,False
JBA8rDrrev7uWGtgTg5E4Ce4FsHEUbA8CmXHvt26gq3o,direct,1,1,JAqRn24FuQ5MFReXNgXb8uFej5vHJDxhVtebpQvHTQZy,2025-09-11T21:54:21Z,2025-09-11T21:54:21Z,HIGH,,False
JDBT5koS1f9qPVcujCmDxGpSn1U7qFYYbY1aae6vG2gS,upstream,1,1,6gKx5EMvnymTVz2JgFhJAqpGxTYaBdVsaLb9YfPfvg4Y,2026-04-14T20:58:52Z,2026-04-14T20:58:52Z,MEDIUM,,False
JDGwoLkkJeqC5eAdcY2FTvM81FEGhPaWyJjc3ZXtD3Gv,upstream,1,1,5o43e7gYZWFNEpdqkegHY6LXkhMXB1z6f7d6TAVGEMTM,2025-01-06T23:15:27Z,2025-01-06T23:15:27Z,MEDIUM,,False
JNpVNLrY5b1wkHBx6grNmHge6Zi8K5uqAbZGFBxLSmv,upstream,1,1,4prKtarobdhYDY4Hu3uGZMx7Je4HqPJeLVyxN6m4Ld3T,2026-08-14T04:09:09Z,2026-08-14T04:09:09Z,MEDIUM,,False
KGq7Bx87iHKMBz3Y9RwTCmMyTJPJnC785eVMDQc3vcw,direct,1,1,7p4MwwkUaMv4gBThVkW46QjwVaosaUrccbFV1MbXpump,2026-09-10T15:35:44Z,2026-09-10T15:35:44Z,HIGH,,False
KXyG6AoK88L2MAcC1bWrkfZL4WGY1EwcStrUDyhjcGs,upstream,1,1,FuF2M5T79HJdpJUbp46qwWssLXQ1Xjf1yiNSfyo5UEGC,2026-07-15T21:22:52Z,2026-07-15T21:22:52Z,MEDIUM,,False
Kc7ShBkTpsYnvpo58hTBZ33YNjh4cd5DzEyopq26yHZ,upstream,1,1,HJPjdsDmcvgCj4MV3NvqCWd78qDP8BMzGfrsk4Nbpump,2025-04-28T17:21:54Z,2025-04-28T17:21:54Z,MEDIUM,,False
L7d9cGRs5tywABUwzWx5ZVGqfPRXsJWjW1tM7RK5Deo,upstream,1,1,9PNfxvTARzdxvQas2uknW57bnfMCS1dxW1He7rPbuhuQ,2025-02-23T18:43:34Z,2025-02-23T18:43:34Z,MEDIUM,,False
LDqLz6PUTpuvRGKSkrY3mVicDGvRz2Vnz7dhT9jDNEy,direct,1,1,hHc9579gpKUnvYvgcKyjdpe1UhmfVfGzGwMQCADpump,2026-09-07T11:33:23Z,2026-09-07T11:33:23Z,HIGH,,False
LULtLZb4CPEDqyu4LTHmQsBGXVVk9pyMrQTan4MCYYs,direct,1,1,5o43e7gYZWFNEpdqkegHY6LXkhMXB1z6f7d6TAVGEMTM,2026-09-02T06:35:57Z,2026-09-02T06:35:57Z,HIGH,,False
LdLn96fUxMLgoWBSaSaikq2VGzqr1AYTpAo3xdqKcYc,direct,1,1,13V3CbY7Q7AXnf24FMsUaQrmLxnRU4Md9phDEWZvpump,2025-08-21T13:51:43Z,2025-08-21T13:51:43Z,HIGH,,False
MHyTRNyxLJi1zzihyHHCMFRNgFo9BimhPhsScmQrLD8,upstream,1,1,28HydoWU7TZQxWiVQxGZyspE3qgWdCHToNDVgLoNpump,2026-08-03T20:22:35Z,2026-08-03T20:22:35Z,MEDIUM,,False
Mf5Gq2Xfg3gFWPV8gAUcRmme66g5PvEnEV7qDpB5AVJ,direct,1,1,EkTkjVEfhvgkoCwheMTnr8mhEmJ6Q7ZR8q7ZMCcnpump,2026-08-05T18:11:02Z,2026-08-05T18:11:02Z,HIGH,,False
MonkdDRVtZNQRX4JFECoqmUhc6NfcMgg5YWZeDe3pfY,direct,1,1,7Q9VxTczrzgvjXWbJJZibR7hbYAohngsNsuEhdEcpump,2026-08-25T17:14:44Z,2026-08-25T17:14:44Z,HIGH,,False
NajoJR4TibdKnVmz4rNGiNVz2jrrYc5AXm5XbiBkpXH,upstream,1,1,omskHvyNvQSn3PFak3E8JHQJeSVJFsrc6izWT12pump,2026-09-02T22:50:47Z,2026-09-02T22:50:47Z,MEDIUM,,False
Ngt3ZyyTq9VQ8QjLYEfA82j7cQi2zuJqhEzRHfUj1Gq,direct,1,1,4prKtarobdhYDY4Hu3uGZMx7Je4HqPJeLVyxN6m4Ld3T,2025-05-21T15:25:59Z,2025-05-21T15:25:59Z,HIGH,,False
Nh5cFJQoGuNH5JJdEoh3XymNDZVTK3KytMckFPhMW7D,upstream,1,1,9xhMStAAufkH5jA5nevaGy6M9fCsQ74BZnsXyo93DkfA,2026-06-03T23:32:43Z,2026-06-03T23:32:43Z,MEDIUM,,False
NiGGATgjNnGZHXGgvJ57dXfqizhsUbhUSA9rfkBPjQ5,direct,1,1,HJPjdsDmcvgCj4MV3NvqCWd78qDP8BMzGfrsk4Nbpump,2024-10-13T15:58:20Z,2024-10-13T15:58:20Z,HIGH,,False
PvBz2LXET9pJhEq2krYjFKSYZTectwPBFDcN28X23wr,upstream,1,1,BE5ciZmcADAX78u2a1GrFiPMPC3rNXtdPGUrhzWB4k5d,2026-04-12T06:07:32Z,2026-04-12T06:07:32Z,MEDIUM,,False
QXrQJi5Zn9A5h8rEyZDMg63UznbpL5UVJ398Jw1XH4w,direct,1,1,6sFMbTF2VTzutzKekenJujFZBqb4TiBZJKfyLMUbpump,2026-06-11T20:49:37Z,2026-06-11T20:49:37Z,HIGH,,False
REJgnYLfJbavXcY3ZRk8imom4Avq9GueAyodvaiCLxC,upstream,1,1,JAqRn24FuQ5MFReXNgXb8uFej5vHJDxhVtebpQvHTQZy,2025-06-11T19:22:46Z,2025-06-11T19:22:46Z,MEDIUM,,False
RRbvsvJHLJe8Gynex6FbWTZruturMV2iLrEP5Ma9SdB,upstream,1,1,DkDwxjD5JFK7hd7qUNHqNaTeqDGcZ1ia3Y6E7EUiehEn,2026-02-19T11:35:01Z,2026-02-19T11:35:01Z,MEDIUM,,False
RXhCFLr628jYBLCvVpf91qYgM5PFzBksnFekcQVy2yC,upstream,1,1,rMPLDvnn6KR773WNhZvtFNcgFwnRkc7UbPkUaiMpump,2026-05-06T11:41:23Z,2026-05-06T11:41:23Z,MEDIUM,,False
Rhi6uMjPU4h1QYgDzmg4oHjtwp5BYFQP7D4147Nh7AG,upstream,1,1,CHygERrxnc5QByNCwxUNSMhP7tKJA7rh6hNBdJ2spump,2025-07-14T14:02:14Z,2025-07-14T14:02:14Z,MEDIUM,,False
Rhi6uMjPU4h1QYgDzmg4oHjtwp5BYFQP7D4147Nh7AG,direct,1,1,6XD1vorwquLXjTSL5W4MJMGewZBeiEcPFmZw527TSwva,2026-04-28T22:45:17Z,2026-04-28T22:45:17Z,HIGH,,False
RhiJtcgJB2WEUmSjoHJuFuXm5MHiQyZ4BtenhguenoU,upstream,1,1,6XD1vorwquLXjTSL5W4MJMGewZBeiEcPFmZw527TSwva,2024-04-18T17:15:44Z,2024-04-18T17:15:44Z,MEDIUM,,False
S5SWjQc2Q5nkbtfSddxLJt3MTUJ8NmvHfikgy3wWXoa,direct,1,1,xeKm1qmxyHLJZLdwKpsZdx5UFtYyb124GTWRZWypump,2026-08-27T16:51:08Z,2026-08-27T16:51:08Z,HIGH,,False
S7UbBdFchVMvBrQZ9PDV7XxKr8NqRvQ3pSrU3mKcXtD,direct,1,1,9CzNGAEutxKHJ5CwYC5Lk8X8YzgYrQnvKChP2BFEpump,2026-04-28T17:01:30Z,2026-04-28T17:01:30Z,HIGH,,False
SUPErMoycPz71hmZXr78P7cXFYQhdpV39Roeoe2DxUC,upstream,1,1,G9r7nnHSgvb7LUfCE8kavRaKokEMMYBjVHGKvQ6dpump,2026-05-03T06:38:18Z,2026-05-03T06:38:18Z,MEDIUM,,False
SX1QdCzuFebCg2za46mPMTctJbVzpmfeRpy2e3pQWp6,direct,1,1,GKTxLXsmkjLDo89XmPa5htwK7sAzdqZ3jmfV6gaTvK67,2026-09-22T16:15:28Z,2026-09-22T16:15:28Z,HIGH,,False
Sd8KWUe6nvRMFT82HuVMTNMuHMkzLtKUPZ6eh7xqnrX,upstream,1,1,CHygERrxnc5QByNCwxUNSMhP7tKJA7rh6hNBdJ2spump,2026-03-22T04:45:20Z,2026-03-22T04:45:20Z,MEDIUM,,False
SenpgAgfNc6gfNP1dYwBragfSYrp63pVFVza5aJipYP,upstream,1,1,3GeNgcFpMwH9ts5b3W3jddtfwhwAURaykTy8YjtrGQWT,2022-06-17T14:26:52Z,2022-06-17T14:26:52Z,MEDIUM,,False
SupeRsFF6TAVAFc5PLKVQ6keqbJdiAnriMShFq1cyJy,direct,1,1,G9r7nnHSgvb7LUfCE8kavRaKokEMMYBjVHGKvQ6dpump,2026-08-03T16:20:41Z,2026-08-03T16:20:41Z,HIGH,,False
SwMvxbHDcAGxbQQSJRsfawnSn2t3J3PdBMyHbiX3hKt,upstream,1,1,3vfxnHSCS139RZiw6MPZaEvhySnjbEi81GuF5EdNpump,2026-07-29T08:04:15Z,2026-07-29T08:04:15Z,MEDIUM,,False
TLSV4SiZuBTdku6n1DrJE76fRb46r9uA15MfPn3n6zL,upstream,1,1,5EZ7yagvcsHcwH3e17khLwGzhFrCsx7CKS7ZN6J6i4Lh,2026-10-05T10:29:21Z,2026-10-05T10:29:21Z,MEDIUM,,False
TPmqEi5ox6mFp1h7CpTbaCxuVvZcvQMtGEnChHE86io,upstream,1,1,F41TwidZvJJcsx9c2BMwS6eH9W6HcUT4LzPmGvK9WU6N,2025-06-25T04:14:17Z,2025-06-25T04:14:17Z,MEDIUM,,False
Ty4bWdLxPb6cbLrvN8Na3rvgvnZJdvCdmZxQRSd83A3,upstream,1,1,9xhMStAAufkH5jA5nevaGy6M9fCsQ74BZnsXyo93DkfA,2023-12-27T01:41:15Z,2023-12-27T01:41:15Z,MEDIUM,,False
UFvt2qNA5WRxmMMSGHbUHEHYSiqkuJS6oH8BoKTZvwv,direct,1,1,DQ2H7qcj262RAKfSxGYeL7cYJq54mVdXe4gYxUwxpump,2026-04-29T15:49:29Z,2026-04-29T15:49:29Z,HIGH,,False
Ubj3ji7Vkd71MoVmdua1u2MR9yMPAcJTu54KBc2K1oW,direct,1,1,5o9sE9FEVC12zWBd2zqPXAhoVyRiNjGfaYX6hS3Ppump,2026-08-23T15:35:55Z,2026-08-23T15:35:55Z,HIGH,,False
UkiKDdNFWTzVusN5x8ce4ikrzdWFmMCMigVQhXi8KuT,direct,1,1,5L6As5obMTXxKwjmGBy1LTRwW2Hm1PjSK18JhETrpump,2025-02-09T03:26:07Z,2025-02-09T03:26:07Z,HIGH,,False
VJEHiti1JTKrfqckSMtMvnYJwpVprmzAdMXd4fNhAmT,upstream,1,1,9CzNGAEutxKHJ5CwYC5Lk8X8YzgYrQnvKChP2BFEpump,2025-04-17T07:48:12Z,2025-04-17T07:48:12Z,MEDIUM,,False
VWHzzJ6rW78api1VUHcPt9xNyHPDfKturx7MtdpUbxb,direct,1,1,9PNfxvTARzdxvQas2uknW57bnfMCS1dxW1He7rPbuhuQ,2026-09-30T20:08:52Z,2026-09-30T20:08:52Z,HIGH,,False
WSY3trDXdFLFKKpJtJdPopaqyWE1fdvKJv3jpMjsCDe,upstream,1,1,6XD1vorwquLXjTSL5W4MJMGewZBeiEcPFmZw527TSwva,2025-03-03T11:41:31Z,2025-03-03T11:41:31Z,MEDIUM,,False
WYixrDLtQg3r6zHvFHT7Aupyc38tzfjc9eWjDuxkrC5,upstream,1,1,69N7rm9nnp6sVoULtp5toD26F25rYum8593GupxkUYvH,2026-08-04T17:50:53Z,2026-08-04T17:50:53Z,MEDIUM,,False
XU9ZRK3z1EMRV5y6ckunnpgzdjCosUBVYnEtPWvb2QG,upstream,1,1,G9r7nnHSgvb7LUfCE8kavRaKokEMMYBjVHGKvQ6dpump,2025-04-21T13:17:38Z,2025-04-21T13:17:38Z,MEDIUM,,False
XmVBmB67viFzy1jCBoQNnJF97TJBhfvKxGAH9qu4gN5,upstream,1,1,rMPLDvnn6KR773WNhZvtFNcgFwnRkc7UbPkUaiMpump,2026-05-05T10:04:26Z,2026-05-05T10:04:26Z,MEDIUM,,False
YN8ATvZUspXqMgjnH4fjUdi7tLkSaHfTFVzSKvw4Vzy,upstream,1,1,5o43e7gYZWFNEpdqkegHY6LXkhMXB1z6f7d6TAVGEMTM,2025-02-01T06:53:13Z,2025-02-01T06:53:13Z,MEDIUM,,False
YzMqSaZCEBLJtX5BE2uLM4bzoGu8Yhtdf3QWxbpCeDW,direct,1,1,EkTkjVEfhvgkoCwheMTnr8mhEmJ6Q7ZR8q7ZMCcnpump,2026-09-08T18:13:15Z,2026-09-08T18:13:15Z,HIGH,,False
Z2Zy6XjdeqfbA9z8NMLDPoVV2doJtCDR4dfDZRXGFep,direct,1,1,9hAojtonqe4RUQarvUYZhFqC99VK1S3LCewYkSjnpump,2026-08-04T13:59:26Z,2026-08-04T13:59:26Z,HIGH,,False
aFFVkRKonumqJ1iVeRV5xemBt28MXiMQsfaNQ7BpzWB,direct,1,1,BZYpLHhui3qRNokWFg2JcX8CYtMqzWHR5R4xowjcbPqh,2025-03-19T22:53:15Z,2025-03-19T22:53:15Z,HIGH,,False
bGq1RKhj4Z3iQMpQRZ1hgms6fx3FzvKa6W9jkgLjRP2,direct,1,1,9CzNGAEutxKHJ5CwYC5Lk8X8YzgYrQnvKChP2BFEpump,2026-07-29T19:23:10Z,2026-07-29T19:23:10Z,HIGH,,False
bWtHqS8UGuRLtMe168Gyby7NgsHYNeBRw22LbvYbZZC,direct,1,1,HJPjdsDmcvgCj4MV3NvqCWd78qDP8BMzGfrsk4Nbpump,2026-03-13T20:54:24Z,2026-03-13T20:54:24Z,HIGH,,False
benisn4TVrjEUGoyobbz1GsarU1JjnAvmvMY89UcTiR,direct,1,1,4ZUjJ5EJbwfh7teotB29uHc1SC3SiqbrkwJoNgsxibbU,2023-12-29T18:17:36Z,2023-12-29T18:17:36Z,HIGH,,False
bpkJPkeUjC7EZhPE4UXgGMVpDTDeeNFt8rnDnENZrbW,direct,1,1,9xhMStAAufkH5jA5nevaGy6M9fCsQ74BZnsXyo93DkfA,2026-05-01T19:33:35Z,2026-05-01T19:33:35Z,HIGH,,False
buSDkjz6UkhAHMbA8RF2d4MjucKKzjBgLHvtHZhqKij,upstream,1,1,HJPjdsDmcvgCj4MV3NvqCWd78qDP8BMzGfrsk4Nbpump,2026-07-27T10:30:04Z,2026-07-27T10:30:04Z,MEDIUM,,False
c5ezTmsi16Cu8hvagXaG5BJcPRebjZJSEiUU2MC4iAH,direct,1,1,5nnWe5SCBaNMC3oNiR7utth6kx3mH1dhmCarjDb91shW,2026-08-02T12:05:48Z,2026-08-02T12:05:48Z,HIGH,,False
eL9Gk48GjVfZ5f5yAivKEJjYKWvs7ns71ForyYoJPUw,upstream,1,1,7mRDn1rAqjwFQXacodr1UmkNdvAGPbtNP9k5jvBZqt9J,2024-06-10T00:08:17Z,2024-06-10T00:08:17Z,MEDIUM,,False
eLHvh2EN7Jkd9zxa9aX3YQ8RkKLbjCmFB23HCsbht1S,direct,1,1,6gKx5EMvnymTVz2JgFhJAqpGxTYaBdVsaLb9YfPfvg4Y,2025-12-28T11:07:16Z,2025-12-28T11:07:16Z,HIGH,,False
evR5DdpBHkE8oWNU62szyd1FZHL59cptJo2z3M7tyuf,direct,1,1,EHUzmwAzmUix7TkwVr7b16U9ChJDr3RpjfXshR5swy5j,2026-09-27T16:44:54Z,2026-09-27T16:44:54Z,HIGH,,False
fPEcivQpfdhrEdZ1Q1KpqyJSoRXkiGGCPQx8rntPeCH,upstream,1,1,2A6sLqrw8WN6KkgnCsN4xJkyAowBZHr2H9xQ4u3Mpump,2026-07-22T21:23:31Z,2026-07-22T21:23:31Z,MEDIUM,,False
fPgzNjHG8VmPGmr2DGoEtNyWkuGFoUUrJ5aiWNnJ3Ae,upstream,1,1,H9GGsNc7vA4hN13N1oU4itq8x3mrdZBdw2XdK3Mipump,2026-09-08T12:15:02Z,2026-09-08T12:15:02Z,MEDIUM,,False
fuQQ9CtiLnhCQjrT7TKmFMCzkFem8Nmv93ME5FDEDfW,upstream,1,1,EkTkjVEfhvgkoCwheMTnr8mhEmJ6Q7ZR8q7ZMCcnpump,2024-05-24T07:20:01Z,2024-05-24T07:20:01Z,MEDIUM,,False
gnXSjjHPCSumWP9Lnm8LKTzDXs3r3HEQRznWzpoQVj7,upstream,1,1,67afrnTxo8DVc52Uev61Yo4Yr9BGQpRw1RpPMWcx42La,2024-08-08T00:12:17Z,2024-08-08T00:12:17Z,MEDIUM,,False
gt2kBNr9wJ3oKSRnbFbo6o8rLbHxYemZcGssL6xu4XX,direct,1,1,rMPLDvnn6KR773WNhZvtFNcgFwnRkc7UbPkUaiMpump,2026-09-22T18:43:34Z,2026-09-22T18:43:34Z,HIGH,,False
h8Yx3Jeo4fNFmibVNzRTVCuoBBLZhdnqc7o4xeg83ti,upstream,1,1,5Sg1vv51KGCSDF2gBHgbNATCEXFjYtVhWgztNUwtgJYD,2026-07-04T17:20:34Z,2026-07-04T17:20:34Z,MEDIUM,,False
hDoa1gmcNMQPEcdEewseSmDardG2U2GCU1LUBga2PFQ,upstream,1,1,9xhMStAAufkH5jA5nevaGy6M9fCsQ74BZnsXyo93DkfA,2025-12-22T11:56:50Z,2025-12-22T11:56:50Z,MEDIUM,,False
hYrBanvLujG7i6Me12kcXmyqF4yWq3J3SCSLB5jm2b7,direct,1,1,3GeNgcFpMwH9ts5b3W3jddtfwhwAURaykTy8YjtrGQWT,2026-08-03T14:04:55Z,2026-08-03T14:04:55Z,HIGH,,False
iHEiZm3AhhBnM3RVbnJsc75h35YuyvSYAB49LJ7WUai,upstream,1,1,8G7aM6Gco4fHjVpmVvUdVvhKMKaWXJEqkCKRvPdepump,2026-05-30T20:19:15Z,2026-05-30T20:19:15Z,MEDIUM,,False
igt71nHz6Z9pMFfXv64VvwrXMnqqJSHAMbe2Uct7bUN,upstream,1,1,GKTxLXsmkjLDo89XmPa5htwK7sAzdqZ3jmfV6gaTvK67,2026-09-19T12:12:12Z,2026-09-19T12:12:12Z,MEDIUM,,False
iudk1RD72vBH7iY23nd5eMwmu3TEzH4f77p7ckmMvuQ,upstream,1,1,D4aEpQLW45YnWrBmztcpJHqabbPtFe9F9PTv8Umvpump,2026-08-26T16:12:17Z,2026-08-26T16:12:17Z,MEDIUM,,False
jEfrghKT478sp8jifPqVFVkdo7vtrRDFKi4hj3heUhQ,direct,1,1,GfqKCwNeAdHHi97AmgCLP5qrwcSJRDdyZ1huiU6xUXTz,2026-09-22T14:20:23Z,2026-09-22T14:20:23Z,HIGH,,False
jXYTPuYh38TPPeZU2BEcssYt2rSoUv7NmUVUU5TUZAy,upstream,1,1,GfqKCwNeAdHHi97AmgCLP5qrwcSJRDdyZ1huiU6xUXTz,2026-08-31T20:35:30Z,2026-08-31T20:35:30Z,MEDIUM,,False
jgJtDpx8Vvd7BdXapHMamygH9wJANXtmPHWkAvnnRJc,direct,1,1,3uYT8w1FxasDGmM4WDG5kXu6D9BGvyP3iEfPJEVb6ewT,2024-10-23T05:19:18Z,2024-10-23T05:19:18Z,HIGH,,False
jmLtKSEWyQhCbHgTa52XZwcfLQ2ze9J8VN3nfSTEjt4,upstream,1,1,9PNfxvTARzdxvQas2uknW57bnfMCS1dxW1He7rPbuhuQ,2025-11-06T06:48:29Z,2025-11-06T06:48:29Z,MEDIUM,,False
kbCcrveRVbK1oGaqFZPnsmfT842mVUzAg6iYQRZturG,direct,1,1,6wSQipxdE9Suf8tVNaCEbcqavUbLT7gL9tibpm3Jpump,2024-10-07T21:50:24Z,2024-10-07T21:50:24Z,HIGH,,False
ketULxYk2jzFY96SgULSw1M44Kk8j3hWGfhTPaWtVXZ,upstream,1,1,28HydoWU7TZQxWiVQxGZyspE3qgWdCHToNDVgLoNpump,2024-10-22T15:00:32Z,2024-10-22T15:00:32Z,MEDIUM,,False
m8amHdHwXa1Sq1nkfAPkfBQL3b4Z9nuF6jwvN9kaboE,upstream,1,1,UsrcsZMqw6p53Fohu16UCBjsbjqc73XmoRFZDcnCtMR,2026-08-30T21:28:51Z,2026-08-30T21:28:51Z,MEDIUM,,False
mQ4apCNAV6HPsmkXS547s16CfH8k13h3JZcWydis4aj,upstream,1,1,5DoZAeBkoci5t5zPhUiuhQFjuzYTfkSv5Seojsxppump,2026-04-23T02:37:07Z,2026-04-23T02:37:07Z,MEDIUM,,False
nJsvuvr2L8wZWswiCNNMpV6MDPmvV7tEBtYrGHGPQfi,upstream,1,1,sMe5iUcgTe4VXmg4WaShF5kuk6GmcKF3y4HqKGZpump,2024-03-30T07:43:57Z,2024-03-30T07:43:57Z,MEDIUM,,False
nPVsL6SeBuKEcWgAhRjTrNUWby1tVn2JPKnooyqNjJu,upstream,1,1,8G7aM6Gco4fHjVpmVvUdVvhKMKaWXJEqkCKRvPdepump,2026-08-30T16:57:42Z,2026-08-30T16:57:42Z,MEDIUM,,False
oSQyCnGwsxnKvPb6bS3EY8FfwPPJ8cBFkKxu4SPAuXT,upstream,1,1,CSLP8Vp7u9hrXQi7crPXqCp7BaJaG4JrNxqvR3jDpump,2025-12-21T21:22:30Z,2025-12-21T21:22:30Z,MEDIUM,,False
oexDVjecYkoKeEJqAzowCkyCENEuk2JshdejTj3Y3L6,direct,1,1,DQ2H7qcj262RAKfSxGYeL7cYJq54mVdXe4gYxUwxpump,2026-06-26T23:20:44Z,2026-06-26T23:20:44Z,HIGH,,False
p5DUT1mVycLTUKqMq9VTai14Paq5BVBXkQdoY2butZt,direct,1,1,CHygERrxnc5QByNCwxUNSMhP7tKJA7rh6hNBdJ2spump,2026-05-18T09:51:19Z,2026-05-18T09:51:19Z,HIGH,,False
p6KbCahmSfd339BL631xkCfbtiVyUdNRaJxAbMNn5o1,direct,1,1,9hAojtonqe4RUQarvUYZhFqC99VK1S3LCewYkSjnpump,2026-09-08T07:06:28Z,2026-09-08T07:06:28Z,HIGH,,False
pBTiFEds716DaFSkjGbetxk6eQMYaoDQ7ySU2b1Y7ow,direct,1,1,H8oe2SCksJcYzhPeS4TsbteusgZW5k7QaZ4boKyq8C7U,2026-10-05T02:40:21Z,2026-10-05T02:40:21Z,HIGH,,False
pVYpinJcBeEiwJ1R822kfvWU8kVByYUFKV7QFdhntbx,upstream,1,1,5o43e7gYZWFNEpdqkegHY6LXkhMXB1z6f7d6TAVGEMTM,2026-03-18T16:41:44Z,2026-03-18T16:41:44Z,MEDIUM,,False
pkdZ6qRbKLVJ8qC9HSHAibacZk9JYfLs7w1ipqteYvg,upstream,1,1,5o43e7gYZWFNEpdqkegHY6LXkhMXB1z6f7d6TAVGEMTM,2026-04-30T10:34:18Z,2026-04-30T10:34:18Z,MEDIUM,,False
qAXz3RgVm61BF82CY8q8tdfWB69zWKeJ4RBdUE6K64r,upstream,1,1,5o43e7gYZWFNEpdqkegHY6LXkhMXB1z6f7d6TAVGEMTM,2025-04-19T12:50:19Z,2025-04-19T12:50:19Z,MEDIUM,,False
rNspkCbybqe4aRef3HMWV6s9arcXUL6GJiq2fuDjBts,direct,1,1,CSLP8Vp7u9hrXQi7crPXqCp7BaJaG4JrNxqvR3jDpump,2026-08-23T12:44:02Z,2026-08-23T12:44:02Z,HIGH,,False
richYgKcHVnK4bhDkQhMYtqnFB9dNf6yNCYVYyaAoHy,direct,1,1,4GRTznsfLTRqaB2uMAFmmgaWtvfVyBb4qCsTjskUpump,2024-10-18T20:38:56Z,2024-10-18T20:38:56Z,HIGH,,False
rxvV8h7zCmHzWVj93TAZxckMfyGbwVY7gZnrv6qUUtu,upstream,1,1,FuF2M5T79HJdpJUbp46qwWssLXQ1Xjf1yiNSfyo5UEGC,2024-04-02T10:00:47Z,2024-04-02T10:00:47Z,MEDIUM,,False
rz8ftowwDuyC8LBMcHb58TBXcoGhnVQyfTfTu4LioCC,direct,1,1,2BucyGvsg9wwTwsaFsEUFgdphrCtp94pDRtHowJUpump,2026-03-15T15:57:25Z,2026-03-15T15:57:25Z,HIGH,,False
sea1yXx2QuQn3EK7g46ve7tNnjhwVWSb3RnpW3JaKTt,direct,1,1,rMPLDvnn6KR773WNhZvtFNcgFwnRkc7UbPkUaiMpump,2025-08-08T07:36:57Z,2025-08-08T07:36:57Z,HIGH,,False
t9reKnwJrBC3pg42Vm2PMftujXCUPqXxm8HkACTd3t3,direct,1,1,49aM4HrGABwG9F8iAn385zzcsS6mxHEFY8YN3H7y1Cd9,2026-09-08T18:26:49Z,2026-09-08T18:26:49Z,HIGH,,False
tVQjbRNFibDZeHWrkc53rfykSmaH8bx1DKA1GgmMV2U,direct,1,1,7xXo3JYBqzh6D91XRppzFRLfw8wJHypeukGaNWwKgZ8m,2026-07-24T22:16:30Z,2026-07-24T22:16:30Z,HIGH,,False
teB1J8TqTrP8hVCBRojAadffxj1b6uFCXb5RTQB6PRh,upstream,1,1,4kkrecvSVnnkK3RZcJ85tNFiZu9pWg584yHjNCqEpump,2024-12-09T14:38:07Z,2024-12-09T14:38:07Z,MEDIUM,,False
tedDYAripkfcUu2U2JSZSBAt6bBqCcvXxkkhYdobSSo,upstream,1,1,4ZUjJ5EJbwfh7teotB29uHc1SC3SiqbrkwJoNgsxibbU,2026-09-07T15:13:31Z,2026-09-07T15:13:31Z,MEDIUM,,False
tempg6Y1TeRAYm5aHG43yGAtV5UYCNuHFpC17hmYAWz,upstream,1,1,DkDwxjD5JFK7hd7qUNHqNaTeqDGcZ1ia3Y6E7EUiehEn,2022-10-24T09:49:50Z,2022-10-24T09:49:50Z,MEDIUM,,False
thor3KdTC9KUW9JzGF3JLH5C9F2GZfuqDfF1EJ6YdPd,direct,1,1,4ZUjJ5EJbwfh7teotB29uHc1SC3SiqbrkwJoNgsxibbU,2026-03-07T18:19:17Z,2026-03-07T18:19:17Z,HIGH,,False
uB8L7986Uxt1wXku24hhRRD9vyyBmqzZT3aopnZzmCW,direct,1,1,GfqKCwNeAdHHi97AmgCLP5qrwcSJRDdyZ1huiU6xUXTz,2025-05-23T16:38:55Z,2025-05-23T16:38:55Z,HIGH,,False
uEWVaUG4s74hfreBcp7qpvqTXb6HGDXeADZTKq1URCY,direct,1,1,7p4MwwkUaMv4gBThVkW46QjwVaosaUrccbFV1MbXpump,2026-08-15T10:05:53Z,2026-08-15T10:05:53Z,HIGH,,False
vsAJtSVwPWb98iLmebtLwG4xB2U9nvgQ3F9p4HVjorg,direct,1,1,BE5ciZmcADAX78u2a1GrFiPMPC3rNXtdPGUrhzWB4k5d,2026-10-01T13:05:34Z,2026-10-01T13:05:34Z,HIGH,,False
wRYFxV7MqEDib7hcPSs3ziFGRrKjW4oed1CKvdN2S3P,upstream,1,1,9CzNGAEutxKHJ5CwYC5Lk8X8YzgYrQnvKChP2BFEpump,2025-07-08T21:43:10Z,2025-07-08T21:43:10Z,MEDIUM,,False
whdVGzoRaju7T8EBZ1DF9Ydqxo4devHy8phihwwrKtj,direct,1,1,8G7aM6Gco4fHjVpmVvUdVvhKMKaWXJEqkCKRvPdepump,2026-05-23T04:15:17Z,2026-05-23T04:15:17Z,HIGH,,False
xCJQG7fMGqYQgbfG8WaNar1opQsW8Amk9WqzRFH6oUj,upstream,1,1,4ZUjJ5EJbwfh7teotB29uHc1SC3SiqbrkwJoNgsxibbU,2026-07-20T07:30:30Z,2026-07-20T07:30:30Z,MEDIUM,,False
y4qcryEtJvj3DZXptLf9b5QzmynrNYEtbVqCHXHvQxc,upstream,1,1,21XJbyQWEhmeoxKRHdGrEjetSfHopvtp68LWzdvT471M,2025-06-09T08:22:01Z,2025-06-09T08:22:01Z,MEDIUM,,False
y6f4SKBdLkHBSMF3chPGqQfcngMJLZSxDwL65i2ZZL6,direct,1,1,9ek8utEujXFmiM9wXcWKPF18y57PmeG8rsiBZGzzpump,2026-01-08T21:51:30Z,2026-01-08T21:51:30Z,HIGH,,False
yungjw3TenTjikUcVXcNyahEdQHqbXrniwZdNqWUGaY,upstream,1,1,67afrnTxo8DVc52Uev61Yo4Yr9BGQpRw1RpPMWcx42La,2026-04-16T20:13:44Z,2026-04-16T20:13:44Z,MEDIUM,,False
z7Ab8tGVW6cryREdbC4hJP5bJ16rLwPLcKsiZTfCAAb,upstream,1,1,7p4MwwkUaMv4gBThVkW46QjwVaosaUrccbFV1MbXpump,2026-08-28T02:28:42Z,2026-08-28T02:28:42Z,MEDIUM,,False
zZCQRv7HbWYiyjTf9JxsNpzirJPj67MbQEL2br7Mekg,direct,1,1,5DoZAeBkoci5t5zPhUiuhQFjuzYTfkSv5Seojsxppump,2026-05-28T12:01:39Z,2026-05-28T12:01:39Z,HIGH,,False
