mint,token,funder,label,buyer_count,pre_call_count,first_seconds_relative_to_call,last_seconds_relative_to_call,global_token_count,service_like,wallets
69N7rm9nnp6sVoULtp5toD26F25rYum8593GupxkUYvH,NEVER,DhqjSn3wgTMAua6Cd9DHSZUtLuXMsyqky7Hy4mgtxvN6,,16,16,-206.362,-198.362,4,False,2kUNFJoGyC1UJJ2GtX1fk6V3RA1FSWTQif1bwUu4fBEE;44HNtcnxfpoygjWi8DRnooY9o6m5v55cW3NxmjPisBEE;4T8eGuDF3GUtd64QYcZusGxa1GrP6aLJ6eA2XKNU5BEE;5zEK67F2Y1hNgvmGQTWpssD1vWNNqKe8TtR1tRBTxBEE;6FqJUjRPQco2nTuU3CfsP6WU41K8VzAhD6k3LHGK8BEE;6p1aZ6BVn2mBm2DibvAdvQ7VaKB46dr5HUZn8QRjgBEE;7nTzb5yXaLPPXw6BoLNvz2y1kBwwVC5mKa5zHZKJ8BEE;85ZbMZqf7oHqC5m7Gq8YbyBhr5e2vrkK6dunYUdG8BEE;89kNFyqkgdjBFp5sTTGHkf8pY5es6WeUm8ApRhz3eBEE;9rTH5UwqyE8HsaTk9PSF1VMGTi7r76gfubFECSmykBEE;CveZiMmzXrPr9o7REb8iTEXXEXn8Ea9qsPuow7BsbBEE;DK8KSYcGgE1dF7ekj3GHSJYPMUQGg5p3mic3FPdYfBEE;EASFja6M6T3UmEoPRfYSLZb3SheXq4sHta46TnjVNBEE;FN1zH6Wg2wxfuCJ8SHSDPFSKtCnuuB4QR1WrmfNpBEE;FcZXpqicKosi5eYkExX4hdYvYRAas7c2pnBni9i2EBEE;HBwsrpEnhL6EXNKTo8q6zCNn5x2SudbVEokTj348fBEE
3f8CKfznVUGrFfhcq8ZBY9M1xyDeEQGrh6iH372h3ebN,Rowdy,DhqjSn3wgTMAua6Cd9DHSZUtLuXMsyqky7Hy4mgtxvN6,,6,6,-88.883,-87.883,4,False,5VfqCg3XkoPQtaGHyWiixqWi54TWbcywYRaHRuFxKBEE;5WUrikArakcfQrbUJA1373o2g3rxJfHNtJ5kTLWZZBEE;5ij9B8T1riEqbsvF8YPBw4PPE7qNLvKShqPB7SWqiBEE;5ixMzyxUqho5J3GSouxq9onQaiXvamZcc6NijesFKBEE;7qRUmAwBLMfqmUsuAApRyqSxBWBuY4AUmD98Q1JyJBEE;CgNvNRa7rh2KbJSjfySbGGSLn5PYbas8tPJYLzdnbBEE
9xhMStAAufkH5jA5nevaGy6M9fCsQ74BZnsXyo93DkfA,ACORNELIUS,6kbLaokSE3pR3XX8ZzAFjtY7xkem7QRheJM9PZdJjjJV,,4,4,-157.58,-157.58,1,False,28xHW6VjgJPr7YiKuF9AVLPSyjXuwG4ze6aiUsrGVRz1;4qivKqjeHZtM9SDpqJesZBo4TisbM1u9WqjdcHedUTfP;5j2AiKMwdtWXvySPncQAZ55YK26qqsetZoB7HYPEGVU1;7Q2Vd4ZsRJV6nxUY1cqs7HGp8Mg46GKm9EoiMktZZZhA
Ajz86fyiygsv8kZkUyDxogxkz5VfKRs4HTEABVTfpump,HOPE,8bpe4gWuAvniwHt8mxtzrKn7ixLviePa8ymb6PP8ftXc,,4,4,-699.583,-690.583,1,False,3N2NmyRiuPFh5tcRcPnUC4rdTG8xHNjDySTcKqtAxL8m;5G4XE7exnL5qDzZtDA9YKUMrhuRcBpBEc6gXitu5eBS2;5toy3XJcFW3S2nTX5zqDLTDiiTkeo6TwkECLs4eDYbgQ;cpG5zGm2mP3jtDoBL13dWBAZzVyxk5TuNjUzMxPpJod
6gKx5EMvnymTVz2JgFhJAqpGxTYaBdVsaLb9YfPfvg4Y,AMERICACOIN,JDBT5koS1f9qPVcujCmDxGpSn1U7qFYYbY1aae6vG2gS,,3,3,-567.809,-567.809,1,False,BTWPLDNtzeQvvndz2XgjFGyDCNWJLYM2JPasfToEWoWC;FxbjZe819dy7nN3C551MGr2m2NHD1dejL696FwPEsQZR;vzfhXD2QsceEF3z6ZENFvLRbmNncWPNNaNiKTZqPpRd
25GrKYrc3y4LZmmuhppYgFRCKb7JyZ6grum4WhLYvA1z,DRAKE,DhqjSn3wgTMAua6Cd9DHSZUtLuXMsyqky7Hy4mgtxvN6,,3,3,-140.551,-139.551,4,False,2auZMth77b8gZrJioaFidEdkMbnFtdgKfZ87uKxs5BEE;6hy3qkvny7LjJ2ex8rMitf8mm2YuQr97HCytUn61fBEE;BXKAZUCsTwSur4XWWa3PRtpMUE8PFZGFw29U8phhbBEE
xeKm1qmxyHLJZLdwKpsZdx5UFtYyb124GTWRZWypump,PUMPFOLIO,J6EJ6hXMjbHKpxj7e7gtWW1uiC41FsKZMKTRca9cvmBw,,3,3,-192.771,-192.771,2,False,EoEhnoDuiobZ1oz2mvkD6Kr3ZC9M5Va7im9YzGH9ZBZ;G7nE2WwhA7KcxHDwsXUt51y1RMW63bXc5AAWzV3rsY5q;HPRBXaMARD4wCijg3H9NDSH8JTVFwk3fe4PVes1Gemn8
4n32UBFWKJNPQayeN25GrLJHswbja41XFMxebcg9pump,SLOP,8deJ9xeUvXSJwicYptA9mHsU2rN2pDx37KWzkDkEXhU6,,3,3,-837.717,-837.717,1,False,787PYsy9eJ82pvigkcq9PyZJnVPLrax9XoegsBmgDM6K;EwEb9fkBrH46QqAU3HZuLYqcvtnsnzrUZHux5zgvFLH5;vsTw91AUb4N91zdACyhuz31ctkQZCfY89iTF5pvCWDr
4kkrecvSVnnkK3RZcJ85tNFiZu9pWg584yHjNCqEpump,21,5vw3atpao8BifitJHxhns7B7NrsNbmLyiBYXfLDSjbLr,,2,2,-295.476,-295.476,1,False,2b2N2p7xCS9ibDqxwYgXpDSTniJwwye7n93WYuzmr74s;8RnxheoP4AJdA1XXZvNDTpNi2ks6GtUCyNAf7rSbXkiH
GfqKCwNeAdHHi97AmgCLP5qrwcSJRDdyZ1huiU6xUXTz,ACTX,Hmc2dLxZZ4xfHqn2wFCTBu11oCpYiuwsj23JBjJmD4ni,,2,2,-74.164,-69.164,2,False,53ySUBVJCkvAkw72CojfAa8Ms8F5t8hDYCAyxXsJwTdp;8fmJTYHPyaPQ6jHngEPH3cKrVCfrpahtJoLK3h1T3akR
9ek8utEujXFmiM9wXcWKPF18y57PmeG8rsiBZGzzpump,ANON,71Zqe4aVMmucqrx3sBmsE9Sw8CKPgM57AjSixzeG6Yty,,2,0,7.187,8.187,1,False,DefYnFe5WfyzNTNmrJyz4qUrPV73bvBrEBvxTb7rLAe1;HTbmNcdJZeMxfRdzw7BGYAC5FbeCapxqyPrRWkEFVpFX
21XJbyQWEhmeoxKRHdGrEjetSfHopvtp68LWzdvT471M,AURACAT,3t9t1Q98Z5edthGo3cQXPhuL1Y8tPmWryqWQcK3gWe8k,,2,2,-282.758,-282.758,1,False,2KFogVS83AeBQc8ayhCQnAUeD2yK7hVTjqSC13vDtm8d;BuZPzsSYZa6VQU3HK9j2x3V9aVR7fj3SzVQDnAsuPnQ4
rMPLDvnn6KR773WNhZvtFNcgFwnRkc7UbPkUaiMpump,BBB,BHzUgVfdVVVqZF86v9S6aye8tizs4d8cZdAFXG6ku2EG,,2,2,-1022.347,-1022.347,3,False,2zMj6wNqNKSa3dG8ioUDi71P2uijKiojLwEizVGKWRjG;DiJF3L3796seiwyjmwfTz9wHUCCP5kmeMQM6kDzzjXax
7HiD5rzoZxAYXEJ8Z4t3WgM8VE1iSKWJdxPPyEdDNzwN,BRUNO,EsynuVtJPpuU8xxmKnRF5mcJCyN19wh3CfNngEw4C2rM,,2,2,-151.381,-151.381,2,False,3U6o5LDawtHaRjwX8Hy6QJiCjSukM1t9W6gSbSeLmq3G;mJxgiGFDS9ZJttWgVaayMki1eH2XkUBfaWrCZmkCYsU
UsrcsZMqw6p53Fohu16UCBjsbjqc73XmoRFZDcnCtMR,Binturong,5ZtzVYRuF7sEhot31S68xHRCKDMkDdFtTp1iujTRjowV,,2,2,-151.079,-151.079,3,False,77wS9zZHJ57AXR2QvkX8Fu8iqUPBbYvUnJ2irb36QyTG;J6YEG5cmN3jbDy2BhMmvE59h9Ar8t84A9uYa5R5icKix
5o43e7gYZWFNEpdqkegHY6LXkhMXB1z6f7d6TAVGEMTM,Craig,PMJA8UQDyWTFw2Smhyp9jGA6aTaP7jKHR7BPudrgyYN,,2,2,-146.554,-146.554,3,False,3tNPvytXB9yTZLgh5RGdjrXVxHp89vGeCiwx9juqgp7q;D6dnnGojGRnvXxWuSSNdEPjMGadt6fFTx59YkxYNQkyc
AgB5SxiP1DFZbW9uDAH7s8Mhv1HF21nJv67tnAAYpump,Drake,suqh5sHtr8HyJ7q8scBimULPkPpA557prMG47xCHQfK,,2,2,-101.303,-101.303,2,False,2fg5QD1eD7rzNNCsvnhmXFm5hqNgwTTG8p7kQ6f3rx6f;FxN3VZ4BosL5urG2yoeQ156JSdmavm9K5fdLxjkPmaMR
hHc9579gpKUnvYvgcKyjdpe1UhmfVfGzGwMQCADpump,G,PMJA8UQDyWTFw2Smhyp9jGA6aTaP7jKHR7BPudrgyYN,,2,2,-92635.073,-92635.073,3,False,3tNPvytXB9yTZLgh5RGdjrXVxHp89vGeCiwx9juqgp7q;D6dnnGojGRnvXxWuSSNdEPjMGadt6fFTx59YkxYNQkyc
GKTxLXsmkjLDo89XmPa5htwK7sAzdqZ3jmfV6gaTvK67,GIGACAT,QT3EFRuVnCV9aVMgZrAsfbqBo4LqYkQp4EAPKY5kYLk,,2,2,-86.049,-84.049,3,False,47aBfQbbuAFGw6z17gaEyfR8ks2K5CFQ8vRUHgzyRVy8;7tKxcj1crBCzjwXJJtL4u2vLyFkze2Au427vi2LbzmEo
5Sg1vv51KGCSDF2gBHgbNATCEXFjYtVhWgztNUwtgJYD,HERZOGIAN,HUgpmqL6r4Z4iEZiVuNZ6J6QnAsSZpsL8giVyVtz3QhT,,2,2,-207.12,-207.12,1,False,9W2JNrQtT9Gp6HfoZAd7xTvpWNPg3pPzM8Ju8e9p5jp3;FFdBLYqL9rs5fUT38ArE8GV2L3BziEgG5LJUu6sshfkF
5Sg1vv51KGCSDF2gBHgbNATCEXFjYtVhWgztNUwtgJYD,HERZOGIAN,C5ouNTeSLjRKB2bNcGmQoSnBH2yPFLPuD3ReRQrW8M1Y,,2,2,-206.12,-206.12,1,False,3KiQuyQa9emD5UM72iPmjqFwBtS6zU68QZkPsHG6k4kx;HTYdiaieE4kFn1dr7bcKvpvQtiNQqZUMP3TegB8RXtbe
5Sg1vv51KGCSDF2gBHgbNATCEXFjYtVhWgztNUwtgJYD,HERZOGIAN,DhqjSn3wgTMAua6Cd9DHSZUtLuXMsyqky7Hy4mgtxvN6,,2,2,-204.12,-204.12,4,False,357ZL7V6dQz2whk3woqZWVpuP59RaA85eYAg7XS98BEE;DjM9hjydmQwMti31cASXhJYxghQqtb7E5YHJnynbGBEE
EoKqyKksc4ekiPVuBD9FiztYQHkV59x8KTcZ3ReLpump,HOME,suqh5sHtr8HyJ7q8scBimULPkPpA557prMG47xCHQfK,,2,2,-717.125,-717.125,2,False,2fg5QD1eD7rzNNCsvnhmXFm5hqNgwTTG8p7kQ6f3rx6f;FxN3VZ4BosL5urG2yoeQ156JSdmavm9K5fdLxjkPmaMR
DJejJn1iJntJVTAixy4VRgqJFF3NMKPEMgVzbJFmpump,JADOODOO,HLFNxeqTwD25mYoEYT7mMnRAuQrUMZ98Gaji1vgVzDsh,,2,2,-94.892,-94.892,1,False,3qLs2kdtdFiNm9YQQgBuA5Hd41R1BkyYH2TxK3GDADnJ;5wiCH43gev4cNSfjrAc7ZYMKGGF9Xojtdsz3TVevLhd8
DJejJn1iJntJVTAixy4VRgqJFF3NMKPEMgVzbJFmpump,JADOODOO,EkxjSssLGfFATP8YHRYJ8UwK7a5y7RiymdFF4dWNVZD2,,2,2,-88.892,-88.892,1,False,4PxjUA6coHxWdQSnSYncqNJfrw9dDfaYDQbdQqTjj5YF;DaHDsX9cLJRne3nF2PysLJnDCgdDWbRUWXzikAUt9L95
JAqRn24FuQ5MFReXNgXb8uFej5vHJDxhVtebpQvHTQZy,KIRK,FcZ2LoVNYvdva15Wkg3FbRHrbTma2UrW8B5eDQc4WJre,,2,2,-381.749,-381.749,1,False,7kyQUGj7sr587x2AFCWLwZvih5jw54xXC6v5szaiYTsM;KwJCXcC1TVGBAFWcc1ZikCJUgTvJJCUiRnkP4rLcXbF
6akNLpNd11oq4q5zxhXGwr5jwUi6Ke4CvKmF6QeUwJCQ,Knox,G83xr8WJL8BTvWVwSmmcnwvEbjitD8ZDZVKAVHi6tian,,2,2,-207.073,-207.073,3,False,5ZKd8DNBFMVedS3D1ZkHVuf8X2Ha9tsUTWJZErCrg9Vz;8g1w4PNCHooeQbAhYbNAM9yv4pbQJthPRpiqSpiSeVQh
9CzNGAEutxKHJ5CwYC5Lk8X8YzgYrQnvKChP2BFEpump,MEMES,HHASXvWLFRSwRBNQgEuhU3d3x2GU63y2crpJcwBKtppX,,2,2,-674.28,-674.28,1,False,719sfKUjiMThumTt2u39VMGn612BZyCcwbM5Pe8SqFYz;CTnhDdpKCdRBNXocZgGh4aeM1vxTSsXLT68CTAZLUzWD
7mRDn1rAqjwFQXacodr1UmkNdvAGPbtNP9k5jvBZqt9J,MEMETARD,3Q3pUQ5fkRjJFaMEuH7j3NQut3SuMRhASU6BRAgwsKMV,,2,2,-60.481,-60.481,3,False,76VCjPWLJWHT5v5F7gfsUD7at7T6CEazLs1VGZeZoWkF;AoFQouMn7LLo6NfzRcBu8obUdxF6KfzPZSy6SwRv88Mv
7dACCWZXF4Lr9ftxFpi7TJk7a3hcPpUwGPAcTuXDpump,Memes,4kAsV9ZBCZV6dvgpxxf5Yes2ZKUQ42nJvbwYUeUR9PhS,,2,2,-97.624,-97.624,2,False,2YF4WdLM6s2yKUCarrtBCB1jbjxeHUjoghPrJShDaqvW;8DQpEBcHZBBnB5FfbMC4m4oPhcUidjkQjkx88Fdu2G5V
6VMsrZvNaSzddT6vkY6dEDoFMeK5EoHD4KCAycfQpump,Nasdih,DGFW1Effv88XzXkgfgyoFfmefzEU5Pp9zWJACBmCSh8K,,2,2,-266.819,-266.819,2,False,9GWnZKnAa4jcrQUd91qVSNpYikeBRkTeMXDTALF4aGqZ;GVrXXpE5f1XF3QE1iyx6ome7WCxji5UyFxjqP6xcKySy
BmU6YJP2YCAo8sc2dkeR8KjvF3rGFBHZL25ejysppump,PAIRLESS,3Q3pUQ5fkRjJFaMEuH7j3NQut3SuMRhASU6BRAgwsKMV,,2,2,-290.732,-290.732,3,False,76VCjPWLJWHT5v5F7gfsUD7at7T6CEazLs1VGZeZoWkF;AoFQouMn7LLo6NfzRcBu8obUdxF6KfzPZSy6SwRv88Mv
BmU6YJP2YCAo8sc2dkeR8KjvF3rGFBHZL25ejysppump,PAIRLESS,zpc7K7Jwu4JNMV2EBDixLmC9W2RW4BHsw7NAeQFX4xy,,2,2,-274.732,-274.732,1,False,5SFdGYXtUmykbxn7GZqXTa7RynUfUWiaCCuAqnrWYenW;Cd7YVidYshXHCByEHQkUFpgB1fuwg2UweR3BmJgF9CRw
BUPNYwndVGfzVb6RG6q2PX53VdAimw2Mi98QxqeWpump,POOP,7uqNU9d8KPRFATwkxMySWwyQUEjxuuxNRCYoTSej8KYp,,2,2,-981.54,-981.54,4,False,CVxUKFrWDYkE3gsZP9gyVmLD6XkXykk2ukKhAfNrJev8;DWja6UWwLhX3uK4joHd7JwGHU2cpZP4cvevEQ69rxxqu
BUPNYwndVGfzVb6RG6q2PX53VdAimw2Mi98QxqeWpump,POOP,CJCUQo5EV7QGgWhG1RmgdYAFCWeXSAPKr4LMU6nqBqwT,,2,2,-980.54,-980.54,2,False,6abTpionfdvkiQAXQf9gLdpkXU57NeCZ2Dnwb5GSmMsX;7Qdc5LRRdPrfSmhRgcuV6PGg91NSYzbJ5WwE3yL6LXTu
4sjtHGeAKP6DoMUdvFqQuiYKhhPpwa9XCxUyuFD2pump,SPEEDRUN,C4eNLxxC7XLUivghMi35YUeSfvACgnvKB18115uPUqjg,,2,2,-854.163,-854.163,1,False,BBkXWCp5mKcS91pKx3bRTJJstm3xopuGcA9SSWY92cJT;jseXjSrhM2kuUJHAgDgktrfihVS71WhPdR2WC2CDxBd
ASftCNtzPNmK3nMDvpQNvpLauKS45Vkq7kwTPutqUBL1,TIMUR,BHzUgVfdVVVqZF86v9S6aye8tizs4d8cZdAFXG6ku2EG,,2,2,-615.368,-615.368,3,False,2zMj6wNqNKSa3dG8ioUDi71P2uijKiojLwEizVGKWRjG;DiJF3L3796seiwyjmwfTz9wHUCCP5kmeMQM6kDzzjXax
6wSQipxdE9Suf8tVNaCEbcqavUbLT7gL9tibpm3Jpump,WARRIORS,DsMFNuYhbHP6m4x3XEHV36SjXQV68WLgXPwqmPLDRsAN,,2,2,-224.688,-224.688,2,False,4zQG6oUwbjRrzVCG3wMAo6xuEBXe2doupdeeekKmPYUu;GMwXfLtKhgtWdLqq29pF4JbUUQA6asUeEaXtjQSB7gpN
44s336LDz8bXp4rpxy1qwUfysZ4THjpReQWTKQg7pump,Wen,PMJA8UQDyWTFw2Smhyp9jGA6aTaP7jKHR7BPudrgyYN,,2,2,-247.219,-247.219,3,False,3tNPvytXB9yTZLgh5RGdjrXVxHp89vGeCiwx9juqgp7q;D6dnnGojGRnvXxWuSSNdEPjMGadt6fFTx59YkxYNQkyc
2BucyGvsg9wwTwsaFsEUFgdphrCtp94pDRtHowJUpump,casino,DsMFNuYhbHP6m4x3XEHV36SjXQV68WLgXPwqmPLDRsAN,,2,2,-920.887,-920.887,2,False,4zQG6oUwbjRrzVCG3wMAo6xuEBXe2doupdeeekKmPYUu;GMwXfLtKhgtWdLqq29pF4JbUUQA6asUeEaXtjQSB7gpN
CSLP8Vp7u9hrXQi7crPXqCp7BaJaG4JrNxqvR3jDpump,chimp,CJCUQo5EV7QGgWhG1RmgdYAFCWeXSAPKr4LMU6nqBqwT,,2,2,-241.192,-241.192,2,False,6abTpionfdvkiQAXQf9gLdpkXU57NeCZ2Dnwb5GSmMsX;7Qdc5LRRdPrfSmhRgcuV6PGg91NSYzbJ5WwE3yL6LXTu
DkDwxjD5JFK7hd7qUNHqNaTeqDGcZ1ia3Y6E7EUiehEn,clockinu,5MT5KH1Gn7hdmtpMxCtqUsco5DGRgCwGDe6t47SvKT6,,2,2,-779.962,-779.962,1,False,5yuPmhJPWRGCW4MEA3YPzZKQvH9dP9baCxCwJ1vr3qj4;FfkqyqaqZHKWCqQ2i6Ua5sL7zxjQ76q9DHQz48kVqYHj
DkDwxjD5JFK7hd7qUNHqNaTeqDGcZ1ia3Y6E7EUiehEn,clockinu,sRMNf6bSwarzP75qy5zXQGDMVCjFVko6HQVkrU9HyfN,,2,2,-762.962,-762.962,1,False,5rQEsV615Kj9LLeHUvoahjeorA9iE1h3nyXYsg3uBHcX;8QQgRaeYMCr8SgCRJd18RapE3j5L3rysihwQ35aQsgVN
8qT3o4k4aUmyLrgd7hHYmVxin3kFhQ9QsXdSXTP6pump,cwoin,9pnhstim5NP4b7JPzC9sxm38cwLtdvP2yh3XucuebUj3,,2,2,-252.146,-252.146,1,False,8NZq6z8y5697n1iqAqCHSwAKZeiT4M54JdmQ6rAjCJB1;FAHMvDeWBEBe6fG653ChW7suaLVMQboS3hiaNqpejuBF
5EZ7yagvcsHcwH3e17khLwGzhFrCsx7CKS7ZN6J6i4Lh,dabcat,G83xr8WJL8BTvWVwSmmcnwvEbjitD8ZDZVKAVHi6tian,,2,2,-683.206,-683.206,3,False,5ZKd8DNBFMVedS3D1ZkHVuf8X2Ha9tsUTWJZErCrg9Vz;8g1w4PNCHooeQbAhYbNAM9yv4pbQJthPRpiqSpiSeVQh
omskHvyNvQSn3PFak3E8JHQJeSVJFsrc6izWT12pump,feecat,4kAsV9ZBCZV6dvgpxxf5Yes2ZKUQ42nJvbwYUeUR9PhS,,2,2,-218.101,-218.101,2,False,2YF4WdLM6s2yKUCarrtBCB1jbjxeHUjoghPrJShDaqvW;8DQpEBcHZBBnB5FfbMC4m4oPhcUidjkQjkx88Fdu2G5V
BZYpLHhui3qRNokWFg2JcX8CYtMqzWHR5R4xowjcbPqh,honse,3Q3pUQ5fkRjJFaMEuH7j3NQut3SuMRhASU6BRAgwsKMV,,2,2,-55.297,-55.297,3,False,76VCjPWLJWHT5v5F7gfsUD7at7T6CEazLs1VGZeZoWkF;AoFQouMn7LLo6NfzRcBu8obUdxF6KfzPZSy6SwRv88Mv
H8oe2SCksJcYzhPeS4TsbteusgZW5k7QaZ4boKyq8C7U,quarantinu,EsynuVtJPpuU8xxmKnRF5mcJCyN19wh3CfNngEw4C2rM,,2,2,-404.488,-404.488,2,False,3U6o5LDawtHaRjwX8Hy6QJiCjSukM1t9W6gSbSeLmq3G;mJxgiGFDS9ZJttWgVaayMki1eH2XkUBfaWrCZmkCYsU
9ek8utEujXFmiM9wXcWKPF18y57PmeG8rsiBZGzzpump,ANON,5tzFkiKscXHK5ZXCGbXZxdw7gTjjD1mBwuoFbhUvuAi9,Binance-linked service wallet,13,5,-8.813,8.187,94,True,2dvvutwkQqCYHcTcWxMXhsHJjMcQ6r8mK7CvtKpcNyFR;2vyNYEjK6mQ76RveYcecS8WxvHHDsGGVgP7AdzJY45HC;5t4Tz7qewAHSpDC1YADAmogtiE3Cwud4juNjjVXaDs1p;7MRTsGTp8kmuEWVSuVm9ypcUvd2RDi2gqu3Uuiz2TvF6;8GAU54jSxsf2vtJojhoAsFr7CXojEgNxTG6qRaR9XMgR;AKBwPAN7fvC5m9YESc3M6ifPyFX7g8CShUoth8wA5897;CapEWd5ZrmywCoKB4J79rmip5tnz9fsUaxaSGgvMscWN;Cx3W4dV6z7L2oucSegb4aGk4zvZ2nH85GUCkAzRKJuKG;D1pKJXRneDPK12QWuReJEjkrJHzrbT69G7GXTRQrVqg4;D8gqa73VJKxnGqvyGCcCqvfnYpurRaRq2nvbbxY8d1oE;Ewgaxmh3xZdhXcSEKH939VeRaKzLoUNiSVYrcUvAboK3;GKbCrCsF4nnSvqaLaUJ9QZrzi7mumftKjrujashkK13y;H6wt1cY8WvDnNVRBERhhpnNjGSvKpaFZogiirXFGGRiA
3uYT8w1FxasDGmM4WDG5kXu6D9BGvyP3iEfPJEVb6ewT,Normie,5tzFkiKscXHK5ZXCGbXZxdw7gTjjD1mBwuoFbhUvuAi9,Binance-linked service wallet,12,12,-139.568,-115.568,94,True,2AGboxCRY9BasoT8v9AWhTJEvN5UZvB9YsQHL1JgaGML;2bL7fAPxWt4DG8hhpGqUPJr9Kfhj35j6HL424zUBiT9y;3JYn63qXfZCG82GH28i74xfo3Peid8oAfwXbeTzJvzbU;4KaPzM92B3CUcfGmN9gifbgD5JDNJUgXzcsGAUuk5kZ6;5LzmN8VvSEfeC67qfBMd6fNvnsZ48SaGGGg93wzdG9N6;5PE3gSfywhfjq5u5SHf6G3XRNeWkqoy6URZYSRCsXwEf;64LYHEMcum3s5tjJDPJK6XYfNTeNWmKup8c1PeoWsGJA;9Euxn4o6jDvjPQFnb1zouhtXf7RQaSxYvXXDdbYJ86qy;BU99XYHSueULuTN3V3GuTfmXXWgNCrQXWwNsw9Ku1MPk;G1BojDeNRpGogwcvpps77CYFkRGqDKRQjeiskaGwvNfb;J5z1Pjxhct1H5oz8jgq5ciYXrREY8e4y7Qks52qHdc2T;twamXGa9GVEnhEurqZD9w8g6zdSa8sVRBxR8s8DR9hj
GKTxLXsmkjLDo89XmPa5htwK7sAzdqZ3jmfV6gaTvK67,GIGACAT,5tzFkiKscXHK5ZXCGbXZxdw7gTjjD1mBwuoFbhUvuAi9,Binance-linked service wallet,10,10,-96.049,-80.049,94,True,31KhNoxHnoscN4Ehzd2XE9ntauB5EeAk4L5Uw9s8H6RP;3UZiXyAkPTn3L7ziRct2rzfEqzXMdFQ5vDLLSDP6XLJY;7uDcXs8LGiGZAvDs2Wc4p9A5YoBWTfLecTJCx6MmA4Hp;8BAXvpH6omY6CNRPkTmsRH72jQKBsXGN6kuXy1FpGAgh;91bedUwBKpfpHLEwJSV7McbZ36mWLQizX2DhHuCkNJFd;9nnwRej5NkxP5XYynkWdNnmCzW6xFgfBV6etak8gLX5X;AoonGuCAbcVYiRfgPo8dvHiJdgXGhzLChTDcXyS58Xm4;BGMxmMAWE8HxXNVHY7y8gVvayf65T6mvYuXa75LD1sha;D4CboCGLb1YBozXY2ShGrJ4cGVRUBMP7tDcuWbjJ98D9;DQr8rzPjkkTuH7iREurt5D3Lgtar69PHYHjgQxKFohF8
6akNLpNd11oq4q5zxhXGwr5jwUi6Ke4CvKmF6QeUwJCQ,Knox,5tzFkiKscXHK5ZXCGbXZxdw7gTjjD1mBwuoFbhUvuAi9,Binance-linked service wallet,10,10,-207.073,-205.073,94,True,2eTTeRk9H3jok27j3TpyjcEPipUuSYvJCAVKprRFF6PU;35caaJFwzSNaFwFmP1f33wDP9cUFEXTLDsFnjna7kAjs;8LEsZVwTAnHfQ5mwRDMwKgJs3PUxk7FjdrGjwQChsbDP;BiVY9swdFPehj1FnEgrENDzKh61uJZHdu3TCgntVRZFo;DAYEN2EcUe5YwF9f956cCs1JzYAJ7qvrZKmiKETvmy4s;EgvcTCZrRVNPVrBKsktSZuw5hh2C9RofmPQ1JCrAQ2Br;Erc7ACePxz8rqazfVn7M82oeuT65Kyj8t7irj55LbtMD;HXWuQvq8jMeu56teUFunLeC7ViXHpja5LLmpNwHCpef1;Hc8CBxEa2v45NoYwSDpcBrCHHzji9JDPWyFg1XqdogsC;HoChUe1nYaFTCsgdD2NXHtESCk1teqSAmhmyiXPxVfd9
D4aEpQLW45YnWrBmztcpJHqabbPtFe9F9PTv8Umvpump,LOOONG,5tzFkiKscXHK5ZXCGbXZxdw7gTjjD1mBwuoFbhUvuAi9,Binance-linked service wallet,10,10,-3757.07,-3709.07,94,True,2nUYPPquXXRm1zzkz2qnBnug9DVbRELmGFUbGc5it9aJ;4zAap5wr7gcZnwo4aF64N4nNFuBLYT7WVyyWrPSWQgWc;8N171csdRpYymGte2hs13KnkALi57MbvtEqjtg317Vui;8oCyBgarckpdMXzKFXm7pYoXLsXoBc9uV8H1YyLqNqKd;9ws5wtTxBA7cjxa2qBTVR2FfXWzGJo9cUx7Qzjoh9ryh;BruMy1UBWNXG1zb4x1Ev5ddm5oGLQmtPLxhEUsSA8tzY;CUMBobNXNCk5ohs2xWr3nZKCYXkBbCL5GhhNBDZjUAd1;GVrcZqk2vNZaQtYsSms9mecj7KmKryQiArZxs3tToCck;GmwtuYJHeDA9eXqYyJVWW7zfvedDy53C8fh4CTE5Dkcw;chudtEwEY4ZLDAXyD3dtzEmbFdnsMDmkdsH4ZBmTWi5
2Tiw1Tna3kAut868cjXuKoyrv8U8gi1YjTaXw7Czpump,vibedog,5tzFkiKscXHK5ZXCGbXZxdw7gTjjD1mBwuoFbhUvuAi9,Binance-linked service wallet,10,10,-112.372,-85.372,94,True,2iMeknDiF9YfzmFZhRAjzD8Bet7bfzVdP5WcHPL4wF4v;3PjJCYdMCRz3X7S2oQeZYkKy1mTjUzF5mF6vBiqLqRnd;55EK3V7MApfPL4V6N5Vi6LBQbTrvXYVbFXqFNakY4E88;55YWjLwZB9W8ptCGzYZ4Jv6P8pc7hNeqBxjX682ncCRx;5xseDN3XiDFLWFDKfSqTvACLvbawGmeMaTCrnowj5Lty;6Gpc9MQcF18mCX9uHujuEftUYRSePQPSsy64p8wjhWTR;6TyuVqTwFSWnYpsBRhpVUniLHR3VsE2qMrYsG6LBfBtC;ERyjHXyTUqN9fRbfuZMEiWpBS3y5uVb9CvdkUeWHZtua;HLt7qwy1y3jp8485hAC1hzZ8MKFkYVG5iYmYJSmabvL5;XHPDvZQXwrEZHV4zK4NiHf2ujR3pvsk9jsF12Dmu73v
5L6As5obMTXxKwjmGBy1LTRwW2Hm1PjSK18JhETrpump,Dawn,5tzFkiKscXHK5ZXCGbXZxdw7gTjjD1mBwuoFbhUvuAi9,Binance-linked service wallet,9,9,-1740.229,-1719.229,94,True,22gbWREnUi9BDCnKZQD24sgpWX11AHWB8D75Pc1EcHWr;3crj9TB2QitxSKBCTz9wSFR4wvEcK3RqEdhHtSxEfhgS;6V4ewGe4ag5arDHzWwnStFMeMHSwRXmubdATsnzuynF2;7cp6okZ9W7ZSRJZBZg9TE1sPbsUwWHKAKfhWjgMQ6sKo;Abq67iLe8QKhGZ3X1LZqWvRB6NKms7R1XQH42EdoTtXX;BEgBqxKNA4aunzgAcboRQAH9fCUme22qaryWyZt4pSNT;CRRerX9kqRr7F6kP7YwuZT87ECyGqwzUxyd8iPbQbuvT;ESrdxDfxD1SS5qUXPTMQxydvLcT55G6wCexAnKvfPfRi;HCGXvkSL6hGJm2YCCqnEQyvPhPiYj3g7qBvhN2UKxHKg
Ajz86fyiygsv8kZkUyDxogxkz5VfKRs4HTEABVTfpump,HOPE,5tzFkiKscXHK5ZXCGbXZxdw7gTjjD1mBwuoFbhUvuAi9,Binance-linked service wallet,9,9,-810.583,-690.583,94,True,2zafsmSGA3eUS2HawzcnDHRVri6MWtZ1pVUDquZNzSFi;33Xdt43iMSXvkAKANUEKJiVa5Fnpx7abSV6tsu2ZC5PU;55YWjLwZB9W8ptCGzYZ4Jv6P8pc7hNeqBxjX682ncCRx;5XbhQ6UYeTWKoTNHFi6hVYMuAERzwzGbEQBxVM3rwKup;9B6HCmszRwfC9X6DPTKq1X7cwybtSqdCz1s6vb6P2B7N;ADkd3swkmsRRpExYHHQJkoRnk7u6egegUEUVkJSxzze3;BEgBqxKNA4aunzgAcboRQAH9fCUme22qaryWyZt4pSNT;G3JfEedn7GjYs3ZtMAkDgj1MAfBL9MBYyWirwaw3Pv6D;HhiYx4RA3NCxn2dQ7TUonPFgrTh45WKcqQjscDWrpHcr
57ANN8dAbPX8x1BEFFwzBttkzwpKZBEiJkdiWSzVNQvS,KWIF,5tzFkiKscXHK5ZXCGbXZxdw7gTjjD1mBwuoFbhUvuAi9,Binance-linked service wallet,9,9,-148.802,-135.802,94,True,4pZRjFdgtWmk9E457VXkAMo8UaNLyZqXMWS38Y1jhm6L;6feefvi3DTyGsCoovGoxWWQ1fwRbCNYSTC7HHbzEULxV;7HKUP84rBwxF28YgjihAXLmdeuEKQCAi14DeKsZNfxP5;8ziTdF2XNg5vcXrzVi3p28xgvwTFH1vowxF3tmyAMNDh;9kfyX8W52PB3ZMRiaQ3ta6798D4RJWe4XmPMhwkHF36F;9uXXYvM3RmXb6qMogTr2w5FprR5aSF3a7MDTs1x6XsB2;AJVuCfgpGDDNgdt4AB4emH8iGjWfWN4yR3phtq75c2Gy;Ej4c288Yxt3gfMqZC6yL8BzbZAh8NrXpfRpHYWNg5AA;FY8zKNLL9W8nfAwHR4iatZWReveWEbVZsQmLGuLuRhVP
6VMsrZvNaSzddT6vkY6dEDoFMeK5EoHD4KCAycfQpump,Nasdih,5tzFkiKscXHK5ZXCGbXZxdw7gTjjD1mBwuoFbhUvuAi9,Binance-linked service wallet,9,9,-271.819,-266.819,94,True,35caaJFwzSNaFwFmP1f33wDP9cUFEXTLDsFnjna7kAjs;4MLfDwGr8ijapvPefoU2BEt5jqBqYeuus2VpEMPcgK5B;7fTdZwNiP9KcE8A9diDbaWf45eEFmEhgUJXwuqFUCPAQ;99M5xFGDXxJNiWBjNcLR53ReHJbKBKMtY54BkM8dLN9T;99Xy6CWaX9Gi6jDs4Pju9UETZPGXFFDpG666V5D86d6w;DB6qhfFFWnZehFcuGLEUCWraA9p62AfXnzm6veQPTShf;DfGkng26jLpizepbprTc4tQgRaDZyuWUiBRfBUXLZ5j9;DtZhh5VdbSwiFGAscvjnvYxoHdvyct4up1EVLVshhWPJ;ajqWb4sYX58tJ7Cf1tW5XPj2Jf5FirsB3375gBYhVJp
6gKx5EMvnymTVz2JgFhJAqpGxTYaBdVsaLb9YfPfvg4Y,AMERICACOIN,5tzFkiKscXHK5ZXCGbXZxdw7gTjjD1mBwuoFbhUvuAi9,Binance-linked service wallet,8,8,-564.809,-542.809,94,True,2pAbqr3gLCQEvF5cCMffCyGARqY4zkA1SZfTH6sj7szm;3waeVUkCHj3MV6zRDB8hzff4ZmD5rrQ4ECbt6bzVKQ3g;4mdMHfiMjBLNGwirfmVwH4N4B5LzPBqadqBrgkY6Z5q5;75NWamscKMqRiH6DM4YuDrPuDsQ5mzH2XGSdLVjYZXaW;Cj6gmebMrgzWJpQh6k2R7mzfzxQr9zyx5FafRVJpBU9N;ERcMogsNsgas2Yp2N4G58rLqwTSCJMyD2aoG6vyQQE1i;Hn9B5qcoHAQZg6YsjT6twgugzw1YTNF9qahC1n7UKBao;JDBT5koS1f9qPVcujCmDxGpSn1U7qFYYbY1aae6vG2gS
sMe5iUcgTe4VXmg4WaShF5kuk6GmcKF3y4HqKGZpump,Erika,5tzFkiKscXHK5ZXCGbXZxdw7gTjjD1mBwuoFbhUvuAi9,Binance-linked service wallet,8,8,-384.458,-372.458,94,True,3a3MUPL36d1NXCLaD1cyiDzXrwVtFAPRAaw7iCzZ8GhK;3erEQN6qgKsWoqdx5ERyZWYVrXKAShM5HRcmPjBKcrp6;76om2DNBkXD1PBDLDtMk7ayskYtRqKfrzaUJJhXh7eDr;BEgBqxKNA4aunzgAcboRQAH9fCUme22qaryWyZt4pSNT;DN9tbLbN9tfQSwN6VPB26gB6u1gMjXDLUjbqFEi7mLB9;F76ZUYzB1VeBmWd1cAkG5B57UtapJErya6Xn7MPou4zc;Fsx82i7Wr1xY77PaTJEuVn74CVF2Yp817GdLKhaWzk7R;Go9BEhJGCpbXFzky6SWcofqQyuiKrtE1m9Knx1aiZCc8
4prKtarobdhYDY4Hu3uGZMx7Je4HqPJeLVyxN6m4Ld3T,HackINU,5tzFkiKscXHK5ZXCGbXZxdw7gTjjD1mBwuoFbhUvuAi9,Binance-linked service wallet,8,8,-373.296,-343.296,94,True,7A5aPrDrgzw7TYMT12uDLxG1xb7Lg99EUgWTGJorbpKg;BKhkgBWYA1fFEUNoUcGbbM4K55j3etP3NviHwC3Se1uV;BmjS9UDAZT5wyGpcCTQbuatbSS5doTtTsDBdGguNXM2v;C5EMTGGE87SqLyuvhShLDMj2jUBwqBLJAZF6ybK8Jyqw;DH3xT2XXnSF7PyHQkxZNUKveuuMRkE7FPJDMkY6VxM4U;HodLXSGKApwv2ZYi1BTwo5DAwwxWV4zhMGa4Wz17URvd;Hr13NzFmPBkzXZVWw7izF5w1tVG4NF34FXLrW4yJ911e;J3hJBr4CemR7ak3BZg4dMwZbPDNCoLfoVDVwCt67M6ME
BUPNYwndVGfzVb6RG6q2PX53VdAimw2Mi98QxqeWpump,POOP,5tzFkiKscXHK5ZXCGbXZxdw7gTjjD1mBwuoFbhUvuAi9,Binance-linked service wallet,8,8,-981.54,-979.54,94,True,2sv6wfieAtEaYKYQ33DsgnHTU9WvAYpSHhRywCLutjBz;4HgMCR7abFKHDPgYfMrtjvKniPXj4zHwuSNNRVx7QEzQ;5BFuw7KyK5ryyvBwv4uJYwwNMnXPqGJGcf6okqtnhmFJ;6rnbLBSJpMqLVS7ZatxrfKgqknBuMuoLvgmaxPRKsqUu;8DZZsi4aWxbn5BBW5XnksoiC5oMZiZZyg8y5PYG7XNQk;C5EMTGGE87SqLyuvhShLDMj2jUBwqBLJAZF6ybK8Jyqw;CJCUQo5EV7QGgWhG1RmgdYAFCWeXSAPKr4LMU6nqBqwT;Fsx82i7Wr1xY77PaTJEuVn74CVF2Yp817GdLKhaWzk7R
9hAojtonqe4RUQarvUYZhFqC99VK1S3LCewYkSjnpump,bundloor,5tzFkiKscXHK5ZXCGbXZxdw7gTjjD1mBwuoFbhUvuAi9,Binance-linked service wallet,8,8,-191.927,-172.927,94,True,25bFdPe8VkmqSKWhmMdGz1QpJouznCSRNReP77s5V6m3;2Ckv5hRFJmXLkoigQ4ZJobppx7p7jZdm2LeSSuBxN3nH;36EM8Ti6ekYafj3JAXQr4JQRRvLGwV7cWHQqj3pGLM4y;93YURvwGhDDSqmtHWam6onnpYSrZWtjrE4uBoyTq3xAJ;9ch8yh4SFPf1tvVY31QWVR94HHnRdj31tSf9YnENmfPp;9zP9SFKeRUjU7HM9DsNXTcmNJoTpSBV4z6oGT3M9vj7E;G89VKav7PtYBWWsmoeSvpZctkFDputdmryqpTzvyFhAK;GhhqCYLFwD8fcM9JDg6BRF8NgPRG4vJSTUSPMK2Qtq3D
8qT3o4k4aUmyLrgd7hHYmVxin3kFhQ9QsXdSXTP6pump,cwoin,5tzFkiKscXHK5ZXCGbXZxdw7gTjjD1mBwuoFbhUvuAi9,Binance-linked service wallet,8,8,-268.146,-254.146,94,True,29yFzeBZgxf5zqrAkKXwgZtQehRf4pL8WbV2nRJikbw8;35caaJFwzSNaFwFmP1f33wDP9cUFEXTLDsFnjna7kAjs;38V2r5forPyyhGYVEzpU71UVUC5uftCwfoTALaa7RNS3;AQHK5SEg82BQ6FrtFg11BZmMGQNwUXjtcvnf9dUa5FX8;BBFhtuEJU4qcffp2r3XJJpq7gnsfVuDhHepQzDKLfyhk;DTpzoWbmGb2TiChBcBBNEvZCGkM682q5Xt4RMNwtqdZ3;ESrdxDfxD1SS5qUXPTMQxydvLcT55G6wCexAnKvfPfRi;EtByosFFYzYkasnER4ykVLtrjTd87c4jgY9FDVWUbmXw
55bKo8bj1YVEgsbwkkd4Nwu7JhaZF9trUgbvpZ3YeVCA,goldfish,5tzFkiKscXHK5ZXCGbXZxdw7gTjjD1mBwuoFbhUvuAi9,Binance-linked service wallet,8,8,-255.452,-230.452,94,True,4UvPYKxeQV8qFZXpgbrLoZGDFgtmYKSR5wvUo9K3fKga;4kgP66iRUa4fv7Td77cuuii2baAzZtzPEy13QvTQ9TGq;6pJXs9kq6rMZwwy6z2HDc93yXbUeu2rWQnLZURwKhk7G;7eVAHzKnaaoru579o1eqCwebE9PfzZzAXLkFQ38vb9tb;8uYB98WqnTrG98G88PqkXhSWPVUth9raw3S521GL7Mr1;CWsJXBzYTj19iZEzH8ce8hYHuz2Kpsu7VtQtCihx1CHu;GKJz8WtKCeRayQwS6JSTxcifm61QtPvwuQhVqQBYXcT8;Go9BEhJGCpbXFzky6SWcofqQyuiKrtE1m9Knx1aiZCc8
67afrnTxo8DVc52Uev61Yo4Yr9BGQpRw1RpPMWcx42La,Bliss,5tzFkiKscXHK5ZXCGbXZxdw7gTjjD1mBwuoFbhUvuAi9,Binance-linked service wallet,7,7,-285.136,-283.136,94,True,2d3eq1d3ab7RVwdS2pTMCvTRwZXWs7bfPFB88QADG7da;2sv6wfieAtEaYKYQ33DsgnHTU9WvAYpSHhRywCLutjBz;3X6Vgup5PvTLNSSfP2UEpeeQwd6DoFHhouCZW7mJDB9Q;5hLciHudyAhfm5RUqEey8f7rbGEC9p7B3ReQdUn6UMa9;623Bnz1BJXqxKKdwXXfsLobLxq1kGLKnRH7XaJZ7ZzLn;AAjjzMZc6pMHnrZmjZhFwU5N8TBs5qpsNa84a8Pc7iyN;En7DTn8VdwtpgbbQJ3PGfDPBkVrAiPbn2hHn8W54UXnZ
5o43e7gYZWFNEpdqkegHY6LXkhMXB1z6f7d6TAVGEMTM,Craig,5tzFkiKscXHK5ZXCGbXZxdw7gTjjD1mBwuoFbhUvuAi9,Binance-linked service wallet,7,7,-144.554,-124.554,94,True,3yjR5VTyda92jJUF9fueMYjoMNoHxZ6aQfULsZ3oFAxx;8DgVVtnNZQRKu4Cx6xeAMTukUHMTE3f2Cqb1wMzJ9beU;8Fubyq8N9eU9nnogaUnetgZTVw63Lh7zGfW8SPTwLRKu;8acp8Zc15Uie72CB9FBiVCxWhi3w85HE9swVUFC11Rwx;CzhcDR6tE2tTHRNcwHsqDpfSGxkYxXkjXCL7nH82LP2e;HndZVDsFKztH8bTzWsWRftPpzfEtzfvnUCLsC3yJfcuC;J2L495ZPcJ6Btuyd4YqXz5uw7hpKiQXGcLvALwumabED
7Q9VxTczrzgvjXWbJJZibR7hbYAohngsNsuEhdEcpump,MARIO,5tzFkiKscXHK5ZXCGbXZxdw7gTjjD1mBwuoFbhUvuAi9,Binance-linked service wallet,7,7,-55.018,-53.018,94,True,22gbWREnUi9BDCnKZQD24sgpWX11AHWB8D75Pc1EcHWr;84qUkL8gXZTcqEtKjsYMdasVxRxVDQVZqaESS6PBpKHu;9MYr9ENM2RHfftxm7NuB9UkxqhbRFwDhN8Bb6GebXdaM;ATApGm27mo872nGJdwSJjQX4ogzJrPSHTvGj4GBvYaKA;BbSw1iwPBMNuzwGmJMR4WcxYfNsRtFnPjFgkbizB1aqv;FePyVnttxm1raRUGSAbYJCRwr5BH72MBurt2dRaxvjGb;G8doyrGMYpFreq9J851E233T11tqi1ms6hPkaqnb5UPy
3coFBLantjJkMRmzaQ4znMQQzfqFYTyBeNhdXYAzpump,PUMPLOYEE,5tzFkiKscXHK5ZXCGbXZxdw7gTjjD1mBwuoFbhUvuAi9,Binance-linked service wallet,7,7,-609.115,-601.115,94,True,35caaJFwzSNaFwFmP1f33wDP9cUFEXTLDsFnjna7kAjs;5BFuw7KyK5ryyvBwv4uJYwwNMnXPqGJGcf6okqtnhmFJ;BEgBqxKNA4aunzgAcboRQAH9fCUme22qaryWyZt4pSNT;CANNBqESgoqtP43ZECARVAX7r8EEjEeLNvbj1WgxRmbg;ESrdxDfxD1SS5qUXPTMQxydvLcT55G6wCexAnKvfPfRi;Fsx82i7Wr1xY77PaTJEuVn74CVF2Yp817GdLKhaWzk7R;G3JfEedn7GjYs3ZtMAkDgj1MAfBL9MBYyWirwaw3Pv6D
7271ZR6GBzaGqdtP28ZqZ5BKRt2ziu4AnPnVCAL7pump,Rentosertib,iGdFcQoyR2MwbXMHQskhmNsqddZ6rinsipHc4TNSdwu,Bybit Wallet 10,7,7,-1161.671,-1154.671,90,True,2M4nec5AdyUKuhg27pLDBBA7V4JunoERcRHtfcfxs5rh;4VYPJRjzD4ujK83puDbfq4wBa9oFjksTNBizk4G3n9nf;6VNAfzQKMWvqRimbSzLDf68wC6yjvW5yLn9vteZN7TQJ;6qDMpcMrZSBXBF4SBE8V7bohgHS8iWpMcYWBqaZZsrrM;9tid6pXgWfWE5KY6kPiYjY1B8EQrzDrq6f7FoatjW57X;AJEoYSg3KFGm8VLaZqPf4QC8pkQHFikfmVg57AZv1HHZ;AUrkH8jWtG7our71fSYqCp524BAJuf5Tampe267wfyFA
7271ZR6GBzaGqdtP28ZqZ5BKRt2ziu4AnPnVCAL7pump,Rentosertib,5tzFkiKscXHK5ZXCGbXZxdw7gTjjD1mBwuoFbhUvuAi9,Binance-linked service wallet,7,7,-1161.671,-1155.671,94,True,4HgMCR7abFKHDPgYfMrtjvKniPXj4zHwuSNNRVx7QEzQ;55YWjLwZB9W8ptCGzYZ4Jv6P8pc7hNeqBxjX682ncCRx;9qvYwirHQPndFC64zA39Y5fqJqKQ5hvDowNybDXae8K5;EoipCYwCTm3jxT7wW68eUQvFQNsRGuePtx1MVwtdAnCb;H54i95gYfvbKe16Z4WUH8P5XV8o7fK5DPAAjBN5QoymZ;HhiYx4RA3NCxn2dQ7TUonPFgrTh45WKcqQjscDWrpHcr;HoChUe1nYaFTCsgdD2NXHtESCk1teqSAmhmyiXPxVfd9
G9r7nnHSgvb7LUfCE8kavRaKokEMMYBjVHGKvQ6dpump,Somalia,5tzFkiKscXHK5ZXCGbXZxdw7gTjjD1mBwuoFbhUvuAi9,Binance-linked service wallet,7,7,-859.285,-853.285,94,True,34FCLu8u1nLFk5CnrEswKiV2eYrtif94WqnD5PamuB3Q;8eftoRDpRcjkrT6VZ1HPSB1mJfE9SdgkNKqid58F5XKi;9xFmoFaoYUL9FrXwP3jL9PwkkBrrEkuNtNdYNoPD5Y5s;E8q49qGakJYWDc1L23EXDrzXGGtzDNumbprdEQFenv8h;HoChUe1nYaFTCsgdD2NXHtESCk1teqSAmhmyiXPxVfd9;Hup5DsiPAuGosER1qfvp9zTmPeGEE2tXYMpZkiu9LZKH;TLSV4SiZuBTdku6n1DrJE76fRb46r9uA15MfPn3n6zL
ASftCNtzPNmK3nMDvpQNvpLauKS45Vkq7kwTPutqUBL1,TIMUR,5tzFkiKscXHK5ZXCGbXZxdw7gTjjD1mBwuoFbhUvuAi9,Binance-linked service wallet,7,7,-631.368,-615.368,94,True,618CHAKV1Ugsbdp4zfP2PYoGDwrfAUgGYPg8BK1sfxJA;66AbxhfZdVyUJ3YRQmWEar8pqPZX4Wvz4vmdK8CtLqBH;6eBqYzUp1iwWg5sbVMhgG3gLayt7sTAdiTPoQcvsfgP7;7iURkMGAvkKppKnrMbA6TH9Lgweoh4oZL6kCuh2SsVSB;GB3RScLih8EgPavY4KTNSitH3xdaQHUmxeCEsAfUahEP;GL4bgco2FJ6nm8iaC5ff7W6iKWEzh8fCrBbBhny6Zvm4;Go9BEhJGCpbXFzky6SWcofqQyuiKrtE1m9Knx1aiZCc8
5o9sE9FEVC12zWBd2zqPXAhoVyRiNjGfaYX6hS3Ppump,WATCHING,5tzFkiKscXHK5ZXCGbXZxdw7gTjjD1mBwuoFbhUvuAi9,Binance-linked service wallet,7,7,-302.573,-298.573,94,True,14mLZ4r7rFgppjAAmd42grZ3S88Tjqm9NpyXg4sHyEny;2H6oKABT1cPHsSmLWBXJjYGTGnkJew9JZMGGswRafp6W;8VffqS1Wq3p692ka6Up4aXvdDdjFNs3DewsY1wcBaJZ5;CHqtqbfUz6SvuWiUfAfqDtockfePFyspgz6yn33kH8dU;EHFGraJiDaWnxYHVu1s9sFx1oeMKieWVhTiDRezqZXCj;GB3RScLih8EgPavY4KTNSitH3xdaQHUmxeCEsAfUahEP;HoChUe1nYaFTCsgdD2NXHtESCk1teqSAmhmyiXPxVfd9
5EZ7yagvcsHcwH3e17khLwGzhFrCsx7CKS7ZN6J6i4Lh,dabcat,H7sWT7eP83vkim7Gp81qsPwQzuzJK3E6Ps9KLbUezoCc,,7,7,-686.206,-683.206,11,True,7HVGmPRxghSWaEMtRmogHeb3avBYYHKJyzmw9CmSndaW;7K8JxX9wEiNw6pMoP5fCX8jQ9dqRenKe6ucZRN7aVRoa;8onxzPhFeCTkwELU1d4Y3qaT4VXVNZ1zrTYtevqkPKse;E83AvoFVWPbVx6m5TvCQytifvBts7p1YF6f4bbNVoydU;Ep4yBraVVnS2U4p3c1yJBNMfHsf8UC9yubUW3rzM8X2e;HcWPg6ELLoWAX1rJuqabbu5BUWEoAmJv4JczgohAn3Fq;WFfNqe2ZCAaksBKqSjFjBjXkEovGQ8QgqQD9QKsToTF
CHygERrxnc5QByNCwxUNSMhP7tKJA7rh6hNBdJ2spump,ARCADE.GOV,5tzFkiKscXHK5ZXCGbXZxdw7gTjjD1mBwuoFbhUvuAi9,Binance-linked service wallet,6,6,-1035.307,-533.307,94,True,94CSkmryWUnhqRazYtPw6bDuUSynWGfXAbqj34o64g7S;Bk6HWpyeXvgmTCyPmQmkNjBmVPMtQ9mb1Pfk2top2Cf1;FNvLdMfo2aB9xf14x4TFN3dr2TDpKz78Rji1k8bTx4bs;G3JfEedn7GjYs3ZtMAkDgj1MAfBL9MBYyWirwaw3Pv6D;Gfe4t8GmpnrYJYe14dNc2YmQ5oYjPZiuVT32G8zN2MZC;GodFDUQDtv4BVnXm9prTpVUeXaP3yarrrHq9fGsV9GKQ
GL7M1C4QeLoURyexYgdhuP8SvaPh5LHQLRqKha3epump,Adam,5tzFkiKscXHK5ZXCGbXZxdw7gTjjD1mBwuoFbhUvuAi9,Binance-linked service wallet,6,6,-107.153,-104.153,94,True,2sv6wfieAtEaYKYQ33DsgnHTU9WvAYpSHhRywCLutjBz;35caaJFwzSNaFwFmP1f33wDP9cUFEXTLDsFnjna7kAjs;618CHAKV1Ugsbdp4zfP2PYoGDwrfAUgGYPg8BK1sfxJA;8DZZsi4aWxbn5BBW5XnksoiC5oMZiZZyg8y5PYG7XNQk;HxXp1FMxkqxtkUUMKx8CagkvZNKERrmMdkGeb3VEbXZ5;ajqWb4sYX58tJ7Cf1tW5XPj2Jf5FirsB3375gBYhVJp
28HydoWU7TZQxWiVQxGZyspE3qgWdCHToNDVgLoNpump,Bert,5tzFkiKscXHK5ZXCGbXZxdw7gTjjD1mBwuoFbhUvuAi9,Binance-linked service wallet,6,6,-160.189,-106.189,94,True,33Xdt43iMSXvkAKANUEKJiVa5Fnpx7abSV6tsu2ZC5PU;Akf3eJrWwfXmxGmG8cF4JYhzhjm7Gsp9v7Uz7wYnEMyF;EuMRv5FwZCh7hwddDJBGXxh4T2bJyXrSJ9dM2Ke5VHmW;FaTRbXNsAhvH94GKLoVTVPcFGtXtVNFLv7DwpzWjmfMc;H53sWQnsDjj8P32StGpidKVXY967WF32x8FY8HzePyKK;J9aoYjevvoX3353kNvSt5aWU2fM4Fb7r81eV558bU1mH
25GrKYrc3y4LZmmuhppYgFRCKb7JyZ6grum4WhLYvA1z,DRAKE,5tzFkiKscXHK5ZXCGbXZxdw7gTjjD1mBwuoFbhUvuAi9,Binance-linked service wallet,6,6,-143.551,-105.551,94,True,5D3gRV5917KtEdzsi6QV1D1xUijTuFz5eHF1GPXJ7jnm;6SHf2w549aAF6oqtGyQpHoSeDodTfanzKa1yH4AhXSsX;9Hm8fJPN1BCG7ycLrjwKTFhj9qAb1byUVs3GJ9M7vnGM;CrysVvaNQdHtwmqVe9CrDNnPJ8uthVQGQ2Xsdm9FrxA8;DCEEm741HAcCfBAtJLJBykpwy1LW6c1gFmrF653LjRhk;DDDeLGkojYYSv3RdywNtcHboRu5BJwh7VpTketZfufD1
hHc9579gpKUnvYvgcKyjdpe1UhmfVfGzGwMQCADpump,G,5tzFkiKscXHK5ZXCGbXZxdw7gTjjD1mBwuoFbhUvuAi9,Binance-linked service wallet,6,6,-92635.073,-92630.073,94,True,7A2eXumfTZBL85ZpsZBUUX3ttjTjWzjG33gRibHKss7E;BbUif9ELs9cPc5RtPFtfXuveVb4LncLZM33G5JqR4hs;C5EMTGGE87SqLyuvhShLDMj2jUBwqBLJAZF6ybK8Jyqw;HhiYx4RA3NCxn2dQ7TUonPFgrTh45WKcqQjscDWrpHcr;HoChUe1nYaFTCsgdD2NXHtESCk1teqSAmhmyiXPxVfd9;J2L495ZPcJ6Btuyd4YqXz5uw7hpKiQXGcLvALwumabED
5Sg1vv51KGCSDF2gBHgbNATCEXFjYtVhWgztNUwtgJYD,HERZOGIAN,5tzFkiKscXHK5ZXCGbXZxdw7gTjjD1mBwuoFbhUvuAi9,Binance-linked service wallet,6,6,-206.12,-203.12,94,True,7MkKWyG7nRxs1Qg4aGrAgk7JAyrQsh42C5BZuvRrFWgm;7av4gi5DPpSNAf2NjM5Ljj12AC57FxC3GHgYKM8hBTLX;E6tTjSQLqNfJuBHrsyDHwzhDzfVZZsVHwToQGsWCU9Rq;EfGxX17Q75fDiH154NkZNESn1smZbd7rDvDtnNWizZSD;G8XCXkJn6UicRcAe1v5BcJoygsRAZvKcv7uKX9REd69j;HCEZEeWsKENaJHSanxDw9dp7HE7up6Kz2yteEgFKFoub
EoKqyKksc4ekiPVuBD9FiztYQHkV59x8KTcZ3ReLpump,HOME,5tzFkiKscXHK5ZXCGbXZxdw7gTjjD1mBwuoFbhUvuAi9,Binance-linked service wallet,6,6,-723.125,-716.125,94,True,C5EMTGGE87SqLyuvhShLDMj2jUBwqBLJAZF6ybK8Jyqw;DqeVuNmymZEqzNQmFUvMGAL6xaB49TN7yCmx3h3FpYaK;H54i95gYfvbKe16Z4WUH8P5XV8o7fK5DPAAjBN5QoymZ;HH5VrgQ881sauinjP67Qwzj4kfSTTi1RABDc7AtFXQ6e;J3hJBr4CemR7ak3BZg4dMwZbPDNCoLfoVDVwCt67M6ME;KGYWF8zASU6jDdyVvL2eXhbEBXPM4q3CMbFWRTLQT46
Ajz86fyiygsv8kZkUyDxogxkz5VfKRs4HTEABVTfpump,HOPE,is6MTRHEgyFLNTfYcuV4QBWLjrZBfmhVNYR6ccgr8KV,,6,6,-801.583,-706.583,42,True,56e2PjxqjQLh1Ew2mQVRQovZWWjErtPdjkkJvhwBSFHy;5XEj4qt6STm1dKvwTiqiuLRYJoMWUey4BqiwDPTuaUVG;6J1T22cKBTw11McuSteoEMpFfMfmWgG9NzsKs11mQYGD;BmEZf8SgDkv8CKWbLUfzCRoqBNzwyvb55MwvgAAZGLyG;E418ruAsgQuuRFdpYQAJEjnq7Y1sXTKBmRiMSPwwRcm3;FiK7fxDJ6mMQd5KN4wNGnBeu2inkJbFDSUZFqMfutrvK
D4aEpQLW45YnWrBmztcpJHqabbPtFe9F9PTv8Umvpump,LOOONG,6LY1JzAFVZsP2a2xKrtU6znQMQ5h4i7tocWdgrkZzkzF,,6,6,-3757.07,-3729.07,46,True,14onpqnhGahiwPK3PDyr1vrVNNvk6Bdasps15DQxvYuC;35HoSn1idkZT51uGHquwDay7DV1QqSVhWVCR8Pn4xg6q;7W8SEZv79hk4445o56Fd6RzhbUsozkzGXi8vkc7vNRr8;8KUYGivN8zgRfKiLTeHBxpk9houRUxJb82NRwUBkhCQF;ApEg9FEzWjmQbFo7G7qkvEvggh6cchdZtDx9LfD4E94K;D1CGEL4EyVAsfekBMV63bbgxKzTj5TP636oSyYEteGMa
49aM4HrGABwG9F8iAn385zzcsS6mxHEFY8YN3H7y1Cd9,MARTIN,5tzFkiKscXHK5ZXCGbXZxdw7gTjjD1mBwuoFbhUvuAi9,Binance-linked service wallet,6,6,-237.969,-234.969,94,True,3crj9TB2QitxSKBCTz9wSFR4wvEcK3RqEdhHtSxEfhgS;688ipxiEfHC8k1xFXhwuF1hxX4yZidyNP93HZ6DGg2MV;7FJZPaS583tEwjwF8GNpoUepz9E97RPVLonSbzuVPrXW;91RpCePwmwCvSq5FjnBLvzCG748rMu4xcCCoxLedfejs;A8XBmDYatCB4VEsJDRuvRjHMXUBzbyF2imTQ9fbyH4Jq;DPWRpSDfBv2U5AknfghaTWud3K19Q22ZfCnSWyjhee2Z
9CzNGAEutxKHJ5CwYC5Lk8X8YzgYrQnvKChP2BFEpump,MEMES,5tzFkiKscXHK5ZXCGbXZxdw7gTjjD1mBwuoFbhUvuAi9,Binance-linked service wallet,6,6,-683.28,-667.28,94,True,5z9PAzF3AhN8vHp2jhM5p8ykX1r8yLCbraWdonQJD7Br;6XanSmJhuNeCBWaLxuobAccmU31ymNBX3yA24AAUCKub;A96h6Nt7s3L8VZJEMwiDUrcBus36RK57nbBXNSB6PSkv;BLUEZYapTJn89Rq5Mb48gD6XdT2ZJtDMw9iXBeNq8ntx;Dqv8whmAjdC4EtQ22AEgaYymfaD4mCPvyz5Uy3ghE67c;E5hgkRVG4AJB4UqxSXXha6pYWnV8uf7F6w7LNaZcLT8k
7mRDn1rAqjwFQXacodr1UmkNdvAGPbtNP9k5jvBZqt9J,MEMETARD,791eGAi3H3KjFPq9Fg9nwLk46UxYACcPGLJKtAzvx87Y,,6,6,-60.481,-57.481,15,True,2rhAEpULFXNFgfrhSLnJydWk6qWcBs1UQYwHKvTEKhnM;4yawX9gGZHNqExuKPTjir2StaWq6HXvmuHZTfc6fbFVi;6jPDKH4StTHstpio1Gb9bQMS7gwnLu5Fziu28b8d1k7G;8WALWzuPs8CTTqjE9wTEgD6brHDeGU1FJHfsUX1HS4Y1;B4Rbr9UUK8kLtps673oxcEwsMxjUJcdTQ7hbrmMsx94q;DBEDkSYJMJbZHiFLVohwVoGCmx3C7jMmAbp3VgyNQHxQ
6wSQipxdE9Suf8tVNaCEbcqavUbLT7gL9tibpm3Jpump,WARRIORS,5tzFkiKscXHK5ZXCGbXZxdw7gTjjD1mBwuoFbhUvuAi9,Binance-linked service wallet,6,6,-217.688,-212.688,94,True,8iQYTEhc7b9drTcRsUzAG2SpwhEEETEQnXdWkvjUcTAJ;8j69UGPHQA9w6aAnR4UErpgnF7NaGSiEyPLbzWR9vvuS;BGMxmMAWE8HxXNVHY7y8gVvayf65T6mvYuXa75LD1sha;CpgTjAbHmMeJuHAYMKnJrSwjsX3wAs7eqJfGwXGSFzV3;D4CboCGLb1YBozXY2ShGrJ4cGVRUBMP7tDcuWbjJ98D9;kW4Y4wP1HGjLXFN5GfSv3vKCb5NYYGBR2cR3uWpbMdT
9hAojtonqe4RUQarvUYZhFqC99VK1S3LCewYkSjnpump,bundloor,iGdFcQoyR2MwbXMHQskhmNsqddZ6rinsipHc4TNSdwu,Bybit Wallet 10,6,6,-189.927,-171.927,90,True,4n8ayZZp8zvb3ASxEA8dXZVSPaBvKiucvQmE3wLzQSjD;6Us8oi5bSN6eJgY9RndjWCyN113RwLDQxDESDdDQ9sZy;8EYLAR91vauRGoq7fouJN8MSrcJ1wS96t55X2amn5mE4;AUrkH8jWtG7our71fSYqCp524BAJuf5Tampe267wfyFA;EE17a9twbG6hdgfLomAu3Ww5B2kPAkQKBgGRNP3R4jbr;HEsSN8B6XYcjY6q3CUEL4Yqx9Y7QQV1mNJ4JJu9uUBbH
DkDwxjD5JFK7hd7qUNHqNaTeqDGcZ1ia3Y6E7EUiehEn,clockinu,5tzFkiKscXHK5ZXCGbXZxdw7gTjjD1mBwuoFbhUvuAi9,Binance-linked service wallet,6,6,-821.962,-699.962,94,True,23gTdUBbmeXtZHxmXNRC3teunv6G7myN7fGfXXYLcMA9;27xtcqhRogw6J9VHHrUR5ydeqLbFhJC18ELydFMprUcb;5aeAZL8unb9mGbpNbeUWBQQrxFpupqx1EkhRQXEit45m;5cchM8Zs97QWXEXFRBwzPgJVraNPoT9Pc5ip2gK9Lvn9;AsibLmSGjDUDE4o8NzhtSjZUmJ7FuQzZbdQWHF7hLoY4;sRMNf6bSwarzP75qy5zXQGDMVCjFVko6HQVkrU9HyfN
4GRTznsfLTRqaB2uMAFmmgaWtvfVyBb4qCsTjskUpump,puter,5tzFkiKscXHK5ZXCGbXZxdw7gTjjD1mBwuoFbhUvuAi9,Binance-linked service wallet,6,6,-243.619,-241.619,94,True,35caaJFwzSNaFwFmP1f33wDP9cUFEXTLDsFnjna7kAjs;66KLSFmms6pVBzSPzaH3XkAws8DitqQNmLkuagRGTecu;8BAXvpH6omY6CNRPkTmsRH72jQKBsXGN6kuXy1FpGAgh;G8doyrGMYpFreq9J851E233T11tqi1ms6hPkaqnb5UPy;GpZempPUKKRw8rK1uVf4tG9UkKddw25FZhkm1DLXQAfJ;HoChUe1nYaFTCsgdD2NXHtESCk1teqSAmhmyiXPxVfd9
H8oe2SCksJcYzhPeS4TsbteusgZW5k7QaZ4boKyq8C7U,quarantinu,iGdFcQoyR2MwbXMHQskhmNsqddZ6rinsipHc4TNSdwu,Bybit Wallet 10,6,6,-404.488,-384.488,90,True,2m4vToFf7sQjazRhToW4qKCfS33zyeMHSrFocxmfqZBC;4TnayWRQizk4RpxYLusVLKumJooSWRDRAzzwKRELbCRK;5b8cZNqMQZBvvwBYPBx7nc3KeZ2iMmhRSmMhWsMwa1yZ;ALC9QNsMaFV8cCCpyL6vHDQdwmPzMkdpx6yiwFnVE3L8;C3yvxfMZ7BSTXHmEsDmH3TnGyEMucgQ5QwmhZkegzFmP;HCsVftaMsjHf88jDM26hdg5NrXT42pvpETUhzbYj5MfW
4kkrecvSVnnkK3RZcJ85tNFiZu9pWg584yHjNCqEpump,21,iGdFcQoyR2MwbXMHQskhmNsqddZ6rinsipHc4TNSdwu,Bybit Wallet 10,5,5,-287.476,-281.476,90,True,3A722kkcin7WuwNmCnVD8uRVkQksRhVJQD3ShdruuKoL;3M8QAq8x6vnwiWtM7CwFmCY4H65mzctGv5NQ4YuDPpc9;96iUfNMikRB6GivCnaLmtZKCd1decw1Jtn7dJvwk8atU;9UK5HtD314D8kiQ4vA3fRaSP15H7PNEAa9Ypj1zduNg6;CwSQ724ekKdYYBEoLCBbGie3ciyUcTqgs7bdwLHDwoE8
9xhMStAAufkH5jA5nevaGy6M9fCsQ74BZnsXyo93DkfA,ACORNELIUS,iGdFcQoyR2MwbXMHQskhmNsqddZ6rinsipHc4TNSdwu,Bybit Wallet 10,5,5,-160.58,-155.58,90,True,2M4nec5AdyUKuhg27pLDBBA7V4JunoERcRHtfcfxs5rh;4VYPJRjzD4ujK83puDbfq4wBa9oFjksTNBizk4G3n9nf;7YmzcWmzj1XDiiVhf7KeVqoYf6YgXP3XaRmwq9UADSSu;Dg1aFrvAwyQL7URsfzzwFjvdycYRNAv6vH4LpFPFdtWX;JAyoAiNYNpP6snHQg81q55ytQL1ULGSX65DVUraRSZN4
AmWCcDf6tG7zB3VPeDVjeXL5N567fXAiHcTKw3xXpump,ASSTRA,iGdFcQoyR2MwbXMHQskhmNsqddZ6rinsipHc4TNSdwu,Bybit Wallet 10,5,5,-605.782,-603.782,90,True,5VJ78N7ceXRKaxZdJnw7VPm7zktU3KzECGzDfietzP5Y;5be6uZj8tZPDKSjD1ndYuR2NpLkpLYxs1DPt2z7AU9eQ;AUrkH8jWtG7our71fSYqCp524BAJuf5Tampe267wfyFA;AxbqEJ9mnQtr1oMprtMJF2Nkb21pLnzaaGwvyvqnAszs;EQUiJsxnuQVj11s6JFcXowgJLMW32UZimpNgkrgSy25N
7HiD5rzoZxAYXEJ8Z4t3WgM8VE1iSKWJdxPPyEdDNzwN,BRUNO,iGdFcQoyR2MwbXMHQskhmNsqddZ6rinsipHc4TNSdwu,Bybit Wallet 10,5,5,-151.381,-145.381,90,True,2m4vToFf7sQjazRhToW4qKCfS33zyeMHSrFocxmfqZBC;9bwHbhAEDTWgF8NMdxZkJLwooDcy3fshSxGanGWeskHC;9v8UX5dnqZFJEsiv2NXRzxR6EtRa6SF7XWGYUC5dVz75;C3yvxfMZ7BSTXHmEsDmH3TnGyEMucgQ5QwmhZkegzFmP;M4ZWqBjVBeLZbDocVPRRprbY7BJ6acQbe23C6TBagMX
7HiD5rzoZxAYXEJ8Z4t3WgM8VE1iSKWJdxPPyEdDNzwN,BRUNO,5tzFkiKscXHK5ZXCGbXZxdw7gTjjD1mBwuoFbhUvuAi9,Binance-linked service wallet,5,5,-151.381,-145.381,94,True,35caaJFwzSNaFwFmP1f33wDP9cUFEXTLDsFnjna7kAjs;6SHf2w549aAF6oqtGyQpHoSeDodTfanzKa1yH4AhXSsX;8eftoRDpRcjkrT6VZ1HPSB1mJfE9SdgkNKqid58F5XKi;CUBbvgzTSb17sAgixjzYcsuKMVji5HAWWv1hVof8AzMJ;Hc8CBxEa2v45NoYwSDpcBrCHHzji9JDPWyFg1XqdogsC
7HiD5rzoZxAYXEJ8Z4t3WgM8VE1iSKWJdxPPyEdDNzwN,BRUNO,H7sWT7eP83vkim7Gp81qsPwQzuzJK3E6Ps9KLbUezoCc,,5,5,-150.381,-149.381,11,True,7K8JxX9wEiNw6pMoP5fCX8jQ9dqRenKe6ucZRN7aVRoa;8onxzPhFeCTkwELU1d4Y3qaT4VXVNZ1zrTYtevqkPKse;E83AvoFVWPbVx6m5TvCQytifvBts7p1YF6f4bbNVoydU;HcWPg6ELLoWAX1rJuqabbu5BUWEoAmJv4JczgohAn3Fq;WFfNqe2ZCAaksBKqSjFjBjXkEovGQ8QgqQD9QKsToTF
67afrnTxo8DVc52Uev61Yo4Yr9BGQpRw1RpPMWcx42La,Bliss,iGdFcQoyR2MwbXMHQskhmNsqddZ6rinsipHc4TNSdwu,Bybit Wallet 10,5,5,-285.136,-283.136,90,True,24678QKx2Dy8ZCw6Ra8o9DeTqPLL5GR9ZQKxt5FddHmq;9KfM4QXfwfNhfoaDMMDizHAoSmr5qU5kycqWZXkiCyK7;AUrkH8jWtG7our71fSYqCp524BAJuf5Tampe267wfyFA;DydLvkt4fsgqtdBUtQrQqwjaDgdsv3F8a6kVYa2VQ4gv;GfDh8LF56byQ3ejp6yLFE2uuv6XZJ4c91St1SDyRLEfC
5pSEZw1iytqYznD7crsGyKNek7q5JkjBqj2KmfqxUVZd,CHONK,5tzFkiKscXHK5ZXCGbXZxdw7gTjjD1mBwuoFbhUvuAi9,Binance-linked service wallet,5,5,-151.328,-126.328,94,True,36c4EKCciDDD7JggKJz9nWkBZWLuVYRUkDMLhQE3jy8z;6p6CJmg2sEYsFZC42w9bkdwo4tFY1YTjWynf2Hyb3ajR;7FPQWTRUL4YX2iSqEeqWeuSaUU6Pv7SRgqWZzjqRUFDb;GoDGyDHPKQ91DPre3L6fjKyPLHMF3pLsc373ckvZajMi;H8UKNvUeaqpVT7DZ8TXJVreSQEXDjTA7fEv8hjD3FzHm
AgB5SxiP1DFZbW9uDAH7s8Mhv1HF21nJv67tnAAYpump,Drake,5tzFkiKscXHK5ZXCGbXZxdw7gTjjD1mBwuoFbhUvuAi9,Binance-linked service wallet,5,5,-104.303,-101.303,94,True,3crj9TB2QitxSKBCTz9wSFR4wvEcK3RqEdhHtSxEfhgS;91RpCePwmwCvSq5FjnBLvzCG748rMu4xcCCoxLedfejs;AakoGAGVR76BkQrhqpwnuBx27gYChAX7aYsLiNsXEnpa;HTrUmYyHJqyVv73hYSEtgFNFPNGzb22rMdxBqdXMxdA5;r5WKaUow4gY51ymfhvk99RkGDGKmkr1XmAeEQWStSSV
4ZUjJ5EJbwfh7teotB29uHc1SC3SiqbrkwJoNgsxibbU,Dumbocrat,5tzFkiKscXHK5ZXCGbXZxdw7gTjjD1mBwuoFbhUvuAi9,Binance-linked service wallet,5,5,-201.679,-192.679,94,True,55EK3V7MApfPL4V6N5Vi6LBQbTrvXYVbFXqFNakY4E88;91RpCePwmwCvSq5FjnBLvzCG748rMu4xcCCoxLedfejs;AsibLmSGjDUDE4o8NzhtSjZUmJ7FuQzZbdQWHF7hLoY4;DxhpC9c4kGkYJR34xUrfFeDx9vwb6yoHUMWrTCZybwtH;KStmjwDWsxaSHtFDAoPM2HzwbQMRTtxjSZuEop1z8ai
sMe5iUcgTe4VXmg4WaShF5kuk6GmcKF3y4HqKGZpump,Erika,is6MTRHEgyFLNTfYcuV4QBWLjrZBfmhVNYR6ccgr8KV,,5,5,-382.458,-372.458,42,True,5XEj4qt6STm1dKvwTiqiuLRYJoMWUey4BqiwDPTuaUVG;6J1T22cKBTw11McuSteoEMpFfMfmWgG9NzsKs11mQYGD;6fKGtgUw3kfEG3cxEGBN4RrwybvBv35zY49iCjwQfyka;B4yTdimEkfqX44pxuSdTQWzjK69ZkhYNQntZZwEoXyAr;E418ruAsgQuuRFdpYQAJEjnq7Y1sXTKBmRiMSPwwRcm3
2A6sLqrw8WN6KkgnCsN4xJkyAowBZHr2H9xQ4u3Mpump,FART,iGdFcQoyR2MwbXMHQskhmNsqddZ6rinsipHc4TNSdwu,Bybit Wallet 10,5,5,-825.614,-820.614,90,True,24678QKx2Dy8ZCw6Ra8o9DeTqPLL5GR9ZQKxt5FddHmq;8FySgd7VmjnXsGjUbgtDxDjZVEJ1FsQJkG5K2FKY7mMq;AZ5sVzrJMUPjNY37xJiCDeAyUKF5PCfXicdXUoR4ts7s;Au1H6riMgxmP61PAF7GAbdcGrQgSuk3psSqm9mYtQg2j;BWiJ8aqkhSQx55KA4mB8KXv82ga2972tLtgpAZiuocrU
5nnWe5SCBaNMC3oNiR7utth6kx3mH1dhmCarjDb91shW,FOOL,5tzFkiKscXHK5ZXCGbXZxdw7gTjjD1mBwuoFbhUvuAi9,Binance-linked service wallet,5,5,-164.367,-152.367,94,True,4cPV9Wa9fLTeUwBSXYSzL6E5DjXPQdKS37bNR4anjmKE;BU99XYHSueULuTN3V3GuTfmXXWgNCrQXWwNsw9Ku1MPk;BoEVpctnMRtB7XhaJ99gNRGhP88HojtPvJ76BwX1gUwQ;GMRJLHJaeM9vUVNvN23WKyWEfQymr3UD1pddFGZ7V7ys;Hn9B5qcoHAQZg6YsjT6twgugzw1YTNF9qahC1n7UKBao
Ajz86fyiygsv8kZkUyDxogxkz5VfKRs4HTEABVTfpump,HOPE,iGdFcQoyR2MwbXMHQskhmNsqddZ6rinsipHc4TNSdwu,Bybit Wallet 10,5,5,-810.583,-804.583,90,True,2M4nec5AdyUKuhg27pLDBBA7V4JunoERcRHtfcfxs5rh;4VYPJRjzD4ujK83puDbfq4wBa9oFjksTNBizk4G3n9nf;6VNAfzQKMWvqRimbSzLDf68wC6yjvW5yLn9vteZN7TQJ;6qDMpcMrZSBXBF4SBE8V7bohgHS8iWpMcYWBqaZZsrrM;AJEoYSg3KFGm8VLaZqPf4QC8pkQHFikfmVg57AZv1HHZ
DJejJn1iJntJVTAixy4VRgqJFF3NMKPEMgVzbJFmpump,JADOODOO,iGdFcQoyR2MwbXMHQskhmNsqddZ6rinsipHc4TNSdwu,Bybit Wallet 10,5,5,-100.892,-91.892,90,True,6Qa46jFT7NegJRKNGPMQudr9v1aNC73KqFzX7vuvwRcC;7vYTofeWUzF2Cxent3RFp5tQedWkiCARz2o67wUxsqi9;E4FPggw9yDp9PNJDuRoLYDr6a5HKCsAterw3fygLpZEA;EnU1CPeCqFtVnqnYhd1JgfcPrhcDx4ffLZEnV9TnjJ4g;HCsVftaMsjHf88jDM26hdg5NrXT42pvpETUhzbYj5MfW
57ANN8dAbPX8x1BEFFwzBttkzwpKZBEiJkdiWSzVNQvS,KWIF,iGdFcQoyR2MwbXMHQskhmNsqddZ6rinsipHc4TNSdwu,Bybit Wallet 10,5,5,-151.802,-131.802,90,True,2P67rqsk5WCNKsdc4eMV3zjbCC8C6sXca2oadyABaa8c;6VNAfzQKMWvqRimbSzLDf68wC6yjvW5yLn9vteZN7TQJ;6qDMpcMrZSBXBF4SBE8V7bohgHS8iWpMcYWBqaZZsrrM;75q6t3CgRtT4gCdLtZ1aETYrVPEsHQJnC5ZiJc77XKuN;AJEoYSg3KFGm8VLaZqPf4QC8pkQHFikfmVg57AZv1HHZ
57ANN8dAbPX8x1BEFFwzBttkzwpKZBEiJkdiWSzVNQvS,KWIF,8mowmVCEewZ9W2cEaQyQeQEeSxhGr1hvRviLwozwNtBt,,5,5,-151.802,-131.802,24,True,83Qo18Urc2PHNamgq1BJMypCakhQDidTAAf3ri5ENZPW;AxUfULyBzPc8LA9HwBePCg3E5PYGgjJjCBgvqGMaGnHd;DY8UwCLYdUtbgCZw9SiFPTtBz3WGZXvhHbvKjCRyuhLE;FNLxFeBcVfA7hkz5hPuyJTKQWjRjckFwKdq5vCTay7VJ;FiQWdtDD79kSbrdw6wdEtwxokQjQVuW12Zsnv2NPKZ4B
HJPjdsDmcvgCj4MV3NvqCWd78qDP8BMzGfrsk4Nbpump,Memecoin ,5tzFkiKscXHK5ZXCGbXZxdw7gTjjD1mBwuoFbhUvuAi9,Binance-linked service wallet,5,5,-1162.749,-1152.749,94,True,2KTVrksf3v8Zub721Sb98Y5219XMJootGMz5U3MLSEtb;2sv6wfieAtEaYKYQ33DsgnHTU9WvAYpSHhRywCLutjBz;C7hN4Y5DrWb2KXUeZ3fikuL2kTtMmATvZmpX8RLA53dS;DYLiweAPw84GDgv5BztSYgPGSx3JzxfzxMMjY4BnyRRt;GtD5wH1Hwvf6RGVEnYtLm4fY1PrKat7Ktbvw4EycwW4B
7dACCWZXF4Lr9ftxFpi7TJk7a3hcPpUwGPAcTuXDpump,Memes,FpfsHusKvqc9LhupVPB1R67HuCiWDKrZMN4SJitrMdTj,,5,5,-94.624,-94.624,48,True,3N1KKNyjKBxmRN66zF2jZwdtLaR8D3zXcAgKvuuFAdiS;5nsDhZRGdxtWFDdBbexvYUEh59EeFKpsRCH75mRkywjn;9A7um9R3So5a9ZgiE8H4DmrcSPhLeA18u1VbsUUKjS5A;FC1RZf6MTebDXdKFpPfhkiftU8TFz333g8ugbsPJ1Wbd;Hyz8paNbNLSYxSfWT8KT2JDyvPW7E8yJBbaGnsZV7WE6
BmU6YJP2YCAo8sc2dkeR8KjvF3rGFBHZL25ejysppump,PAIRLESS,5tzFkiKscXHK5ZXCGbXZxdw7gTjjD1mBwuoFbhUvuAi9,Binance-linked service wallet,5,5,-290.732,-281.732,94,True,8qHBtZMpvZxkGATGmX3B7TSoBJpVBrTXAJ3CzKKTKBtG;B8ipiSd587XCxQqNMj9FzfzzzWMxyzQnNWh1RcHe5iDv;C5EMTGGE87SqLyuvhShLDMj2jUBwqBLJAZF6ybK8Jyqw;JA31Cm2u6v51FuN7HMzhJ7vnCkgo38vNcU5tA6o5Z3Q2;kW4Y4wP1HGjLXFN5GfSv3vKCb5NYYGBR2cR3uWpbMdT
47r9YPDeTVpwHjAakoVgnzNTJRChXC8f4KSUqMbEsBbM,PLAN,iGdFcQoyR2MwbXMHQskhmNsqddZ6rinsipHc4TNSdwu,Bybit Wallet 10,5,5,-132.809,-104.809,90,True,6ejT3iUNdR6aCyAKS76Y6NKHaupLZNeYtae9XeQaJNm8;75GMVrr2xfgAeybuNg1VMHqFE3GTFJLzEHo6xC4MwUzF;CfneD8zKk8NtMXZdohGb6Wz9i3gMXGW7LmXKKpUooAQ2;EQUiJsxnuQVj11s6JFcXowgJLMW32UZimpNgkrgSy25N;YpjoTHCsguCZL37YkT3rCWuUwXe5w9Soqqq3eJ6sjQZ
44s336LDz8bXp4rpxy1qwUfysZ4THjpReQWTKQg7pump,Wen,5tzFkiKscXHK5ZXCGbXZxdw7gTjjD1mBwuoFbhUvuAi9,Binance-linked service wallet,5,5,-247.219,-239.219,94,True,2s4Ne4QEsQCHeuADxHxBy8tkuRT5jbPk7wNFBgjzqehb;A2sQy7MNmxMJLMEQj96AxzEZXxWZ5LCi5TW1ggnsKRYE;DB6qhfFFWnZehFcuGLEUCWraA9p62AfXnzm6veQPTShf;Df46W6Jsb3mR76E9HnVSYx7iEY1T852zUc44aaePKVrZ;DxhpC9c4kGkYJR34xUrfFeDx9vwb6yoHUMWrTCZybwtH
CSLP8Vp7u9hrXQi7crPXqCp7BaJaG4JrNxqvR3jDpump,chimp,5tzFkiKscXHK5ZXCGbXZxdw7gTjjD1mBwuoFbhUvuAi9,Binance-linked service wallet,5,5,-241.192,-238.192,94,True,6mkpLucweNeZnEFXeSBme26MavxUcxvqd3CYnLKaNpid;B2CxKRs8cxuAV847mFyqyutxrnC3kmyPsQzmLx9zLYG2;BBFhtuEJU4qcffp2r3XJJpq7gnsfVuDhHepQzDKLfyhk;CJCUQo5EV7QGgWhG1RmgdYAFCWeXSAPKr4LMU6nqBqwT;HMuAB2vMDoUmvocU5QN3HPv7WXL8uTK3ZjDeKfNdFvqy
5EZ7yagvcsHcwH3e17khLwGzhFrCsx7CKS7ZN6J6i4Lh,dabcat,5tzFkiKscXHK5ZXCGbXZxdw7gTjjD1mBwuoFbhUvuAi9,Binance-linked service wallet,5,5,-688.206,-683.206,94,True,35caaJFwzSNaFwFmP1f33wDP9cUFEXTLDsFnjna7kAjs;C4HDZgZAiEfmLmbVVKi9okhbxsTeks61c5XDzWKEpopf;EMEuQsy93wwnX6nXQH4y9ANAHGRpbKeLad3ruqrg7fV6;HqREYkXU3w1TKy5iK4sCxzvQhQ265kZBtQ1Xwzh94Uwa;HvJi28GXR2yWgDg1bewcvTV9yficRvgTnrdcc78kCFEF
DQ2H7qcj262RAKfSxGYeL7cYJq54mVdXe4gYxUwxpump,rollie,5tzFkiKscXHK5ZXCGbXZxdw7gTjjD1mBwuoFbhUvuAi9,Binance-linked service wallet,5,5,-150.42,-145.42,94,True,39pa7qq6ModnnejkyTEKtA29y2wHcQSTbEtWfqEjmoo2;53nCAW9ng3nzZhduKwhkKWjq4TGUJjhiR7tDevKLKT8v;6eF9zYJV9ejjp1hsTeEkczAEGyV3tmUesx1HvQhrs853;DXaad9HmtytkJYeXcATm4MjJ2EhPrbq9poXSs9YXQa4p;GpZempPUKKRw8rK1uVf4tG9UkKddw25FZhkm1DLXQAfJ
Er5RuNhTEwJH5dHv9c3YGATjgkLCETH4dKazntyWEtXY,spy,AxiomRXZAq1Jgjj9pHmNqVP7Lhu67wLXZJZbaK87TTSk,Axiom trading infrastructure,5,5,-142.307,-137.307,27,True,8faeiYRMqXHoucX6WKpRuSjNKaVMUqboPbMxPu674Kuq;ArQGq689asxfkS6veDmL2BrdRCvRGYsXBkTYvY63Qwwt;CYmTN5RiWf3kyKyhdTZhu3kaMFtvmxPe862Y6Uu9cK7A;FWcTGb3ym9rLAkvvit5f9QkRde7y2Xw7XHq2hbPAdcTP;GKW7NxqGzvwKGaF9jCCCP7iNbYwcjBBxsqmwbfVdPGdu
dy6zeSw9j2zHprXLwk1uUGAD4d2HF5R3pAFrL6bRAKs,🟢,Dv34prGm2BT7Ph2n6qKLgzeLgjnii87RJJ7Db6ZQQvKM,,5,5,-386.584,-374.584,20,True,2gcszEinHS1KsjX7GzQMn8vi3L5XBJ9kiTX9Yksr94aX;6yg2a5MfrCrs2P36TpUCwhYsm7amG3eeDbwtQcfpaiF;8LfEz749nfgEGvfBiKnw1v9KcHRKejQwGnuT1M8UEzAA;C7WJ2Du5KkQ5bU8jBo7edRfgRTVW7VbMjFyhUdihQxNg;ChU5YHhYZp5T5A7LePu2Lw1MBgZsvuATbLKu7fLXmFCZ
4kkrecvSVnnkK3RZcJ85tNFiZu9pWg584yHjNCqEpump,21,5tzFkiKscXHK5ZXCGbXZxdw7gTjjD1mBwuoFbhUvuAi9,Binance-linked service wallet,4,4,-284.476,-281.476,94,True,91vMNpDfuNRGe26SJrWDhx9hhbRiag6h1ZNiFBdaxmSM;BP85yuahLnpaN3V4q5b2iVSAfNv1KxZQVZHFrtS63wpk;CmAEJBpUbvFPev48WCpcVLf4nw3Voq82geiF9kN9Jc4M;DoogBZJxrodBGLfFS9XaB8vrnCY84Hg6EhTgHEz6L1uA
9xhMStAAufkH5jA5nevaGy6M9fCsQ74BZnsXyo93DkfA,ACORNELIUS,5tzFkiKscXHK5ZXCGbXZxdw7gTjjD1mBwuoFbhUvuAi9,Binance-linked service wallet,4,4,-159.58,-158.58,94,True,6RFCF9zA3FeqTaf5NgLdT5Q8dXF5qMqzbiQMgBnRFT2a;Gn5pmu4LkGUgma5wECbQvgCBiGWEtyUu3ri8G1LqqUyJ;HGzXxgZZojTATfKr9ydYi4g63JB9kNVaCy95h6iwh1DX;J2L495ZPcJ6Btuyd4YqXz5uw7hpKiQXGcLvALwumabED
CHygERrxnc5QByNCwxUNSMhP7tKJA7rh6hNBdJ2spump,ARCADE.GOV,is6MTRHEgyFLNTfYcuV4QBWLjrZBfmhVNYR6ccgr8KV,,4,4,-594.307,-543.307,42,True,3aEoBZFwEPB6LeSixoWucBWXFpjRxTESi4vkssZHB6JU;7B8E7tMmkPe9WmA3fVUHcNFK5rRvfbkRNc9nn2RziWFT;Ayt5iFD1qsRu9RjFQSjTgSGwcmE8mVhbEzfubVG2srp2;HGxBHpUsFbN9Mnf78pCNBMkYnYdEQqcensEiBvX3G9AV
3vfxnHSCS139RZiw6MPZaEvhySnjbEi81GuF5EdNpump,ASS,iGdFcQoyR2MwbXMHQskhmNsqddZ6rinsipHc4TNSdwu,Bybit Wallet 10,4,4,-880.762,-872.762,90,True,24678QKx2Dy8ZCw6Ra8o9DeTqPLL5GR9ZQKxt5FddHmq;7a236WjUkhLLiF9pZNrvfbb64NJkPLjdDe3Qaz2Lx4oy;CzVCe1D9CG7YhdKLn5525D7nfvf3H27XdAssQbGaFCjE;FBvxneTq8dY7WKxj924CseuveWzDL5tN9JuSW3S9nJkN
21XJbyQWEhmeoxKRHdGrEjetSfHopvtp68LWzdvT471M,AURACAT,5tzFkiKscXHK5ZXCGbXZxdw7gTjjD1mBwuoFbhUvuAi9,Binance-linked service wallet,4,4,-282.758,-268.758,94,True,BRJjSF7NmbkBbQFxin9PieUQAneSSbYsNsZCqCB9ESjP;C5EMTGGE87SqLyuvhShLDMj2jUBwqBLJAZF6ybK8Jyqw;Cj6gmebMrgzWJpQh6k2R7mzfzxQr9zyx5FafRVJpBU9N;F9zT1F46HAoPanR4NC1Yw7TyP8Z9tCavTe48mrzK7aN4
67afrnTxo8DVc52Uev61Yo4Yr9BGQpRw1RpPMWcx42La,Bliss,H7sWT7eP83vkim7Gp81qsPwQzuzJK3E6Ps9KLbUezoCc,,4,4,-283.136,-283.136,11,True,A6Dpt4FVxoPFTqo7i2kTBoSXtjHHngUcfiNNdXPLEtiS;Dc4STMGpa1oXd4C7wwhEKgL7QpmM85dbYYxMuH7tQ1ZC;HcWPg6ELLoWAX1rJuqabbu5BUWEoAmJv4JczgohAn3Fq;Zrumzk7TbUpHNNc8gPaSgZqjndDhMijFb1hngYu5orD
5pSEZw1iytqYznD7crsGyKNek7q5JkjBqj2KmfqxUVZd,CHONK,FpfsHusKvqc9LhupVPB1R67HuCiWDKrZMN4SJitrMdTj,,4,4,-137.328,-133.328,48,True,AhKMhfkRR3wNXZUC9rCHKAcibZUcdErdnkmJ6ewoVmBL;BNwVduQq1AH3ee5hnLQtbJmPyrBJHaS29b6VQt3pzvsR;CFt926D6bJSFKFt34VJDTAqrPRMLQJVLA5vP1oeL3GTt;Gku8cuthhvfoPoG18rg1EULt58xB7j1fgPoifJcyh411
7aLLQRBpGCaSLmmHGf34MGtbdtTumiB14d14TtDnpump,CONDOM,iGdFcQoyR2MwbXMHQskhmNsqddZ6rinsipHc4TNSdwu,Bybit Wallet 10,4,4,-221.352,-219.352,90,True,8HB2RGkU57mhF8ucMxCtNgZ5AyUHvjs9pTLpWX2BoQuu;Au1H6riMgxmP61PAF7GAbdcGrQgSuk3psSqm9mYtQg2j;EQUiJsxnuQVj11s6JFcXowgJLMW32UZimpNgkrgSy25N;GfDh8LF56byQ3ejp6yLFE2uuv6XZJ4c91St1SDyRLEfC
7aLLQRBpGCaSLmmHGf34MGtbdtTumiB14d14TtDnpump,CONDOM,is6MTRHEgyFLNTfYcuV4QBWLjrZBfmhVNYR6ccgr8KV,,4,4,-220.352,-220.352,42,True,4Xt42F1RdP3hmS44Nf94C4atsmsrfPgiqqKCVkhhrhvP;5XEj4qt6STm1dKvwTiqiuLRYJoMWUey4BqiwDPTuaUVG;6J1T22cKBTw11McuSteoEMpFfMfmWgG9NzsKs11mQYGD;E418ruAsgQuuRFdpYQAJEjnq7Y1sXTKBmRiMSPwwRcm3
sMe5iUcgTe4VXmg4WaShF5kuk6GmcKF3y4HqKGZpump,Erika,iGdFcQoyR2MwbXMHQskhmNsqddZ6rinsipHc4TNSdwu,Bybit Wallet 10,4,4,-384.458,-373.458,90,True,24678QKx2Dy8ZCw6Ra8o9DeTqPLL5GR9ZQKxt5FddHmq;7rzHb25KeVs1WeeSaRHTouJWiCiSJKkxE14DvYCNkw3k;EQUiJsxnuQVj11s6JFcXowgJLMW32UZimpNgkrgSy25N;HNwEoMmVS3rSNWLT4omZ4D7VqNpD9TaDy2yN3MTpEm9H
hHc9579gpKUnvYvgcKyjdpe1UhmfVfGzGwMQCADpump,G,FpfsHusKvqc9LhupVPB1R67HuCiWDKrZMN4SJitrMdTj,,4,4,-92630.073,-92627.073,48,True,5nsDhZRGdxtWFDdBbexvYUEh59EeFKpsRCH75mRkywjn;BNwVduQq1AH3ee5hnLQtbJmPyrBJHaS29b6VQt3pzvsR;DzRqREhHeiSVpGSurhnHvyqoFrweh99u9yUSdXL6CQft;FC1RZf6MTebDXdKFpPfhkiftU8TFz333g8ugbsPJ1Wbd
7Q9VxTczrzgvjXWbJJZibR7hbYAohngsNsuEhdEcpump,MARIO,A77HErqtfN1hLLpvZ9pCtu66FEtM8BveoaKbbMoZ4RiR,,4,4,-55.018,-54.018,19,True,9YYoJzuL4jhLJUF165CWrzjoAiWEqSfpUU3R2UhcrsmB;BFheRmzjstys3nUtFV7SB8GAb727LEwL2qTGoxzEJzwh;DAvp7gkQJUurbaEBzVj5xP2GpGKRA7xDsf3VdkskzM3v;DBVCma5RMds41oKgkQBp6dWqbVLKrYJmZ9twQ1enxMVr
7Q9VxTczrzgvjXWbJJZibR7hbYAohngsNsuEhdEcpump,MARIO,is6MTRHEgyFLNTfYcuV4QBWLjrZBfmhVNYR6ccgr8KV,,4,4,-53.018,-53.018,42,True,4eDABZu6hiRNzMzdbVZEwgvBUczHdh3Mz1uGYFRZ7DM3;7E5y1q3Ts8s6nGyhnWj2bNmHZz5HL4TDwrm2xiLgyAMj;9idU7nKsAcH5ucNvvUYc899JijxDJskEWdqumdWZFWhY;GxfV8i5KccuJVoDmPGAXggJnZcwFNtpuw4ohfkUZjErB
49aM4HrGABwG9F8iAn385zzcsS6mxHEFY8YN3H7y1Cd9,MARTIN,FpfsHusKvqc9LhupVPB1R67HuCiWDKrZMN4SJitrMdTj,,4,4,-235.969,-235.969,48,True,3N1KKNyjKBxmRN66zF2jZwdtLaR8D3zXcAgKvuuFAdiS;9A7um9R3So5a9ZgiE8H4DmrcSPhLeA18u1VbsUUKjS5A;FC1RZf6MTebDXdKFpPfhkiftU8TFz333g8ugbsPJ1Wbd;Hyz8paNbNLSYxSfWT8KT2JDyvPW7E8yJBbaGnsZV7WE6
47r9YPDeTVpwHjAakoVgnzNTJRChXC8f4KSUqMbEsBbM,PLAN,5TjSh51DeZfDF2mWTYPDWzJhYkNkMQk3ZHfq13JaKHkf,,4,4,-132.809,-119.809,9,True,5gX8PCN9ZsS58TDKpGZM4Gv2vnDy9gqscxjBap84aKXd;6D14Xppf6m3kSGGXSJ45PPPDSSVAENtPLrCeoiHu6RjX;CMcdFuBcRi68oKhUCmG6NXEGaxzRaQGvPpaD9jZfLTPq;CdiaH9LhKFLZTebpN3qgSqva3DnYUrwizxBmTFSTntMr
xeKm1qmxyHLJZLdwKpsZdx5UFtYyb124GTWRZWypump,PUMPFOLIO,5tzFkiKscXHK5ZXCGbXZxdw7gTjjD1mBwuoFbhUvuAi9,Binance-linked service wallet,4,4,-192.771,-173.771,94,True,5BFuw7KyK5ryyvBwv4uJYwwNMnXPqGJGcf6okqtnhmFJ;7kDpxMJDNvPXhdd4XSQfgmYPGo5asd9eHf2gLGDZY1sC;BU99XYHSueULuTN3V3GuTfmXXWgNCrQXWwNsw9Ku1MPk;EHFGraJiDaWnxYHVu1s9sFx1oeMKieWVhTiDRezqZXCj
9mqJNDG2squcqZt2zC7cWWNtVozUbQUnzVnP1jG6pump,Pearl,5tzFkiKscXHK5ZXCGbXZxdw7gTjjD1mBwuoFbhUvuAi9,Binance-linked service wallet,4,4,-271.263,-267.263,94,True,2H6oKABT1cPHsSmLWBXJjYGTGnkJew9JZMGGswRafp6W;35caaJFwzSNaFwFmP1f33wDP9cUFEXTLDsFnjna7kAjs;65ATPEAB33WHWr4drV1w2FMuQix38XweTnuzEkuVe5AZ;j55cFXJM5nifacBhvg7us9ouKie9PkHqiKHTXAvFjDj
9mqJNDG2squcqZt2zC7cWWNtVozUbQUnzVnP1jG6pump,Pearl,FpfsHusKvqc9LhupVPB1R67HuCiWDKrZMN4SJitrMdTj,,4,4,-269.263,-267.263,48,True,5nsDhZRGdxtWFDdBbexvYUEh59EeFKpsRCH75mRkywjn;9A7um9R3So5a9ZgiE8H4DmrcSPhLeA18u1VbsUUKjS5A;CFt926D6bJSFKFt34VJDTAqrPRMLQJVLA5vP1oeL3GTt;FC1RZf6MTebDXdKFpPfhkiftU8TFz333g8ugbsPJ1Wbd
2iSB473Z7L2ndpWs3n22tb7H3KSGpswDTH3jP7qCCAZT,Pochi,791eGAi3H3KjFPq9Fg9nwLk46UxYACcPGLJKtAzvx87Y,,4,4,-1179.962,-1177.962,15,True,31G1ryWxXJ48yFW3rN3mm9Yr82mxmXnYdfU8qv3W6rwM;4HF17RbgGFYtwzTMo71PBsxYRW9U3aqSM29gLubYCwnF;6gf1zR5niLW2d5pRu3mf5xeF7Whkt37THtwMU5J9m7Nh;tDmp8DrkuPdimX7Vrsud3pPnXpwVp86SCm1g2aksWBn
F59cEB3A7RAKHGtkvR577swnPSP6EsdaBoL5AcVZpump,RALPHIE,iGdFcQoyR2MwbXMHQskhmNsqddZ6rinsipHc4TNSdwu,Bybit Wallet 10,4,4,-2265.922,-2251.922,90,True,2wWXQkfznSHQw3LSjhoFJ2hSNXaRtQRdzUwQ5iwXXbAh;ADkquSiH1zS6LmGoJxzwE6x44gpE6S3KWLALqNc3sTDs;AFQyb1m5P3GoYUpgB5T3HonYP1WWAzhGRKpL8okaf1AQ;AUrkH8jWtG7our71fSYqCp524BAJuf5Tampe267wfyFA
F59cEB3A7RAKHGtkvR577swnPSP6EsdaBoL5AcVZpump,RALPHIE,5tzFkiKscXHK5ZXCGbXZxdw7gTjjD1mBwuoFbhUvuAi9,Binance-linked service wallet,4,4,-2265.922,-2235.922,94,True,Asd3fLXmzQuwXnfJ1mRRy69X69ms93C7setgsMmhEsoQ;ChRk9aVyDgv9U5F3G6QGX9y74AmMfH5FwFS18yiuwBu2;EqiFgyNw6kgrmYstWyrP8VjKhka7XEmKTZzHSmwpr1Zb;FfrmL2Ykh3YS4ivHroYxfJucKmBTc8XTYaJJu9KGGn2D
7271ZR6GBzaGqdtP28ZqZ5BKRt2ziu4AnPnVCAL7pump,Rentosertib,8mowmVCEewZ9W2cEaQyQeQEeSxhGr1hvRviLwozwNtBt,,4,4,-1161.671,-1154.671,24,True,AQnK8FB6JhSmMR4wpHHTdjSmGxXgpFMLgSbpUav9wL4P;AxUfULyBzPc8LA9HwBePCg3E5PYGgjJjCBgvqGMaGnHd;DY8UwCLYdUtbgCZw9SiFPTtBz3WGZXvhHbvKjCRyuhLE;FiQWdtDD79kSbrdw6wdEtwxokQjQVuW12Zsnv2NPKZ4B
4n32UBFWKJNPQayeN25GrLJHswbja41XFMxebcg9pump,SLOP,5tzFkiKscXHK5ZXCGbXZxdw7gTjjD1mBwuoFbhUvuAi9,Binance-linked service wallet,4,4,-868.717,-842.717,94,True,2Sc5MBtKqc1drmX97jFoJv1n29q6LeHC985Ci5c5h7VG;5xYrMkeKRiizJYkcwujoUahgTqWA4YzUqoFjn1uzoW4E;8D8FmQE2K82uE4BkmRqVg6FFBPEearqGR2hNkUsFPXd;GodFDUQDtv4BVnXm9prTpVUeXaP3yarrrHq9fGsV9GKQ
4sjtHGeAKP6DoMUdvFqQuiYKhhPpwa9XCxUyuFD2pump,SPEEDRUN,5tzFkiKscXHK5ZXCGbXZxdw7gTjjD1mBwuoFbhUvuAi9,Binance-linked service wallet,4,4,-857.163,-854.163,94,True,2JrBMMRGdhfhorTC9jD3mkVbvHP4im97o8QkexkZKU81;6sPDH26KDoem7RGVtpHUMqKSFAAUmHgqnSBC98n42GkX;9Mkk2V3JdPTgK4Abm7PdTDqn7UKVm5m8RcSNxeBcQusc;A4BbLgFXx5yay2AQvWY4RMfy3o7UXucSd8uDB1RJyZ5i
G9r7nnHSgvb7LUfCE8kavRaKokEMMYBjVHGKvQ6dpump,Somalia,FpfsHusKvqc9LhupVPB1R67HuCiWDKrZMN4SJitrMdTj,,4,4,-855.285,-853.285,48,True,5nsDhZRGdxtWFDdBbexvYUEh59EeFKpsRCH75mRkywjn;9A7um9R3So5a9ZgiE8H4DmrcSPhLeA18u1VbsUUKjS5A;CFt926D6bJSFKFt34VJDTAqrPRMLQJVLA5vP1oeL3GTt;Hyz8paNbNLSYxSfWT8KT2JDyvPW7E8yJBbaGnsZV7WE6
DTm66ivA96mhuQnqTy1cv7uELS4MHdYtpbRGJdW9t7Fn,TOLY,iGdFcQoyR2MwbXMHQskhmNsqddZ6rinsipHc4TNSdwu,Bybit Wallet 10,4,4,-220.504,-216.504,90,True,AUrkH8jWtG7our71fSYqCp524BAJuf5Tampe267wfyFA;BLJKFXmkquuW3ngAtS7Dd8tvsfcsXsKKWrPPwSPQUuUe;DKitvM4dLBP1w1pvH5Ytu61c6sMAE5PRYrurSFpMXYkX;HnVzXGrWDKCSmA8imXmo63z4fMcXXPcxtrmyvLyhHJr4
DTm66ivA96mhuQnqTy1cv7uELS4MHdYtpbRGJdW9t7Fn,TOLY,FpfsHusKvqc9LhupVPB1R67HuCiWDKrZMN4SJitrMdTj,,4,4,-218.504,-217.504,48,True,5nsDhZRGdxtWFDdBbexvYUEh59EeFKpsRCH75mRkywjn;BNwVduQq1AH3ee5hnLQtbJmPyrBJHaS29b6VQt3pzvsR;DzRqREhHeiSVpGSurhnHvyqoFrweh99u9yUSdXL6CQft;FC1RZf6MTebDXdKFpPfhkiftU8TFz333g8ugbsPJ1Wbd
5o9sE9FEVC12zWBd2zqPXAhoVyRiNjGfaYX6hS3Ppump,WATCHING,iGdFcQoyR2MwbXMHQskhmNsqddZ6rinsipHc4TNSdwu,Bybit Wallet 10,4,4,-299.573,-298.573,90,True,7bmgatCuYEkdHfK7tfPomirwfhTCEcXax6wXmTN7iGya;AUrkH8jWtG7our71fSYqCp524BAJuf5Tampe267wfyFA;Au1H6riMgxmP61PAF7GAbdcGrQgSuk3psSqm9mYtQg2j;GfDh8LF56byQ3ejp6yLFE2uuv6XZJ4c91St1SDyRLEfC
EHUzmwAzmUix7TkwVr7b16U9ChJDr3RpjfXshR5swy5j,bid,5tzFkiKscXHK5ZXCGbXZxdw7gTjjD1mBwuoFbhUvuAi9,Binance-linked service wallet,4,4,-229.101,-224.101,94,True,6anjqMeWigQFo5wpciARAunVQUXTqoat8w8fFWarCkpc;8BAXvpH6omY6CNRPkTmsRH72jQKBsXGN6kuXy1FpGAgh;E5ccL2W43wJjxuNF3361vrHqpEveWQcLwnzpvyrPQHmo;eQssXkpwJxrkHysMSE6jPS8YNrZSpSJaQ5UyB9ubSJz
6sFMbTF2VTzutzKekenJujFZBqb4TiBZJKfyLMUbpump,cat,iGdFcQoyR2MwbXMHQskhmNsqddZ6rinsipHc4TNSdwu,Bybit Wallet 10,4,4,-341.477,-336.477,90,True,24678QKx2Dy8ZCw6Ra8o9DeTqPLL5GR9ZQKxt5FddHmq;AUrkH8jWtG7our71fSYqCp524BAJuf5Tampe267wfyFA;EQUiJsxnuQVj11s6JFcXowgJLMW32UZimpNgkrgSy25N;F3Mbn7gq5MtrGGLeV96MPczddStKx6GuXpiiYXb2kRQ5
DkDwxjD5JFK7hd7qUNHqNaTeqDGcZ1ia3Y6E7EUiehEn,clockinu,iGdFcQoyR2MwbXMHQskhmNsqddZ6rinsipHc4TNSdwu,Bybit Wallet 10,4,4,-810.962,-766.962,90,True,6ToRfzaQNfAJHaGJqLdkFoUBywtZdvi5dwVsN5upHUN9;9Z7D6PgAvYPts4pvWwKiDcytWVSLL8DAq9hNFfcGr1Kc;BZk4eHZDHDpdjwp5rSAzPWNZwXqTVWKhekwL9Ym6gQqR;HWZMSFCy2u7jc6UZi8KBonVSMhyQedaRsdiGAsMSRaRX
5EZ7yagvcsHcwH3e17khLwGzhFrCsx7CKS7ZN6J6i4Lh,dabcat,iGdFcQoyR2MwbXMHQskhmNsqddZ6rinsipHc4TNSdwu,Bybit Wallet 10,4,4,-688.206,-686.206,90,True,ALC9QNsMaFV8cCCpyL6vHDQdwmPzMkdpx6yiwFnVE3L8;C3yvxfMZ7BSTXHmEsDmH3TnGyEMucgQ5QwmhZkegzFmP;EetAWV8WhVqePnAAeGui6G9CGagj5FeWtp5oXREawd4P;HCsVftaMsjHf88jDM26hdg5NrXT42pvpETUhzbYj5MfW
BZYpLHhui3qRNokWFg2JcX8CYtMqzWHR5R4xowjcbPqh,honse,5tzFkiKscXHK5ZXCGbXZxdw7gTjjD1mBwuoFbhUvuAi9,Binance-linked service wallet,4,4,-55.297,-41.297,94,True,8BAXvpH6omY6CNRPkTmsRH72jQKBsXGN6kuXy1FpGAgh;FrBXvy7aw5AX8tjtS11HtHvRy2ysFVHbeU7ArKdiDRRS;GrYqPrDimiFALEiBPfwj8gmptNcVi1x6Z7F4HYnc5cZe;JA31Cm2u6v51FuN7HMzhJ7vnCkgo38vNcU5tA6o5Z3Q2
AbpJywMWmkf1MFonRddPVogSwPPZHB9pG4x2nKb1YaPn,hood,FpfsHusKvqc9LhupVPB1R67HuCiWDKrZMN4SJitrMdTj,,4,4,-356.393,-354.393,48,True,3N1KKNyjKBxmRN66zF2jZwdtLaR8D3zXcAgKvuuFAdiS;5nsDhZRGdxtWFDdBbexvYUEh59EeFKpsRCH75mRkywjn;9A7um9R3So5a9ZgiE8H4DmrcSPhLeA18u1VbsUUKjS5A;DzRqREhHeiSVpGSurhnHvyqoFrweh99u9yUSdXL6CQft
2Tiw1Tna3kAut868cjXuKoyrv8U8gi1YjTaXw7Czpump,vibedog,iGdFcQoyR2MwbXMHQskhmNsqddZ6rinsipHc4TNSdwu,Bybit Wallet 10,4,4,-110.372,-103.372,90,True,6CqAbdRRcQVnncJLRyBdRV9M5oREVsJiAZs7xUdt9NTa;Bwpa1Tm4UswMRJ8JTEAFrrm82jnnm72Np4vkAUuXcRp;EvjcqjH8WkFiBESeGon1ovyzYkAiX5xUXE8DyTkPoZ6g;J4jjuEZA4AbXxdL4u4voDagvBq3MKvTmA1mYK1yq5RZz
dy6zeSw9j2zHprXLwk1uUGAD4d2HF5R3pAFrL6bRAKs,🟢,5tzFkiKscXHK5ZXCGbXZxdw7gTjjD1mBwuoFbhUvuAi9,Binance-linked service wallet,4,4,-386.584,-360.584,94,True,2gXYVNFtqzFqxqowknwkJ4jge9jxchDYwd7KQonxj5WV;8M5mrazHKXPF1MzyYAK72SoP7qbYk21RmFbCcbchESh;C5EMTGGE87SqLyuvhShLDMj2jUBwqBLJAZF6ybK8Jyqw;Dqv8whmAjdC4EtQ22AEgaYymfaD4mCPvyz5Uy3ghE67c
CziyAr14UNUrfkxpioWSumkLXMwWnDWN2bu2WR5ao7kc,ACHIEVEMENTS,B48kNVXs4YK4amkBCH2XokQiv1SeiVQGHDR17xDeKAAn,,3,3,-404.917,-377.917,15,True,2cWUFjFWHkyuEQRy3hKcxGPeigximX1Mz7zQbzcmdQiw;DgVDcsjTbTA3iv45ZU1WeqxHGwJxg6yvrs9HD5u1sViE;GJLFJjqoixrpdQNhYEPqyv7LNMLT345uxa4BHGUgZFST
CziyAr14UNUrfkxpioWSumkLXMwWnDWN2bu2WR5ao7kc,ACHIEVEMENTS,5tzFkiKscXHK5ZXCGbXZxdw7gTjjD1mBwuoFbhUvuAi9,Binance-linked service wallet,3,3,-404.917,-387.917,94,True,55EK3V7MApfPL4V6N5Vi6LBQbTrvXYVbFXqFNakY4E88;55YWjLwZB9W8ptCGzYZ4Jv6P8pc7hNeqBxjX682ncCRx;C5EMTGGE87SqLyuvhShLDMj2jUBwqBLJAZF6ybK8Jyqw
9xhMStAAufkH5jA5nevaGy6M9fCsQ74BZnsXyo93DkfA,ACORNELIUS,BmFdpraQhkiDQE6SnfG5omcA1VwzqfXrwtNYBwWTymy6,,3,3,-162.58,-154.58,39,True,5qMp9p2oFJx1Y2rLZ1X5kUbmXnpMvn5THtDP5NLsxaHK;5toprEbEN9DxR6sM1hDt54183oxS5eZKbTjj9RuE9Yab;BjzsKb5PvAzJcNEP7BmcFMFvB8BrBXAbi5CTxKKMtYwz
9xhMStAAufkH5jA5nevaGy6M9fCsQ74BZnsXyo93DkfA,ACORNELIUS,F7p3dFrjRTbtRp8FRF6qHLomXbKRBzpvBLjtQcfcgmNe,,3,3,-158.58,-158.58,40,True,5rxiS1yHJozcSSUDPyinyKv4aHaSGVqv6GXD3iPAXQLN;5vkayyuFTUikrNHp16niYSdb9HFDCoRHchfYDwCHTYmf;9BDMPrNbiq7BCUHdqfGjg1zAXrGLjk8PHE7MrXuhtRNk
GfqKCwNeAdHHi97AmgCLP5qrwcSJRDdyZ1huiU6xUXTz,ACTX,CLiXvfYSJtG5SJTCWyLvXKtDag9pJiA4vSWZGgSKP19X,,3,3,-80.164,-80.164,24,True,1chdHBRNu9dB7E5McJKFDsbPvfpmANdmeR7BHavhi56;6yVb4pxNwDfr6rovwNnBg3SyKSvDcHGD4WdFPN1JJBqm;GKMJwv2AEWVcfFXUMtxokMYy5ADkjwJa89DtP8LzoA61
9PNfxvTARzdxvQas2uknW57bnfMCS1dxW1He7rPbuhuQ,AI,iGdFcQoyR2MwbXMHQskhmNsqddZ6rinsipHc4TNSdwu,Bybit Wallet 10,3,3,-94.595,-84.595,90,True,6cDWypTeYxfdKmZuZKvAzMuYSB34FVzCv3BaoyCHtFtF;BAscvCT17s9uUZCmaETRJ2rBYUEnytrisCJ7xoyS8ap3;DsU5Up8wYJ7skNfxxv5NDZ2iGgwJxUZbgwPs7TvqS53m
9PNfxvTARzdxvQas2uknW57bnfMCS1dxW1He7rPbuhuQ,AI,CLiXvfYSJtG5SJTCWyLvXKtDag9pJiA4vSWZGgSKP19X,,3,3,-85.595,-85.595,24,True,1chdHBRNu9dB7E5McJKFDsbPvfpmANdmeR7BHavhi56;6yVb4pxNwDfr6rovwNnBg3SyKSvDcHGD4WdFPN1JJBqm;GKMJwv2AEWVcfFXUMtxokMYy5ADkjwJa89DtP8LzoA61
3vfxnHSCS139RZiw6MPZaEvhySnjbEi81GuF5EdNpump,ASS,is6MTRHEgyFLNTfYcuV4QBWLjrZBfmhVNYR6ccgr8KV,,3,3,-878.762,-878.762,42,True,5XEj4qt6STm1dKvwTiqiuLRYJoMWUey4BqiwDPTuaUVG;6J1T22cKBTw11McuSteoEMpFfMfmWgG9NzsKs11mQYGD;E418ruAsgQuuRFdpYQAJEjnq7Y1sXTKBmRiMSPwwRcm3
7p4MwwkUaMv4gBThVkW46QjwVaosaUrccbFV1MbXpump,ASS,AxiomRXZAq1Jgjj9pHmNqVP7Lhu67wLXZJZbaK87TTSk,Axiom trading infrastructure,3,3,-187.901,-184.901,27,True,5Xdgg4VA4wuA1SzbWf3qquDxGzVJQYLuDQJEnX5vocNH;8CvFWU1Hfmy7HkS7eWG2x8EMtQxAzCr7KcukKwspGFwB;JAunzNqs3bVBcWDjDxfq9rgLzJMCadNXoaCgfzLGMtYs
21XJbyQWEhmeoxKRHdGrEjetSfHopvtp68LWzdvT471M,AURACAT,iGdFcQoyR2MwbXMHQskhmNsqddZ6rinsipHc4TNSdwu,Bybit Wallet 10,3,3,-282.758,-249.758,90,True,24678QKx2Dy8ZCw6Ra8o9DeTqPLL5GR9ZQKxt5FddHmq;2AmDSk8Kg5swaVwqWB7rTXxrGGQAw7VgsE7KWNuYZHtF;AfAqBzFJ1XwGetwLniExHh8Uetk7DvqJLpyC5tQY7R2J
GL7M1C4QeLoURyexYgdhuP8SvaPh5LHQLRqKha3epump,Adam,is6MTRHEgyFLNTfYcuV4QBWLjrZBfmhVNYR6ccgr8KV,,3,3,-106.153,-106.153,42,True,8C9vXEtsDCnm3DPSyZAzkVb6PabrZYioE2iZgHcdNT4D;DwTxH8MM2HwYGMzAGuQLSTi4JXYPHnbgipetHke3pfir;HQEyUHwDgKhQxhhM3Biu4rP4yuxNft7zumiGu8jWKXAq
6XD1vorwquLXjTSL5W4MJMGewZBeiEcPFmZw527TSwva,AlxCooks,CLiXvfYSJtG5SJTCWyLvXKtDag9pJiA4vSWZGgSKP19X,,3,3,-99.378,-99.378,24,True,1chdHBRNu9dB7E5McJKFDsbPvfpmANdmeR7BHavhi56;6yVb4pxNwDfr6rovwNnBg3SyKSvDcHGD4WdFPN1JJBqm;GKMJwv2AEWVcfFXUMtxokMYy5ADkjwJa89DtP8LzoA61
5DoZAeBkoci5t5zPhUiuhQFjuzYTfkSv5Seojsxppump,BOLD,5tzFkiKscXHK5ZXCGbXZxdw7gTjjD1mBwuoFbhUvuAi9,Binance-linked service wallet,3,3,-311.383,-301.383,94,True,52cRBanQegVbwYVBTJkmS7skTUi7jJ2cRHgzXLbGvKYo;8hB3f2wUZDR4yCvbvJUNbbpBmoivzqbsCEuuBUGPF8EU;BopW97ncxx216SR7oaSFXzkxPZvbnceT78hxhBGdWYqk
5DoZAeBkoci5t5zPhUiuhQFjuzYTfkSv5Seojsxppump,BOLD,Biw4eeaiYYYq6xSqEd7GzdwsrrndxA8mqdxfAtG3PTUU,,3,3,-308.383,-298.383,34,True,4BPk6BuJNgkZvb5b8yWpCFCSWPQUmFLrB8LyVNxR1sXd;6rNaXs4ejLMUDjfZ87q3Co9HpCthjw9noGR32xGhhSFL;BQF5jTmkBpnuYVe47VhTJGVJXyzxsq5smaxA3VTGqMgD
7HiD5rzoZxAYXEJ8Z4t3WgM8VE1iSKWJdxPPyEdDNzwN,BRUNO,CLiXvfYSJtG5SJTCWyLvXKtDag9pJiA4vSWZGgSKP19X,,3,3,-145.381,-145.381,24,True,1chdHBRNu9dB7E5McJKFDsbPvfpmANdmeR7BHavhi56;6yVb4pxNwDfr6rovwNnBg3SyKSvDcHGD4WdFPN1JJBqm;GKMJwv2AEWVcfFXUMtxokMYy5ADkjwJa89DtP8LzoA61
FuF2M5T79HJdpJUbp46qwWssLXQ1Xjf1yiNSfyo5UEGC,Benny,5tzFkiKscXHK5ZXCGbXZxdw7gTjjD1mBwuoFbhUvuAi9,Binance-linked service wallet,3,3,-646.61,-628.61,94,True,EqiFgyNw6kgrmYstWyrP8VjKhka7XEmKTZzHSmwpr1Zb;FGiZHzLfryPCqBr2kLv5YKyqTMPyPVFQCVor6tKuRjyQ;HPFBXiXQq8GDG9rFtcjJ7rRf5Rg8fnD5QX32CBpfVL2G
28HydoWU7TZQxWiVQxGZyspE3qgWdCHToNDVgLoNpump,Bert,iGdFcQoyR2MwbXMHQskhmNsqddZ6rinsipHc4TNSdwu,Bybit Wallet 10,3,3,-160.189,-128.189,90,True,22Vcw7aed4AV9kWhGFLx1DNQiie3WQ8RcyLYcX91Q4iP;8PQbGAwtGTehZVCZSs1y8QaAcWiscjJJjHb39Pzd4rPa;ENnbFskqAUHLURCxeyBS7FrRBKYzrx6gQtXAtfXttSN7
UsrcsZMqw6p53Fohu16UCBjsbjqc73XmoRFZDcnCtMR,Binturong,iGdFcQoyR2MwbXMHQskhmNsqddZ6rinsipHc4TNSdwu,Bybit Wallet 10,3,3,-161.079,-156.079,90,True,BAscvCT17s9uUZCmaETRJ2rBYUEnytrisCJ7xoyS8ap3;C3yvxfMZ7BSTXHmEsDmH3TnGyEMucgQ5QwmhZkegzFmP;Hogg2JYeQqTioDeszmkseBXxcs3mtrmzUK6v2zqMs15C
UsrcsZMqw6p53Fohu16UCBjsbjqc73XmoRFZDcnCtMR,Binturong,CLiXvfYSJtG5SJTCWyLvXKtDag9pJiA4vSWZGgSKP19X,,3,3,-156.079,-156.079,24,True,1chdHBRNu9dB7E5McJKFDsbPvfpmANdmeR7BHavhi56;6yVb4pxNwDfr6rovwNnBg3SyKSvDcHGD4WdFPN1JJBqm;GKMJwv2AEWVcfFXUMtxokMYy5ADkjwJa89DtP8LzoA61
UsrcsZMqw6p53Fohu16UCBjsbjqc73XmoRFZDcnCtMR,Binturong,H7sWT7eP83vkim7Gp81qsPwQzuzJK3E6Ps9KLbUezoCc,,3,3,-152.079,-152.079,11,True,4Kz3vM6RJSTXVzKFyMNurhWK1DJCeHKmrSAXz8nLCLrh;BVaYTExLkL2Qi89SZUyDvoYGoYmse6toRHZ8hGjLH9ZY;G9tBh7m1rnT95unrThTYvzVkud3Y9ZYctMjbx7AZH8Gh
25GrKYrc3y4LZmmuhppYgFRCKb7JyZ6grum4WhLYvA1z,DRAKE,CLiXvfYSJtG5SJTCWyLvXKtDag9pJiA4vSWZGgSKP19X,,3,3,-109.551,-109.551,24,True,1chdHBRNu9dB7E5McJKFDsbPvfpmANdmeR7BHavhi56;6yVb4pxNwDfr6rovwNnBg3SyKSvDcHGD4WdFPN1JJBqm;GKMJwv2AEWVcfFXUMtxokMYy5ADkjwJa89DtP8LzoA61
5L6As5obMTXxKwjmGBy1LTRwW2Hm1PjSK18JhETrpump,Dawn,iGdFcQoyR2MwbXMHQskhmNsqddZ6rinsipHc4TNSdwu,Bybit Wallet 10,3,3,-1740.229,-1727.229,90,True,6jcM892TFWMm4PwJdomGLRzz3SbvNS1BNWB2WKudyfki;8553ddWjWc3qGrojfgzDrcLeenGzq8DXZN6u3pAbyXTx;wEiqPqeVRrzGjJDxxsxqqzxsqS9qDQDbRP961hzbv8R
2A6sLqrw8WN6KkgnCsN4xJkyAowBZHr2H9xQ4u3Mpump,FART,5tzFkiKscXHK5ZXCGbXZxdw7gTjjD1mBwuoFbhUvuAi9,Binance-linked service wallet,3,3,-824.614,-821.614,94,True,35caaJFwzSNaFwFmP1f33wDP9cUFEXTLDsFnjna7kAjs;F2TE89f6VVeMFmrzTMtPPa6AZL3aEH7ngKWonwbFRVs4;HH5VrgQ881sauinjP67Qwzj4kfSTTi1RABDc7AtFXQ6e
GKTxLXsmkjLDo89XmPa5htwK7sAzdqZ3jmfV6gaTvK67,GIGACAT,iGdFcQoyR2MwbXMHQskhmNsqddZ6rinsipHc4TNSdwu,Bybit Wallet 10,3,3,-96.049,-80.049,90,True,EQUiJsxnuQVj11s6JFcXowgJLMW32UZimpNgkrgSy25N;Fq8yvJ1T2QJaGTRaXyW4gfS9JuufB9a72wNWoQ6uCQMS;HUt3heWZLKE4qJ8KAs41Gh7aZpbMKjGxCHEV5fx7nDBf
5Sg1vv51KGCSDF2gBHgbNATCEXFjYtVhWgztNUwtgJYD,HERZOGIAN,FpfsHusKvqc9LhupVPB1R67HuCiWDKrZMN4SJitrMdTj,,3,3,-204.12,-202.12,48,True,5nsDhZRGdxtWFDdBbexvYUEh59EeFKpsRCH75mRkywjn;BNwVduQq1AH3ee5hnLQtbJmPyrBJHaS29b6VQt3pzvsR;Hyz8paNbNLSYxSfWT8KT2JDyvPW7E8yJBbaGnsZV7WE6
Ajz86fyiygsv8kZkUyDxogxkz5VfKRs4HTEABVTfpump,HOPE,8mowmVCEewZ9W2cEaQyQeQEeSxhGr1hvRviLwozwNtBt,,3,3,-810.583,-804.583,24,True,AxUfULyBzPc8LA9HwBePCg3E5PYGgjJjCBgvqGMaGnHd;DY8UwCLYdUtbgCZw9SiFPTtBz3WGZXvhHbvKjCRyuhLE;FiQWdtDD79kSbrdw6wdEtwxokQjQVuW12Zsnv2NPKZ4B
H9GGsNc7vA4hN13N1oU4itq8x3mrdZBdw2XdK3Mipump,Hoodlana,5tzFkiKscXHK5ZXCGbXZxdw7gTjjD1mBwuoFbhUvuAi9,Binance-linked service wallet,3,3,-143.723,-129.723,94,True,88sspScCo2VzHCHpCMGVcuy7Hdk725yXtEbLiyFj3oJX;CRRgqcFrpfLrKJRNBGkGrUNT72533NsshUb8Cx7rxtGb;DrdytFLS5kRyw65cw9vBPS1aPbLt2z1LMgLGPf41aUQ6
DJejJn1iJntJVTAixy4VRgqJFF3NMKPEMgVzbJFmpump,JADOODOO,CLiXvfYSJtG5SJTCWyLvXKtDag9pJiA4vSWZGgSKP19X,,3,3,-89.892,-89.892,24,True,1chdHBRNu9dB7E5McJKFDsbPvfpmANdmeR7BHavhi56;6yVb4pxNwDfr6rovwNnBg3SyKSvDcHGD4WdFPN1JJBqm;GKMJwv2AEWVcfFXUMtxokMYy5ADkjwJa89DtP8LzoA61
6akNLpNd11oq4q5zxhXGwr5jwUi6Ke4CvKmF6QeUwJCQ,Knox,iGdFcQoyR2MwbXMHQskhmNsqddZ6rinsipHc4TNSdwu,Bybit Wallet 10,3,3,-210.073,-205.073,90,True,4TnayWRQizk4RpxYLusVLKumJooSWRDRAzzwKRELbCRK;BAscvCT17s9uUZCmaETRJ2rBYUEnytrisCJ7xoyS8ap3;C3yvxfMZ7BSTXHmEsDmH3TnGyEMucgQ5QwmhZkegzFmP
6akNLpNd11oq4q5zxhXGwr5jwUi6Ke4CvKmF6QeUwJCQ,Knox,CLiXvfYSJtG5SJTCWyLvXKtDag9pJiA4vSWZGgSKP19X,,3,3,-205.073,-205.073,24,True,1chdHBRNu9dB7E5McJKFDsbPvfpmANdmeR7BHavhi56;6yVb4pxNwDfr6rovwNnBg3SyKSvDcHGD4WdFPN1JJBqm;GKMJwv2AEWVcfFXUMtxokMYy5ADkjwJa89DtP8LzoA61
6akNLpNd11oq4q5zxhXGwr5jwUi6Ke4CvKmF6QeUwJCQ,Knox,F7p3dFrjRTbtRp8FRF6qHLomXbKRBzpvBLjtQcfcgmNe,,3,3,-205.073,-202.073,40,True,77B4KffkYyhyPappVsS9itb4ifnVeBdJkE3Z42Fh8WMN;EDGEKeUNA3b7L5F9BcoyvptqHAKSLi9c5JxHwFKvuNLc;HVM33jghRtEgqEqA6q9tEqt6FZ6Uhr6AXjiR9qUDopwv
7Q9VxTczrzgvjXWbJJZibR7hbYAohngsNsuEhdEcpump,MARIO,iGdFcQoyR2MwbXMHQskhmNsqddZ6rinsipHc4TNSdwu,Bybit Wallet 10,3,3,-57.018,-54.018,90,True,3J2DcN8KjCxiquqX1dnzJ8WDNsdkF8eiKhPsd4bvXdyF;BEZFHi8QDb2i1rXAFtZQZEyLR5dSQLSVZU9pdVgfL1y9;CCc5m84JvEoe5cCPV5dYHqiXCuvNHpFpAuUB6ggsCRUg
9CzNGAEutxKHJ5CwYC5Lk8X8YzgYrQnvKChP2BFEpump,MEMES,iGdFcQoyR2MwbXMHQskhmNsqddZ6rinsipHc4TNSdwu,Bybit Wallet 10,3,3,-673.28,-667.28,90,True,9FeRS4nh8T2HHFuRspqYTVqptLTHETCPQgoQ538KLjts;AWuXDoMz5x8ds6okoRWoEBCoHC5tDLwQqMxvxRrvDe1e;Az7v3xHHvGjBoh2kytcx4J3somBgYDezyXAbQkRaKcTp
3GeNgcFpMwH9ts5b3W3jddtfwhwAURaykTy8YjtrGQWT,Memeworld,iGdFcQoyR2MwbXMHQskhmNsqddZ6rinsipHc4TNSdwu,Bybit Wallet 10,3,3,-212.298,-204.298,90,True,8jaQARxGU1KCBypSgPcFNkQanFbczZ9DpHEupZ1YHGrJ;AUrkH8jWtG7our71fSYqCp524BAJuf5Tampe267wfyFA;GEHT9KqjGtCD4LJxXfjipygmVNg8qkUmUtbmg2WNKTen
69N7rm9nnp6sVoULtp5toD26F25rYum8593GupxkUYvH,NEVER,5tzFkiKscXHK5ZXCGbXZxdw7gTjjD1mBwuoFbhUvuAi9,Binance-linked service wallet,3,3,-216.362,-213.362,94,True,6SHf2w549aAF6oqtGyQpHoSeDodTfanzKa1yH4AhXSsX;DxhpC9c4kGkYJR34xUrfFeDx9vwb6yoHUMWrTCZybwtH;sAsaRifnQWvxQoQp6EKGX8KnNT2StrTL1ugwdM63Mao
69N7rm9nnp6sVoULtp5toD26F25rYum8593GupxkUYvH,NEVER,CLiXvfYSJtG5SJTCWyLvXKtDag9pJiA4vSWZGgSKP19X,,3,3,-195.362,-195.362,24,True,1chdHBRNu9dB7E5McJKFDsbPvfpmANdmeR7BHavhi56;6yVb4pxNwDfr6rovwNnBg3SyKSvDcHGD4WdFPN1JJBqm;GKMJwv2AEWVcfFXUMtxokMYy5ADkjwJa89DtP8LzoA61
3uYT8w1FxasDGmM4WDG5kXu6D9BGvyP3iEfPJEVb6ewT,Normie,is6MTRHEgyFLNTfYcuV4QBWLjrZBfmhVNYR6ccgr8KV,,3,3,-135.568,-135.568,42,True,8C9vXEtsDCnm3DPSyZAzkVb6PabrZYioE2iZgHcdNT4D;DwTxH8MM2HwYGMzAGuQLSTi4JXYPHnbgipetHke3pfir;HQEyUHwDgKhQxhhM3Biu4rP4yuxNft7zumiGu8jWKXAq
47r9YPDeTVpwHjAakoVgnzNTJRChXC8f4KSUqMbEsBbM,PLAN,5tzFkiKscXHK5ZXCGbXZxdw7gTjjD1mBwuoFbhUvuAi9,Binance-linked service wallet,3,3,-132.809,-104.809,94,True,9KjAtRBjGDab2ZorckrDDT9AsMPAUmd7EsBuJyh1DBgd;9gnJFS3LDgG2Hu9rqt5nA6zwadDNGSiwWBjrqjAhna2X;J3hJBr4CemR7ak3BZg4dMwZbPDNCoLfoVDVwCt67M6ME
9mqJNDG2squcqZt2zC7cWWNtVozUbQUnzVnP1jG6pump,Pearl,is6MTRHEgyFLNTfYcuV4QBWLjrZBfmhVNYR6ccgr8KV,,3,3,-270.263,-265.263,42,True,A88cAH28NLyx1gyFaMko4G9hxWuqxQGbwKCHKd3GbUtB;BmEZf8SgDkv8CKWbLUfzCRoqBNzwyvb55MwvgAAZGLyG;Fb2m6tB5GB5JXBjWQxKXa53pmdD2To3EazhdXAmezhei
2iSB473Z7L2ndpWs3n22tb7H3KSGpswDTH3jP7qCCAZT,Pochi,5tzFkiKscXHK5ZXCGbXZxdw7gTjjD1mBwuoFbhUvuAi9,Binance-linked service wallet,3,3,-1177.962,-1167.962,94,True,5gSw6TQCGe6C8BujqJNrCb2wxTLaJHasFtQLaozXDZ8A;AAjjzMZc6pMHnrZmjZhFwU5N8TBs5qpsNa84a8Pc7iyN;FW8AcNTdvQBEhg5o3jVaZNJXMkAjRSc84YiAEyf1dN3h
2iSB473Z7L2ndpWs3n22tb7H3KSGpswDTH3jP7qCCAZT,Pochi,FpfsHusKvqc9LhupVPB1R67HuCiWDKrZMN4SJitrMdTj,,3,3,-1176.962,-1172.962,48,True,5nsDhZRGdxtWFDdBbexvYUEh59EeFKpsRCH75mRkywjn;9A7um9R3So5a9ZgiE8H4DmrcSPhLeA18u1VbsUUKjS5A;CFt926D6bJSFKFt34VJDTAqrPRMLQJVLA5vP1oeL3GTt
F59cEB3A7RAKHGtkvR577swnPSP6EsdaBoL5AcVZpump,RALPHIE,D89hHJT5Aqyx1trP6EnGY9jJUB3whgnq3aUvvCqedvzf,,3,3,-2263.922,-2239.922,21,True,8z5qTNT7VmVpkeRwkjNmQcK1ofs2A81N6KEUL94oAzEU;9c4hh87C6TbfYwBKiha85jtuZkL6W6E6pcbUYG8dfP35;A7BvvGF6yZJfygDN5PiN9WgHXuxPDY5zpPJeLizkH2mi
3f8CKfznVUGrFfhcq8ZBY9M1xyDeEQGrh6iH372h3ebN,Rowdy,5tzFkiKscXHK5ZXCGbXZxdw7gTjjD1mBwuoFbhUvuAi9,Binance-linked service wallet,3,3,-90.883,-77.883,94,True,3yPothwahuX6yQVDy3mgNcYJNFEXsMktAzEjnXWDy5st;5RtCCipHq9BuBxvCq8sG21cZnNMdHvUeKTCTJ8LBjsy6;HtJ9i3BsmakoqAQXXU74zGvPibRpspXETrtP9gZXvqFe
3f8CKfznVUGrFfhcq8ZBY9M1xyDeEQGrh6iH372h3ebN,Rowdy,CLiXvfYSJtG5SJTCWyLvXKtDag9pJiA4vSWZGgSKP19X,,3,3,-84.883,-84.883,24,True,1chdHBRNu9dB7E5McJKFDsbPvfpmANdmeR7BHavhi56;6yVb4pxNwDfr6rovwNnBg3SyKSvDcHGD4WdFPN1JJBqm;GKMJwv2AEWVcfFXUMtxokMYy5ADkjwJa89DtP8LzoA61
BE5ciZmcADAX78u2a1GrFiPMPC3rNXtdPGUrhzWB4k5d,SI,5tzFkiKscXHK5ZXCGbXZxdw7gTjjD1mBwuoFbhUvuAi9,Binance-linked service wallet,3,3,-83.421,-58.421,94,True,9wTKArBCs4P16DhRAThU2QfS7ZTVFP9HjbeMXb7WmsSn;9xK1YHdGQzqUUgfPuTK8GFRZrabDWhvnpyP9GD4KbWVp;DxhpC9c4kGkYJR34xUrfFeDx9vwb6yoHUMWrTCZybwtH
BE5ciZmcADAX78u2a1GrFiPMPC3rNXtdPGUrhzWB4k5d,SI,CLiXvfYSJtG5SJTCWyLvXKtDag9pJiA4vSWZGgSKP19X,,3,3,-77.421,-77.421,24,True,1chdHBRNu9dB7E5McJKFDsbPvfpmANdmeR7BHavhi56;6yVb4pxNwDfr6rovwNnBg3SyKSvDcHGD4WdFPN1JJBqm;GKMJwv2AEWVcfFXUMtxokMYy5ADkjwJa89DtP8LzoA61
BE5ciZmcADAX78u2a1GrFiPMPC3rNXtdPGUrhzWB4k5d,SI,5F1seMKUqSNhv45f6FhB2cFmgJbk8U1avJw7M6TexUq1,,3,3,-65.421,-29.421,19,True,5zY5SQg1Lx7YCJchrEr9sN42h45sQUaK8zuC13udfw1K;AiQBuxbtoMZgi9s3P58j8TTpukedbhxrx3dPR35pwDtC;oTb2eWsRnxb3CZRNsUKzD17s73RGCNkYp2RQMF9X1cp
4n32UBFWKJNPQayeN25GrLJHswbja41XFMxebcg9pump,SLOP,F7p3dFrjRTbtRp8FRF6qHLomXbKRBzpvBLjtQcfcgmNe,,3,3,-900.717,-900.717,40,True,4PvyCKZ5uUpEjCs21oiU6o9ua7vd2s2zheG4ZZfataNt;7bFV7HL5bCHWU7Q9BqvJ9oi2ariHRonm44GR7s5875UT;JBGZr74sTGatpZpndMMVG89eXA82GtVYuSptef5Jea5U
4sjtHGeAKP6DoMUdvFqQuiYKhhPpwa9XCxUyuFD2pump,SPEEDRUN,A77HErqtfN1hLLpvZ9pCtu66FEtM8BveoaKbbMoZ4RiR,,3,3,-857.163,-854.163,19,True,9vBfZA3raUKKeVg5iqTY7Ekt2zBxTduhyUZ1bffhxRqz;C8KfF4QCQPWMFweDas3BTEgdxPTekYxrndT9KEjiXMAe;HySPFBVxrGa8GQ9ZGboD8H7Ep3pw4f5Sw9FACjS4orFs
4sjtHGeAKP6DoMUdvFqQuiYKhhPpwa9XCxUyuFD2pump,SPEEDRUN,6LY1JzAFVZsP2a2xKrtU6znQMQ5h4i7tocWdgrkZzkzF,,3,3,-851.163,-851.163,46,True,2BUTJaVcMHxuf5DtW4JNaeZeeuakr8sMoUeimHEhFNkr;7yWQHhdhPsyAesjVAaRuh74TExxwnB2C4788w4PmUrBU;ESti1rGkPYLWxBhv6rzzfZM9maKWC6b1EyEkeJL387rG
ASftCNtzPNmK3nMDvpQNvpLauKS45Vkq7kwTPutqUBL1,TIMUR,Dv34prGm2BT7Ph2n6qKLgzeLgjnii87RJJ7Db6ZQQvKM,,3,3,-624.368,-624.368,20,True,22PVNS4zxQedNcvihGmXphcSzM4u5mohCGrPShx2cT4o;4dYmzyh7FyHYhtUvboUYBbE1tt2Vh77tmpoAZdmpK6RR;PRk4BxE1LWwqGoTESMxGyoAhEZ2qjSPKtMN7p49PKSR
DTm66ivA96mhuQnqTy1cv7uELS4MHdYtpbRGJdW9t7Fn,TOLY,ASTyfSima4LLAdDgoFGkgqoKowG1LZFDr9fAQrg7iaJZ,,3,3,-218.504,-218.504,37,True,4X1KQpjwzziaRdw1v4RwKZsRwGA82uoszgyy5ugMxYo5;CF2hy9wsitSpzhBYchZMiYmLHUtph5v3a44WoASGyMTk;DMaWaWqdVFY2zLNU3MbjbpQYBPohY2bz6a3G3YRjJ1UF
8G7aM6Gco4fHjVpmVvUdVvhKMKaWXJEqkCKRvPdepump,WIF,5tzFkiKscXHK5ZXCGbXZxdw7gTjjD1mBwuoFbhUvuAi9,Binance-linked service wallet,3,3,-1599.498,-1593.498,94,True,29yFzeBZgxf5zqrAkKXwgZtQehRf4pL8WbV2nRJikbw8;7vHN2qzsCKm4H46FmA23EVKTSUceMYQZut6tLXuJyHHU;DTpzoWbmGb2TiChBcBBNEvZCGkM682q5Xt4RMNwtqdZ3
8G7aM6Gco4fHjVpmVvUdVvhKMKaWXJEqkCKRvPdepump,WIF,iGdFcQoyR2MwbXMHQskhmNsqddZ6rinsipHc4TNSdwu,Bybit Wallet 10,3,3,-1590.498,-1547.498,90,True,25hR8D7RmmLnZWjn9NEexkq2wN71rZEN3QQBXxD6BYsG;Da1Erpm3FoS2f3Sto7FfVVnd8S2acvQyxY52VDmpH2iQ;Hk1ffxJvFXx97mi6ADoTVM4w53io9Vj4xkKWrRNEEdMK
44s336LDz8bXp4rpxy1qwUfysZ4THjpReQWTKQg7pump,Wen,iGdFcQoyR2MwbXMHQskhmNsqddZ6rinsipHc4TNSdwu,Bybit Wallet 10,3,3,-247.219,-241.219,90,True,24678QKx2Dy8ZCw6Ra8o9DeTqPLL5GR9ZQKxt5FddHmq;8tWJGxjFWSj8sbBiUGFam8mm79aavBtq1zYxv7Le4n9L;AUrkH8jWtG7our71fSYqCp524BAJuf5Tampe267wfyFA
EHUzmwAzmUix7TkwVr7b16U9ChJDr3RpjfXshR5swy5j,bid,BmFdpraQhkiDQE6SnfG5omcA1VwzqfXrwtNYBwWTymy6,,3,3,-228.101,-224.101,39,True,5YHRktDizkqk8Up8cECjvfbkGnDyY3acBETHSWZXFRgi;6QZgYfdG6eQyqoYoEYmmXU5tkEsY5NUB5vqPGb924Sv1;HDA7KSbmMGUGDEaVaw3cyqg4jQxmqgkAeWX9PBMiEeX5
2BucyGvsg9wwTwsaFsEUFgdphrCtp94pDRtHowJUpump,casino,5tzFkiKscXHK5ZXCGbXZxdw7gTjjD1mBwuoFbhUvuAi9,Binance-linked service wallet,3,3,-919.887,-918.887,94,True,2sv6wfieAtEaYKYQ33DsgnHTU9WvAYpSHhRywCLutjBz;3HsjWZJNgoAmhpbK8jGkbqX6zh1dxzctrxdXk46zb4Kt;7q1HizvME4uvv3EtzXMj1cMhqQY2BZsJEafgD6fnQY2U
2BucyGvsg9wwTwsaFsEUFgdphrCtp94pDRtHowJUpump,casino,FpfsHusKvqc9LhupVPB1R67HuCiWDKrZMN4SJitrMdTj,,3,3,-919.887,-919.887,48,True,5nsDhZRGdxtWFDdBbexvYUEh59EeFKpsRCH75mRkywjn;BNwVduQq1AH3ee5hnLQtbJmPyrBJHaS29b6VQt3pzvsR;CFt926D6bJSFKFt34VJDTAqrPRMLQJVLA5vP1oeL3GTt
2BucyGvsg9wwTwsaFsEUFgdphrCtp94pDRtHowJUpump,casino,AxiomRXZAq1Jgjj9pHmNqVP7Lhu67wLXZJZbaK87TTSk,Axiom trading infrastructure,3,3,-919.887,-916.887,27,True,3JD7zrZVXfGozgaSrnn3GzAcGsHCM5ATazX8EqwJqZWY;8CvFWU1Hfmy7HkS7eWG2x8EMtQxAzCr7KcukKwspGFwB;JAunzNqs3bVBcWDjDxfq9rgLzJMCadNXoaCgfzLGMtYs
2BucyGvsg9wwTwsaFsEUFgdphrCtp94pDRtHowJUpump,casino,5TjSh51DeZfDF2mWTYPDWzJhYkNkMQk3ZHfq13JaKHkf,,3,3,-916.887,-916.887,9,True,6D14Xppf6m3kSGGXSJ45PPPDSSVAENtPLrCeoiHu6RjX;CMcdFuBcRi68oKhUCmG6NXEGaxzRaQGvPpaD9jZfLTPq;CdiaH9LhKFLZTebpN3qgSqva3DnYUrwizxBmTFSTntMr
CSLP8Vp7u9hrXQi7crPXqCp7BaJaG4JrNxqvR3jDpump,chimp,iGdFcQoyR2MwbXMHQskhmNsqddZ6rinsipHc4TNSdwu,Bybit Wallet 10,3,3,-241.192,-235.192,90,True,2J12xUBfaeqZwqc2fSd7Ni8ybRF7Rk8R12ZUVdWBSP4y;8jaQARxGU1KCBypSgPcFNkQanFbczZ9DpHEupZ1YHGrJ;AUrkH8jWtG7our71fSYqCp524BAJuf5Tampe267wfyFA
5EZ7yagvcsHcwH3e17khLwGzhFrCsx7CKS7ZN6J6i4Lh,dabcat,Fhbh1DTUDKt6qu9zVg8Q5VgnZa1WWWbxBxG6pCoJoggA,,3,3,-688.206,-686.206,18,True,6VzXcLk9rCLDHgRBmUGKK8HY2KvhHmR4pZPCxi4tA1kx;9dVSVwrUJfnFqRZ8ChaGExowQbxWBSRgQbtgEQecCkis;D1QuMgpvKjaaEMbyFRpSwzLgec8CgqEeNiMsMQ3zSDb3
5EZ7yagvcsHcwH3e17khLwGzhFrCsx7CKS7ZN6J6i4Lh,dabcat,FpfsHusKvqc9LhupVPB1R67HuCiWDKrZMN4SJitrMdTj,,3,3,-686.206,-683.206,48,True,3N1KKNyjKBxmRN66zF2jZwdtLaR8D3zXcAgKvuuFAdiS;5nsDhZRGdxtWFDdBbexvYUEh59EeFKpsRCH75mRkywjn;CFt926D6bJSFKFt34VJDTAqrPRMLQJVLA5vP1oeL3GTt
omskHvyNvQSn3PFak3E8JHQJeSVJFsrc6izWT12pump,feecat,5TjSh51DeZfDF2mWTYPDWzJhYkNkMQk3ZHfq13JaKHkf,,3,3,-217.101,-217.101,9,True,6D14Xppf6m3kSGGXSJ45PPPDSSVAENtPLrCeoiHu6RjX;CMcdFuBcRi68oKhUCmG6NXEGaxzRaQGvPpaD9jZfLTPq;CdiaH9LhKFLZTebpN3qgSqva3DnYUrwizxBmTFSTntMr
55bKo8bj1YVEgsbwkkd4Nwu7JhaZF9trUgbvpZ3YeVCA,goldfish,8mowmVCEewZ9W2cEaQyQeQEeSxhGr1hvRviLwozwNtBt,,3,3,-255.452,-247.452,24,True,DVdV33bBmeyTNRD9aP12QsDFcLWgiipGz5CJCbZStx7A;FB34Qc1iNc81VqSVEVmmeXSmrLFrLmxhiUg2u8b9n1E;qekQrAAAmy3SC8Ed943vKSv2n5GCeQv2KHJboMD3sr7
EkTkjVEfhvgkoCwheMTnr8mhEmJ6Q7ZR8q7ZMCcnpump,groinbase,5tzFkiKscXHK5ZXCGbXZxdw7gTjjD1mBwuoFbhUvuAi9,Binance-linked service wallet,3,3,-164.321,-156.321,94,True,29yFzeBZgxf5zqrAkKXwgZtQehRf4pL8WbV2nRJikbw8;38V2r5forPyyhGYVEzpU71UVUC5uftCwfoTALaa7RNS3;39VfuNP6Qa8nP9v3wJHVWLVYTiLXUwEEpsepFw8hfbPs
EkTkjVEfhvgkoCwheMTnr8mhEmJ6Q7ZR8q7ZMCcnpump,groinbase,FpfsHusKvqc9LhupVPB1R67HuCiWDKrZMN4SJitrMdTj,,3,3,-162.321,-159.321,48,True,3N1KKNyjKBxmRN66zF2jZwdtLaR8D3zXcAgKvuuFAdiS;5nsDhZRGdxtWFDdBbexvYUEh59EeFKpsRCH75mRkywjn;9A7um9R3So5a9ZgiE8H4DmrcSPhLeA18u1VbsUUKjS5A
7xXo3JYBqzh6D91XRppzFRLfw8wJHypeukGaNWwKgZ8m,happiness,5tzFkiKscXHK5ZXCGbXZxdw7gTjjD1mBwuoFbhUvuAi9,Binance-linked service wallet,3,3,-628.047,-617.047,94,True,46mzT8wXydUMe8J9RrKwovddW1QL5ayPQSr1RZyKdVbf;AaPw4BDTh4TcpojSvDm2Z8X8P2W1av1MPhz6D8K73A3s;BYXYdwiERyYtMWF7qHaVZTrVP4NCzfiDbzmGMPwPL6dP
7xXo3JYBqzh6D91XRppzFRLfw8wJHypeukGaNWwKgZ8m,happiness,iGdFcQoyR2MwbXMHQskhmNsqddZ6rinsipHc4TNSdwu,Bybit Wallet 10,3,3,-624.047,-619.047,90,True,3gfBsDtz7YsYgwhZdxA9mgCc5FRnafp2wpZ5aAQJeuJa;4KbAFxcePqSbLRZWizvo4Ce4KKTANBjmt7h22tYxxuht;AFQyb1m5P3GoYUpgB5T3HonYP1WWAzhGRKpL8okaf1AQ
BZYpLHhui3qRNokWFg2JcX8CYtMqzWHR5R4xowjcbPqh,honse,iGdFcQoyR2MwbXMHQskhmNsqddZ6rinsipHc4TNSdwu,Bybit Wallet 10,3,3,-55.297,-46.297,90,True,2NZTRwb5dX3rWdHFRXnG6LGF8km13oT6BqfH4ggT1JqR;ADkquSiH1zS6LmGoJxzwE6x44gpE6S3KWLALqNc3sTDs;BkV37yAWJnm6CXfSjFUFopxaVYG8wyjzevRVb8L4mFPj
BZYpLHhui3qRNokWFg2JcX8CYtMqzWHR5R4xowjcbPqh,honse,CLiXvfYSJtG5SJTCWyLvXKtDag9pJiA4vSWZGgSKP19X,,3,3,-46.297,-46.297,24,True,1chdHBRNu9dB7E5McJKFDsbPvfpmANdmeR7BHavhi56;6yVb4pxNwDfr6rovwNnBg3SyKSvDcHGD4WdFPN1JJBqm;GKMJwv2AEWVcfFXUMtxokMYy5ADkjwJa89DtP8LzoA61
AbpJywMWmkf1MFonRddPVogSwPPZHB9pG4x2nKb1YaPn,hood,5tzFkiKscXHK5ZXCGbXZxdw7gTjjD1mBwuoFbhUvuAi9,Binance-linked service wallet,3,3,-357.393,-354.393,94,True,29yFzeBZgxf5zqrAkKXwgZtQehRf4pL8WbV2nRJikbw8;8qHBtZMpvZxkGATGmX3B7TSoBJpVBrTXAJ3CzKKTKBtG;VampPCKcUxhyW7gJYobqbju4zLSVvPuuRk826Q7dz67
4GRTznsfLTRqaB2uMAFmmgaWtvfVyBb4qCsTjskUpump,puter,8mowmVCEewZ9W2cEaQyQeQEeSxhGr1hvRviLwozwNtBt,,3,3,-244.619,-244.619,24,True,Ahekwy9V7q2tmqJdTX92TAtEHM4pafQbsfc5oLakbZs1;C7PNbARVAHeskaefdcu7fy21dCN3qNANKuT6Cka2av4L;JAGPLMkgPWRxFJekMU8DRHRurw968GGYHRMEKUWheYcD
4GRTznsfLTRqaB2uMAFmmgaWtvfVyBb4qCsTjskUpump,puter,iGdFcQoyR2MwbXMHQskhmNsqddZ6rinsipHc4TNSdwu,Bybit Wallet 10,3,3,-244.619,-241.619,90,True,AUrkH8jWtG7our71fSYqCp524BAJuf5Tampe267wfyFA;EZijEsAErJ2nr3i9RiJxvzRqyDV1Vu6tARfqt2mYh1gy;FBvxneTq8dY7WKxj924CseuveWzDL5tN9JuSW3S9nJkN
4GRTznsfLTRqaB2uMAFmmgaWtvfVyBb4qCsTjskUpump,puter,FpfsHusKvqc9LhupVPB1R67HuCiWDKrZMN4SJitrMdTj,,3,3,-241.619,-241.619,48,True,CFt926D6bJSFKFt34VJDTAqrPRMLQJVLA5vP1oeL3GTt;DzRqREhHeiSVpGSurhnHvyqoFrweh99u9yUSdXL6CQft;FC1RZf6MTebDXdKFpPfhkiftU8TFz333g8ugbsPJ1Wbd
H8oe2SCksJcYzhPeS4TsbteusgZW5k7QaZ4boKyq8C7U,quarantinu,5tzFkiKscXHK5ZXCGbXZxdw7gTjjD1mBwuoFbhUvuAi9,Binance-linked service wallet,3,3,-404.488,-380.488,94,True,6SHf2w549aAF6oqtGyQpHoSeDodTfanzKa1yH4AhXSsX;Hc8CBxEa2v45NoYwSDpcBrCHHzji9JDPWyFg1XqdogsC;a6VBh9CyQyRdvbmkPmcQAFDySztQuYyQ77jrH1gMZ3c
H8oe2SCksJcYzhPeS4TsbteusgZW5k7QaZ4boKyq8C7U,quarantinu,791eGAi3H3KjFPq9Fg9nwLk46UxYACcPGLJKtAzvx87Y,,3,3,-404.488,-400.488,15,True,ES9MMLQD2TkVcgZ66yEetT7Kcq5n9DhEXSTeLr3FM6NU;HBFvYD4JFW8wYNLcKiSsvstHEb3s8di8y8GVqkNN1n4y;dKWni96E3wNLKUXmpFcC6PqJm8XfUXeppmbAjjdzzC4
H8oe2SCksJcYzhPeS4TsbteusgZW5k7QaZ4boKyq8C7U,quarantinu,CLiXvfYSJtG5SJTCWyLvXKtDag9pJiA4vSWZGgSKP19X,,3,3,-397.488,-397.488,24,True,1chdHBRNu9dB7E5McJKFDsbPvfpmANdmeR7BHavhi56;6yVb4pxNwDfr6rovwNnBg3SyKSvDcHGD4WdFPN1JJBqm;GKMJwv2AEWVcfFXUMtxokMYy5ADkjwJa89DtP8LzoA61
DQ2H7qcj262RAKfSxGYeL7cYJq54mVdXe4gYxUwxpump,rollie,iGdFcQoyR2MwbXMHQskhmNsqddZ6rinsipHc4TNSdwu,Bybit Wallet 10,3,3,-150.42,-147.42,90,True,AUrkH8jWtG7our71fSYqCp524BAJuf5Tampe267wfyFA;EZijEsAErJ2nr3i9RiJxvzRqyDV1Vu6tARfqt2mYh1gy;eGdck5R4ogxHu7nP3sA5dmJkNfmkoHyzm5CtnCyzB33
Er5RuNhTEwJH5dHv9c3YGATjgkLCETH4dKazntyWEtXY,spy,5tzFkiKscXHK5ZXCGbXZxdw7gTjjD1mBwuoFbhUvuAi9,Binance-linked service wallet,3,3,-147.307,-138.307,94,True,5PE3gSfywhfjq5u5SHf6G3XRNeWkqoy6URZYSRCsXwEf;7j87rHWoMGc3c4ciBhzn4FXDwih1gzHCShzUXc6PHx8w;H54i95gYfvbKe16Z4WUH8P5XV8o7fK5DPAAjBN5QoymZ
2Tiw1Tna3kAut868cjXuKoyrv8U8gi1YjTaXw7Czpump,vibedog,A77HErqtfN1hLLpvZ9pCtu66FEtM8BveoaKbbMoZ4RiR,,3,3,-112.372,-103.372,19,True,4A1ssB3kTqE2cQst3hbrajZbbM3rKiLfJfmJTWMCvPUX;DAGDqcdA1DjnDpbYWV7Y3eLpGLPDZfAd9LpKdiyNfg9j;QzaB7ZHLH5jLngrZdh8zKe1N92hNJHcK1enaaXnsLUX
2Tiw1Tna3kAut868cjXuKoyrv8U8gi1YjTaXw7Czpump,vibedog,u6PJ8DtQuPFnfmwHbGFULQ4u4EgjDiyYKjVEsynXq2w,,3,3,-111.372,-68.372,27,True,AVqmEMP4JcJLouQy2pTYzMXMMv1GWzHrRc2ffFkxSxTp;Eg9UeUbprfXf6hwSp8xMGKcSdPbb8Wrcyb9koY5qadcD;Gsjt6kLdidphL7FbzZyS4W1WohqEQoLoZa3h9782NPqB
F41TwidZvJJcsx9c2BMwS6eH9W6HcUT4LzPmGvK9WU6N,つむぎ,B48kNVXs4YK4amkBCH2XokQiv1SeiVQGHDR17xDeKAAn,,3,3,-313.159,-121.159,15,True,3bkpJ4RQP6tJXesDUeFazUyLBtcgWwtPnH4mYrprQzEK;48drB93g7BnnsVyU9wCcV3GhmKhamtxP7Kj5QHKN8G8T;DgVDcsjTbTA3iv45ZU1WeqxHGwJxg6yvrs9HD5u1sViE
4kkrecvSVnnkK3RZcJ85tNFiZu9pWg584yHjNCqEpump,21,H8sMJSCQxfKiFTCfDR3DUMLPwcRbM61LGFJ8N4dK3WjS,,2,2,-284.476,-283.476,15,True,4drQuYuYQy2oWyEh5sPanR7mXRe1zaTfjMoc9tfxBH4o;5hAgYC8TJCcEZV7LTXAzkTrm7YL29YXyQQJPCNrG84zM
4kkrecvSVnnkK3RZcJ85tNFiZu9pWg584yHjNCqEpump,21,BmFdpraQhkiDQE6SnfG5omcA1VwzqfXrwtNYBwWTymy6,,2,2,-282.476,-281.476,39,True,4dozJYwmYByADYg1ayyaUKiNoXCMXX2uXaWV9oHM6bNo;CzccvFctxCvjRMytoB1NU3mJD7h2GCJWzZAZnBACiYm9
4kkrecvSVnnkK3RZcJ85tNFiZu9pWg584yHjNCqEpump,21,Biw4eeaiYYYq6xSqEd7GzdwsrrndxA8mqdxfAtG3PTUU,,2,2,-281.476,-281.476,34,True,DXm1fbz4y7GsxX5NZjjW5u2sUdiiRVZYqhQhhLvL7G1J;Gu3uNc8XDdge9wuYwveBEie2EusvPNwt3ZaqY4Uu2Jo9
CziyAr14UNUrfkxpioWSumkLXMwWnDWN2bu2WR5ao7kc,ACHIEVEMENTS,iGdFcQoyR2MwbXMHQskhmNsqddZ6rinsipHc4TNSdwu,Bybit Wallet 10,2,2,-404.917,-400.917,90,True,24678QKx2Dy8ZCw6Ra8o9DeTqPLL5GR9ZQKxt5FddHmq;GfDh8LF56byQ3ejp6yLFE2uuv6XZJ4c91St1SDyRLEfC
9xhMStAAufkH5jA5nevaGy6M9fCsQ74BZnsXyo93DkfA,ACORNELIUS,8mowmVCEewZ9W2cEaQyQeQEeSxhGr1hvRviLwozwNtBt,,2,2,-157.58,-157.58,24,True,6qauc2yFZSyeQcG7y9hbtVJ1iXsTMKs44CeJygdAEtvs;8UeLKarGFTqRHEtULMp6YdKJL4Dkb5YhMMt8YxLpm2tR
GfqKCwNeAdHHi97AmgCLP5qrwcSJRDdyZ1huiU6xUXTz,ACTX,8d9aV5LRyFV17xm3EBhaWbXv6vYMF8AerZCPPCN3EAGj,,2,2,-93.164,-93.164,17,True,9FQnf1QFTg8TZ6AJEffsfa7CNQJGALecmPtkYoTYUPFj;9pdYXJGy698VVwMacH19fd5yBCy1Yq2HdfXE1M4WYTbR
GfqKCwNeAdHHi97AmgCLP5qrwcSJRDdyZ1huiU6xUXTz,ACTX,iGdFcQoyR2MwbXMHQskhmNsqddZ6rinsipHc4TNSdwu,Bybit Wallet 10,2,2,-90.164,-69.164,90,True,Da1Erpm3FoS2f3Sto7FfVVnd8S2acvQyxY52VDmpH2iQ;JDBpKBURPAPmzy4jaWEeqGQrMMmKbQfvCFALviYCfswX
GfqKCwNeAdHHi97AmgCLP5qrwcSJRDdyZ1huiU6xUXTz,ACTX,5tzFkiKscXHK5ZXCGbXZxdw7gTjjD1mBwuoFbhUvuAi9,Binance-linked service wallet,2,2,-80.164,-80.164,94,True,8tEjj2KwGBJwHWnQ36LYnkgUNUyrDzTKzNqJdHQ1nHiJ;v84npn1bP1AUwssY6dvfr8mmoFBWvD7ERgv2JE8r2w5
GfqKCwNeAdHHi97AmgCLP5qrwcSJRDdyZ1huiU6xUXTz,ACTX,Biw4eeaiYYYq6xSqEd7GzdwsrrndxA8mqdxfAtG3PTUU,,2,2,-74.164,-74.164,34,True,CcGUSWpKPyeRUseWnDHQMMjAmcy32WL27GbCUnHwABxY;HX3MjY4Ap3wwwrndXEmwAhQwQ6bZCmP9XbdvR2b1RKvw
GfqKCwNeAdHHi97AmgCLP5qrwcSJRDdyZ1huiU6xUXTz,ACTX,46Zk9VL676HwJTMWrhFTxLdFeP1oL4vsCwRnK9g2HMbj,,2,2,-64.164,-64.164,19,True,AmwJToZR4YkawNquDbiUHbZnC2Myq1CLRRryUQ9FBf89;CyBiGyD1EunXXrNRsu6pKkCQPTbdZ9UTsxAum9twRcSt
9PNfxvTARzdxvQas2uknW57bnfMCS1dxW1He7rPbuhuQ,AI,5tzFkiKscXHK5ZXCGbXZxdw7gTjjD1mBwuoFbhUvuAi9,Binance-linked service wallet,2,2,-91.595,-85.595,94,True,5VhRfFKkqFb2gyG5CSymUQ5PZ2HZXir8SP8y2jQh1Qhh;C3YykkYU1tVfGqq7jKUyskyVdhEDKzX3ZcMutgzXATQw
6gKx5EMvnymTVz2JgFhJAqpGxTYaBdVsaLb9YfPfvg4Y,AMERICACOIN,G2YxRa6wt1qePMwfJzdXZG62ej4qaTC7YURzuh2Lwd3t,,2,2,-569.809,-569.809,25,True,8FjipgAr2qxD7hVVkidEmTodNa1pCv1eMEFHk7TbJmED;8dwubKnL4FmmZsFt9cobpneFWH5azwRqDvciT2vsuQxS
6gKx5EMvnymTVz2JgFhJAqpGxTYaBdVsaLb9YfPfvg4Y,AMERICACOIN,5F1seMKUqSNhv45f6FhB2cFmgJbk8U1avJw7M6TexUq1,,2,2,-542.809,-541.809,19,True,4oFRwhu82ygWP8qt1W6D2fHmED3gocTCgaeJLeE58aps;GgkQPD825j1zoSuLcXHSMmGYkBsBkQU6q8PQS6tMvM7o
CHygERrxnc5QByNCwxUNSMhP7tKJA7rh6hNBdJ2spump,ARCADE.GOV,6LY1JzAFVZsP2a2xKrtU6znQMQ5h4i7tocWdgrkZzkzF,,2,2,-1033.307,-599.307,46,True,7W8SEZv79hk4445o56Fd6RzhbUsozkzGXi8vkc7vNRr8;Dsqvp2gVoSvMrq6NhyRJ6ygbp3d2UAo6TasmQFrSoKkY
CHygERrxnc5QByNCwxUNSMhP7tKJA7rh6hNBdJ2spump,ARCADE.GOV,iGdFcQoyR2MwbXMHQskhmNsqddZ6rinsipHc4TNSdwu,Bybit Wallet 10,2,2,-1033.307,-1032.307,90,True,AUrkH8jWtG7our71fSYqCp524BAJuf5Tampe267wfyFA;FBvxneTq8dY7WKxj924CseuveWzDL5tN9JuSW3S9nJkN
CHygERrxnc5QByNCwxUNSMhP7tKJA7rh6hNBdJ2spump,ARCADE.GOV,FpfsHusKvqc9LhupVPB1R67HuCiWDKrZMN4SJitrMdTj,,2,2,-1032.307,-1032.307,48,True,3N1KKNyjKBxmRN66zF2jZwdtLaR8D3zXcAgKvuuFAdiS;CFt926D6bJSFKFt34VJDTAqrPRMLQJVLA5vP1oeL3GTt
CHygERrxnc5QByNCwxUNSMhP7tKJA7rh6hNBdJ2spump,ARCADE.GOV,DQ5JWbJyWdJeyBxZuuyu36sUBud6L6wo3aN1QC1bRmsR,,2,2,-599.307,-590.307,21,True,66J6zb9ScpFCqyiP5uCqbQ2VQDNqCdW5rWfTS5mikFCS;FZhzHobHrwYRCgtnmbznjscaTcNxbezy3aTm5cdbfdRb
3vfxnHSCS139RZiw6MPZaEvhySnjbEi81GuF5EdNpump,ASS,5tzFkiKscXHK5ZXCGbXZxdw7gTjjD1mBwuoFbhUvuAi9,Binance-linked service wallet,2,2,-880.762,-878.762,94,True,2rvMKdGryq4yAemjbkgx7i6rTVZxje5fZXgmYjQJwWna;3UZiXyAkPTn3L7ziRct2rzfEqzXMdFQ5vDLLSDP6XLJY
3vfxnHSCS139RZiw6MPZaEvhySnjbEi81GuF5EdNpump,ASS,FpfsHusKvqc9LhupVPB1R67HuCiWDKrZMN4SJitrMdTj,,2,2,-877.762,-868.762,48,True,5nsDhZRGdxtWFDdBbexvYUEh59EeFKpsRCH75mRkywjn;9A7um9R3So5a9ZgiE8H4DmrcSPhLeA18u1VbsUUKjS5A
3vfxnHSCS139RZiw6MPZaEvhySnjbEi81GuF5EdNpump,ASS,Biw4eeaiYYYq6xSqEd7GzdwsrrndxA8mqdxfAtG3PTUU,,2,2,-869.762,-866.762,34,True,HwaGu4jQuKPy6KVq3nEX6J7SNCwhxjyGgFVYvwgQUBx8;Sq5vGt9DrPSdF64PsBfAGsLBYHzJA4Twc74R8f6NtJf
7p4MwwkUaMv4gBThVkW46QjwVaosaUrccbFV1MbXpump,ASS,5tzFkiKscXHK5ZXCGbXZxdw7gTjjD1mBwuoFbhUvuAi9,Binance-linked service wallet,2,2,-190.901,-183.901,94,True,29yFzeBZgxf5zqrAkKXwgZtQehRf4pL8WbV2nRJikbw8;3jL88BJkL6eZmsWkWNubBNQUonXaXjbWS3YjF7CaPdjN
7p4MwwkUaMv4gBThVkW46QjwVaosaUrccbFV1MbXpump,ASS,5F1seMKUqSNhv45f6FhB2cFmgJbk8U1avJw7M6TexUq1,,2,2,-187.901,-176.901,19,True,8uV64NCCzebLDwgbnzVnwzaGoa5TFuq5i8gEv5DegBCa;ADZVHpNRPQZhxn1z6Vvqg2JT7k9JGEA5qv1S5F1rdn8y
7p4MwwkUaMv4gBThVkW46QjwVaosaUrccbFV1MbXpump,ASS,D89hHJT5Aqyx1trP6EnGY9jJUB3whgnq3aUvvCqedvzf,,2,2,-187.901,-176.901,21,True,2pp2gfkDFJbxfg9UegdWvPzstfbfbAJg4yLr3zh3W6iW;Bney7YfJwsNimbSYFzMimsCrZB78f41eazqMJei6iWZP
7p4MwwkUaMv4gBThVkW46QjwVaosaUrccbFV1MbXpump,ASS,iGdFcQoyR2MwbXMHQskhmNsqddZ6rinsipHc4TNSdwu,Bybit Wallet 10,2,2,-184.901,-178.901,90,True,8tWJGxjFWSj8sbBiUGFam8mm79aavBtq1zYxv7Le4n9L;EyPjy4HPn7PUtJZRG6c6GdGCVPFWhNUGdDwaDaDfWB4L
7p4MwwkUaMv4gBThVkW46QjwVaosaUrccbFV1MbXpump,ASS,FpwQQhQQoEaVu3WU2qZMfF1hx48YyfwsLoRgXG83E99Q,,2,2,-182.901,-175.901,18,True,2qskaFz9aeTuZVBy18P2mkkhyY1MTrsoTXr6KjsHPs4B;F7wWEQDEpYJaJM2SLR9fG2qeVLnkZ8BQdkJEKDGCM7sz
7p4MwwkUaMv4gBThVkW46QjwVaosaUrccbFV1MbXpump,ASS,GJRs4FwHtemZ5ZE9x3FNvJ8TMwitKTh21yxdRPqn7npE,,2,2,-179.901,-172.901,19,True,J7YT5sXL6wveHaYv26qwsQgHrXQYtYhyfjJg77NFcfAr;VWHzzJ6rW78api1VUHcPt9xNyHPDfKturx7MtdpUbxb
AmWCcDf6tG7zB3VPeDVjeXL5N567fXAiHcTKw3xXpump,ASSTRA,FpfsHusKvqc9LhupVPB1R67HuCiWDKrZMN4SJitrMdTj,,2,2,-603.782,-602.782,48,True,5nsDhZRGdxtWFDdBbexvYUEh59EeFKpsRCH75mRkywjn;BNwVduQq1AH3ee5hnLQtbJmPyrBJHaS29b6VQt3pzvsR
21XJbyQWEhmeoxKRHdGrEjetSfHopvtp68LWzdvT471M,AURACAT,FBvxneTq8dY7WKxj924CseuveWzDL5tN9JuSW3S9nJkN,,2,2,-281.758,-278.758,30,True,3Le7cTELrgoSX51gRZagrueWsm4fPJWMa64sXAqYcJk9;Fhbh1DTUDKt6qu9zVg8Q5VgnZa1WWWbxBxG6pCoJoggA
21XJbyQWEhmeoxKRHdGrEjetSfHopvtp68LWzdvT471M,AURACAT,FpwQQhQQoEaVu3WU2qZMfF1hx48YyfwsLoRgXG83E99Q,,2,2,-275.758,-270.758,18,True,Ck8kkf4JMrDU9s2QQeUGXEVfyCMwwcRWfgeZ2S9PWVEC;J8NprWqPqq5oGNCxLPBG5ZTXpDS2iuKRdDjJiHJXJTyP
GL7M1C4QeLoURyexYgdhuP8SvaPh5LHQLRqKha3epump,Adam,u6PJ8DtQuPFnfmwHbGFULQ4u4EgjDiyYKjVEsynXq2w,,2,2,-107.153,-105.153,27,True,Frq2M41wD66XwU2jiToC5G6VrG9ZpcVeoRTq7vkU1Ksa;HygcdZPkntqVUCgyrh3QhoL5eAyE636n58mKu14HBKT9
GL7M1C4QeLoURyexYgdhuP8SvaPh5LHQLRqKha3epump,Adam,Dv34prGm2BT7Ph2n6qKLgzeLgjnii87RJJ7Db6ZQQvKM,,2,2,-104.153,-104.153,20,True,CDujVuyheykHEtwP2JGsZ1diXURf4txmh3kr5UUbk3VR;wXKR2tUmuXAAVBhWL5d2nUxLC7qF3NgtmZvdWYhiiFQ
6XD1vorwquLXjTSL5W4MJMGewZBeiEcPFmZw527TSwva,AlxCooks,BmFdpraQhkiDQE6SnfG5omcA1VwzqfXrwtNYBwWTymy6,,2,2,-105.378,-98.378,39,True,HbvSea9oSax4x5iKPfBJt187eem2wvxcke2gLqyb96Fs;timeworn2X1EwMLSzeVhdVTbVSzSCKuibKd2kQ2Lsyn
6XD1vorwquLXjTSL5W4MJMGewZBeiEcPFmZw527TSwva,AlxCooks,iGdFcQoyR2MwbXMHQskhmNsqddZ6rinsipHc4TNSdwu,Bybit Wallet 10,2,2,-103.378,-99.378,90,True,BkV37yAWJnm6CXfSjFUFopxaVYG8wyjzevRVb8L4mFPj;KgoxFngLwkC4NzUQJWQGZrqJwWDjhKnAmCspPqJjvpP
6XD1vorwquLXjTSL5W4MJMGewZBeiEcPFmZw527TSwva,AlxCooks,F7p3dFrjRTbtRp8FRF6qHLomXbKRBzpvBLjtQcfcgmNe,,2,2,-99.378,-99.378,40,True,Aiq7aQ7s2eJR2791vAqespht2ZwUPKy3xXEE2vPaFRH5;HVM33jghRtEgqEqA6q9tEqt6FZ6Uhr6AXjiR9qUDopwv
rMPLDvnn6KR773WNhZvtFNcgFwnRkc7UbPkUaiMpump,BBB,iGdFcQoyR2MwbXMHQskhmNsqddZ6rinsipHc4TNSdwu,Bybit Wallet 10,2,2,-1033.347,-1033.347,90,True,GfDh8LF56byQ3ejp6yLFE2uuv6XZJ4c91St1SDyRLEfC;HCsVftaMsjHf88jDM26hdg5NrXT42pvpETUhzbYj5MfW
rMPLDvnn6KR773WNhZvtFNcgFwnRkc7UbPkUaiMpump,BBB,AxiomRYAid8ZDhS1bJUAzEaNSr69aTWB9ATfdDLfUbnc,,2,2,-1022.347,-1019.347,6,True,4MbfNJWwGRGRkokREVk1PaQe2vxiGMXPdMy528EzQtDU;EM1ZyNA3g4rr9MBzSEA36QqWd7t7cp54zDidm3YskyeU
5DoZAeBkoci5t5zPhUiuhQFjuzYTfkSv5Seojsxppump,BOLD,u6PJ8DtQuPFnfmwHbGFULQ4u4EgjDiyYKjVEsynXq2w,,2,2,-315.383,-311.383,27,True,49ZByTGHeyGh4p6sfBW2aiGjC5sEP5wQpbZcn5VLaPQK;5q2WSmsRbFLBSAJw3d9AbWoPTC8i1PeMLnXWYxFHe98c
5DoZAeBkoci5t5zPhUiuhQFjuzYTfkSv5Seojsxppump,BOLD,A77HErqtfN1hLLpvZ9pCtu66FEtM8BveoaKbbMoZ4RiR,,2,2,-311.383,-301.383,19,True,5pkPGGEDfKuBgx2f7QsvzpnKJb291T5MrrxVBTdAJ8fv;DSZHv1CKYFDMnXoaNWJFirQAzy9yArCWbCxzqfcQKVc9
5DoZAeBkoci5t5zPhUiuhQFjuzYTfkSv5Seojsxppump,BOLD,G2YxRa6wt1qePMwfJzdXZG62ej4qaTC7YURzuh2Lwd3t,,2,2,-309.383,-309.383,25,True,8FjipgAr2qxD7hVVkidEmTodNa1pCv1eMEFHk7TbJmED;8dwubKnL4FmmZsFt9cobpneFWH5azwRqDvciT2vsuQxS
5DoZAeBkoci5t5zPhUiuhQFjuzYTfkSv5Seojsxppump,BOLD,FpfsHusKvqc9LhupVPB1R67HuCiWDKrZMN4SJitrMdTj,,2,2,-307.383,-307.383,48,True,9A7um9R3So5a9ZgiE8H4DmrcSPhLeA18u1VbsUUKjS5A;CFt926D6bJSFKFt34VJDTAqrPRMLQJVLA5vP1oeL3GTt
5DoZAeBkoci5t5zPhUiuhQFjuzYTfkSv5Seojsxppump,BOLD,F7p3dFrjRTbtRp8FRF6qHLomXbKRBzpvBLjtQcfcgmNe,,2,2,-302.383,-298.383,40,True,5X3KY1FgeZ7osw2uuFsabGdwfQh8wH8kbvHSDMefdP9D;DAQhTc6twVwkYxpf183dHVimzwmxGwqBJkJWmU4mSF2n
7HiD5rzoZxAYXEJ8Z4t3WgM8VE1iSKWJdxPPyEdDNzwN,BRUNO,6LY1JzAFVZsP2a2xKrtU6znQMQ5h4i7tocWdgrkZzkzF,,2,2,-151.381,-151.381,46,True,3Sfme9Wt5S3NPzhc7xZpxwByn3EVYUXgkbHXi9im93An;JSPpg9V6yZBBXzwShyihRD57fjJeBHwG3EL2nVRZYT9
7HiD5rzoZxAYXEJ8Z4t3WgM8VE1iSKWJdxPPyEdDNzwN,BRUNO,Fhbh1DTUDKt6qu9zVg8Q5VgnZa1WWWbxBxG6pCoJoggA,,2,2,-150.381,-145.381,18,True,A8W81KDBVEovvmkUbKCWoaNx744E5T4PQ1iJsZLA2H8;D1QuMgpvKjaaEMbyFRpSwzLgec8CgqEeNiMsMQ3zSDb3
7HiD5rzoZxAYXEJ8Z4t3WgM8VE1iSKWJdxPPyEdDNzwN,BRUNO,F7p3dFrjRTbtRp8FRF6qHLomXbKRBzpvBLjtQcfcgmNe,,2,2,-150.381,-147.381,40,True,8oq9LQS3Eqy7Gr9ehKxVjgmNHYEaVHM3gh5aBa6pC2m5;EDGEKeUNA3b7L5F9BcoyvptqHAKSLi9c5JxHwFKvuNLc
7HiD5rzoZxAYXEJ8Z4t3WgM8VE1iSKWJdxPPyEdDNzwN,BRUNO,FpfsHusKvqc9LhupVPB1R67HuCiWDKrZMN4SJitrMdTj,,2,2,-147.381,-147.381,48,True,3N1KKNyjKBxmRN66zF2jZwdtLaR8D3zXcAgKvuuFAdiS;Hyz8paNbNLSYxSfWT8KT2JDyvPW7E8yJBbaGnsZV7WE6
UsrcsZMqw6p53Fohu16UCBjsbjqc73XmoRFZDcnCtMR,Binturong,8d9aV5LRyFV17xm3EBhaWbXv6vYMF8AerZCPPCN3EAGj,,2,2,-161.079,-161.079,17,True,6fAV85kfyqXexp7uJVqByxDehU61WGVq8YD3CSWrYwQ8;CWUqhP2gq49fxJqW99zjQptZStvTWDV1XwrtmSKTf49p
UsrcsZMqw6p53Fohu16UCBjsbjqc73XmoRFZDcnCtMR,Binturong,5tzFkiKscXHK5ZXCGbXZxdw7gTjjD1mBwuoFbhUvuAi9,Binance-linked service wallet,2,2,-156.079,-152.079,94,True,H54i95gYfvbKe16Z4WUH8P5XV8o7fK5DPAAjBN5QoymZ;Hc8CBxEa2v45NoYwSDpcBrCHHzji9JDPWyFg1XqdogsC
67afrnTxo8DVc52Uev61Yo4Yr9BGQpRw1RpPMWcx42La,Bliss,WLZG31XNaD3GmdRW1GphLTLbWfh7REDQfYCURuxzAhU,,2,2,-285.136,-285.136,10,True,2iSMjjhBhsRmxBTvp4ZiZkMv7baQjm5r1CYVM7nPSs5E;3ffu3rp7qiQb7JwDXyESGFfwRsUAviuSpXm3UGDtNi5T
67afrnTxo8DVc52Uev61Yo4Yr9BGQpRw1RpPMWcx42La,Bliss,FWznbcNXWQuHTawe9RxvQ2LdCENssh12dsznf4RiouN5,,2,2,-284.136,-283.136,18,True,CtypBtuREmcupYzfA7Y8afwQtorMRc5HBkbE3qhwroNr;J36AVCr7uVoXwYgcL8yBmeCAatSLGLSjrCMaBca3sCXq
5pSEZw1iytqYznD7crsGyKNek7q5JkjBqj2KmfqxUVZd,CHONK,iGdFcQoyR2MwbXMHQskhmNsqddZ6rinsipHc4TNSdwu,Bybit Wallet 10,2,2,-151.328,-150.328,90,True,4w7HzF73v6mhd4Jf4Cx6VVNDPJn3aVCiJDV7SfqqaWEk;DTbMwEZ6xfouMAbog188p6FGAk2k9LzJgY3Rd4i5MBRX
5pSEZw1iytqYznD7crsGyKNek7q5JkjBqj2KmfqxUVZd,CHONK,ASTyfSima4LLAdDgoFGkgqoKowG1LZFDr9fAQrg7iaJZ,,2,2,-143.328,-143.328,37,True,CNMbjihxUkGhwrHmpFNh4ixSdERNHfZtUQ8TA95ZXXZr;GDC4QSVZiaZBCKkm89vWPfTgJDvNTu8nCK4o2d9ZwPfX
5pSEZw1iytqYznD7crsGyKNek7q5JkjBqj2KmfqxUVZd,CHONK,6LY1JzAFVZsP2a2xKrtU6znQMQ5h4i7tocWdgrkZzkzF,,2,2,-133.328,-132.328,46,True,98Wvmw2NEqQuVuhjmeHNWF1dMhA9quNdDai91VMM33UC;FcRLHuoe9Ps4C26y6VSFismUEcHSND9nkAoF98Dz2xxi
7aLLQRBpGCaSLmmHGf34MGtbdtTumiB14d14TtDnpump,CONDOM,AxiomRXZAq1Jgjj9pHmNqVP7Lhu67wLXZJZbaK87TTSk,Axiom trading infrastructure,2,2,-223.352,-220.352,27,True,5Xdgg4VA4wuA1SzbWf3qquDxGzVJQYLuDQJEnX5vocNH;9gpdgZTNxvSrbiBcFM8aWdCUBvQrcprQR4TmsJLU2M9L
7aLLQRBpGCaSLmmHGf34MGtbdtTumiB14d14TtDnpump,CONDOM,5tzFkiKscXHK5ZXCGbXZxdw7gTjjD1mBwuoFbhUvuAi9,Binance-linked service wallet,2,2,-222.352,-220.352,94,True,38V2r5forPyyhGYVEzpU71UVUC5uftCwfoTALaa7RNS3;5BFuw7KyK5ryyvBwv4uJYwwNMnXPqGJGcf6okqtnhmFJ
7aLLQRBpGCaSLmmHGf34MGtbdtTumiB14d14TtDnpump,CONDOM,Fhbh1DTUDKt6qu9zVg8Q5VgnZa1WWWbxBxG6pCoJoggA,,2,2,-221.352,-219.352,18,True,5KcKcGczDGsFjPDvZdCSWavQrpC6YhkBkv1rD7Jv1THR;9dVSVwrUJfnFqRZ8ChaGExowQbxWBSRgQbtgEQecCkis
5o43e7gYZWFNEpdqkegHY6LXkhMXB1z6f7d6TAVGEMTM,Craig,FBvxneTq8dY7WKxj924CseuveWzDL5tN9JuSW3S9nJkN,,2,2,-140.554,-132.554,30,True,Fhbh1DTUDKt6qu9zVg8Q5VgnZa1WWWbxBxG6pCoJoggA;LivF8GikFDeekGrBcB6nHVNUHcBPNYTVzeoD2WQ5dfx
5o43e7gYZWFNEpdqkegHY6LXkhMXB1z6f7d6TAVGEMTM,Craig,5F1seMKUqSNhv45f6FhB2cFmgJbk8U1avJw7M6TexUq1,,2,2,-140.554,-120.554,19,True,9PFeAh3JvVsGa3q1RpYjqEbyuzefztwqCK5XXJzqwTDQ;HYfKBTtTnguhRZsR7azMhCAr1CwtK6W3TJW2NMEeiVGb
5o43e7gYZWFNEpdqkegHY6LXkhMXB1z6f7d6TAVGEMTM,Craig,Cc3bpPzUvgAzdW9Nv7dUQ8cpap8Xa7ujJgLdpqGrTCu6,,2,2,-125.554,-123.554,13,True,3raMbbFfK7Thu8Nfnm8T8nV16P2Ze11oEA5jXGbPAtoP;AgmVH1LE61zmbgsTLjGSdRRRyW9muryJRPiUQ4xQVWuA
25GrKYrc3y4LZmmuhppYgFRCKb7JyZ6grum4WhLYvA1z,DRAKE,5bb5kQKhp4zT3MYuFp7QSpkvJkghfLp6yjQbvTDLK2vy,,2,2,-143.551,-108.551,9,True,4yFAz7dp5WwuZs3vbWKedbRiUmSFxTVGCdsLAxfEQrG3;8jsPACiiC3x7d8gWN9yUUcvjqhJDpnEcV5BP8wPdD2Eg
25GrKYrc3y4LZmmuhppYgFRCKb7JyZ6grum4WhLYvA1z,DRAKE,iGdFcQoyR2MwbXMHQskhmNsqddZ6rinsipHc4TNSdwu,Bybit Wallet 10,2,2,-143.551,-137.551,90,True,Ai1jDeZfrHYPvqixvKsEbNTRim7ND3ZKdazM84AUrUw2;HWZMSFCy2u7jc6UZi8KBonVSMhyQedaRsdiGAsMSRaRX
25GrKYrc3y4LZmmuhppYgFRCKb7JyZ6grum4WhLYvA1z,DRAKE,FpfsHusKvqc9LhupVPB1R67HuCiWDKrZMN4SJitrMdTj,,2,2,-142.551,-142.551,48,True,5nsDhZRGdxtWFDdBbexvYUEh59EeFKpsRCH75mRkywjn;CFt926D6bJSFKFt34VJDTAqrPRMLQJVLA5vP1oeL3GTt
5L6As5obMTXxKwjmGBy1LTRwW2Hm1PjSK18JhETrpump,Dawn,D89hHJT5Aqyx1trP6EnGY9jJUB3whgnq3aUvvCqedvzf,,2,2,-1719.229,-1717.229,21,True,7eDUBD4AQ5GyhDh7RSLrBbebRGAxNpfPF5SSvgMn76vg;Gv4xRv2Uya334P4JLR96JXY4eS8Gv4cs4fUcDg4hKvMo
AgB5SxiP1DFZbW9uDAH7s8Mhv1HF21nJv67tnAAYpump,Drake,iGdFcQoyR2MwbXMHQskhmNsqddZ6rinsipHc4TNSdwu,Bybit Wallet 10,2,2,-104.303,-100.303,90,True,24678QKx2Dy8ZCw6Ra8o9DeTqPLL5GR9ZQKxt5FddHmq;EQUiJsxnuQVj11s6JFcXowgJLMW32UZimpNgkrgSy25N
AgB5SxiP1DFZbW9uDAH7s8Mhv1HF21nJv67tnAAYpump,Drake,Fhbh1DTUDKt6qu9zVg8Q5VgnZa1WWWbxBxG6pCoJoggA,,2,2,-102.303,-101.303,18,True,6VzXcLk9rCLDHgRBmUGKK8HY2KvhHmR4pZPCxi4tA1kx;9dVSVwrUJfnFqRZ8ChaGExowQbxWBSRgQbtgEQecCkis
AgB5SxiP1DFZbW9uDAH7s8Mhv1HF21nJv67tnAAYpump,Drake,5ndLnEYqSFiA5yUFHo6LVZ1eWc6Rhh11K5CfJNkoHEPs,,2,2,-101.303,-101.303,14,True,2Zfud6rXjmXwF4DdEmjNHPLpuBzr1Gb96YD6RtdZSYYh;DkRbRQ4ZWwrhMt8DWpHH9kjEGgHyuv9dUihF7YsoyhQf
4ZUjJ5EJbwfh7teotB29uHc1SC3SiqbrkwJoNgsxibbU,Dumbocrat,Cc3bpPzUvgAzdW9Nv7dUQ8cpap8Xa7ujJgLdpqGrTCu6,,2,2,-178.679,-173.679,13,True,6BAzPvVFm6KSXPkQzNnCYozEyMVHUyeZQoG9Cppvpy4C;8E6xNcXCYd87w3hwJ9AvG49JC5J75tn1kugzeH6nPi4c
4ZUjJ5EJbwfh7teotB29uHc1SC3SiqbrkwJoNgsxibbU,Dumbocrat,AgmLJBMDCqWynYnQiPCuj9ewsNNsBJXyzoUhD9LJzN51,,2,2,-176.679,-171.679,32,True,6hpwMP6JhhgWpSkF28wscrLZj3MaJS2VrwP2cf1PE4cS;EgnmP1367h87GUVyfp3mxrhHm4YMVwoB6HgBUqkKPKDz
sMe5iUcgTe4VXmg4WaShF5kuk6GmcKF3y4HqKGZpump,Erika,Biw4eeaiYYYq6xSqEd7GzdwsrrndxA8mqdxfAtG3PTUU,,2,2,-375.458,-375.458,34,True,CcGUSWpKPyeRUseWnDHQMMjAmcy32WL27GbCUnHwABxY;HX3MjY4Ap3wwwrndXEmwAhQwQ6bZCmP9XbdvR2b1RKvw
5nnWe5SCBaNMC3oNiR7utth6kx3mH1dhmCarjDb91shW,FOOL,BmFdpraQhkiDQE6SnfG5omcA1VwzqfXrwtNYBwWTymy6,,2,2,-164.367,-154.367,39,True,5CDYEbtEsg9wZpmRs5j7P4WXy4FS9AU1EKbqFS8wqTth;JAnSuYVbscyYEeKNQvrVhoxbEoDt2yVVtt4a821KLUAh
hHc9579gpKUnvYvgcKyjdpe1UhmfVfGzGwMQCADpump,G,iGdFcQoyR2MwbXMHQskhmNsqddZ6rinsipHc4TNSdwu,Bybit Wallet 10,2,2,-92631.073,-92629.073,90,True,AUrkH8jWtG7our71fSYqCp524BAJuf5Tampe267wfyFA;F8r7xbDPEniR9DfEvPoDqS51oKofctVy5HWaJny5dUgH
hHc9579gpKUnvYvgcKyjdpe1UhmfVfGzGwMQCADpump,G,Biw4eeaiYYYq6xSqEd7GzdwsrrndxA8mqdxfAtG3PTUU,,2,2,-92629.073,-92629.073,34,True,CcGUSWpKPyeRUseWnDHQMMjAmcy32WL27GbCUnHwABxY;HX3MjY4Ap3wwwrndXEmwAhQwQ6bZCmP9XbdvR2b1RKvw
GKTxLXsmkjLDo89XmPa5htwK7sAzdqZ3jmfV6gaTvK67,GIGACAT,8mowmVCEewZ9W2cEaQyQeQEeSxhGr1hvRviLwozwNtBt,,2,2,-96.049,-85.049,24,True,4SPbsqxbw6HRFgovwMtE7JjSSP9ZRkUT6TitL14biURG;5c5WNCnQnPkWAQcwHcm4x2R4JX9sV8YL4BiDEZ5fKqCd
GKTxLXsmkjLDo89XmPa5htwK7sAzdqZ3jmfV6gaTvK67,GIGACAT,6LY1JzAFVZsP2a2xKrtU6znQMQ5h4i7tocWdgrkZzkzF,,2,2,-89.049,-89.049,46,True,7pKB58YrfffotVVdX6nyANA1HKoRSUgtjXticmTArZDm;CHS87HauqSdrKTvCeHdv54XvepFAMWaucK9FwmYHmZu6
GKTxLXsmkjLDo89XmPa5htwK7sAzdqZ3jmfV6gaTvK67,GIGACAT,A77HErqtfN1hLLpvZ9pCtu66FEtM8BveoaKbbMoZ4RiR,,2,2,-89.049,-80.049,19,True,98iwJ8dx7wfU61GgoHV26vjffRuXCBNoANhCBD1gApgk;Bp4hdBHbAbhYDoGgxsG1iqxr8zEbzwQWtmAHz5c4oUpo
5Sg1vv51KGCSDF2gBHgbNATCEXFjYtVhWgztNUwtgJYD,HERZOGIAN,Dv34prGm2BT7Ph2n6qKLgzeLgjnii87RJJ7Db6ZQQvKM,,2,2,-206.12,-206.12,20,True,97rkFX41sz5vS3yfXZvyJaqd1CYhGW5sB6q3jBFoTko5;FGvcrgbGfhUNU7NTPY7Z9Mapzw6NPYJZcWMMuQhtH6mT
5Sg1vv51KGCSDF2gBHgbNATCEXFjYtVhWgztNUwtgJYD,HERZOGIAN,iGdFcQoyR2MwbXMHQskhmNsqddZ6rinsipHc4TNSdwu,Bybit Wallet 10,2,2,-205.12,-202.12,90,True,F8wX5KKhGy8wpaEzwuFBaneYpTKHJUoEk2FBjw6eqVwJ;HCsVftaMsjHf88jDM26hdg5NrXT42pvpETUhzbYj5MfW
5Sg1vv51KGCSDF2gBHgbNATCEXFjYtVhWgztNUwtgJYD,HERZOGIAN,AaZkwhkiDStDcgrU37XAj9fpNLrD8Erz5PNkdm4k5hjy,,2,2,-202.12,-202.12,12,True,BSf5YhrmD5JPxywHqkak9HzpKeEGFUazpLeu8ZCXpmTT;J4hrKzU3oNwmAk1L93woL2qVW2uAkZ3XQpx52WnAQupw
EoKqyKksc4ekiPVuBD9FiztYQHkV59x8KTcZ3ReLpump,HOME,BmFdpraQhkiDQE6SnfG5omcA1VwzqfXrwtNYBwWTymy6,,2,2,-723.125,-721.125,39,True,7cp6zxvhxbfS7QgYTB7ts2RqFf7zDYwtjfuHcEHhKLAz;BNS2aS6C8igpBvtvTW2s9y5pqLggPk8qySkHJDryfzXq
EoKqyKksc4ekiPVuBD9FiztYQHkV59x8KTcZ3ReLpump,HOME,8mowmVCEewZ9W2cEaQyQeQEeSxhGr1hvRviLwozwNtBt,,2,2,-723.125,-723.125,24,True,7z5Dafu71d9fJCGoTsDxjqz1EJSfpCv1LKX2AzmWEhCZ;8St6ePWvBtv7os65P5W5jmb7HVgyueR6FDKqEehFtnom
EoKqyKksc4ekiPVuBD9FiztYQHkV59x8KTcZ3ReLpump,HOME,iGdFcQoyR2MwbXMHQskhmNsqddZ6rinsipHc4TNSdwu,Bybit Wallet 10,2,2,-721.125,-717.125,90,True,8FySgd7VmjnXsGjUbgtDxDjZVEJ1FsQJkG5K2FKY7mMq;AUrkH8jWtG7our71fSYqCp524BAJuf5Tampe267wfyFA
EoKqyKksc4ekiPVuBD9FiztYQHkV59x8KTcZ3ReLpump,HOME,6LY1JzAFVZsP2a2xKrtU6znQMQ5h4i7tocWdgrkZzkzF,,2,2,-717.125,-716.125,46,True,2hVhPFJwveeZx3mMq79ePYdRibh8RhShm85cjBnJL1wb;8KUYGivN8zgRfKiLTeHBxpk9houRUxJb82NRwUBkhCQF
EoKqyKksc4ekiPVuBD9FiztYQHkV59x8KTcZ3ReLpump,HOME,DPqsobysNf5iA9w7zrQM8HLzCKZEDMkZsWbiidsAt1xo,,2,2,-717.125,-717.125,12,True,3VWjwKMN8K59nnpJmZ6H9j2Cbz8tqmSTf3MC3K33EmFK;9qq3cEF4D8nQZcXTtdUoemtkiH9xXPRdLTgVVx88wLeR
4prKtarobdhYDY4Hu3uGZMx7Je4HqPJeLVyxN6m4Ld3T,HackINU,ASTyfSima4LLAdDgoFGkgqoKowG1LZFDr9fAQrg7iaJZ,,2,2,-347.296,-345.296,37,True,5WGcqVnELfCWgnKf6gpkNAKFeYrK4odQJiEL7UKL4YRJ;Hfw6BDugnfNdiU1DuF6jDgbs1y4Vb6KYszZajahf3GuE
H9GGsNc7vA4hN13N1oU4itq8x3mrdZBdw2XdK3Mipump,Hoodlana,6LY1JzAFVZsP2a2xKrtU6znQMQ5h4i7tocWdgrkZzkzF,,2,2,-140.723,-129.723,46,True,38bVgxEww3WXP1vkz84RB5NJHiYKCdDoKo56GMs5rYJG;3Xk2EuuSwKgniGNA4XkB33YY4mnEvcMnTLNpkKgGa14X
DJejJn1iJntJVTAixy4VRgqJFF3NMKPEMgVzbJFmpump,JADOODOO,5tzFkiKscXHK5ZXCGbXZxdw7gTjjD1mBwuoFbhUvuAi9,Binance-linked service wallet,2,2,-99.892,-96.892,94,True,H8URrcUAopozaDLYAZVUGYj83DzSRgWoRH1tnfGiAAAm;kqDqU5sZjE1FUK8wAme92uhkLDcXYSZ1ocS3iiGd1QD
DJejJn1iJntJVTAixy4VRgqJFF3NMKPEMgVzbJFmpump,JADOODOO,BTLG71P7eH7hxT4MMv1DUaSkH6G2aYp7hRKqocjeYrSy,,2,2,-96.892,-96.892,11,True,AJ5snxaH5Gdvxi6CRTwN7c7467eNjfwGAP2htaMSrRpr;Bcn2qwBC6nqnD2FcXxHjGNeQaWjqghwJcGFnQJHbej91
DJejJn1iJntJVTAixy4VRgqJFF3NMKPEMgVzbJFmpump,JADOODOO,A77HErqtfN1hLLpvZ9pCtu66FEtM8BveoaKbbMoZ4RiR,,2,2,-95.892,-89.892,19,True,Bp4hdBHbAbhYDoGgxsG1iqxr8zEbzwQWtmAHz5c4oUpo;EdNJXy5KXVXYbg9qZLCBkAeThKno4oSpdyGooZ98HNiu
DJejJn1iJntJVTAixy4VRgqJFF3NMKPEMgVzbJFmpump,JADOODOO,Dv34prGm2BT7Ph2n6qKLgzeLgjnii87RJJ7Db6ZQQvKM,,2,2,-94.892,-94.892,20,True,5bCgKTPT26bv42QcxNQd9nf54yEWjAEARzcNYNxPkAv9;CAfwXFAkeRNRauRENsfqJ7TeW2srUdjGYList4cTe8az
JAqRn24FuQ5MFReXNgXb8uFej5vHJDxhVtebpQvHTQZy,KIRK,5tzFkiKscXHK5ZXCGbXZxdw7gTjjD1mBwuoFbhUvuAi9,Binance-linked service wallet,2,2,-410.749,-381.749,94,True,8DgVVtnNZQRKu4Cx6xeAMTukUHMTE3f2Cqb1wMzJ9beU;Hn9B5qcoHAQZg6YsjT6twgugzw1YTNF9qahC1n7UKBao
JAqRn24FuQ5MFReXNgXb8uFej5vHJDxhVtebpQvHTQZy,KIRK,AaZkwhkiDStDcgrU37XAj9fpNLrD8Erz5PNkdm4k5hjy,,2,2,-398.749,-398.749,12,True,7fjmuWn52yvZtGjHPaBAS4eANRtd8Rs1UK4Mq3yDGK5;CDerVgYmusW7D9BjpirGTEVLR7Q4AA5Gp4pA1zXmtRym
JAqRn24FuQ5MFReXNgXb8uFej5vHJDxhVtebpQvHTQZy,KIRK,is6MTRHEgyFLNTfYcuV4QBWLjrZBfmhVNYR6ccgr8KV,,2,2,-375.749,-375.749,42,True,6fKGtgUw3kfEG3cxEGBN4RrwybvBv35zY49iCjwQfyka;E418ruAsgQuuRFdpYQAJEjnq7Y1sXTKBmRiMSPwwRcm3
57ANN8dAbPX8x1BEFFwzBttkzwpKZBEiJkdiWSzVNQvS,KWIF,ASTyfSima4LLAdDgoFGkgqoKowG1LZFDr9fAQrg7iaJZ,,2,2,-146.802,-131.802,37,True,4Bz5ZrF2YNwZMYa3JAgukAxe3v8hytuYobdgxgHaVbzB;Gx6yY8zwqwvcMbkHDZVv2ViJ1bBY5o3Zv7P1dDfJzk35
D4aEpQLW45YnWrBmztcpJHqabbPtFe9F9PTv8Umvpump,LOOONG,iGdFcQoyR2MwbXMHQskhmNsqddZ6rinsipHc4TNSdwu,Bybit Wallet 10,2,2,-3755.07,-3753.07,90,True,AUrkH8jWtG7our71fSYqCp524BAJuf5Tampe267wfyFA;EQUiJsxnuQVj11s6JFcXowgJLMW32UZimpNgkrgSy25N
49aM4HrGABwG9F8iAn385zzcsS6mxHEFY8YN3H7y1Cd9,MARTIN,Fhbh1DTUDKt6qu9zVg8Q5VgnZa1WWWbxBxG6pCoJoggA,,2,2,-235.969,-234.969,18,True,2UYEBF1wXNDhcsjgRBvG8sp7aWRLbzF3MXU8hdn2yNpU;9dVSVwrUJfnFqRZ8ChaGExowQbxWBSRgQbtgEQecCkis
49aM4HrGABwG9F8iAn385zzcsS6mxHEFY8YN3H7y1Cd9,MARTIN,iGdFcQoyR2MwbXMHQskhmNsqddZ6rinsipHc4TNSdwu,Bybit Wallet 10,2,2,-235.969,-235.969,90,True,GfDh8LF56byQ3ejp6yLFE2uuv6XZJ4c91St1SDyRLEfC;HCsVftaMsjHf88jDM26hdg5NrXT42pvpETUhzbYj5MfW
9CzNGAEutxKHJ5CwYC5Lk8X8YzgYrQnvKChP2BFEpump,MEMES,is6MTRHEgyFLNTfYcuV4QBWLjrZBfmhVNYR6ccgr8KV,,2,2,-683.28,-677.28,42,True,8gtgresd5TRUHjov2pgfTV4SUdiVKGUf9Mkeomnaa8b;BmEZf8SgDkv8CKWbLUfzCRoqBNzwyvb55MwvgAAZGLyG
7mRDn1rAqjwFQXacodr1UmkNdvAGPbtNP9k5jvBZqt9J,MEMETARD,5tzFkiKscXHK5ZXCGbXZxdw7gTjjD1mBwuoFbhUvuAi9,Binance-linked service wallet,2,2,-60.481,-54.481,94,True,3WeiLDwzH7MroFnjXvfy97HGztSYXcttY5yVft2GEe5c;JA31Cm2u6v51FuN7HMzhJ7vnCkgo38vNcU5tA6o5Z3Q2
7mRDn1rAqjwFQXacodr1UmkNdvAGPbtNP9k5jvBZqt9J,MEMETARD,Biw4eeaiYYYq6xSqEd7GzdwsrrndxA8mqdxfAtG3PTUU,,2,2,-55.481,-52.481,34,True,BnGnK6ujUXHsAJ21LHsnxjNWo8Tqw39hDkoCnor63e1s;DysqkDX3HwFCKwaFQVNxrwz1R1zjc2HXaTHsyRREf2SD
HJPjdsDmcvgCj4MV3NvqCWd78qDP8BMzGfrsk4Nbpump,Memecoin ,GJRs4FwHtemZ5ZE9x3FNvJ8TMwitKTh21yxdRPqn7npE,,2,2,-1162.749,-1160.749,19,True,36A6mEN5rYJdVTb6fMqVvG6ez8g2mTYdr1omWcQ1kDKG;FzVQSzj8JJr6WMGqbUHzx2XH1KkrfxRrRPv6WcbbZmND
7dACCWZXF4Lr9ftxFpi7TJk7a3hcPpUwGPAcTuXDpump,Memes,H7sWT7eP83vkim7Gp81qsPwQzuzJK3E6Ps9KLbUezoCc,,2,2,-96.624,-96.624,11,True,7s4woBusAnVVDhy2ny7nBu62DBvZncPXuaYUBZysVKSY;Gui9qVSKtzCn1KxzqpEYaACY9iB8fymjhRY5wRb6tWJP
7dACCWZXF4Lr9ftxFpi7TJk7a3hcPpUwGPAcTuXDpump,Memes,iGdFcQoyR2MwbXMHQskhmNsqddZ6rinsipHc4TNSdwu,Bybit Wallet 10,2,2,-94.624,-94.624,90,True,7bmgatCuYEkdHfK7tfPomirwfhTCEcXax6wXmTN7iGya;EQUiJsxnuQVj11s6JFcXowgJLMW32UZimpNgkrgSy25N
3GeNgcFpMwH9ts5b3W3jddtfwhwAURaykTy8YjtrGQWT,Memeworld,G2YxRa6wt1qePMwfJzdXZG62ej4qaTC7YURzuh2Lwd3t,,2,2,-213.298,-213.298,25,True,8FjipgAr2qxD7hVVkidEmTodNa1pCv1eMEFHk7TbJmED;8dwubKnL4FmmZsFt9cobpneFWH5azwRqDvciT2vsuQxS
3GeNgcFpMwH9ts5b3W3jddtfwhwAURaykTy8YjtrGQWT,Memeworld,BThY85WeRSHgwuuj2SPFN4MAzBdc3Mcs5VDwQPe2EtSJ,,2,2,-212.298,-212.298,6,True,5st7H8QtPEVfovSwLmdJDjbUAQivVZJGzbHCir6dZxGc;6KR7SorsUQtNH6CB6JpAnWCAKeTysa95iyXeWihdNeGT
3GeNgcFpMwH9ts5b3W3jddtfwhwAURaykTy8YjtrGQWT,Memeworld,DPqsobysNf5iA9w7zrQM8HLzCKZEDMkZsWbiidsAt1xo,,2,2,-209.298,-205.298,12,True,BgfiWEZzcPoMhS4geRTBSrwvHRhNvyva3hNex1jXbi8n;CFEBignbq6GGiQTyYodPicFE3fXJTHi8tjhtoAjCHKWH
3GeNgcFpMwH9ts5b3W3jddtfwhwAURaykTy8YjtrGQWT,Memeworld,5tzFkiKscXHK5ZXCGbXZxdw7gTjjD1mBwuoFbhUvuAi9,Binance-linked service wallet,2,2,-208.298,-205.298,94,True,7SuVLBv3iijvZ8kF3tgYAvNzfPTGk2ftM44WATb4z6VD;Dz7NMFonrSwMXdhU7wVgJVYLkNoKRuC5FLGyy5AWzuim
6VMsrZvNaSzddT6vkY6dEDoFMeK5EoHD4KCAycfQpump,Nasdih,AgmLJBMDCqWynYnQiPCuj9ewsNNsBJXyzoUhD9LJzN51,,2,2,-266.819,-266.819,32,True,49uoiBfP9tVEecCeeLaj7CgpoX2JUoSbB1VzANK8Wjku;rpWfrf54tTja3qQzta3RAe89QoErHC2x9uNd4eYdCuf
6VMsrZvNaSzddT6vkY6dEDoFMeK5EoHD4KCAycfQpump,Nasdih,6LY1JzAFVZsP2a2xKrtU6znQMQ5h4i7tocWdgrkZzkzF,,2,2,-266.819,-266.819,46,True,73CSGFq9PbNpR4fJGipkHaQFxRoy4WSdVa8XWwPgPnov;ACAZT8QGfR35Mh8qJMyW1vnEWagZdo1itRjQuSzX8HY4
6VMsrZvNaSzddT6vkY6dEDoFMeK5EoHD4KCAycfQpump,Nasdih,Cc3bpPzUvgAzdW9Nv7dUQ8cpap8Xa7ujJgLdpqGrTCu6,,2,2,-266.819,-266.819,13,True,8GW1JQu6redJj9WyQa7xjJirbGQ2PYS94XXAtV2pkXxz;DAobvRnFiWsDKbYd9PvGhnCbMQ9ycHFiKhxLZWEd5JTV
3uYT8w1FxasDGmM4WDG5kXu6D9BGvyP3iEfPJEVb6ewT,Normie,BmFdpraQhkiDQE6SnfG5omcA1VwzqfXrwtNYBwWTymy6,,2,2,-139.568,-126.568,39,True,7Kd2EVt8KjQ9gFXwryk7s8f2DXokHNJhnMZJQD2P2fwi;CJKVNXiYHvZscctkyGEeDgUh3eFbDkrHAPkHHiXg3K7J
3uYT8w1FxasDGmM4WDG5kXu6D9BGvyP3iEfPJEVb6ewT,Normie,iGdFcQoyR2MwbXMHQskhmNsqddZ6rinsipHc4TNSdwu,Bybit Wallet 10,2,2,-139.568,-132.568,90,True,C91MaxcQB3GNGasATQqN5ivQDDtHFa5bupGv9HrEx9qS;DU12mVzvKa7n8L9uLZymJ1739Ww4gXfzpjWEckeXYAv8
3uYT8w1FxasDGmM4WDG5kXu6D9BGvyP3iEfPJEVb6ewT,Normie,Dv34prGm2BT7Ph2n6qKLgzeLgjnii87RJJ7Db6ZQQvKM,,2,2,-132.568,-128.568,20,True,5eEAz1TBVdQjBJ9VhqEvLfjmceUGere6TDCaJN2ULGMK;DpoKyp1zYAsiXgtFxqhWiXAG5Jqd2FFqoAZFTLtnBssB
3uYT8w1FxasDGmM4WDG5kXu6D9BGvyP3iEfPJEVb6ewT,Normie,AgmLJBMDCqWynYnQiPCuj9ewsNNsBJXyzoUhD9LJzN51,,2,2,-119.568,-119.568,32,True,DfpYscAxsb5HgMSMPFhatBD3bUoNY82xgxToTs5hkD6s;GqQsAUxi9WQPXG5wt8UyVgLsyCc6z7n5tVcVKyX683YH
BmU6YJP2YCAo8sc2dkeR8KjvF3rGFBHZL25ejysppump,PAIRLESS,ASTyfSima4LLAdDgoFGkgqoKowG1LZFDr9fAQrg7iaJZ,,2,2,-280.732,-280.732,37,True,3H1WByPTNVepWbWhXuQEW5156qiQCWp3saPkpwpzfnYs;7GPgfyK7YR1AJWL76Wi3snaVnUFc57vJ2xpRWoLh8czn
47r9YPDeTVpwHjAakoVgnzNTJRChXC8f4KSUqMbEsBbM,PLAN,ASTyfSima4LLAdDgoFGkgqoKowG1LZFDr9fAQrg7iaJZ,,2,2,-132.809,-132.809,37,True,6YC4BiqyxYku1g6VE33Me2b8ZuXdcArkt1RAYsLz6erL;CzfQQ3QbCMJR6kvQLy53AnGUW7g66GDenGbxDLhg6DRT
47r9YPDeTVpwHjAakoVgnzNTJRChXC8f4KSUqMbEsBbM,PLAN,H7sWT7eP83vkim7Gp81qsPwQzuzJK3E6Ps9KLbUezoCc,,2,2,-129.809,-128.809,11,True,8xdRQ9VGqwzT4AYgbRB6ZNMFaJQ6rr1nFGLop5BiM8z;FrTyWk5uN5pGM6NdEA7nVYiBDLBdzBFcQi99Y83ivHbB
47r9YPDeTVpwHjAakoVgnzNTJRChXC8f4KSUqMbEsBbM,PLAN,F7p3dFrjRTbtRp8FRF6qHLomXbKRBzpvBLjtQcfcgmNe,,2,2,-123.809,-113.809,40,True,3M98sxejUULqwoxmA3YncaTvTkXjX7jNxePYwPVnpinh;F1QpddGVMnwzhj7HxbfGMRpvuLPmQjRRTQVzNhMMhUJj
47r9YPDeTVpwHjAakoVgnzNTJRChXC8f4KSUqMbEsBbM,PLAN,FWznbcNXWQuHTawe9RxvQ2LdCENssh12dsznf4RiouN5,,2,2,-106.809,-106.809,18,True,CtypBtuREmcupYzfA7Y8afwQtorMRc5HBkbE3qhwroNr;Hh2yn37jiXuwCM4nkvAZPbc8CjL6j32Ho38giC1y2PzL
B3xU49SW3khA7m5Lgata2fmPxZeQRuaJbCruPsVDpump,POKE,iGdFcQoyR2MwbXMHQskhmNsqddZ6rinsipHc4TNSdwu,Bybit Wallet 10,2,2,-364.373,-362.373,90,True,AUrkH8jWtG7our71fSYqCp524BAJuf5Tampe267wfyFA;EQUiJsxnuQVj11s6JFcXowgJLMW32UZimpNgkrgSy25N
B3xU49SW3khA7m5Lgata2fmPxZeQRuaJbCruPsVDpump,POKE,FpfsHusKvqc9LhupVPB1R67HuCiWDKrZMN4SJitrMdTj,,2,2,-363.373,-360.373,48,True,3N1KKNyjKBxmRN66zF2jZwdtLaR8D3zXcAgKvuuFAdiS;5nsDhZRGdxtWFDdBbexvYUEh59EeFKpsRCH75mRkywjn
B3xU49SW3khA7m5Lgata2fmPxZeQRuaJbCruPsVDpump,POKE,BThY85WeRSHgwuuj2SPFN4MAzBdc3Mcs5VDwQPe2EtSJ,,2,2,-362.373,-362.373,6,True,5st7H8QtPEVfovSwLmdJDjbUAQivVZJGzbHCir6dZxGc;6KR7SorsUQtNH6CB6JpAnWCAKeTysa95iyXeWihdNeGT
B3xU49SW3khA7m5Lgata2fmPxZeQRuaJbCruPsVDpump,POKE,5tzFkiKscXHK5ZXCGbXZxdw7gTjjD1mBwuoFbhUvuAi9,Binance-linked service wallet,2,2,-362.373,-362.373,94,True,GupA29Tt9Hnr9YztwDTwbwvVyfev3wTLsdqm5LeuxFAA;Hn9B5qcoHAQZg6YsjT6twgugzw1YTNF9qahC1n7UKBao
BUPNYwndVGfzVb6RG6q2PX53VdAimw2Mi98QxqeWpump,POOP,Hq3n2r7hZWUXCxUpqxzZiAh1Yt9dfvUyLj1sebXqFAe1,,2,2,-981.54,-981.54,10,True,EqgpVyzFTpuDTDmsSi9a8t5WXoAwfXxvBKBdLeXTyr4w;HZDX7xyAqe8XFNr8KyzFSNutmfW5TFRFp9RKSfzdKz6f
BUPNYwndVGfzVb6RG6q2PX53VdAimw2Mi98QxqeWpump,POOP,3F2uT3Yo4AqRi3KnDDjSRq4uSS5xo1DKfurYrLPkXd7G,,2,2,-981.54,-980.54,29,True,696969Y6orZEjp4gZtwcCZS7TNVuhMVE6G5mFvdJ4mYq;nya666pQkP3PzWxi7JngU3rRMHuc7zbLK8c8wxQ4qpT
BUPNYwndVGfzVb6RG6q2PX53VdAimw2Mi98QxqeWpump,POOP,iGdFcQoyR2MwbXMHQskhmNsqddZ6rinsipHc4TNSdwu,Bybit Wallet 10,2,2,-979.54,-979.54,90,True,AUrkH8jWtG7our71fSYqCp524BAJuf5Tampe267wfyFA;EQUiJsxnuQVj11s6JFcXowgJLMW32UZimpNgkrgSy25N
xeKm1qmxyHLJZLdwKpsZdx5UFtYyb124GTWRZWypump,PUMPFOLIO,iGdFcQoyR2MwbXMHQskhmNsqddZ6rinsipHc4TNSdwu,Bybit Wallet 10,2,2,-190.771,-188.771,90,True,AUrkH8jWtG7our71fSYqCp524BAJuf5Tampe267wfyFA;GsPQaUZicUdSzD3JDTLbf29Xtn9CcyFKSWqAiWwTmF2s
9mqJNDG2squcqZt2zC7cWWNtVozUbQUnzVnP1jG6pump,Pearl,iGdFcQoyR2MwbXMHQskhmNsqddZ6rinsipHc4TNSdwu,Bybit Wallet 10,2,2,-271.263,-269.263,90,True,ADkquSiH1zS6LmGoJxzwE6x44gpE6S3KWLALqNc3sTDs;EQUiJsxnuQVj11s6JFcXowgJLMW32UZimpNgkrgSy25N
2iSB473Z7L2ndpWs3n22tb7H3KSGpswDTH3jP7qCCAZT,Pochi,is6MTRHEgyFLNTfYcuV4QBWLjrZBfmhVNYR6ccgr8KV,,2,2,-1181.962,-1172.962,42,True,4cTuSjRoxbqdiN1UcfnMtVUQtB6DSRDVtcCZUXLEhZbr;GeUNKi35GxZeRDrEZmmhC5hsUJn1tGjJzsnv11qkHRL5
2iSB473Z7L2ndpWs3n22tb7H3KSGpswDTH3jP7qCCAZT,Pochi,9obNtb5GyUegcs3a1CbBkLuc5hEWynWfJC6gjz5uWQkE,,2,2,-1181.962,-1179.962,17,True,7qgdSnxiyVGXKWxNiLuRf9cmfKqMLS3M7e9YFgJUPecA;Dop8sxsJqy3cfdWgmwjhLTGhSRkm7z6XN7C6gQmNPrDX
F59cEB3A7RAKHGtkvR577swnPSP6EsdaBoL5AcVZpump,RALPHIE,AobVSwdW9BbpMdJvTqeCN4hPAmh4rHm7vwLnQ5ATSyrS,,2,2,-2263.922,-2262.922,20,True,owoJY4E7X5j3QxAXeGsk6g6iD36MkSuhshq8BwGQh6B;uwuRcFYRfvr31mpnxbYZFJnnRNSn9kc3RNnPXE3Nxn3
7271ZR6GBzaGqdtP28ZqZ5BKRt2ziu4AnPnVCAL7pump,Rentosertib,ASTyfSima4LLAdDgoFGkgqoKowG1LZFDr9fAQrg7iaJZ,,2,2,-1159.671,-1154.671,37,True,4Bz5ZrF2YNwZMYa3JAgukAxe3v8hytuYobdgxgHaVbzB;EoUPdmrcLvio9fc4iLGY32uJVRydvntoz2EMJuELqVQz
7271ZR6GBzaGqdtP28ZqZ5BKRt2ziu4AnPnVCAL7pump,Rentosertib,FpfsHusKvqc9LhupVPB1R67HuCiWDKrZMN4SJitrMdTj,,2,2,-1158.671,-1156.671,48,True,3N1KKNyjKBxmRN66zF2jZwdtLaR8D3zXcAgKvuuFAdiS;5nsDhZRGdxtWFDdBbexvYUEh59EeFKpsRCH75mRkywjn
7271ZR6GBzaGqdtP28ZqZ5BKRt2ziu4AnPnVCAL7pump,Rentosertib,AxiomRXZAq1Jgjj9pHmNqVP7Lhu67wLXZJZbaK87TTSk,Axiom trading infrastructure,2,2,-1158.671,-1158.671,27,True,8CvFWU1Hfmy7HkS7eWG2x8EMtQxAzCr7KcukKwspGFwB;JAunzNqs3bVBcWDjDxfq9rgLzJMCadNXoaCgfzLGMtYs
7271ZR6GBzaGqdtP28ZqZ5BKRt2ziu4AnPnVCAL7pump,Rentosertib,Biw4eeaiYYYq6xSqEd7GzdwsrrndxA8mqdxfAtG3PTUU,,2,2,-1156.671,-1156.671,34,True,CcGUSWpKPyeRUseWnDHQMMjAmcy32WL27GbCUnHwABxY;HX3MjY4Ap3wwwrndXEmwAhQwQ6bZCmP9XbdvR2b1RKvw
3f8CKfznVUGrFfhcq8ZBY9M1xyDeEQGrh6iH372h3ebN,Rowdy,46Zk9VL676HwJTMWrhFTxLdFeP1oL4vsCwRnK9g2HMbj,,2,2,-77.883,-74.883,19,True,AmwJToZR4YkawNquDbiUHbZnC2Myq1CLRRryUQ9FBf89;DFFXHcmTgdBe5NPVXryoarPc4KYGNM3zWQ5K1PhPZccn
3f8CKfznVUGrFfhcq8ZBY9M1xyDeEQGrh6iH372h3ebN,Rowdy,F7p3dFrjRTbtRp8FRF6qHLomXbKRBzpvBLjtQcfcgmNe,,2,2,-76.883,-76.883,40,True,EDGEKeUNA3b7L5F9BcoyvptqHAKSLi9c5JxHwFKvuNLc;EzfH6Hw5KpTBvqMpkpNvdhdhhvqvuvtNjp7ot2c3YVoM
BE5ciZmcADAX78u2a1GrFiPMPC3rNXtdPGUrhzWB4k5d,SI,is6MTRHEgyFLNTfYcuV4QBWLjrZBfmhVNYR6ccgr8KV,,2,2,-83.421,-77.421,42,True,9h4ZhNbYMYdBwkMEMgphcn4jz3ugmksjXUJvwPQvG3d4;BxyYZc1t4g4vLD4nrNZL2EGbjzweh7q8MXspXenzGNjL
BE5ciZmcADAX78u2a1GrFiPMPC3rNXtdPGUrhzWB4k5d,SI,6LY1JzAFVZsP2a2xKrtU6znQMQ5h4i7tocWdgrkZzkzF,,2,2,-77.421,-50.421,46,True,7W8SEZv79hk4445o56Fd6RzhbUsozkzGXi8vkc7vNRr8;DQq7fYUNJA1Ra4iHiALZ3M1Ak4kYVhe6rejobeZyBLhg
BE5ciZmcADAX78u2a1GrFiPMPC3rNXtdPGUrhzWB4k5d,SI,ASTyfSima4LLAdDgoFGkgqoKowG1LZFDr9fAQrg7iaJZ,,2,2,-76.421,-71.421,37,True,2UApR3k1A9V2hbAyWi2VYscTDFxq2AJqXQdq71eo7wdL;6QQPptmFk1T8QhE734kidWP9FjYcBqL2zdMVHc3vhYRM
4n32UBFWKJNPQayeN25GrLJHswbja41XFMxebcg9pump,SLOP,D89hHJT5Aqyx1trP6EnGY9jJUB3whgnq3aUvvCqedvzf,,2,2,-905.717,-862.717,21,True,8UN881KsS33fQJnEtC2B1XDMWQzvJBiAqfLsKzr5g67;BQZwsNhExqercZ7czXYSLC7jjz8m1HmWdndZJ6XSSci1
4n32UBFWKJNPQayeN25GrLJHswbja41XFMxebcg9pump,SLOP,AgmLJBMDCqWynYnQiPCuj9ewsNNsBJXyzoUhD9LJzN51,,2,2,-863.717,-863.717,32,True,49uoiBfP9tVEecCeeLaj7CgpoX2JUoSbB1VzANK8Wjku;7nVJfkqn1bfPauvg6hkohzxcEuUirCeriUde7SMa857q
4sjtHGeAKP6DoMUdvFqQuiYKhhPpwa9XCxUyuFD2pump,SPEEDRUN,u6PJ8DtQuPFnfmwHbGFULQ4u4EgjDiyYKjVEsynXq2w,,2,2,-857.163,-857.163,27,True,ARrLBkVpnNuBWeYMArv9C2steocFXouQuVLVRXFiTwim;ATXoAMRYf1HDxQz5NTYRCHA8QeZ8yv3MaRYiMsTRWmvW
G9r7nnHSgvb7LUfCE8kavRaKokEMMYBjVHGKvQ6dpump,Somalia,2ccgxuZv5NEngCwWqj6zjwxHWVc8RDwXgMUfUnmpTYHQ,,2,2,-859.285,-854.285,15,True,2mqrindMAjJEQPLhroYWyiYPo5h9iAsahfdd4QtsjwdY;AWrTFnoSjCbJ4KhTzCQsjHwWrCt8jhXNKQubjdT1ENWw
ASftCNtzPNmK3nMDvpQNvpLauKS45Vkq7kwTPutqUBL1,TIMUR,6LY1JzAFVZsP2a2xKrtU6znQMQ5h4i7tocWdgrkZzkzF,,2,2,-634.368,-633.368,46,True,8XEsovzLjQQZWMTj2xPsJeVRKcztQmnAQTqiZyDnkhFa;DF9MXmawYzbqskNxL1wTSYRcG2Gv25pqvVxVKD4kvkM4
ASftCNtzPNmK3nMDvpQNvpLauKS45Vkq7kwTPutqUBL1,TIMUR,9obNtb5GyUegcs3a1CbBkLuc5hEWynWfJC6gjz5uWQkE,,2,2,-634.368,-631.368,17,True,9QTHeFTWysTe4NEriJoQSbMP7enGFGKKUkrD4JJUFDxx;Dop8sxsJqy3cfdWgmwjhLTGhSRkm7z6XN7C6gQmNPrDX
ASftCNtzPNmK3nMDvpQNvpLauKS45Vkq7kwTPutqUBL1,TIMUR,791eGAi3H3KjFPq9Fg9nwLk46UxYACcPGLJKtAzvx87Y,,2,2,-632.368,-632.368,15,True,31G1ryWxXJ48yFW3rN3mm9Yr82mxmXnYdfU8qv3W6rwM;6gf1zR5niLW2d5pRu3mf5xeF7Whkt37THtwMU5J9m7Nh
ASftCNtzPNmK3nMDvpQNvpLauKS45Vkq7kwTPutqUBL1,TIMUR,iGdFcQoyR2MwbXMHQskhmNsqddZ6rinsipHc4TNSdwu,Bybit Wallet 10,2,2,-631.368,-631.368,90,True,7rzHb25KeVs1WeeSaRHTouJWiCiSJKkxE14DvYCNkw3k;HNwEoMmVS3rSNWLT4omZ4D7VqNpD9TaDy2yN3MTpEm9H
DTm66ivA96mhuQnqTy1cv7uELS4MHdYtpbRGJdW9t7Fn,TOLY,D89hHJT5Aqyx1trP6EnGY9jJUB3whgnq3aUvvCqedvzf,,2,2,-219.504,-219.504,21,True,3H79ieQ7Xfp1nDAbUksbZHWwXzrbN6aU83zpik5yWjMY;AinuuzwUfyDn6a4JgvMUNprvUE3rEKebxaut8Uq8rZuw
6wSQipxdE9Suf8tVNaCEbcqavUbLT7gL9tibpm3Jpump,WARRIORS,AxiomRXZAq1Jgjj9pHmNqVP7Lhu67wLXZJZbaK87TTSk,Axiom trading infrastructure,2,2,-217.688,-210.688,27,True,9EGHsVudYNbG2tif5bgVbSgG86WbymuV3cDhqzYm2DaX;ABXymn9N4hEeLDjZmdrofgHYqWyCjsRXYjmgH78pz7J7
5o9sE9FEVC12zWBd2zqPXAhoVyRiNjGfaYX6hS3Ppump,WATCHING,u6PJ8DtQuPFnfmwHbGFULQ4u4EgjDiyYKjVEsynXq2w,,2,2,-299.573,-299.573,27,True,7NmDowR2Awy4sVVfejDiD1joZee91Do3Y2ACQxSWSq4B;AEYXnDo7zKJ9xe9qJMwZQpRBxWUcrppDnur1mozP5bvU
8G7aM6Gco4fHjVpmVvUdVvhKMKaWXJEqkCKRvPdepump,WIF,6LY1JzAFVZsP2a2xKrtU6znQMQ5h4i7tocWdgrkZzkzF,,2,2,-1580.498,-1571.498,46,True,4mep8q5BZRS3GA47F5RNeZZLCBS5gTipK5C8hpNHXohJ;8VQQS2o4vSroS8ygthQAWfsAkPW3iSFvieuUMxk43oP4
8G7aM6Gco4fHjVpmVvUdVvhKMKaWXJEqkCKRvPdepump,WIF,is6MTRHEgyFLNTfYcuV4QBWLjrZBfmhVNYR6ccgr8KV,,2,2,-1564.498,-1564.498,42,True,3aEoBZFwEPB6LeSixoWucBWXFpjRxTESi4vkssZHB6JU;97jv9pjCf5D7VUZEyj6XnXBC5JF23Vsagc3bvSF6GRmL
8G7aM6Gco4fHjVpmVvUdVvhKMKaWXJEqkCKRvPdepump,WIF,5F1seMKUqSNhv45f6FhB2cFmgJbk8U1avJw7M6TexUq1,,2,2,-1534.498,-1524.498,19,True,78VhHpvjkdFhApQoC39BceYdp5DnZPwMm65aVBcZQhdR;HTqRjuJgHsoD76xynMGikEnuR3PH9x4SPL7HFuWgKra9
44s336LDz8bXp4rpxy1qwUfysZ4THjpReQWTKQg7pump,Wen,791eGAi3H3KjFPq9Fg9nwLk46UxYACcPGLJKtAzvx87Y,,2,2,-247.219,-247.219,15,True,5NcYy4m1mwauMqiLfd476f44qvjdajrUFqhcEvo5yjRJ;6reqxKknYCpUhRzqDBXyYJLCK36A1uThyYy5p1CQ2BLq
EHUzmwAzmUix7TkwVr7b16U9ChJDr3RpjfXshR5swy5j,bid,FpfsHusKvqc9LhupVPB1R67HuCiWDKrZMN4SJitrMdTj,,2,2,-225.101,-225.101,48,True,9A7um9R3So5a9ZgiE8H4DmrcSPhLeA18u1VbsUUKjS5A;CFt926D6bJSFKFt34VJDTAqrPRMLQJVLA5vP1oeL3GTt
9hAojtonqe4RUQarvUYZhFqC99VK1S3LCewYkSjnpump,bundloor,u6PJ8DtQuPFnfmwHbGFULQ4u4EgjDiyYKjVEsynXq2w,,2,2,-191.927,-189.927,27,True,EN33SAApB3YV6SU5qAW1wmnw7z3bTgr1j84vVFdhMyWn;H68L2qDzU2xvEWcwFtHQgdPseRvh7L8R6F7SSSiRG2LT
9hAojtonqe4RUQarvUYZhFqC99VK1S3LCewYkSjnpump,bundloor,BmFdpraQhkiDQE6SnfG5omcA1VwzqfXrwtNYBwWTymy6,,2,2,-188.927,-174.927,39,True,41pXqh3C8DNYc5GBmwX3jAuyZ6ZrNR2Pqgq5SgTNQQzS;HS8hsAj6THJLjt7wYr9SsFdBxkh6A1XgrAAp48ijfWDC
2BucyGvsg9wwTwsaFsEUFgdphrCtp94pDRtHowJUpump,casino,ASTyfSima4LLAdDgoFGkgqoKowG1LZFDr9fAQrg7iaJZ,,2,2,-920.887,-920.887,37,True,3bTYzG94soZcUPD3qX3JGv6AY5Vp1dhGi9GxorbbzH7s;8ZatX3uYfVxH1emrDQd3erxwGsX8tdrqxH1mHiKh3GCw
2BucyGvsg9wwTwsaFsEUFgdphrCtp94pDRtHowJUpump,casino,is6MTRHEgyFLNTfYcuV4QBWLjrZBfmhVNYR6ccgr8KV,,2,2,-919.887,-918.887,42,True,6fKGtgUw3kfEG3cxEGBN4RrwybvBv35zY49iCjwQfyka;E418ruAsgQuuRFdpYQAJEjnq7Y1sXTKBmRiMSPwwRcm3
2BucyGvsg9wwTwsaFsEUFgdphrCtp94pDRtHowJUpump,casino,Dv34prGm2BT7Ph2n6qKLgzeLgjnii87RJJ7Db6ZQQvKM,,2,2,-918.887,-916.887,20,True,4HhhXDn3NAk3uG742PP9WSAyQ7vMsvVfNqxwZL59jWcZ;whnoBYfWVkEfvN8Sd8TgU6mAJFUKPvNmnKhBcZTFbro
2BucyGvsg9wwTwsaFsEUFgdphrCtp94pDRtHowJUpump,casino,Biw4eeaiYYYq6xSqEd7GzdwsrrndxA8mqdxfAtG3PTUU,,2,2,-917.887,-916.887,34,True,BQF5jTmkBpnuYVe47VhTJGVJXyzxsq5smaxA3VTGqMgD;HwaGu4jQuKPy6KVq3nEX6J7SNCwhxjyGgFVYvwgQUBx8
2BucyGvsg9wwTwsaFsEUFgdphrCtp94pDRtHowJUpump,casino,iGdFcQoyR2MwbXMHQskhmNsqddZ6rinsipHc4TNSdwu,Bybit Wallet 10,2,2,-916.887,-916.887,90,True,9FeRS4nh8T2HHFuRspqYTVqptLTHETCPQgoQ538KLjts;AUrkH8jWtG7our71fSYqCp524BAJuf5Tampe267wfyFA
6sFMbTF2VTzutzKekenJujFZBqb4TiBZJKfyLMUbpump,cat,u6PJ8DtQuPFnfmwHbGFULQ4u4EgjDiyYKjVEsynXq2w,,2,2,-340.477,-336.477,27,True,43k1JRFxyVEkP6uhQDBxgPLzr2iC7UQUpoqZCcAT3Xve;7NmDowR2Awy4sVVfejDiD1joZee91Do3Y2ACQxSWSq4B
6sFMbTF2VTzutzKekenJujFZBqb4TiBZJKfyLMUbpump,cat,2AQdpHJ2JpcEgPiATUXjQxA8QmafFegfQwSLWSprPicm,,2,2,-336.477,-336.477,16,True,Cz7EZ2s7mwbdHCx7KPjLbhR13RRkKxNW5cBoigzSR31i;ardinRsN1mNYVeoJWTBsWeYeXvuR9UUDGMsCDKpb6AT
CSLP8Vp7u9hrXQi7crPXqCp7BaJaG4JrNxqvR3jDpump,chimp,8mowmVCEewZ9W2cEaQyQeQEeSxhGr1hvRviLwozwNtBt,,2,2,-241.192,-241.192,24,True,CbwDU5BgrFV2TfsHeVtftbibnCJfTugFnYQvkDhQ6v2p;GHBPiPkFr5YYMNVneDDWZ4AMUqkCBs2K7KjJtAX9bGMk
CSLP8Vp7u9hrXQi7crPXqCp7BaJaG4JrNxqvR3jDpump,chimp,AaZkwhkiDStDcgrU37XAj9fpNLrD8Erz5PNkdm4k5hjy,,2,2,-238.192,-235.192,12,True,DxvnLKDCZxHTTAiBVNBmKcsywJz9AQrKDRhLRuRtkn6S;J4hrKzU3oNwmAk1L93woL2qVW2uAkZ3XQpx52WnAQupw
8qT3o4k4aUmyLrgd7hHYmVxin3kFhQ9QsXdSXTP6pump,cwoin,AxiomRXZAq1Jgjj9pHmNqVP7Lhu67wLXZJZbaK87TTSk,Axiom trading infrastructure,2,2,-263.146,-254.146,27,True,2DcYQBjFps6F7sY4gJgsVzuzM7VSrUnC7JQS6dWcaU35;5pbJtTuu5qmSkG2i4aKn9qAVQR5rPJWWonJM5R9qoyZs
8qT3o4k4aUmyLrgd7hHYmVxin3kFhQ9QsXdSXTP6pump,cwoin,ASTyfSima4LLAdDgoFGkgqoKowG1LZFDr9fAQrg7iaJZ,,2,2,-256.146,-256.146,37,True,CNMbjihxUkGhwrHmpFNh4ixSdERNHfZtUQ8TA95ZXXZr;GDC4QSVZiaZBCKkm89vWPfTgJDvNTu8nCK4o2d9ZwPfX
8qT3o4k4aUmyLrgd7hHYmVxin3kFhQ9QsXdSXTP6pump,cwoin,FWznbcNXWQuHTawe9RxvQ2LdCENssh12dsznf4RiouN5,,2,2,-252.146,-252.146,18,True,DpGxaoQzvNnZsJaHWRrFXsPfiuZj6UdZ1om6eMJ3T4Cz;Hh2yn37jiXuwCM4nkvAZPbc8CjL6j32Ho38giC1y2PzL
5EZ7yagvcsHcwH3e17khLwGzhFrCsx7CKS7ZN6J6i4Lh,dabcat,F7p3dFrjRTbtRp8FRF6qHLomXbKRBzpvBLjtQcfcgmNe,,2,2,-686.206,-683.206,40,True,8oq9LQS3Eqy7Gr9ehKxVjgmNHYEaVHM3gh5aBa6pC2m5;EDGEKeUNA3b7L5F9BcoyvptqHAKSLi9c5JxHwFKvuNLc
omskHvyNvQSn3PFak3E8JHQJeSVJFsrc6izWT12pump,feecat,FpfsHusKvqc9LhupVPB1R67HuCiWDKrZMN4SJitrMdTj,,2,2,-215.101,-214.101,48,True,9A7um9R3So5a9ZgiE8H4DmrcSPhLeA18u1VbsUUKjS5A;CFt926D6bJSFKFt34VJDTAqrPRMLQJVLA5vP1oeL3GTt
omskHvyNvQSn3PFak3E8JHQJeSVJFsrc6izWT12pump,feecat,iGdFcQoyR2MwbXMHQskhmNsqddZ6rinsipHc4TNSdwu,Bybit Wallet 10,2,2,-213.101,-213.101,90,True,7vYTofeWUzF2Cxent3RFp5tQedWkiCARz2o67wUxsqi9;AUrkH8jWtG7our71fSYqCp524BAJuf5Tampe267wfyFA
omskHvyNvQSn3PFak3E8JHQJeSVJFsrc6izWT12pump,feecat,6ED9YuJXMRjUCEYWQGbbsy8fXW9ae9WtpDHYGEoKstjV,,2,2,-213.101,-213.101,16,True,84UBp52FJZ5xwD5sGUqddzujNUUUAjNzNtLBfVeLXW84;EEHcVr9tk4wU58ctyKkDbmRhRv9aH4S1RH41TEB3zsA5
55bKo8bj1YVEgsbwkkd4Nwu7JhaZF9trUgbvpZ3YeVCA,goldfish,iGdFcQoyR2MwbXMHQskhmNsqddZ6rinsipHc4TNSdwu,Bybit Wallet 10,2,2,-240.452,-238.452,90,True,7rzHb25KeVs1WeeSaRHTouJWiCiSJKkxE14DvYCNkw3k;HNwEoMmVS3rSNWLT4omZ4D7VqNpD9TaDy2yN3MTpEm9H
EkTkjVEfhvgkoCwheMTnr8mhEmJ6Q7ZR8q7ZMCcnpump,groinbase,iGdFcQoyR2MwbXMHQskhmNsqddZ6rinsipHc4TNSdwu,Bybit Wallet 10,2,2,-163.321,-159.321,90,True,AUrkH8jWtG7our71fSYqCp524BAJuf5Tampe267wfyFA;EQUiJsxnuQVj11s6JFcXowgJLMW32UZimpNgkrgSy25N
EkTkjVEfhvgkoCwheMTnr8mhEmJ6Q7ZR8q7ZMCcnpump,groinbase,ASTyfSima4LLAdDgoFGkgqoKowG1LZFDr9fAQrg7iaJZ,,2,2,-156.321,-156.321,37,True,CNMbjihxUkGhwrHmpFNh4ixSdERNHfZtUQ8TA95ZXXZr;GDC4QSVZiaZBCKkm89vWPfTgJDvNTu8nCK4o2d9ZwPfX
EkTkjVEfhvgkoCwheMTnr8mhEmJ6Q7ZR8q7ZMCcnpump,groinbase,AgmLJBMDCqWynYnQiPCuj9ewsNNsBJXyzoUhD9LJzN51,,2,2,-154.321,-154.321,32,True,EFQnkxHqZM8WbN8asBvqXfrEgpBAhjYYVGcnQPxjvoqk;mijoqwcG5bSLrGbWiiNeB5xsXKyA5U7pcMeqAEit1gH
7xXo3JYBqzh6D91XRppzFRLfw8wJHypeukGaNWwKgZ8m,happiness,AgmLJBMDCqWynYnQiPCuj9ewsNNsBJXyzoUhD9LJzN51,,2,2,-617.047,-617.047,32,True,6EMbd4vMV7TgnhoR1YE5xdzvUA2nsDNWr2ZcfKsZitSy;6uFmcnoYumMoXdgb5NdV7FiC5tSZyqHdgwr4qFaEy8Go
AbpJywMWmkf1MFonRddPVogSwPPZHB9pG4x2nKb1YaPn,hood,DPqsobysNf5iA9w7zrQM8HLzCKZEDMkZsWbiidsAt1xo,,2,2,-356.393,-356.393,12,True,CGAZ8ysbcmc6a14uYRqDJfnQvjRF4fVSZBYiTsZgRwcH;Q4J6vefnKFmg5gAxGwnhthk5sewKDpnC8YNLD7Lv9ng
AbpJywMWmkf1MFonRddPVogSwPPZHB9pG4x2nKb1YaPn,hood,GJRs4FwHtemZ5ZE9x3FNvJ8TMwitKTh21yxdRPqn7npE,,2,2,-355.393,-355.393,19,True,FzVQSzj8JJr6WMGqbUHzx2XH1KkrfxRrRPv6WcbbZmND;o7jxNLr78LQeGEJxh9KX6ExaqkZfBZiwLNAs3WcpdNg
H8oe2SCksJcYzhPeS4TsbteusgZW5k7QaZ4boKyq8C7U,quarantinu,Fhbh1DTUDKt6qu9zVg8Q5VgnZa1WWWbxBxG6pCoJoggA,,2,2,-403.488,-400.488,18,True,9dVSVwrUJfnFqRZ8ChaGExowQbxWBSRgQbtgEQecCkis;AsZT1iZwfJH2TZeEVu4X6a9HcQ14mnXdNfxqcXEaT2At
H8oe2SCksJcYzhPeS4TsbteusgZW5k7QaZ4boKyq8C7U,quarantinu,5F1seMKUqSNhv45f6FhB2cFmgJbk8U1avJw7M6TexUq1,,2,2,-383.488,-381.488,19,True,AiQBuxbtoMZgi9s3P58j8TTpukedbhxrx3dPR35pwDtC;BxxSLGP1SXsWFMvAD2Sae87ozLoTyxBJB477ajkkc6ey
DQ2H7qcj262RAKfSxGYeL7cYJq54mVdXe4gYxUwxpump,rollie,2ccgxuZv5NEngCwWqj6zjwxHWVc8RDwXgMUfUnmpTYHQ,,2,2,-150.42,-147.42,15,True,2mqrindMAjJEQPLhroYWyiYPo5h9iAsahfdd4QtsjwdY;AWrTFnoSjCbJ4KhTzCQsjHwWrCt8jhXNKQubjdT1ENWw
13V3CbY7Q7AXnf24FMsUaQrmLxnRU4Md9phDEWZvpump,rubenhood,5tzFkiKscXHK5ZXCGbXZxdw7gTjjD1mBwuoFbhUvuAi9,Binance-linked service wallet,2,2,-482.812,-475.812,94,True,99Xy6CWaX9Gi6jDs4Pju9UETZPGXFFDpG666V5D86d6w;GDQeTnqkyeLyRSjWaeFY5HsxaWoQmmXFc1N6wyuuHiQD
13V3CbY7Q7AXnf24FMsUaQrmLxnRU4Md9phDEWZvpump,rubenhood,iGdFcQoyR2MwbXMHQskhmNsqddZ6rinsipHc4TNSdwu,Bybit Wallet 10,2,2,-481.812,-478.812,90,True,AUrkH8jWtG7our71fSYqCp524BAJuf5Tampe267wfyFA;EQUiJsxnuQVj11s6JFcXowgJLMW32UZimpNgkrgSy25N
13V3CbY7Q7AXnf24FMsUaQrmLxnRU4Md9phDEWZvpump,rubenhood,FpfsHusKvqc9LhupVPB1R67HuCiWDKrZMN4SJitrMdTj,,2,2,-480.812,-480.812,48,True,3N1KKNyjKBxmRN66zF2jZwdtLaR8D3zXcAgKvuuFAdiS;9A7um9R3So5a9ZgiE8H4DmrcSPhLeA18u1VbsUUKjS5A
Er5RuNhTEwJH5dHv9c3YGATjgkLCETH4dKazntyWEtXY,spy,BmFdpraQhkiDQE6SnfG5omcA1VwzqfXrwtNYBwWTymy6,,2,2,-150.307,-150.307,39,True,4GjtX5WVWj7qYZnbWLxs2KbECc1HkjMuCenoQKhv9cod;5NNdXbt6iar5H8WXZcYzv1hRdiH5M9VDCvzKGwPYacLv
Er5RuNhTEwJH5dHv9c3YGATjgkLCETH4dKazntyWEtXY,spy,iGdFcQoyR2MwbXMHQskhmNsqddZ6rinsipHc4TNSdwu,Bybit Wallet 10,2,2,-143.307,-142.307,90,True,9HvLxQwEgnT7nfXctCVBRN6KdNkT2hsNtXBKV69yYiAr;CzVCe1D9CG7YhdKLn5525D7nfvf3H27XdAssQbGaFCjE
F41TwidZvJJcsx9c2BMwS6eH9W6HcUT4LzPmGvK9WU6N,つむぎ,FpwQQhQQoEaVu3WU2qZMfF1hx48YyfwsLoRgXG83E99Q,,2,2,-267.159,-121.159,18,True,EANGmhfRYdu8qEYPNGCmCEK2xbfbzjF89wteUUBapBEZ;acidPhLUevmiiz1WJV2Rc6SUdS8oyrhPayxMQ9hvNMJ
