wallet,wallet_role,mint,symbol,buy_timestamp,source,amount_sol,funding_timestamp,seconds_before_buy,funding_signature,source_event_count,source_tracked_wallet_count,source_funds_caller_and_hidden,direct_system_prefunding,direct_source_funds_caller_and_hidden
6yVb4pxNwDfr6rovwNnBg3SyKSvDcHGD4WdFPN1JJBqm,CALLER,25GrKYrc3y4LZmmuhppYgFRCKb7JyZ6grum4WhLYvA1z,DRAKE,2026-09-29T12:41:41Z,GKMJwv2AEWVcfFXUMtxokMYy5ADkjwJa89DtP8LzoA61,6.712831824,2026-09-29T12:10:01Z,1900,zsfJXKXccaJYujh8sbuarsYJHC7wQMaZfv2wpV2Ya5A2RfEV5j4BSTS6x4HhXPYJm6Fu1n863duHKx6H8YvSkxh,49,1,False,False,False
6yVb4pxNwDfr6rovwNnBg3SyKSvDcHGD4WdFPN1JJBqm,CALLER,25GrKYrc3y4LZmmuhppYgFRCKb7JyZ6grum4WhLYvA1z,DRAKE,2026-09-29T12:41:41Z,CLiXvfYSJtG5SJTCWyLvXKtDag9pJiA4vSWZGgSKP19X,5.578249102,2026-09-29T12:10:01Z,1900,65nYzaTSuFwoFqknU7npXaKgKVwfyWv2WLspT3NBxK5v2JzDmdP365wJiFhdZ6MiMg69teaoeoMqVVqkY7X6TjE7,17,1,False,False,False
6yVb4pxNwDfr6rovwNnBg3SyKSvDcHGD4WdFPN1JJBqm,CALLER,25GrKYrc3y4LZmmuhppYgFRCKb7JyZ6grum4WhLYvA1z,DRAKE,2026-09-29T12:41:41Z,1chdHBRNu9dB7E5McJKFDsbPvfpmANdmeR7BHavhi56,6.06384896,2026-09-29T12:10:01Z,1900,2CSCnmCjvMrURPAZwKFuf5Zb7juddfKUsj1qxSrD86uvd11HzDzt8tFWWUz9ij7ne37HhHSFT1X2j21Di1WCkRH7,16,1,False,False,False
6yVb4pxNwDfr6rovwNnBg3SyKSvDcHGD4WdFPN1JJBqm,CALLER,28HydoWU7TZQxWiVQxGZyspE3qgWdCHToNDVgLoNpump,Bert,2026-09-01T11:46:26Z,5Q544fKrFoe6tsEbD7S8EmxGTJYAKtTVhAW5Q5pge4j1,1.933867524,2026-08-31T12:26:13Z,84013,38qoaZ3KdMYd9Ck111BGG84wCKYLwfsmZu5TYsUck6kGCgbdgxTgvddVEhsX27pdoUWnVDb5Q2trcmwRzXiNZwj2,381,7,True,False,False
6yVb4pxNwDfr6rovwNnBg3SyKSvDcHGD4WdFPN1JJBqm,CALLER,28HydoWU7TZQxWiVQxGZyspE3qgWdCHToNDVgLoNpump,Bert,2026-09-01T11:46:26Z,Czfq3xZZDmsdGdUyrNLtRhGc47cXcZtLG4crryfu44zE,3.895113454,2026-08-31T12:45:45Z,82841,49bXgX6oXrfZLtXnCvb9JkhktnMwGzvgwiPop7CFmdAUQ4W9ydRctsLnbhKtHGuBtKsYZYuNGhm7pQ9QU72MRY9z,8,3,True,False,False
6yVb4pxNwDfr6rovwNnBg3SyKSvDcHGD4WdFPN1JJBqm,CALLER,28HydoWU7TZQxWiVQxGZyspE3qgWdCHToNDVgLoNpump,Bert,2026-09-01T11:46:26Z,5Q544fKrFoe6tsEbD7S8EmxGTJYAKtTVhAW5Q5pge4j1,1.447091769,2026-08-31T12:57:06Z,82160,2EJyVkqXuAu2uf7YVDZz2pHD8cUu5jUpBfXMgrD6zobAUf3LgYzsCWabpGPmq5kBsKzNFfCBEuZnjqUTnDYeXyFW,381,7,True,False,False
6yVb4pxNwDfr6rovwNnBg3SyKSvDcHGD4WdFPN1JJBqm,CALLER,28HydoWU7TZQxWiVQxGZyspE3qgWdCHToNDVgLoNpump,Bert,2026-09-01T11:46:26Z,5Q544fKrFoe6tsEbD7S8EmxGTJYAKtTVhAW5Q5pge4j1,0.29141441,2026-08-31T13:01:32Z,81894,wgLwiPYLhtNtZvVD2Qy3yWwXWrABfHgWgvjqaMarNgheKewdgVeVNbqvVLn1jwN2M8NRaqckEb5fCnwhSrHJnPo,381,7,True,False,False
6yVb4pxNwDfr6rovwNnBg3SyKSvDcHGD4WdFPN1JJBqm,CALLER,28HydoWU7TZQxWiVQxGZyspE3qgWdCHToNDVgLoNpump,Bert,2026-09-01T11:46:26Z,5Q544fKrFoe6tsEbD7S8EmxGTJYAKtTVhAW5Q5pge4j1,0.484964864,2026-08-31T13:04:00Z,81746,5NwuA5MqyVc2hCLwETKBf9tuBUsWwYW6cNYGQagU9gY6L9kNAgGS5v2kwaQbYVspbe3MZWxgdGCEm7DVdZjV1gj1,381,7,True,False,False
6yVb4pxNwDfr6rovwNnBg3SyKSvDcHGD4WdFPN1JJBqm,CALLER,28HydoWU7TZQxWiVQxGZyspE3qgWdCHToNDVgLoNpump,Bert,2026-09-01T11:46:26Z,5Q544fKrFoe6tsEbD7S8EmxGTJYAKtTVhAW5Q5pge4j1,1.424079166,2026-08-31T19:20:27Z,59159,h5Hs5e5GvjSWKxRggtq9P4X9EMbLkSN3nGTKyxEXikefoZ9qhhr4RWF1VkYMNiuDR9sLyvX2Bw12ET9EhtHDbXq,381,7,True,False,False
6yVb4pxNwDfr6rovwNnBg3SyKSvDcHGD4WdFPN1JJBqm,CALLER,28HydoWU7TZQxWiVQxGZyspE3qgWdCHToNDVgLoNpump,Bert,2026-09-01T11:46:26Z,5Q544fKrFoe6tsEbD7S8EmxGTJYAKtTVhAW5Q5pge4j1,0.47576882,2026-08-31T19:25:14Z,58872,NhPCents2AkfNNc5h1d6goibMZoifCwPUQ3w5QEdL4JF2YLMj4kGgF5nddd2aGnEQwxFhMRB1RZdXJTcSDabdBN,381,7,True,False,False
6yVb4pxNwDfr6rovwNnBg3SyKSvDcHGD4WdFPN1JJBqm,CALLER,28HydoWU7TZQxWiVQxGZyspE3qgWdCHToNDVgLoNpump,Bert,2026-09-01T11:46:26Z,5Q544fKrFoe6tsEbD7S8EmxGTJYAKtTVhAW5Q5pge4j1,0.475715664,2026-08-31T19:26:00Z,58826,51yCzvgSS56NKrfdxNjv5voHtuQrwT9XzV9xv4qq6bVsQXKHEMuk8xzDsV5ruTkng3hV4rnL9j5ehdrTMd8Sryes,381,7,True,False,False
6yVb4pxNwDfr6rovwNnBg3SyKSvDcHGD4WdFPN1JJBqm,CALLER,28HydoWU7TZQxWiVQxGZyspE3qgWdCHToNDVgLoNpump,Bert,2026-09-01T11:46:26Z,5Q544fKrFoe6tsEbD7S8EmxGTJYAKtTVhAW5Q5pge4j1,0.239079209,2026-08-31T19:28:49Z,58657,m8QKGs4PeyHBESTc5ges8wdBMgpGUvuWp8Y7j54bLAyDfqmXDpm3BP9JhhGgnUsrwBhVib99hWttWkxqMmHF2Q6,381,7,True,False,False
6yVb4pxNwDfr6rovwNnBg3SyKSvDcHGD4WdFPN1JJBqm,CALLER,28HydoWU7TZQxWiVQxGZyspE3qgWdCHToNDVgLoNpump,Bert,2026-09-01T11:46:26Z,5Q544fKrFoe6tsEbD7S8EmxGTJYAKtTVhAW5Q5pge4j1,0.239293887,2026-08-31T19:31:19Z,58507,4cS64pgA5QTU6zhP7WHr15cvWPAeqZpNh6knndnKnyntTcyYZMfi6Ji8hfT6wMvd1Gn1yGwnn4XAqimFmgXn6B3S,381,7,True,False,False
6yVb4pxNwDfr6rovwNnBg3SyKSvDcHGD4WdFPN1JJBqm,CALLER,28HydoWU7TZQxWiVQxGZyspE3qgWdCHToNDVgLoNpump,Bert,2026-09-01T11:46:26Z,5Q544fKrFoe6tsEbD7S8EmxGTJYAKtTVhAW5Q5pge4j1,0.095169298,2026-08-31T19:34:12Z,58334,3NN1V7Z7dSxmfn8bkGX1QLJg91Mj72zxqqNo1pXU7yT9k9Ff5geufT5GiJvnQV4aJQHijrENrjuihdTuW2ouTvty,381,7,True,False,False
6yVb4pxNwDfr6rovwNnBg3SyKSvDcHGD4WdFPN1JJBqm,CALLER,28HydoWU7TZQxWiVQxGZyspE3qgWdCHToNDVgLoNpump,Bert,2026-09-01T11:46:26Z,5Q544fKrFoe6tsEbD7S8EmxGTJYAKtTVhAW5Q5pge4j1,0.094997548,2026-08-31T19:35:11Z,58275,vLQG4B6nBy2Fcxvgn1fQQXihz6vipiorrkn9d4UAyp6ZdbvWfas7yFDj1JVALhatk64fN79B7sqjmoghvKhobJy,381,7,True,False,False
6yVb4pxNwDfr6rovwNnBg3SyKSvDcHGD4WdFPN1JJBqm,CALLER,28HydoWU7TZQxWiVQxGZyspE3qgWdCHToNDVgLoNpump,Bert,2026-09-01T11:46:26Z,5Q544fKrFoe6tsEbD7S8EmxGTJYAKtTVhAW5Q5pge4j1,0.476538623,2026-08-31T19:36:27Z,58199,5k2rHWcmRnA4RpNjz86HXi5GqRoAb1kUTvvSQYv14F3bXBLaLKfbEmV7aGhYoKpiW62z3o1Ktrn2fpwXn2ygK38g,381,7,True,False,False
6yVb4pxNwDfr6rovwNnBg3SyKSvDcHGD4WdFPN1JJBqm,CALLER,28HydoWU7TZQxWiVQxGZyspE3qgWdCHToNDVgLoNpump,Bert,2026-09-01T11:46:26Z,5Q544fKrFoe6tsEbD7S8EmxGTJYAKtTVhAW5Q5pge4j1,0.95388549,2026-08-31T19:37:48Z,58118,2zeRNuSQ4vmoFTmbkt2GxaCFLzHRK4oBfECU3qghJBfunPNeoN9Vtz3wFuCXUMzsmaq4R2Yq1hXMCGK9fMQinf8U,381,7,True,False,False
6yVb4pxNwDfr6rovwNnBg3SyKSvDcHGD4WdFPN1JJBqm,CALLER,28HydoWU7TZQxWiVQxGZyspE3qgWdCHToNDVgLoNpump,Bert,2026-09-01T11:46:26Z,5Q544fKrFoe6tsEbD7S8EmxGTJYAKtTVhAW5Q5pge4j1,0.47678716,2026-08-31T19:40:37Z,57949,4bX43JXvuN6S9cuFrKPCPT44S24rHGcEVmFPaYRwQkuTwXZkNiae3K5EdE3Vdjv7BuN9zoLYFyT4PWjbUPJ1VEF8,381,7,True,False,False
6yVb4pxNwDfr6rovwNnBg3SyKSvDcHGD4WdFPN1JJBqm,CALLER,28HydoWU7TZQxWiVQxGZyspE3qgWdCHToNDVgLoNpump,Bert,2026-09-01T11:46:26Z,5Q544fKrFoe6tsEbD7S8EmxGTJYAKtTVhAW5Q5pge4j1,0.966635693,2026-09-01T11:09:14Z,2232,27MwPL43AHho79GbB6cPEBinx3dLYA8Gejhm6fx6VWvLUGAvfqkRZc1XizyDCZVz2i9GW6v1JCjwSoJy4DZZhXEa,381,7,True,False,False
6yVb4pxNwDfr6rovwNnBg3SyKSvDcHGD4WdFPN1JJBqm,CALLER,28HydoWU7TZQxWiVQxGZyspE3qgWdCHToNDVgLoNpump,Bert,2026-09-01T11:46:26Z,5Q544fKrFoe6tsEbD7S8EmxGTJYAKtTVhAW5Q5pge4j1,0.482969733,2026-09-01T11:10:42Z,2144,2TGChsWaKcV33M9erhiFMET5D4a19QXumhg1swhDTmUsE7J8mp9Hfx36SPXFWLWFXB2CdAoa9LJ7J8isoQJ3cFK8,381,7,True,False,False
6yVb4pxNwDfr6rovwNnBg3SyKSvDcHGD4WdFPN1JJBqm,CALLER,28HydoWU7TZQxWiVQxGZyspE3qgWdCHToNDVgLoNpump,Bert,2026-09-01T11:46:26Z,5Q544fKrFoe6tsEbD7S8EmxGTJYAKtTVhAW5Q5pge4j1,0.965558756,2026-09-01T11:46:26Z,0,3ERSYM5E8jXF7DZqA9i2gYGYdLzHwc4jchhb6eX5tFWHFZZ4igwKUCbqdZRtHtzek5LUM4G4iHxUAZdXu4nfpj3L,381,7,True,False,False
6yVb4pxNwDfr6rovwNnBg3SyKSvDcHGD4WdFPN1JJBqm,CALLER,2Tiw1Tna3kAut868cjXuKoyrv8U8gi1YjTaXw7Czpump,vibedog,2026-09-15T16:33:29Z,5Q544fKrFoe6tsEbD7S8EmxGTJYAKtTVhAW5Q5pge4j1,3.99010573,2026-09-14T18:48:21Z,78308,2FhNr36cgyHXnmEhfXSoQrTGE957yY51ku4FoDusBQjqsbqRQpGLwWX8sxTgeNnLWKUbLa53u9Gau4VNtBLUpKRh,381,7,True,False,False
6yVb4pxNwDfr6rovwNnBg3SyKSvDcHGD4WdFPN1JJBqm,CALLER,2Tiw1Tna3kAut868cjXuKoyrv8U8gi1YjTaXw7Czpump,vibedog,2026-09-15T16:33:29Z,GP8StUXNYSZjPikyRsvkTbvRV1GBxMErb59cpeCJnDf1,0.106129538,2026-09-14T18:48:45Z,78284,f76B1qGnzxEX3hazJAqMB7fq2hMnciTgwDLCFgMyLE1rnVsq9XRXWMYCC8QPAWePzMdhTjt2GweWdm3gPfvrkUX,7,1,False,False,False
6yVb4pxNwDfr6rovwNnBg3SyKSvDcHGD4WdFPN1JJBqm,CALLER,2Tiw1Tna3kAut868cjXuKoyrv8U8gi1YjTaXw7Czpump,vibedog,2026-09-15T16:33:29Z,5Q544fKrFoe6tsEbD7S8EmxGTJYAKtTVhAW5Q5pge4j1,2.384581684,2026-09-14T19:04:30Z,77339,4zUjZ2nUh2r3sz1cbHgmG8E7QkGbW4YyyAfu323mEerB7bcuyUHQeiVyn9Zy1re2K3K2oKoJsSMC686JTUdFQC8t,381,7,True,False,False
6yVb4pxNwDfr6rovwNnBg3SyKSvDcHGD4WdFPN1JJBqm,CALLER,2Tiw1Tna3kAut868cjXuKoyrv8U8gi1YjTaXw7Czpump,vibedog,2026-09-15T16:33:29Z,7iWnBRRhBCiNXXPhqiGzvvBkKrvFSWqqmxRyu9VyYBxE,0.191420776,2026-09-14T19:13:47Z,76782,4njFNoSMqWLCG5RNyrEszrqXJg5mtTJ1G6mSaubpbsKopPncK5YyJ4kANbUZAjzARGjAfbJhzD8dHSXdxzkWYbuq,4,1,False,False,False
6yVb4pxNwDfr6rovwNnBg3SyKSvDcHGD4WdFPN1JJBqm,CALLER,2Tiw1Tna3kAut868cjXuKoyrv8U8gi1YjTaXw7Czpump,vibedog,2026-09-15T16:33:29Z,5Q544fKrFoe6tsEbD7S8EmxGTJYAKtTVhAW5Q5pge4j1,3.231528756,2026-09-14T19:25:03Z,76106,4pP3nZkyLDp1HxVq9iq6BRKp34PKknZF1qmWWsc6nCckQj1DLSgUq6YQu6nPZXLbSNYGB22QRA2bvJmTciBWpXat,381,7,True,False,False
6yVb4pxNwDfr6rovwNnBg3SyKSvDcHGD4WdFPN1JJBqm,CALLER,2Tiw1Tna3kAut868cjXuKoyrv8U8gi1YjTaXw7Czpump,vibedog,2026-09-15T16:33:29Z,5Q544fKrFoe6tsEbD7S8EmxGTJYAKtTVhAW5Q5pge4j1,3.749150276,2026-09-15T09:06:09Z,26840,3kkapSHqgiEAjrqPJnBMX23v9CU6KQUsHLWfEjG2YKjofnAWLfZ1r6kvUbR3DgLaovxQ7NQFAasGvgV8hY1gV7Cc,381,7,True,False,False
6yVb4pxNwDfr6rovwNnBg3SyKSvDcHGD4WdFPN1JJBqm,CALLER,2Tiw1Tna3kAut868cjXuKoyrv8U8gi1YjTaXw7Czpump,vibedog,2026-09-15T16:33:29Z,5Q544fKrFoe6tsEbD7S8EmxGTJYAKtTVhAW5Q5pge4j1,2.331184595,2026-09-15T09:27:33Z,25556,5mNCXHanGq72A6iGSzLSwkYTWpqDwbB6PKMA5ziiNa1d8qWB82j3osNJkXKwAYpqjqGCSUooBXyHMUnKXCtt8svQ,381,7,True,False,False
6yVb4pxNwDfr6rovwNnBg3SyKSvDcHGD4WdFPN1JJBqm,CALLER,2Tiw1Tna3kAut868cjXuKoyrv8U8gi1YjTaXw7Czpump,vibedog,2026-09-15T16:33:29Z,GKMJwv2AEWVcfFXUMtxokMYy5ADkjwJa89DtP8LzoA61,3.140921226,2026-09-15T10:08:51Z,23078,3UXBYUbktouH1GFiMsJSAggQL8RVUf4kxLya6uCzSYZqUwqATeNX7HMAgbQkJASRMuzmQQ1w6zm6w2ZrVdLwkJ46,49,1,False,False,False
6yVb4pxNwDfr6rovwNnBg3SyKSvDcHGD4WdFPN1JJBqm,CALLER,2Tiw1Tna3kAut868cjXuKoyrv8U8gi1YjTaXw7Czpump,vibedog,2026-09-15T16:33:29Z,5Q544fKrFoe6tsEbD7S8EmxGTJYAKtTVhAW5Q5pge4j1,2.573259727,2026-09-15T12:03:09Z,16220,3V16UMLVRX4yWoqwzt9YEUUMdxqkyKftnhJqHXJUeLPqLed4EoXDgwkwM4YXvW4cuT7LqMLRzQ3eMh5dAsEWPFWb,381,7,True,False,False
6yVb4pxNwDfr6rovwNnBg3SyKSvDcHGD4WdFPN1JJBqm,CALLER,2Tiw1Tna3kAut868cjXuKoyrv8U8gi1YjTaXw7Czpump,vibedog,2026-09-15T16:33:29Z,5Q544fKrFoe6tsEbD7S8EmxGTJYAKtTVhAW5Q5pge4j1,2.805210374,2026-09-15T12:13:46Z,15583,3wQyRxr314G2wFx7TdjDrnkwiVEszPJbeX6ypjPiHDXP3BY5NqK5DtAGvfSCBfrFPjcTA7zRfbm7QAFA6ajnGfei,381,7,True,False,False
6yVb4pxNwDfr6rovwNnBg3SyKSvDcHGD4WdFPN1JJBqm,CALLER,2Tiw1Tna3kAut868cjXuKoyrv8U8gi1YjTaXw7Czpump,vibedog,2026-09-15T16:33:29Z,5Q544fKrFoe6tsEbD7S8EmxGTJYAKtTVhAW5Q5pge4j1,4.5425014,2026-09-15T12:58:32Z,12897,5fbsXEjDwjujX7gMvLhY16TYFcFHoKiXc1v6u18zzHeW2Cyi7ivhjFy6J8XJRWXi4hDwc8T334qQy4E8MrNpfa64,381,7,True,False,False
6yVb4pxNwDfr6rovwNnBg3SyKSvDcHGD4WdFPN1JJBqm,CALLER,2Tiw1Tna3kAut868cjXuKoyrv8U8gi1YjTaXw7Czpump,vibedog,2026-09-15T16:33:29Z,3LoAYHuSd7Gh8d7RTFnhvYtiTiefdZ5ByamU42vkzd76,1.131239546,2026-09-15T12:58:58Z,12871,5GjjFY63M6uYBxjZcbDAV7s8M5dGHaxwDWiCXGP2TUoZma1pdbM8SMMAUGeTdzXH1kQ6mw2NUuzeSqAjGvwpXPu7,3,1,False,False,False
6yVb4pxNwDfr6rovwNnBg3SyKSvDcHGD4WdFPN1JJBqm,CALLER,2Tiw1Tna3kAut868cjXuKoyrv8U8gi1YjTaXw7Czpump,vibedog,2026-09-15T16:33:29Z,5Q544fKrFoe6tsEbD7S8EmxGTJYAKtTVhAW5Q5pge4j1,0.532950314,2026-09-15T12:59:43Z,12826,3fUtLkbihATCWLQnh1RX4zgVoF6v8H58pzFitJW4eECvbpgKvFSXc7LBH19btEU9ALh1Mocq6mHAGQYtBMP2ydBc,381,7,True,False,False
6yVb4pxNwDfr6rovwNnBg3SyKSvDcHGD4WdFPN1JJBqm,CALLER,2Tiw1Tna3kAut868cjXuKoyrv8U8gi1YjTaXw7Czpump,vibedog,2026-09-15T16:33:29Z,GKMJwv2AEWVcfFXUMtxokMYy5ADkjwJa89DtP8LzoA61,7.90104094,2026-09-15T13:04:59Z,12510,4CLgCbpcsFStZ697vcxkEmWGY3hy2SnKFceGE5oGz7wcxiAGBKzkWtkG97xg7dEXdmxHDoFDHG2hePubCcsNr2G6,49,1,False,False,False
6yVb4pxNwDfr6rovwNnBg3SyKSvDcHGD4WdFPN1JJBqm,CALLER,2Tiw1Tna3kAut868cjXuKoyrv8U8gi1YjTaXw7Czpump,vibedog,2026-09-15T16:33:29Z,GKMJwv2AEWVcfFXUMtxokMYy5ADkjwJa89DtP8LzoA61,2.908581989,2026-09-15T13:51:14Z,9735,5GvZPga7CR1krCRrMRupuUAEYZsqmwj5XjjiYbyEA9b12dsSq9PP8WoB1Z6py1JQrgizKNR2FRRUfhen9yrAcAK7,49,1,False,False,False
6yVb4pxNwDfr6rovwNnBg3SyKSvDcHGD4WdFPN1JJBqm,CALLER,2Tiw1Tna3kAut868cjXuKoyrv8U8gi1YjTaXw7Czpump,vibedog,2026-09-15T16:33:29Z,5Q544fKrFoe6tsEbD7S8EmxGTJYAKtTVhAW5Q5pge4j1,3.621467941,2026-09-15T14:35:55Z,7054,2Q9jsqWuyh1Hdmb7vYsAwTmQsMrfKg9cYn8q6FV4xNwfU5rMZeZCkYN5otex8hLNkzPqTDrDNgAsR34KNtf4zbd2,381,7,True,False,False
6yVb4pxNwDfr6rovwNnBg3SyKSvDcHGD4WdFPN1JJBqm,CALLER,2Tiw1Tna3kAut868cjXuKoyrv8U8gi1YjTaXw7Czpump,vibedog,2026-09-15T16:33:29Z,5Q544fKrFoe6tsEbD7S8EmxGTJYAKtTVhAW5Q5pge4j1,0.13657848,2026-09-15T14:42:54Z,6635,4mp3Rf5NoFzkVkMhcUNky1rg7jwJqR1qCcDfkrcwU5myWEWygddGBK74M82mnRoiY26HC8nt3vDqqr7rRJW9LpRj,381,7,True,False,False
6yVb4pxNwDfr6rovwNnBg3SyKSvDcHGD4WdFPN1JJBqm,CALLER,2Tiw1Tna3kAut868cjXuKoyrv8U8gi1YjTaXw7Czpump,vibedog,2026-09-15T16:33:29Z,B5EwJVDuAauzUEEdwvbuXzbFFgEYnUqqS37TUM1c4PQA,3.578328506,2026-09-15T15:15:33Z,4676,2ZqLpYmKVLdhcgSBhSkLyhvkKx3KaRGwKtWMjqom3DUFmVco4hAqNqYinSBBo2szFMnXVLaSv8wkqxcCx9SSGa2d,25,3,True,False,False
6yVb4pxNwDfr6rovwNnBg3SyKSvDcHGD4WdFPN1JJBqm,CALLER,2Tiw1Tna3kAut868cjXuKoyrv8U8gi1YjTaXw7Czpump,vibedog,2026-09-15T16:33:29Z,5Q544fKrFoe6tsEbD7S8EmxGTJYAKtTVhAW5Q5pge4j1,2.082560529,2026-09-15T15:21:59Z,4290,3kwno1ZexBexjQpH5y493CwxPKhSa2uqVWCnAKY13LHywFGWmZWUmhB5jbmkWDDGgYjXY62CNkaMRnBbzLXnFub2,381,7,True,False,False
6yVb4pxNwDfr6rovwNnBg3SyKSvDcHGD4WdFPN1JJBqm,CALLER,2Tiw1Tna3kAut868cjXuKoyrv8U8gi1YjTaXw7Czpump,vibedog,2026-09-15T16:33:29Z,845j4ocrvExdiwbvpf74LBGXsnhqDw1BD5u8PoQCuEbg,0.061124865,2026-09-15T15:27:16Z,3973,2TVhdLx9oNfmpn2Z3uSV7QF3EFCnwGFCgrApDiptk9PFewyATXHXWV3NEvi77kMwyWpsjUDb2mBwtt6CgHSdXNcU,8,1,False,False,False
6yVb4pxNwDfr6rovwNnBg3SyKSvDcHGD4WdFPN1JJBqm,CALLER,2Tiw1Tna3kAut868cjXuKoyrv8U8gi1YjTaXw7Czpump,vibedog,2026-09-15T16:33:29Z,GP8StUXNYSZjPikyRsvkTbvRV1GBxMErb59cpeCJnDf1,0.095069358,2026-09-15T15:31:17Z,3732,Yz7WUJeS7SRFweaXFg4mA88DyX5jw4i8a6VExvDs1AXTiGYwg6NFRgL1nxSZQeWkxkjH895AAkGP94af4t9HsFy,7,1,False,False,False
6yVb4pxNwDfr6rovwNnBg3SyKSvDcHGD4WdFPN1JJBqm,CALLER,2Tiw1Tna3kAut868cjXuKoyrv8U8gi1YjTaXw7Czpump,vibedog,2026-09-15T16:33:29Z,845j4ocrvExdiwbvpf74LBGXsnhqDw1BD5u8PoQCuEbg,0.099346248,2026-09-15T15:32:57Z,3632,4EdVUK7ivRU4gbAUtaVhnErN3sG3F1tPmReSn3qTAWxKJfpRQLv56wNVeGqpE9BHL8ALNaE5E2PtRzQ8ALUYVHiM,8,1,False,False,False
6yVb4pxNwDfr6rovwNnBg3SyKSvDcHGD4WdFPN1JJBqm,CALLER,2Tiw1Tna3kAut868cjXuKoyrv8U8gi1YjTaXw7Czpump,vibedog,2026-09-15T16:33:29Z,GKMJwv2AEWVcfFXUMtxokMYy5ADkjwJa89DtP8LzoA61,4.436886849,2026-09-15T15:42:30Z,3059,sBtRAivuhVy4gE4NJTUmbrMBZgfCueCizJknjnhCkyUcUPwAjd9LeRSCXQANERpDJKWZ8uBc7AoWMEPf62Bp4bB,49,1,False,False,False
6yVb4pxNwDfr6rovwNnBg3SyKSvDcHGD4WdFPN1JJBqm,CALLER,2Tiw1Tna3kAut868cjXuKoyrv8U8gi1YjTaXw7Czpump,vibedog,2026-09-15T16:33:29Z,5Q544fKrFoe6tsEbD7S8EmxGTJYAKtTVhAW5Q5pge4j1,2.611586515,2026-09-15T15:51:43Z,2506,RzY6KzQ3Bb2qtcLiExoGPbe5L32fsHnpdtxYfNeNt1TZHzqBC3AFi6gHa655gouMbycN36mQMrJLdiZhX9xJFC1,381,7,True,False,False
6yVb4pxNwDfr6rovwNnBg3SyKSvDcHGD4WdFPN1JJBqm,CALLER,2Tiw1Tna3kAut868cjXuKoyrv8U8gi1YjTaXw7Czpump,vibedog,2026-09-15T16:33:29Z,5Q544fKrFoe6tsEbD7S8EmxGTJYAKtTVhAW5Q5pge4j1,3.114106364,2026-09-15T15:58:14Z,2115,Jmq6U9KYwkrJoKtB8DJhTSXqLfeqpow8A7U3Z6JqRj7TvVLHWer148ZYvLg7V61GaHurYAsgLqk4F84D1gt9Dei,381,7,True,False,False
6yVb4pxNwDfr6rovwNnBg3SyKSvDcHGD4WdFPN1JJBqm,CALLER,2Tiw1Tna3kAut868cjXuKoyrv8U8gi1YjTaXw7Czpump,vibedog,2026-09-15T16:33:29Z,5Q544fKrFoe6tsEbD7S8EmxGTJYAKtTVhAW5Q5pge4j1,3.217499439,2026-09-15T16:01:08Z,1941,3hw7cDkCQd5dVfADJ83BizTN2PeTCkHoZDFJouyMyszAxLshuhApTe7JRyTj7bYqtYGTNu1ZeQGdaNaQzMcpchWF,381,7,True,False,False
6yVb4pxNwDfr6rovwNnBg3SyKSvDcHGD4WdFPN1JJBqm,CALLER,2Tiw1Tna3kAut868cjXuKoyrv8U8gi1YjTaXw7Czpump,vibedog,2026-09-15T16:33:29Z,5Q544fKrFoe6tsEbD7S8EmxGTJYAKtTVhAW5Q5pge4j1,2.810569044,2026-09-15T16:17:50Z,939,3LeptuuM21y4jypdQV3NkiD19ZyEeTrAHVJJctXq1KZRLDJuWrw5KHQzc4W1GRpw5WP39ycZAUfGYtPLsgMSwvUp,381,7,True,False,False
6yVb4pxNwDfr6rovwNnBg3SyKSvDcHGD4WdFPN1JJBqm,CALLER,2Tiw1Tna3kAut868cjXuKoyrv8U8gi1YjTaXw7Czpump,vibedog,2026-09-15T16:33:29Z,5Q544fKrFoe6tsEbD7S8EmxGTJYAKtTVhAW5Q5pge4j1,4.079936473,2026-09-15T16:24:30Z,539,5GGSTisMBmDXtAne36E6c12MdL9vpVPjQkCbfBpRAgqM1wYzUdih6ntuEGtSTiGqQrQzZQTweA9SZGQcdBWoUs6Z,381,7,True,False,False
6yVb4pxNwDfr6rovwNnBg3SyKSvDcHGD4WdFPN1JJBqm,CALLER,2Tiw1Tna3kAut868cjXuKoyrv8U8gi1YjTaXw7Czpump,vibedog,2026-09-15T16:33:29Z,GKMJwv2AEWVcfFXUMtxokMYy5ADkjwJa89DtP8LzoA61,3.247965828,2026-09-15T16:25:10Z,499,NstbH7b9L7K9tDzRgCZSLB6SYmy3JwK3x63GG7rDt8vMaT4ii9VY5yWYeQrnPwddx5AiRDMXQM7c7ErJvqrNnom,49,1,False,False,False
6yVb4pxNwDfr6rovwNnBg3SyKSvDcHGD4WdFPN1JJBqm,CALLER,2Tiw1Tna3kAut868cjXuKoyrv8U8gi1YjTaXw7Czpump,vibedog,2026-09-15T16:33:29Z,HFqp6ErWHY6Uzhj8rFyjYuDya2mXUpYEk8VW75K9PSiY,1.065301042,2026-09-15T16:25:24Z,485,Wtq7GmFHq6MpxBBznHUaji5nAwGDnUuzhyQo1TMdEsn2sfxSfem1aeEFNy2RFNccevrJzzhZ7uuTseCXoGV5vne,4,1,False,False,False
6yVb4pxNwDfr6rovwNnBg3SyKSvDcHGD4WdFPN1JJBqm,CALLER,3f8CKfznVUGrFfhcq8ZBY9M1xyDeEQGrh6iH372h3ebN,Rowdy,2026-09-25T16:10:28Z,3DEH8NKP2kG8MKEukEMxpU6jACFHtBKhjcSwQwoaABgs,0.098783225,2026-09-24T16:58:29Z,83519,3wkWeStYXBNEhUJtR6QjienuJeu43bWcS5TSf36hdFFPKkPervnYGVdhnEntbrn6ykQXqSsWPgJKQFMKszq58mhj,1,1,False,False,False
6yVb4pxNwDfr6rovwNnBg3SyKSvDcHGD4WdFPN1JJBqm,CALLER,3f8CKfznVUGrFfhcq8ZBY9M1xyDeEQGrh6iH372h3ebN,Rowdy,2026-09-25T16:10:28Z,CLiXvfYSJtG5SJTCWyLvXKtDag9pJiA4vSWZGgSKP19X,7.977334773,2026-09-24T17:05:10Z,83118,37tVssxUQiL2ZASCgn7LrESjyoybsBpPhY2h643wJNCqqrLkJLs97Dh8FWuRRaPH1R3EhCrERN7PBmE5Y6cVmn7U,17,1,False,False,False
6yVb4pxNwDfr6rovwNnBg3SyKSvDcHGD4WdFPN1JJBqm,CALLER,3f8CKfznVUGrFfhcq8ZBY9M1xyDeEQGrh6iH372h3ebN,Rowdy,2026-09-25T16:10:28Z,1chdHBRNu9dB7E5McJKFDsbPvfpmANdmeR7BHavhi56,9.125718036,2026-09-24T17:05:10Z,83118,22oPoLsk8qf25ivWvBmxd79LBdK4ZHxY1cmmMm3dTf1yqVdG2UtgouRvSoiYJRNMyu1QhzvfekvFhGdxrmRhjxpH,16,1,False,False,False
6yVb4pxNwDfr6rovwNnBg3SyKSvDcHGD4WdFPN1JJBqm,CALLER,3f8CKfznVUGrFfhcq8ZBY9M1xyDeEQGrh6iH372h3ebN,Rowdy,2026-09-25T16:10:28Z,GKMJwv2AEWVcfFXUMtxokMYy5ADkjwJa89DtP8LzoA61,12.843274053,2026-09-24T17:05:11Z,83117,YnjJXneUGxFLiWuaT531bwejDY8kZejqvv51HoX4DjL6iZUimymARug2nwEb874RLT5vsopPAZed2XfreH9KZZw,49,1,False,False,False
6yVb4pxNwDfr6rovwNnBg3SyKSvDcHGD4WdFPN1JJBqm,CALLER,3f8CKfznVUGrFfhcq8ZBY9M1xyDeEQGrh6iH372h3ebN,Rowdy,2026-09-25T16:10:28Z,GKMJwv2AEWVcfFXUMtxokMYy5ADkjwJa89DtP8LzoA61,9.997892732,2026-09-24T17:48:12Z,80536,64SBy92boD3C2Mv8M3qViSjpC9GrZfbLqBQjMXDxZr1VCeJfbe1gxDGRHude8oyuFGvz5isrADs5RidY42kaHn3K,49,1,False,False,False
6yVb4pxNwDfr6rovwNnBg3SyKSvDcHGD4WdFPN1JJBqm,CALLER,3f8CKfznVUGrFfhcq8ZBY9M1xyDeEQGrh6iH372h3ebN,Rowdy,2026-09-25T16:10:28Z,FkaLnX17cXZGyeu3kZGdHCNdFMJJzBrPPYVvd18B3MZp,0.197292251,2026-09-24T20:06:30Z,72238,2Lu1tsvPv47vHwpr3yq1Z5Z6CyRVNZRKDw7aci4WiEtgcDMc9TeneBgJ6fmMJuy5GmGFLRf9NK1wihDGEnwP5wJF,1,1,False,False,False
6yVb4pxNwDfr6rovwNnBg3SyKSvDcHGD4WdFPN1JJBqm,CALLER,3f8CKfznVUGrFfhcq8ZBY9M1xyDeEQGrh6iH372h3ebN,Rowdy,2026-09-25T16:10:28Z,6b5LxeDVxqCGAhZjjjgieGP71c5GBt2cBwiafCFX6NMU,0.238264864,2026-09-24T20:06:50Z,72218,129LANGmP6taDdNr4bhFDMwjFaSzSpPWRPi1VSdGfn4gJSuNuNzwqiTP9rU8YiAZ87rVmMtdKTzUCG7MutpHanwn,1,1,False,False,False
6yVb4pxNwDfr6rovwNnBg3SyKSvDcHGD4WdFPN1JJBqm,CALLER,3f8CKfznVUGrFfhcq8ZBY9M1xyDeEQGrh6iH372h3ebN,Rowdy,2026-09-25T16:10:28Z,Dqta7KfZNJeBgd12jECpXKHBiNQM1pKB7vKwbpLXVfYH,0.467325542,2026-09-24T20:54:07Z,69381,5W9QV5eZeCkMfYuBtjJGmzSVQxpda1xKCbd4fErpK1An6yuQYtpHXqJBizrhUC5SzT9W5sJKQbsokNj6XoZdu4js,1,1,False,False,False
6yVb4pxNwDfr6rovwNnBg3SyKSvDcHGD4WdFPN1JJBqm,CALLER,3uYT8w1FxasDGmM4WDG5kXu6D9BGvyP3iEfPJEVb6ewT,Normie,2026-09-17T16:21:35Z,GCBkkA6FUvTiJZjwRBMZoyzHvd9H24uq8F59idhZsvb,4.201493825,2026-09-16T16:53:12Z,84503,3axSg6Pr89QxW1qpscQyaayySQLcWjuXAMxSaDRxhPvDXfpGY2KrGNTYTHpMWtdJzUveeohuEFEi6Zx4L28JFSKN,6,2,True,False,False
6yVb4pxNwDfr6rovwNnBg3SyKSvDcHGD4WdFPN1JJBqm,CALLER,3uYT8w1FxasDGmM4WDG5kXu6D9BGvyP3iEfPJEVb6ewT,Normie,2026-09-17T16:21:35Z,5Q544fKrFoe6tsEbD7S8EmxGTJYAKtTVhAW5Q5pge4j1,2.438365571,2026-09-16T17:37:53Z,81822,56k86NuGHYjdnfB5VBw5U3eVGAfDrQ5TgcjTuohv8Zs5QzTAqXnbjeBLJxu73BHoTQfbgT1T32VN6pRibKATHe85,381,7,True,False,False
6yVb4pxNwDfr6rovwNnBg3SyKSvDcHGD4WdFPN1JJBqm,CALLER,3uYT8w1FxasDGmM4WDG5kXu6D9BGvyP3iEfPJEVb6ewT,Normie,2026-09-17T16:21:35Z,5Q544fKrFoe6tsEbD7S8EmxGTJYAKtTVhAW5Q5pge4j1,3.96766691,2026-09-17T12:08:31Z,15184,4s82UvbMttkpFkRYLu4hEgvPN7srCeMYZwRKUtb5E4CuYCnny8KYJioWfh3eywWkKQsUWUDnCLP5AhgzmSHQ2JpZ,381,7,True,False,False
6yVb4pxNwDfr6rovwNnBg3SyKSvDcHGD4WdFPN1JJBqm,CALLER,3uYT8w1FxasDGmM4WDG5kXu6D9BGvyP3iEfPJEVb6ewT,Normie,2026-09-17T16:21:35Z,5Q544fKrFoe6tsEbD7S8EmxGTJYAKtTVhAW5Q5pge4j1,5.211159574,2026-09-17T12:11:38Z,14997,4TMZhLps5hbxRedoFjJQZet4HKtsARZUTdcm7ERmcAELPeTmuHh2ib3mefym6BC41fE1Mre2p7J3gEpg2AWy7e3N,381,7,True,False,False
6yVb4pxNwDfr6rovwNnBg3SyKSvDcHGD4WdFPN1JJBqm,CALLER,3uYT8w1FxasDGmM4WDG5kXu6D9BGvyP3iEfPJEVb6ewT,Normie,2026-09-17T16:21:35Z,5Q544fKrFoe6tsEbD7S8EmxGTJYAKtTVhAW5Q5pge4j1,3.874445243,2026-09-17T13:06:21Z,11714,LgNeiLTYAxUvdY6KqHnex6GjWdLxorZxiHvg2i2onAaKdzEBxQSNduZ3v5r2SfmmVnNMhMjmQKfNu62iWvm7S9f,381,7,True,False,False
6yVb4pxNwDfr6rovwNnBg3SyKSvDcHGD4WdFPN1JJBqm,CALLER,3uYT8w1FxasDGmM4WDG5kXu6D9BGvyP3iEfPJEVb6ewT,Normie,2026-09-17T16:21:35Z,5Q544fKrFoe6tsEbD7S8EmxGTJYAKtTVhAW5Q5pge4j1,3.119000498,2026-09-17T13:06:33Z,11702,52ib4fdENRrMftEXo4LqH5H9tGyuL7dBt1NDe4tZmiGNhwgUCHAc5eJn8gbSi7WAWnbSs4rQPmCy6KyrLR3trLpY,381,7,True,False,False
6yVb4pxNwDfr6rovwNnBg3SyKSvDcHGD4WdFPN1JJBqm,CALLER,3uYT8w1FxasDGmM4WDG5kXu6D9BGvyP3iEfPJEVb6ewT,Normie,2026-09-17T16:21:35Z,5Q544fKrFoe6tsEbD7S8EmxGTJYAKtTVhAW5Q5pge4j1,1.606381112,2026-09-17T13:07:17Z,11658,2R5qLTbi4XbTa4djh4RCBvzuoacPajrAmHAmZNfec7haR8MDafnhfD8zeJbmVzyLrAKRiL7T9b9QQajmLQ5ZZJgH,381,7,True,False,False
6yVb4pxNwDfr6rovwNnBg3SyKSvDcHGD4WdFPN1JJBqm,CALLER,3uYT8w1FxasDGmM4WDG5kXu6D9BGvyP3iEfPJEVb6ewT,Normie,2026-09-17T16:21:35Z,5Q544fKrFoe6tsEbD7S8EmxGTJYAKtTVhAW5Q5pge4j1,1.508170804,2026-09-17T13:07:24Z,11651,WFD1NaUL3p749Fn5kdEnGXVAT1nFhj2MSQD6umpY2Rej65HSQUtZmagUeBnBvpbFmX17xTXk9hxptqkmVSWi1rL,381,7,True,False,False
6yVb4pxNwDfr6rovwNnBg3SyKSvDcHGD4WdFPN1JJBqm,CALLER,3uYT8w1FxasDGmM4WDG5kXu6D9BGvyP3iEfPJEVb6ewT,Normie,2026-09-17T16:21:35Z,5Q544fKrFoe6tsEbD7S8EmxGTJYAKtTVhAW5Q5pge4j1,1.292189366,2026-09-17T13:07:29Z,11646,2f9F8tgmcUSQWFCafp3r7hTGY9UzwUQxJq8iSkFXfViVouZorqF75qY8TqvBfCkoeNZb3epLYTJimDdnoN1HuaTT,381,7,True,False,False
6yVb4pxNwDfr6rovwNnBg3SyKSvDcHGD4WdFPN1JJBqm,CALLER,3uYT8w1FxasDGmM4WDG5kXu6D9BGvyP3iEfPJEVb6ewT,Normie,2026-09-17T16:21:35Z,5Q544fKrFoe6tsEbD7S8EmxGTJYAKtTVhAW5Q5pge4j1,1.467174906,2026-09-17T13:07:32Z,11643,pWZBqUuZongQoTw12ujUSEwghjdWxH6gouEfQb2K5cqUdvb9B8S4MsqTr4HBeP2eZx9FtSxuSs7c8rqvDvg7Wur,381,7,True,False,False
6yVb4pxNwDfr6rovwNnBg3SyKSvDcHGD4WdFPN1JJBqm,CALLER,3uYT8w1FxasDGmM4WDG5kXu6D9BGvyP3iEfPJEVb6ewT,Normie,2026-09-17T16:21:35Z,5Q544fKrFoe6tsEbD7S8EmxGTJYAKtTVhAW5Q5pge4j1,2.625169668,2026-09-17T13:07:47Z,11628,3SZTwvbB1mmEPqZhoCMNYYv1S8GHEAh7xe3BsYoKjYtQBBtMEnYJPKJmPJXAWbJXwXiVHVQYoJ6LqQCAw3io6jwX,381,7,True,False,False
6yVb4pxNwDfr6rovwNnBg3SyKSvDcHGD4WdFPN1JJBqm,CALLER,3uYT8w1FxasDGmM4WDG5kXu6D9BGvyP3iEfPJEVb6ewT,Normie,2026-09-17T16:21:35Z,5Q544fKrFoe6tsEbD7S8EmxGTJYAKtTVhAW5Q5pge4j1,2.621261844,2026-09-17T13:43:57Z,9458,23TmDMA5uKSFQfoFu397ZGAak2BVA9S3hFuwVLfwUvoupDBAg1FraBFFPZGu2UqrTs4EX1EcKc2u6AoFbCgmHp9v,381,7,True,False,False
6yVb4pxNwDfr6rovwNnBg3SyKSvDcHGD4WdFPN1JJBqm,CALLER,3uYT8w1FxasDGmM4WDG5kXu6D9BGvyP3iEfPJEVb6ewT,Normie,2026-09-17T16:21:35Z,EkKaa2bM7NoftbZoZRbdUC63ZPoDVb3aztcw2r3hGtKR,0.051586746,2026-09-17T13:48:18Z,9197,4DguM5Px5XGMofRU21XzezayLMuMatyBnGoAgeBpvDRiNea4WTzRYg8ZxLTs4FEfc48DJPF5M5vmodhK2B62Nms7,2,1,False,False,False
6yVb4pxNwDfr6rovwNnBg3SyKSvDcHGD4WdFPN1JJBqm,CALLER,3uYT8w1FxasDGmM4WDG5kXu6D9BGvyP3iEfPJEVb6ewT,Normie,2026-09-17T16:21:35Z,EkKaa2bM7NoftbZoZRbdUC63ZPoDVb3aztcw2r3hGtKR,0.158075347,2026-09-17T13:59:57Z,8498,2zpkQyM6CHxw69UixyXge2dz5xNRz9zxedEQ9DC5Cs3LEjmYCMDANPP6p6yQ8P4kjYtd8PozEcRzHAuH2GNnyubR,2,1,False,False,False
6yVb4pxNwDfr6rovwNnBg3SyKSvDcHGD4WdFPN1JJBqm,CALLER,3uYT8w1FxasDGmM4WDG5kXu6D9BGvyP3iEfPJEVb6ewT,Normie,2026-09-17T16:21:35Z,GKMJwv2AEWVcfFXUMtxokMYy5ADkjwJa89DtP8LzoA61,17.286966752,2026-09-17T14:05:55Z,8140,2gszojoGbHb5WrKFbY8ENR1cqma4g4QeZ2fBeNgnT9QBaoVZZ6sKuEwLyEwjV4SpeXGdET5wMeWp8JdYtsZegqbm,49,1,False,False,False
6yVb4pxNwDfr6rovwNnBg3SyKSvDcHGD4WdFPN1JJBqm,CALLER,3uYT8w1FxasDGmM4WDG5kXu6D9BGvyP3iEfPJEVb6ewT,Normie,2026-09-17T16:21:35Z,6Aqtz73HCA326btujjbvUf4fCZjSf5cq2wQs8aQNyyj5,0.086360975,2026-09-17T14:16:26Z,7509,ysEYASaKXSohracMDm9MTVSrhiCG7JhExrJyjQDvD6QugH5vFD2mWmFEUDWxt1W9SRmQBDZ9meEppVP4CkdWfHd,1,1,False,False,False
6yVb4pxNwDfr6rovwNnBg3SyKSvDcHGD4WdFPN1JJBqm,CALLER,3uYT8w1FxasDGmM4WDG5kXu6D9BGvyP3iEfPJEVb6ewT,Normie,2026-09-17T16:21:35Z,5Q544fKrFoe6tsEbD7S8EmxGTJYAKtTVhAW5Q5pge4j1,3.701387943,2026-09-17T14:54:47Z,5208,5zSRqRE5gwY62JYsxkzHSfk2AVLqSSirHCDPioyJCS8TNcwZaSTnZNvGFRP9xwHmWg86gvkfHBVpbjbg8NGz3wLg,381,7,True,False,False
6yVb4pxNwDfr6rovwNnBg3SyKSvDcHGD4WdFPN1JJBqm,CALLER,3uYT8w1FxasDGmM4WDG5kXu6D9BGvyP3iEfPJEVb6ewT,Normie,2026-09-17T16:21:35Z,ETbaqPpssGTMA3aSn9k89tQVzWbBSGnyp2hkr7RhQnkY,0.075491378,2026-09-17T14:59:11Z,4944,FR2iT5e9g6Dyvoh5BMQZPLpFnDpGKYRsQQGzDRvMYoZUk5aF89XPbs54LM32qawmRubge39TTXMG7k6J4jmPJzG,2,1,False,False,False
6yVb4pxNwDfr6rovwNnBg3SyKSvDcHGD4WdFPN1JJBqm,CALLER,3uYT8w1FxasDGmM4WDG5kXu6D9BGvyP3iEfPJEVb6ewT,Normie,2026-09-17T16:21:35Z,ETbaqPpssGTMA3aSn9k89tQVzWbBSGnyp2hkr7RhQnkY,0.098678908,2026-09-17T15:06:18Z,4517,3mbf5RZ8tJNJUjAfv9VvKSri2BxuRfQi2EZLk68zM5X71cnmSLJx1QsREhH6ABtN7bT8PSjZHvzaxZREYoMzT7qr,2,1,False,False,False
6yVb4pxNwDfr6rovwNnBg3SyKSvDcHGD4WdFPN1JJBqm,CALLER,3uYT8w1FxasDGmM4WDG5kXu6D9BGvyP3iEfPJEVb6ewT,Normie,2026-09-17T16:21:35Z,GKMJwv2AEWVcfFXUMtxokMYy5ADkjwJa89DtP8LzoA61,9.188409446,2026-09-17T15:12:57Z,4118,61GcnjLRaPa7zCmgkW3DbEWupnWwF1q17wCZdKDavcSRdaXpaF12AS5gXy9QWQMxvWhDnUJwtBexToPG799wspri,49,1,False,False,False
6yVb4pxNwDfr6rovwNnBg3SyKSvDcHGD4WdFPN1JJBqm,CALLER,3uYT8w1FxasDGmM4WDG5kXu6D9BGvyP3iEfPJEVb6ewT,Normie,2026-09-17T16:21:35Z,5Q544fKrFoe6tsEbD7S8EmxGTJYAKtTVhAW5Q5pge4j1,1.99421901,2026-09-17T15:32:14Z,2961,46hYWWfjxe8Xy9ArimTSJ2NhSkP1NTbrCkUngyQivwq7ViUVAoujx7AV7wUmtaWtq6FdxCnEDeFv6YJzcPvHtVEJ,381,7,True,False,False
6yVb4pxNwDfr6rovwNnBg3SyKSvDcHGD4WdFPN1JJBqm,CALLER,3uYT8w1FxasDGmM4WDG5kXu6D9BGvyP3iEfPJEVb6ewT,Normie,2026-09-17T16:21:35Z,5Q544fKrFoe6tsEbD7S8EmxGTJYAKtTVhAW5Q5pge4j1,1.970921927,2026-09-17T15:34:50Z,2805,2MVTQuZq4i1LRiEeCPCCnKMZYCD5rHawdHsn5PbUYZ3S365piZvhwKdVXjmg4MAV78B9LnMmzGcuAuqKd1rVr348,381,7,True,False,False
6yVb4pxNwDfr6rovwNnBg3SyKSvDcHGD4WdFPN1JJBqm,CALLER,3uYT8w1FxasDGmM4WDG5kXu6D9BGvyP3iEfPJEVb6ewT,Normie,2026-09-17T16:21:35Z,5Q544fKrFoe6tsEbD7S8EmxGTJYAKtTVhAW5Q5pge4j1,1.481898767,2026-09-17T15:41:10Z,2425,4mtbWNs3cdsLEj2sFjfBgBr7t3g1c3969gHK1rqY1thAHQjxpBBGY5Smq6xTLLoXdGSvQdZDyEfn8qTst9PJARyz,381,7,True,False,False
6yVb4pxNwDfr6rovwNnBg3SyKSvDcHGD4WdFPN1JJBqm,CALLER,3uYT8w1FxasDGmM4WDG5kXu6D9BGvyP3iEfPJEVb6ewT,Normie,2026-09-17T16:21:35Z,5Q544fKrFoe6tsEbD7S8EmxGTJYAKtTVhAW5Q5pge4j1,2.707512687,2026-09-17T15:42:23Z,2352,2SqraoWkBzgFdKwNa1snHVohuAt5WR7qUYkfKAVckdorXcJMXpWoyA1o4iPMWVu3mgiUWiHKUc51uVgKMNdqME2Y,381,7,True,False,False
6yVb4pxNwDfr6rovwNnBg3SyKSvDcHGD4WdFPN1JJBqm,CALLER,3uYT8w1FxasDGmM4WDG5kXu6D9BGvyP3iEfPJEVb6ewT,Normie,2026-09-17T16:21:35Z,GKMJwv2AEWVcfFXUMtxokMYy5ADkjwJa89DtP8LzoA61,5.043815702,2026-09-17T15:43:06Z,2309,Bu6DCaHeBjwC5ksQzSBYBrgxEpwCq19WATDKqVMPgNmU8A7nxGW7mzCPpD3onb6TrJP7EPW6mn4aFN6oRWYZYtJ,49,1,False,False,False
6yVb4pxNwDfr6rovwNnBg3SyKSvDcHGD4WdFPN1JJBqm,CALLER,3uYT8w1FxasDGmM4WDG5kXu6D9BGvyP3iEfPJEVb6ewT,Normie,2026-09-17T16:21:35Z,5Q544fKrFoe6tsEbD7S8EmxGTJYAKtTVhAW5Q5pge4j1,5.194240065,2026-09-17T16:07:43Z,832,2iZUQsfiodiUiCwwcye5ZnzWweU67wX8SMyMYPYM9bDnbefJweCRP7PRGXGSeiMTaCGfNLfo8aw8TH5qiagUdNtW,381,7,True,False,False
6yVb4pxNwDfr6rovwNnBg3SyKSvDcHGD4WdFPN1JJBqm,CALLER,3uYT8w1FxasDGmM4WDG5kXu6D9BGvyP3iEfPJEVb6ewT,Normie,2026-09-17T16:21:35Z,GKMJwv2AEWVcfFXUMtxokMYy5ADkjwJa89DtP8LzoA61,2.126305204,2026-09-17T16:19:03Z,152,2BuCrd6AL6aSfKsMdBnaMNdsZxy3dy8DqPdSTsUZc6uM99Y4AvhbF9woSsRxWMejS8dWCD3UHCgLrwr4UAE25NaD,49,1,False,False,False
6yVb4pxNwDfr6rovwNnBg3SyKSvDcHGD4WdFPN1JJBqm,CALLER,4ZUjJ5EJbwfh7teotB29uHc1SC3SiqbrkwJoNgsxibbU,Dumbocrat,2026-09-15T19:58:02Z,5Q544fKrFoe6tsEbD7S8EmxGTJYAKtTVhAW5Q5pge4j1,3.749150276,2026-09-15T09:06:09Z,39113,3kkapSHqgiEAjrqPJnBMX23v9CU6KQUsHLWfEjG2YKjofnAWLfZ1r6kvUbR3DgLaovxQ7NQFAasGvgV8hY1gV7Cc,381,7,True,False,False
6yVb4pxNwDfr6rovwNnBg3SyKSvDcHGD4WdFPN1JJBqm,CALLER,4ZUjJ5EJbwfh7teotB29uHc1SC3SiqbrkwJoNgsxibbU,Dumbocrat,2026-09-15T19:58:02Z,5Q544fKrFoe6tsEbD7S8EmxGTJYAKtTVhAW5Q5pge4j1,2.331184595,2026-09-15T09:27:33Z,37829,5mNCXHanGq72A6iGSzLSwkYTWpqDwbB6PKMA5ziiNa1d8qWB82j3osNJkXKwAYpqjqGCSUooBXyHMUnKXCtt8svQ,381,7,True,False,False
6yVb4pxNwDfr6rovwNnBg3SyKSvDcHGD4WdFPN1JJBqm,CALLER,4ZUjJ5EJbwfh7teotB29uHc1SC3SiqbrkwJoNgsxibbU,Dumbocrat,2026-09-15T19:58:02Z,GKMJwv2AEWVcfFXUMtxokMYy5ADkjwJa89DtP8LzoA61,3.140921226,2026-09-15T10:08:51Z,35351,3UXBYUbktouH1GFiMsJSAggQL8RVUf4kxLya6uCzSYZqUwqATeNX7HMAgbQkJASRMuzmQQ1w6zm6w2ZrVdLwkJ46,49,1,False,False,False
6yVb4pxNwDfr6rovwNnBg3SyKSvDcHGD4WdFPN1JJBqm,CALLER,4ZUjJ5EJbwfh7teotB29uHc1SC3SiqbrkwJoNgsxibbU,Dumbocrat,2026-09-15T19:58:02Z,5Q544fKrFoe6tsEbD7S8EmxGTJYAKtTVhAW5Q5pge4j1,2.573259727,2026-09-15T12:03:09Z,28493,3V16UMLVRX4yWoqwzt9YEUUMdxqkyKftnhJqHXJUeLPqLed4EoXDgwkwM4YXvW4cuT7LqMLRzQ3eMh5dAsEWPFWb,381,7,True,False,False
6yVb4pxNwDfr6rovwNnBg3SyKSvDcHGD4WdFPN1JJBqm,CALLER,4ZUjJ5EJbwfh7teotB29uHc1SC3SiqbrkwJoNgsxibbU,Dumbocrat,2026-09-15T19:58:02Z,5Q544fKrFoe6tsEbD7S8EmxGTJYAKtTVhAW5Q5pge4j1,2.805210374,2026-09-15T12:13:46Z,27856,3wQyRxr314G2wFx7TdjDrnkwiVEszPJbeX6ypjPiHDXP3BY5NqK5DtAGvfSCBfrFPjcTA7zRfbm7QAFA6ajnGfei,381,7,True,False,False
6yVb4pxNwDfr6rovwNnBg3SyKSvDcHGD4WdFPN1JJBqm,CALLER,4ZUjJ5EJbwfh7teotB29uHc1SC3SiqbrkwJoNgsxibbU,Dumbocrat,2026-09-15T19:58:02Z,5Q544fKrFoe6tsEbD7S8EmxGTJYAKtTVhAW5Q5pge4j1,4.5425014,2026-09-15T12:58:32Z,25170,5fbsXEjDwjujX7gMvLhY16TYFcFHoKiXc1v6u18zzHeW2Cyi7ivhjFy6J8XJRWXi4hDwc8T334qQy4E8MrNpfa64,381,7,True,False,False
6yVb4pxNwDfr6rovwNnBg3SyKSvDcHGD4WdFPN1JJBqm,CALLER,4ZUjJ5EJbwfh7teotB29uHc1SC3SiqbrkwJoNgsxibbU,Dumbocrat,2026-09-15T19:58:02Z,3LoAYHuSd7Gh8d7RTFnhvYtiTiefdZ5ByamU42vkzd76,1.131239546,2026-09-15T12:58:58Z,25144,5GjjFY63M6uYBxjZcbDAV7s8M5dGHaxwDWiCXGP2TUoZma1pdbM8SMMAUGeTdzXH1kQ6mw2NUuzeSqAjGvwpXPu7,3,1,False,False,False
6yVb4pxNwDfr6rovwNnBg3SyKSvDcHGD4WdFPN1JJBqm,CALLER,4ZUjJ5EJbwfh7teotB29uHc1SC3SiqbrkwJoNgsxibbU,Dumbocrat,2026-09-15T19:58:02Z,5Q544fKrFoe6tsEbD7S8EmxGTJYAKtTVhAW5Q5pge4j1,0.532950314,2026-09-15T12:59:43Z,25099,3fUtLkbihATCWLQnh1RX4zgVoF6v8H58pzFitJW4eECvbpgKvFSXc7LBH19btEU9ALh1Mocq6mHAGQYtBMP2ydBc,381,7,True,False,False
6yVb4pxNwDfr6rovwNnBg3SyKSvDcHGD4WdFPN1JJBqm,CALLER,4ZUjJ5EJbwfh7teotB29uHc1SC3SiqbrkwJoNgsxibbU,Dumbocrat,2026-09-15T19:58:02Z,GKMJwv2AEWVcfFXUMtxokMYy5ADkjwJa89DtP8LzoA61,7.90104094,2026-09-15T13:04:59Z,24783,4CLgCbpcsFStZ697vcxkEmWGY3hy2SnKFceGE5oGz7wcxiAGBKzkWtkG97xg7dEXdmxHDoFDHG2hePubCcsNr2G6,49,1,False,False,False
6yVb4pxNwDfr6rovwNnBg3SyKSvDcHGD4WdFPN1JJBqm,CALLER,4ZUjJ5EJbwfh7teotB29uHc1SC3SiqbrkwJoNgsxibbU,Dumbocrat,2026-09-15T19:58:02Z,GKMJwv2AEWVcfFXUMtxokMYy5ADkjwJa89DtP8LzoA61,2.908581989,2026-09-15T13:51:14Z,22008,5GvZPga7CR1krCRrMRupuUAEYZsqmwj5XjjiYbyEA9b12dsSq9PP8WoB1Z6py1JQrgizKNR2FRRUfhen9yrAcAK7,49,1,False,False,False
6yVb4pxNwDfr6rovwNnBg3SyKSvDcHGD4WdFPN1JJBqm,CALLER,4ZUjJ5EJbwfh7teotB29uHc1SC3SiqbrkwJoNgsxibbU,Dumbocrat,2026-09-15T19:58:02Z,5Q544fKrFoe6tsEbD7S8EmxGTJYAKtTVhAW5Q5pge4j1,3.621467941,2026-09-15T14:35:55Z,19327,2Q9jsqWuyh1Hdmb7vYsAwTmQsMrfKg9cYn8q6FV4xNwfU5rMZeZCkYN5otex8hLNkzPqTDrDNgAsR34KNtf4zbd2,381,7,True,False,False
6yVb4pxNwDfr6rovwNnBg3SyKSvDcHGD4WdFPN1JJBqm,CALLER,4ZUjJ5EJbwfh7teotB29uHc1SC3SiqbrkwJoNgsxibbU,Dumbocrat,2026-09-15T19:58:02Z,5Q544fKrFoe6tsEbD7S8EmxGTJYAKtTVhAW5Q5pge4j1,0.13657848,2026-09-15T14:42:54Z,18908,4mp3Rf5NoFzkVkMhcUNky1rg7jwJqR1qCcDfkrcwU5myWEWygddGBK74M82mnRoiY26HC8nt3vDqqr7rRJW9LpRj,381,7,True,False,False
6yVb4pxNwDfr6rovwNnBg3SyKSvDcHGD4WdFPN1JJBqm,CALLER,4ZUjJ5EJbwfh7teotB29uHc1SC3SiqbrkwJoNgsxibbU,Dumbocrat,2026-09-15T19:58:02Z,B5EwJVDuAauzUEEdwvbuXzbFFgEYnUqqS37TUM1c4PQA,3.578328506,2026-09-15T15:15:33Z,16949,2ZqLpYmKVLdhcgSBhSkLyhvkKx3KaRGwKtWMjqom3DUFmVco4hAqNqYinSBBo2szFMnXVLaSv8wkqxcCx9SSGa2d,25,3,True,False,False
6yVb4pxNwDfr6rovwNnBg3SyKSvDcHGD4WdFPN1JJBqm,CALLER,4ZUjJ5EJbwfh7teotB29uHc1SC3SiqbrkwJoNgsxibbU,Dumbocrat,2026-09-15T19:58:02Z,5Q544fKrFoe6tsEbD7S8EmxGTJYAKtTVhAW5Q5pge4j1,2.082560529,2026-09-15T15:21:59Z,16563,3kwno1ZexBexjQpH5y493CwxPKhSa2uqVWCnAKY13LHywFGWmZWUmhB5jbmkWDDGgYjXY62CNkaMRnBbzLXnFub2,381,7,True,False,False
6yVb4pxNwDfr6rovwNnBg3SyKSvDcHGD4WdFPN1JJBqm,CALLER,4ZUjJ5EJbwfh7teotB29uHc1SC3SiqbrkwJoNgsxibbU,Dumbocrat,2026-09-15T19:58:02Z,845j4ocrvExdiwbvpf74LBGXsnhqDw1BD5u8PoQCuEbg,0.061124865,2026-09-15T15:27:16Z,16246,2TVhdLx9oNfmpn2Z3uSV7QF3EFCnwGFCgrApDiptk9PFewyATXHXWV3NEvi77kMwyWpsjUDb2mBwtt6CgHSdXNcU,8,1,False,False,False
6yVb4pxNwDfr6rovwNnBg3SyKSvDcHGD4WdFPN1JJBqm,CALLER,4ZUjJ5EJbwfh7teotB29uHc1SC3SiqbrkwJoNgsxibbU,Dumbocrat,2026-09-15T19:58:02Z,GP8StUXNYSZjPikyRsvkTbvRV1GBxMErb59cpeCJnDf1,0.095069358,2026-09-15T15:31:17Z,16005,Yz7WUJeS7SRFweaXFg4mA88DyX5jw4i8a6VExvDs1AXTiGYwg6NFRgL1nxSZQeWkxkjH895AAkGP94af4t9HsFy,7,1,False,False,False
6yVb4pxNwDfr6rovwNnBg3SyKSvDcHGD4WdFPN1JJBqm,CALLER,4ZUjJ5EJbwfh7teotB29uHc1SC3SiqbrkwJoNgsxibbU,Dumbocrat,2026-09-15T19:58:02Z,845j4ocrvExdiwbvpf74LBGXsnhqDw1BD5u8PoQCuEbg,0.099346248,2026-09-15T15:32:57Z,15905,4EdVUK7ivRU4gbAUtaVhnErN3sG3F1tPmReSn3qTAWxKJfpRQLv56wNVeGqpE9BHL8ALNaE5E2PtRzQ8ALUYVHiM,8,1,False,False,False
6yVb4pxNwDfr6rovwNnBg3SyKSvDcHGD4WdFPN1JJBqm,CALLER,4ZUjJ5EJbwfh7teotB29uHc1SC3SiqbrkwJoNgsxibbU,Dumbocrat,2026-09-15T19:58:02Z,GKMJwv2AEWVcfFXUMtxokMYy5ADkjwJa89DtP8LzoA61,4.436886849,2026-09-15T15:42:30Z,15332,sBtRAivuhVy4gE4NJTUmbrMBZgfCueCizJknjnhCkyUcUPwAjd9LeRSCXQANERpDJKWZ8uBc7AoWMEPf62Bp4bB,49,1,False,False,False
6yVb4pxNwDfr6rovwNnBg3SyKSvDcHGD4WdFPN1JJBqm,CALLER,4ZUjJ5EJbwfh7teotB29uHc1SC3SiqbrkwJoNgsxibbU,Dumbocrat,2026-09-15T19:58:02Z,5Q544fKrFoe6tsEbD7S8EmxGTJYAKtTVhAW5Q5pge4j1,2.611586515,2026-09-15T15:51:43Z,14779,RzY6KzQ3Bb2qtcLiExoGPbe5L32fsHnpdtxYfNeNt1TZHzqBC3AFi6gHa655gouMbycN36mQMrJLdiZhX9xJFC1,381,7,True,False,False
6yVb4pxNwDfr6rovwNnBg3SyKSvDcHGD4WdFPN1JJBqm,CALLER,4ZUjJ5EJbwfh7teotB29uHc1SC3SiqbrkwJoNgsxibbU,Dumbocrat,2026-09-15T19:58:02Z,5Q544fKrFoe6tsEbD7S8EmxGTJYAKtTVhAW5Q5pge4j1,3.114106364,2026-09-15T15:58:14Z,14388,Jmq6U9KYwkrJoKtB8DJhTSXqLfeqpow8A7U3Z6JqRj7TvVLHWer148ZYvLg7V61GaHurYAsgLqk4F84D1gt9Dei,381,7,True,False,False
6yVb4pxNwDfr6rovwNnBg3SyKSvDcHGD4WdFPN1JJBqm,CALLER,4ZUjJ5EJbwfh7teotB29uHc1SC3SiqbrkwJoNgsxibbU,Dumbocrat,2026-09-15T19:58:02Z,5Q544fKrFoe6tsEbD7S8EmxGTJYAKtTVhAW5Q5pge4j1,3.217499439,2026-09-15T16:01:08Z,14214,3hw7cDkCQd5dVfADJ83BizTN2PeTCkHoZDFJouyMyszAxLshuhApTe7JRyTj7bYqtYGTNu1ZeQGdaNaQzMcpchWF,381,7,True,False,False
6yVb4pxNwDfr6rovwNnBg3SyKSvDcHGD4WdFPN1JJBqm,CALLER,4ZUjJ5EJbwfh7teotB29uHc1SC3SiqbrkwJoNgsxibbU,Dumbocrat,2026-09-15T19:58:02Z,5Q544fKrFoe6tsEbD7S8EmxGTJYAKtTVhAW5Q5pge4j1,2.810569044,2026-09-15T16:17:50Z,13212,3LeptuuM21y4jypdQV3NkiD19ZyEeTrAHVJJctXq1KZRLDJuWrw5KHQzc4W1GRpw5WP39ycZAUfGYtPLsgMSwvUp,381,7,True,False,False
6yVb4pxNwDfr6rovwNnBg3SyKSvDcHGD4WdFPN1JJBqm,CALLER,4ZUjJ5EJbwfh7teotB29uHc1SC3SiqbrkwJoNgsxibbU,Dumbocrat,2026-09-15T19:58:02Z,5Q544fKrFoe6tsEbD7S8EmxGTJYAKtTVhAW5Q5pge4j1,4.079936473,2026-09-15T16:24:30Z,12812,5GGSTisMBmDXtAne36E6c12MdL9vpVPjQkCbfBpRAgqM1wYzUdih6ntuEGtSTiGqQrQzZQTweA9SZGQcdBWoUs6Z,381,7,True,False,False
6yVb4pxNwDfr6rovwNnBg3SyKSvDcHGD4WdFPN1JJBqm,CALLER,4ZUjJ5EJbwfh7teotB29uHc1SC3SiqbrkwJoNgsxibbU,Dumbocrat,2026-09-15T19:58:02Z,GKMJwv2AEWVcfFXUMtxokMYy5ADkjwJa89DtP8LzoA61,3.247965828,2026-09-15T16:25:10Z,12772,NstbH7b9L7K9tDzRgCZSLB6SYmy3JwK3x63GG7rDt8vMaT4ii9VY5yWYeQrnPwddx5AiRDMXQM7c7ErJvqrNnom,49,1,False,False,False
6yVb4pxNwDfr6rovwNnBg3SyKSvDcHGD4WdFPN1JJBqm,CALLER,4ZUjJ5EJbwfh7teotB29uHc1SC3SiqbrkwJoNgsxibbU,Dumbocrat,2026-09-15T19:58:02Z,HFqp6ErWHY6Uzhj8rFyjYuDya2mXUpYEk8VW75K9PSiY,1.065301042,2026-09-15T16:25:24Z,12758,Wtq7GmFHq6MpxBBznHUaji5nAwGDnUuzhyQo1TMdEsn2sfxSfem1aeEFNy2RFNccevrJzzhZ7uuTseCXoGV5vne,4,1,False,False,False
6yVb4pxNwDfr6rovwNnBg3SyKSvDcHGD4WdFPN1JJBqm,CALLER,4ZUjJ5EJbwfh7teotB29uHc1SC3SiqbrkwJoNgsxibbU,Dumbocrat,2026-09-15T19:58:02Z,FGkNCczbbBv2CGzSjM4q4EQNnFvQRB3i4wsfvUwArW1E,0.086299851,2026-09-15T16:37:16Z,12046,2BEP8Vk97r7HWuxMdHRaTFcGC5aB9RnCUPpGSzyDB7n26ecTRCjQCcE59Cajf9jhg4gFkJ7314mzNqoRz8ac6MZY,3,1,False,False,False
6yVb4pxNwDfr6rovwNnBg3SyKSvDcHGD4WdFPN1JJBqm,CALLER,4ZUjJ5EJbwfh7teotB29uHc1SC3SiqbrkwJoNgsxibbU,Dumbocrat,2026-09-15T19:58:02Z,8FnX3xo2yYw3EUE6w3nQA4GfXGS9wpK6oj3veJpbFzLo,20.483685895,2026-09-15T17:27:25Z,9037,2h1zTwxQRa6sGBDBTdvTCnM314QTVKYYrMqnodkUEMVEV7ttZT9VuiEgScZkqfvp13ENosfqYENLogbNmGxe9t6D,50,4,True,False,False
6yVb4pxNwDfr6rovwNnBg3SyKSvDcHGD4WdFPN1JJBqm,CALLER,4ZUjJ5EJbwfh7teotB29uHc1SC3SiqbrkwJoNgsxibbU,Dumbocrat,2026-09-15T19:58:02Z,5Q544fKrFoe6tsEbD7S8EmxGTJYAKtTVhAW5Q5pge4j1,0.311783767,2026-09-15T18:05:34Z,6748,2M7KuFUDLEhkTjdEMHsUnC9wM2SJoESn3Jbe4npFYPbaMzi642ia6QN7bczKPwqW5THxZAHWu7Ytgcd4rb3uLeQj,381,7,True,False,False
6yVb4pxNwDfr6rovwNnBg3SyKSvDcHGD4WdFPN1JJBqm,CALLER,4ZUjJ5EJbwfh7teotB29uHc1SC3SiqbrkwJoNgsxibbU,Dumbocrat,2026-09-15T19:58:02Z,5Q544fKrFoe6tsEbD7S8EmxGTJYAKtTVhAW5Q5pge4j1,3.871973728,2026-09-15T19:21:46Z,2176,2pGEXhWFMYDycxmDfUVM2DP6GCH1oPhd59E1dRjcXJcW9H2UccWnbH19NmSLyFvDkjJGi4Yve6n5FcWvzDvQUdfS,381,7,True,False,False
6yVb4pxNwDfr6rovwNnBg3SyKSvDcHGD4WdFPN1JJBqm,CALLER,4ZUjJ5EJbwfh7teotB29uHc1SC3SiqbrkwJoNgsxibbU,Dumbocrat,2026-09-15T19:58:02Z,5Q544fKrFoe6tsEbD7S8EmxGTJYAKtTVhAW5Q5pge4j1,1.478567986,2026-09-15T19:26:32Z,1890,5KZTQohjRbgk96EdMPq57iLQZTm3tavcH69nCEjA2gAvr6YKeFXg6pPVDqsxxGzBTqoKhuE1YAm3qnwdfX6ryvKN,381,7,True,False,False
Fzz2amRoCCpEvxtwdurs8qLVLSdrd3dcraJVpNjE4rp4,HIDDEN_CANDIDATE,5DoZAeBkoci5t5zPhUiuhQFjuzYTfkSv5Seojsxppump,BOLD,2026-09-10T13:06:22Z,5Q544fKrFoe6tsEbD7S8EmxGTJYAKtTVhAW5Q5pge4j1,3.758702273,2026-09-09T13:08:04Z,86298,4At5q7Cz4yU1zn1JQAD1ZFhy8LNXowWNMrHNrgvDxZ7NCS22GiSE865SDNq6bAYNWho7oPgUosUS4zmhzbh2EPXD,381,7,True,False,False
Fzz2amRoCCpEvxtwdurs8qLVLSdrd3dcraJVpNjE4rp4,HIDDEN_CANDIDATE,5DoZAeBkoci5t5zPhUiuhQFjuzYTfkSv5Seojsxppump,BOLD,2026-09-10T13:06:22Z,7pUrLVoEPSGyJkFDDmtTonTMKVknPH1BKrbXpBKQUuXP,1.766472442,2026-09-09T13:12:50Z,86012,4uNMJq4EFDwrw7QF5XiK8XJGsdjSkWoUvKPkHerB6ikCnLDefNyYenwAWpYFRM799EWQiMRaeqvkuXJQbiMY1kQJ,1,1,False,False,False
Fzz2amRoCCpEvxtwdurs8qLVLSdrd3dcraJVpNjE4rp4,HIDDEN_CANDIDATE,5DoZAeBkoci5t5zPhUiuhQFjuzYTfkSv5Seojsxppump,BOLD,2026-09-10T13:06:22Z,5Q544fKrFoe6tsEbD7S8EmxGTJYAKtTVhAW5Q5pge4j1,2.689769672,2026-09-09T13:21:38Z,85484,5ZKznDLj9oCFYMrDv6hMWUT1ZJQaB3ATQsDGLyUs47E5ecbokpYaz3ty5P55smj17JgmEc21BJHbkK4pKcy2eUH5,381,7,True,False,False
Fzz2amRoCCpEvxtwdurs8qLVLSdrd3dcraJVpNjE4rp4,HIDDEN_CANDIDATE,5DoZAeBkoci5t5zPhUiuhQFjuzYTfkSv5Seojsxppump,BOLD,2026-09-10T13:06:22Z,5Q544fKrFoe6tsEbD7S8EmxGTJYAKtTVhAW5Q5pge4j1,2.380108934,2026-09-09T13:21:39Z,85483,2gTHswZ31E8zQ6PmdQufqNawsZKP2RxVEvWqeT1vtS7WX8qJpDQHygpp1GxYZdcCm1dLtFbDUVxkb59cBrnfacYm,381,7,True,False,False
Fzz2amRoCCpEvxtwdurs8qLVLSdrd3dcraJVpNjE4rp4,HIDDEN_CANDIDATE,5DoZAeBkoci5t5zPhUiuhQFjuzYTfkSv5Seojsxppump,BOLD,2026-09-10T13:06:22Z,5Q544fKrFoe6tsEbD7S8EmxGTJYAKtTVhAW5Q5pge4j1,3.0198568,2026-09-09T13:21:55Z,85467,diNHTZavsKxxWyamichMwT3oHPGgRJ5kXKj7e4Rxw4vqwTyxZGDxUfYjPFEXJjuFKGYoWgj3HhSPFTxpbqReacn,381,7,True,False,False
Fzz2amRoCCpEvxtwdurs8qLVLSdrd3dcraJVpNjE4rp4,HIDDEN_CANDIDATE,5DoZAeBkoci5t5zPhUiuhQFjuzYTfkSv5Seojsxppump,BOLD,2026-09-10T13:06:22Z,5Q544fKrFoe6tsEbD7S8EmxGTJYAKtTVhAW5Q5pge4j1,0.998729411,2026-09-09T13:22:04Z,85458,2WipogpU2VHr9cqrJfeMr88sjac4hVAmtyoCccJsBaYydV9hrRnY8X3VKRxPCzFESd7vSkRsyMmNEw9LUynqABW5,381,7,True,False,False
Fzz2amRoCCpEvxtwdurs8qLVLSdrd3dcraJVpNjE4rp4,HIDDEN_CANDIDATE,5DoZAeBkoci5t5zPhUiuhQFjuzYTfkSv5Seojsxppump,BOLD,2026-09-10T13:06:22Z,5Q544fKrFoe6tsEbD7S8EmxGTJYAKtTVhAW5Q5pge4j1,2.02756249,2026-09-09T13:22:04Z,85458,3iJVaCccF9bLeB69GLNjHbifmagQFNL9krNgH2rjQXjLTWjjfu6F3djJcVTirT1QcJysCQLB8MVqiXjUUFrH2Mwv,381,7,True,False,False
Fzz2amRoCCpEvxtwdurs8qLVLSdrd3dcraJVpNjE4rp4,HIDDEN_CANDIDATE,5DoZAeBkoci5t5zPhUiuhQFjuzYTfkSv5Seojsxppump,BOLD,2026-09-10T13:06:22Z,5Q544fKrFoe6tsEbD7S8EmxGTJYAKtTVhAW5Q5pge4j1,0.235404087,2026-09-09T13:22:22Z,85440,4i4FeXRRUh3tbRmcMVi9Pojyux3PGfw7U6rjzevEdi8L9rHAS8SicNBS1GEgtNrDDTkvPDBGdeeGy6uFoM5XEPxD,381,7,True,False,False
Fzz2amRoCCpEvxtwdurs8qLVLSdrd3dcraJVpNjE4rp4,HIDDEN_CANDIDATE,5DoZAeBkoci5t5zPhUiuhQFjuzYTfkSv5Seojsxppump,BOLD,2026-09-10T13:06:22Z,5Q544fKrFoe6tsEbD7S8EmxGTJYAKtTVhAW5Q5pge4j1,4.229354808,2026-09-09T13:37:03Z,84559,51d2h7UYbFY9qZnksahMiJmoQGEYkF91dYuMj4fMm71UZM3FHgU1g1PbZDzvLTBf85DfnVvUtZbsXoWGsBKHp6dT,381,7,True,False,False
Fzz2amRoCCpEvxtwdurs8qLVLSdrd3dcraJVpNjE4rp4,HIDDEN_CANDIDATE,5DoZAeBkoci5t5zPhUiuhQFjuzYTfkSv5Seojsxppump,BOLD,2026-09-10T13:06:22Z,5Q544fKrFoe6tsEbD7S8EmxGTJYAKtTVhAW5Q5pge4j1,4.22803941,2026-09-09T13:37:04Z,84558,4j9MCPCPPUWTd4VghDFTUAWPGHMp5jRraS4bEV1u8dgqAwzR1VaqPf95P34hGSgP8iMC1gY6z3ENqwmZsfrjHNfw,381,7,True,False,False
Fzz2amRoCCpEvxtwdurs8qLVLSdrd3dcraJVpNjE4rp4,HIDDEN_CANDIDATE,5DoZAeBkoci5t5zPhUiuhQFjuzYTfkSv5Seojsxppump,BOLD,2026-09-10T13:06:22Z,5Q544fKrFoe6tsEbD7S8EmxGTJYAKtTVhAW5Q5pge4j1,4.821188946,2026-09-09T15:20:03Z,78379,2mFiVEzYroTtbjDRpDTC62zYGzGZJRsYFepo26bRdG4L4MLbFWdpwZeQMuSrrPwuBt2gjhbon3fr7dN5gPn81MCd,381,7,True,False,False
Fzz2amRoCCpEvxtwdurs8qLVLSdrd3dcraJVpNjE4rp4,HIDDEN_CANDIDATE,5DoZAeBkoci5t5zPhUiuhQFjuzYTfkSv5Seojsxppump,BOLD,2026-09-10T13:06:22Z,5Q544fKrFoe6tsEbD7S8EmxGTJYAKtTVhAW5Q5pge4j1,2.563943784,2026-09-09T17:42:58Z,69804,47rrHYTqzak1nwwmccbqqWzssZ6Nv2pgT3u5Dc6EgKW9hHg3XFmNr1yFdZ7PUFhmHkAktW78QaqMCd316RU7bW4s,381,7,True,False,False
Fzz2amRoCCpEvxtwdurs8qLVLSdrd3dcraJVpNjE4rp4,HIDDEN_CANDIDATE,5DoZAeBkoci5t5zPhUiuhQFjuzYTfkSv5Seojsxppump,BOLD,2026-09-10T13:06:22Z,5Q544fKrFoe6tsEbD7S8EmxGTJYAKtTVhAW5Q5pge4j1,1.049653774,2026-09-09T17:43:09Z,69793,4V5mSBR5pCJZuGn8xNEGGnpncupMj1VXuBX63xUNE5vNV9Em87EjjBKgSRwXBS4ABLJ2FvKSugbHwSViYPjkzaM5,381,7,True,False,False
Fzz2amRoCCpEvxtwdurs8qLVLSdrd3dcraJVpNjE4rp4,HIDDEN_CANDIDATE,5DoZAeBkoci5t5zPhUiuhQFjuzYTfkSv5Seojsxppump,BOLD,2026-09-10T13:06:22Z,5Q544fKrFoe6tsEbD7S8EmxGTJYAKtTVhAW5Q5pge4j1,3.067572522,2026-09-09T18:21:18Z,67504,3WpXMJVVb8gN95ftCU2HJe4ptUqfwPkTGcyBeaxX6cJN9KQaYvFpnw9zYwuaSpLdtCz55pn2xSsKF4kv1VaZA5Bs,381,7,True,False,False
Fzz2amRoCCpEvxtwdurs8qLVLSdrd3dcraJVpNjE4rp4,HIDDEN_CANDIDATE,5DoZAeBkoci5t5zPhUiuhQFjuzYTfkSv5Seojsxppump,BOLD,2026-09-10T13:06:22Z,5Q544fKrFoe6tsEbD7S8EmxGTJYAKtTVhAW5Q5pge4j1,2.641795995,2026-09-09T18:21:18Z,67504,2wc4p7Tc6KqJcBB62vkDkzAWKP9Kdqe5BzPTRYCxmxFuk5a7CWRAK6YJ3PvqC47BWHdqjpGMSnHosNNrwtPG8Jzt,381,7,True,False,False
Fzz2amRoCCpEvxtwdurs8qLVLSdrd3dcraJVpNjE4rp4,HIDDEN_CANDIDATE,5DoZAeBkoci5t5zPhUiuhQFjuzYTfkSv5Seojsxppump,BOLD,2026-09-10T13:06:22Z,5Q544fKrFoe6tsEbD7S8EmxGTJYAKtTVhAW5Q5pge4j1,2.299948052,2026-09-09T18:21:18Z,67504,3hVzafRGZf8t3SBqsktuKD82RWEf2JZsetRTBkf6JDso3XMXPrjPTuGaE3H7xjR9LPMfWCy2EwP58zqhyMhNWGmY,381,7,True,False,False
Fzz2amRoCCpEvxtwdurs8qLVLSdrd3dcraJVpNjE4rp4,HIDDEN_CANDIDATE,5DoZAeBkoci5t5zPhUiuhQFjuzYTfkSv5Seojsxppump,BOLD,2026-09-10T13:06:22Z,5Q544fKrFoe6tsEbD7S8EmxGTJYAKtTVhAW5Q5pge4j1,0.064850966,2026-09-09T18:21:19Z,67503,FZT6LDz6L2LZxfALzu8CCdhWkBBan4qqwQHLqLQdEkdXMisCx8thf4D54fX26eEX2sMDw679tFwY9HSvwVB4aWz,381,7,True,False,False
Fzz2amRoCCpEvxtwdurs8qLVLSdrd3dcraJVpNjE4rp4,HIDDEN_CANDIDATE,5DoZAeBkoci5t5zPhUiuhQFjuzYTfkSv5Seojsxppump,BOLD,2026-09-10T13:06:22Z,5Q544fKrFoe6tsEbD7S8EmxGTJYAKtTVhAW5Q5pge4j1,4.61848044,2026-09-09T18:22:38Z,67424,2Ni2oT32szAurB8fmjbUDg6NbkY3JfsCy55QHzMSiuUMMYqdUdykki171wKoTNVbbCiKKZA7tsVjfxo3eQkJyKM4,381,7,True,False,False
Fzz2amRoCCpEvxtwdurs8qLVLSdrd3dcraJVpNjE4rp4,HIDDEN_CANDIDATE,5DoZAeBkoci5t5zPhUiuhQFjuzYTfkSv5Seojsxppump,BOLD,2026-09-10T13:06:22Z,5Q544fKrFoe6tsEbD7S8EmxGTJYAKtTVhAW5Q5pge4j1,3.877252168,2026-09-09T18:22:38Z,67424,4wgHZYUjRJUFX9XTsuHLaynQK7F2kYAXuYMs5oX6thrDvse3GVBUdQ7Zr5PQ2X6SZiYuAtZo9x1jtxGU6wfEjLQ5,381,7,True,False,False
Fzz2amRoCCpEvxtwdurs8qLVLSdrd3dcraJVpNjE4rp4,HIDDEN_CANDIDATE,5DoZAeBkoci5t5zPhUiuhQFjuzYTfkSv5Seojsxppump,BOLD,2026-09-10T13:06:22Z,5Q544fKrFoe6tsEbD7S8EmxGTJYAKtTVhAW5Q5pge4j1,1.17459231,2026-09-09T18:22:40Z,67422,5ELGiChTRL25EsbEmxEM6cht5FGA4ZP1E6mprM4V3nRyhr65SrKCWQtj17g8CGGcyySAtQkBhFHQzYwfDA7FDgDT,381,7,True,False,False
Fzz2amRoCCpEvxtwdurs8qLVLSdrd3dcraJVpNjE4rp4,HIDDEN_CANDIDATE,5DoZAeBkoci5t5zPhUiuhQFjuzYTfkSv5Seojsxppump,BOLD,2026-09-10T13:06:22Z,5Q544fKrFoe6tsEbD7S8EmxGTJYAKtTVhAW5Q5pge4j1,0.945896639,2026-09-09T18:22:41Z,67421,3PjMrb2zN2DrLUg9Qx8JYT6qamDpxDZ6SemD1EpSq5y7Pqu4XsuyPEKhpwz9YVvR1WgJhodgiYo3jEqS8UDXRnZH,381,7,True,False,False
Fzz2amRoCCpEvxtwdurs8qLVLSdrd3dcraJVpNjE4rp4,HIDDEN_CANDIDATE,5DoZAeBkoci5t5zPhUiuhQFjuzYTfkSv5Seojsxppump,BOLD,2026-09-10T13:06:22Z,5Q544fKrFoe6tsEbD7S8EmxGTJYAKtTVhAW5Q5pge4j1,0.910182538,2026-09-09T18:22:42Z,67420,2SnLD1x4ExU9X3wggJkvj1BVHPH88jUR1B7gbTqZBKNfEFcabo7ZkTSnrJpXq1YxY5JsDuoUJLx9TYqa5vBvooep,381,7,True,False,False
Fzz2amRoCCpEvxtwdurs8qLVLSdrd3dcraJVpNjE4rp4,HIDDEN_CANDIDATE,5DoZAeBkoci5t5zPhUiuhQFjuzYTfkSv5Seojsxppump,BOLD,2026-09-10T13:06:22Z,5Q544fKrFoe6tsEbD7S8EmxGTJYAKtTVhAW5Q5pge4j1,0.302485634,2026-09-09T18:22:42Z,67420,4TVFY5L88fTgfzJKWJa9Ah5W4nED6KmQZ3124WzPatCdDZQMtg8SwK2KzzEgRsNVfDusaZAVzMZfET9K9RdRgWSs,381,7,True,False,False
Fzz2amRoCCpEvxtwdurs8qLVLSdrd3dcraJVpNjE4rp4,HIDDEN_CANDIDATE,5DoZAeBkoci5t5zPhUiuhQFjuzYTfkSv5Seojsxppump,BOLD,2026-09-10T13:06:22Z,5Q544fKrFoe6tsEbD7S8EmxGTJYAKtTVhAW5Q5pge4j1,0.298358662,2026-09-09T18:22:42Z,67420,59G2XARYcbkeFubHvuHBuM6ypxWYJWPFQXPCpLyXqVTGWvxNAugywHAR5u1gxaaqR1dnpyR21gnHAvphdF9hFEcP,381,7,True,False,False
Fzz2amRoCCpEvxtwdurs8qLVLSdrd3dcraJVpNjE4rp4,HIDDEN_CANDIDATE,5DoZAeBkoci5t5zPhUiuhQFjuzYTfkSv5Seojsxppump,BOLD,2026-09-10T13:06:22Z,5Q544fKrFoe6tsEbD7S8EmxGTJYAKtTVhAW5Q5pge4j1,0.308215111,2026-09-09T18:22:43Z,67419,5JCexezEdgdawMCk9nJiknsTjWtdpridCYcXjm8WQQJuPLN6UvVSMRnNSjiRnr5vBMd6hqHYJaRRhJ9oSAr2cfN9,381,7,True,False,False
Fzz2amRoCCpEvxtwdurs8qLVLSdrd3dcraJVpNjE4rp4,HIDDEN_CANDIDATE,5DoZAeBkoci5t5zPhUiuhQFjuzYTfkSv5Seojsxppump,BOLD,2026-09-10T13:06:22Z,DJ6jFZj7YKAFQ63tQrUD7j8JwCNK1TnhMm1zVBn9yQwD,3.9,2026-09-09T19:15:21Z,64261,4WKU5ibhpyaF8LWDeheYAo7ekMZd1LGg1o4M3Kxf71fzk4Vv37eivmUH3txLNm5yVHWknbF36FgviwUy3EbBsQuQ,6,1,False,False,False
Fzz2amRoCCpEvxtwdurs8qLVLSdrd3dcraJVpNjE4rp4,HIDDEN_CANDIDATE,5DoZAeBkoci5t5zPhUiuhQFjuzYTfkSv5Seojsxppump,BOLD,2026-09-10T13:06:22Z,5q2WSmsRbFLBSAJw3d9AbWoPTC8i1PeMLnXWYxFHe98c,3.9,2026-09-09T19:15:21Z,64261,4WKU5ibhpyaF8LWDeheYAo7ekMZd1LGg1o4M3Kxf71fzk4Vv37eivmUH3txLNm5yVHWknbF36FgviwUy3EbBsQuQ,3,1,False,False,False
Fzz2amRoCCpEvxtwdurs8qLVLSdrd3dcraJVpNjE4rp4,HIDDEN_CANDIDATE,5DoZAeBkoci5t5zPhUiuhQFjuzYTfkSv5Seojsxppump,BOLD,2026-09-10T13:06:22Z,5Q544fKrFoe6tsEbD7S8EmxGTJYAKtTVhAW5Q5pge4j1,5.772842261,2026-09-09T19:16:14Z,64208,41U5nfcKXdYaByHwgsKVjSxmFUQPpZkzzrRKUqtrfLEvMKCtjaqU4ehrNmEpXaAvyA9gRj63t9hAVxdJxAshKYwc,381,7,True,False,False
Fzz2amRoCCpEvxtwdurs8qLVLSdrd3dcraJVpNjE4rp4,HIDDEN_CANDIDATE,5DoZAeBkoci5t5zPhUiuhQFjuzYTfkSv5Seojsxppump,BOLD,2026-09-10T13:06:22Z,DJ6jFZj7YKAFQ63tQrUD7j8JwCNK1TnhMm1zVBn9yQwD,3.9,2026-09-09T19:18:20Z,64082,REd11AkdvW8eRQ3UrNMChTb4LVVDM7DpJFiEQgBLHhKPFPHairPBzu9UsdiKQ7kgtHn7LciynuBPKqydEip67jF,6,1,False,False,False
Fzz2amRoCCpEvxtwdurs8qLVLSdrd3dcraJVpNjE4rp4,HIDDEN_CANDIDATE,5DoZAeBkoci5t5zPhUiuhQFjuzYTfkSv5Seojsxppump,BOLD,2026-09-10T13:06:22Z,5q2WSmsRbFLBSAJw3d9AbWoPTC8i1PeMLnXWYxFHe98c,3.9,2026-09-09T19:18:20Z,64082,REd11AkdvW8eRQ3UrNMChTb4LVVDM7DpJFiEQgBLHhKPFPHairPBzu9UsdiKQ7kgtHn7LciynuBPKqydEip67jF,3,1,False,False,False
Fzz2amRoCCpEvxtwdurs8qLVLSdrd3dcraJVpNjE4rp4,HIDDEN_CANDIDATE,5DoZAeBkoci5t5zPhUiuhQFjuzYTfkSv5Seojsxppump,BOLD,2026-09-10T13:06:22Z,5Q544fKrFoe6tsEbD7S8EmxGTJYAKtTVhAW5Q5pge4j1,5.034126538,2026-09-09T19:18:49Z,64053,5AhJkKEJXj8umZcrPJ9ADbFjTarkoxPg3tKMArGGxFoSLX2YNdeUG64ZD8EQkmVb7VWQ2HyXsv4kTbTWEbEdeQtQ,381,7,True,False,False
Fzz2amRoCCpEvxtwdurs8qLVLSdrd3dcraJVpNjE4rp4,HIDDEN_CANDIDATE,5DoZAeBkoci5t5zPhUiuhQFjuzYTfkSv5Seojsxppump,BOLD,2026-09-10T13:06:22Z,DJ6jFZj7YKAFQ63tQrUD7j8JwCNK1TnhMm1zVBn9yQwD,3.9,2026-09-09T19:21:14Z,63908,3QER4UdWCA3mG6dsXVKbnuhVQNbhYawueJeRsbstBthpBMKkhvB9kU2J5UXJvvPRPsipCN8virRqfAgFDV2DdwVQ,6,1,False,False,False
Fzz2amRoCCpEvxtwdurs8qLVLSdrd3dcraJVpNjE4rp4,HIDDEN_CANDIDATE,5DoZAeBkoci5t5zPhUiuhQFjuzYTfkSv5Seojsxppump,BOLD,2026-09-10T13:06:22Z,5q2WSmsRbFLBSAJw3d9AbWoPTC8i1PeMLnXWYxFHe98c,3.9,2026-09-09T19:21:14Z,63908,3QER4UdWCA3mG6dsXVKbnuhVQNbhYawueJeRsbstBthpBMKkhvB9kU2J5UXJvvPRPsipCN8virRqfAgFDV2DdwVQ,3,1,False,False,False
Fzz2amRoCCpEvxtwdurs8qLVLSdrd3dcraJVpNjE4rp4,HIDDEN_CANDIDATE,5DoZAeBkoci5t5zPhUiuhQFjuzYTfkSv5Seojsxppump,BOLD,2026-09-10T13:06:22Z,8FnX3xo2yYw3EUE6w3nQA4GfXGS9wpK6oj3veJpbFzLo,2.286621735,2026-09-09T19:21:21Z,63901,2u1cm64G2ELrWTz6XR3pTvAVeGtaZJWQCs9tV1zCzJhsCvLDivqaxWoioCCcKJ3xR2EpuLUuXa7ELzNNhNyWNh5j,50,4,True,False,False
Fzz2amRoCCpEvxtwdurs8qLVLSdrd3dcraJVpNjE4rp4,HIDDEN_CANDIDATE,5DoZAeBkoci5t5zPhUiuhQFjuzYTfkSv5Seojsxppump,BOLD,2026-09-10T13:06:22Z,5Q544fKrFoe6tsEbD7S8EmxGTJYAKtTVhAW5Q5pge4j1,2.118161991,2026-09-09T19:21:35Z,63887,4m4EvViHpcgAjUHGQ6ZGZ7GHSs8Uz3GdT7WmJ6RJuPEfocgzjWHisQqeFBR451VK8vPa5o8znhHXB2dXmDkDPhiA,381,7,True,False,False
Fzz2amRoCCpEvxtwdurs8qLVLSdrd3dcraJVpNjE4rp4,HIDDEN_CANDIDATE,5DoZAeBkoci5t5zPhUiuhQFjuzYTfkSv5Seojsxppump,BOLD,2026-09-10T13:06:22Z,DJ6jFZj7YKAFQ63tQrUD7j8JwCNK1TnhMm1zVBn9yQwD,3.9,2026-09-09T19:44:31Z,62511,3Efd1WQAjg5q4nJdtBLoLRt7nSeo7W2AMJwPR4omDbe18RMXNhjvJDCVQG198jFdzeLug41vh6ENPg1bQTiKwTdC,6,1,False,False,False
Fzz2amRoCCpEvxtwdurs8qLVLSdrd3dcraJVpNjE4rp4,HIDDEN_CANDIDATE,5DoZAeBkoci5t5zPhUiuhQFjuzYTfkSv5Seojsxppump,BOLD,2026-09-10T13:06:22Z,Aaz2sDzEYbJbF9vLswQzen2YDyG9ctLJFXyWfw9UahHv,3.9,2026-09-09T19:44:31Z,62511,3Efd1WQAjg5q4nJdtBLoLRt7nSeo7W2AMJwPR4omDbe18RMXNhjvJDCVQG198jFdzeLug41vh6ENPg1bQTiKwTdC,3,1,False,False,False
Fzz2amRoCCpEvxtwdurs8qLVLSdrd3dcraJVpNjE4rp4,HIDDEN_CANDIDATE,5DoZAeBkoci5t5zPhUiuhQFjuzYTfkSv5Seojsxppump,BOLD,2026-09-10T13:06:22Z,DJ6jFZj7YKAFQ63tQrUD7j8JwCNK1TnhMm1zVBn9yQwD,3.9,2026-09-09T19:46:03Z,62419,5hYZgUDzbnzWgarEzHuT68FswpJkfegC1x4frRnRyEM9Lqx3CrDv1VGL6wEnP7PYj8X9PsgkXytfZ7enE1fs5jAW,6,1,False,False,False
Fzz2amRoCCpEvxtwdurs8qLVLSdrd3dcraJVpNjE4rp4,HIDDEN_CANDIDATE,5DoZAeBkoci5t5zPhUiuhQFjuzYTfkSv5Seojsxppump,BOLD,2026-09-10T13:06:22Z,Aaz2sDzEYbJbF9vLswQzen2YDyG9ctLJFXyWfw9UahHv,3.9,2026-09-09T19:46:03Z,62419,5hYZgUDzbnzWgarEzHuT68FswpJkfegC1x4frRnRyEM9Lqx3CrDv1VGL6wEnP7PYj8X9PsgkXytfZ7enE1fs5jAW,3,1,False,False,False
Fzz2amRoCCpEvxtwdurs8qLVLSdrd3dcraJVpNjE4rp4,HIDDEN_CANDIDATE,5DoZAeBkoci5t5zPhUiuhQFjuzYTfkSv5Seojsxppump,BOLD,2026-09-10T13:06:22Z,B5EwJVDuAauzUEEdwvbuXzbFFgEYnUqqS37TUM1c4PQA,32.304626069,2026-09-09T19:46:55Z,62367,4M9Xwio239F4C3o2tckCQvvweu4KmyUFkyHdfVgUJoWv9wzLuvAXZKQHNf5kQKr2oGoCncgBNDmENk7bh1qhoTMm,25,3,True,False,False
Fzz2amRoCCpEvxtwdurs8qLVLSdrd3dcraJVpNjE4rp4,HIDDEN_CANDIDATE,5DoZAeBkoci5t5zPhUiuhQFjuzYTfkSv5Seojsxppump,BOLD,2026-09-10T13:06:22Z,DJ6jFZj7YKAFQ63tQrUD7j8JwCNK1TnhMm1zVBn9yQwD,3.9,2026-09-09T19:47:13Z,62349,3SVacHQ8fUhRkW5jEyz8nhXTvUGGJTwEzQjPn3feBwJqvu9BvaH1ea3JWyyPmnaubsCXEmQy8cE9CCEyLVgKkMGR,6,1,False,False,False
Fzz2amRoCCpEvxtwdurs8qLVLSdrd3dcraJVpNjE4rp4,HIDDEN_CANDIDATE,5DoZAeBkoci5t5zPhUiuhQFjuzYTfkSv5Seojsxppump,BOLD,2026-09-10T13:06:22Z,Aaz2sDzEYbJbF9vLswQzen2YDyG9ctLJFXyWfw9UahHv,3.9,2026-09-09T19:47:13Z,62349,3SVacHQ8fUhRkW5jEyz8nhXTvUGGJTwEzQjPn3feBwJqvu9BvaH1ea3JWyyPmnaubsCXEmQy8cE9CCEyLVgKkMGR,3,1,False,False,False
Fzz2amRoCCpEvxtwdurs8qLVLSdrd3dcraJVpNjE4rp4,HIDDEN_CANDIDATE,5DoZAeBkoci5t5zPhUiuhQFjuzYTfkSv5Seojsxppump,BOLD,2026-09-10T13:06:22Z,8FnX3xo2yYw3EUE6w3nQA4GfXGS9wpK6oj3veJpbFzLo,7.495705103,2026-09-09T19:47:24Z,62338,S4g83EJcZw9Vc5pvUdokAcjNtdCjDWcBrevKKiWq6S6s3uayZJyC6FndxuuhSn7HZm9FpDEjHWFnVirzaGP4XuB,50,4,True,False,False
Fzz2amRoCCpEvxtwdurs8qLVLSdrd3dcraJVpNjE4rp4,HIDDEN_CANDIDATE,5DoZAeBkoci5t5zPhUiuhQFjuzYTfkSv5Seojsxppump,BOLD,2026-09-10T13:06:22Z,8ekCy2jHHUbW2yeNGFWYJT9Hm9FW7SvZcZK66dSZCDiF,6.668096383,2026-09-09T19:47:24Z,62338,2E7FUvj1yVWPUv1ByEGTC4ZjfeAgtbJUbHv6xB2U1Mq7Tn1YVXLoMPdDPL73NWEbR5F6gHwD8ES43KRZ1Rd5UkEQ,14,3,True,False,False
Fzz2amRoCCpEvxtwdurs8qLVLSdrd3dcraJVpNjE4rp4,HIDDEN_CANDIDATE,5DoZAeBkoci5t5zPhUiuhQFjuzYTfkSv5Seojsxppump,BOLD,2026-09-10T13:06:22Z,8ekCy2jHHUbW2yeNGFWYJT9Hm9FW7SvZcZK66dSZCDiF,5.976966385,2026-09-09T19:47:24Z,62338,5TKcfUs7w6oNepNEdUim5apQXaXRW5NY2fWnbU2T1FFpoEYbvEJdW7fkDP2srGnah5DCCVJa5kxJFA7rsg2rTR1a,14,3,True,False,False
Fzz2amRoCCpEvxtwdurs8qLVLSdrd3dcraJVpNjE4rp4,HIDDEN_CANDIDATE,5DoZAeBkoci5t5zPhUiuhQFjuzYTfkSv5Seojsxppump,BOLD,2026-09-10T13:06:22Z,8ekCy2jHHUbW2yeNGFWYJT9Hm9FW7SvZcZK66dSZCDiF,5.379177636,2026-09-09T19:47:24Z,62338,3Dvov2YVhhPacWk34G2ewnChibNdhREWJrYR5RZvR3Rmm8qMYacTL1LrymhgzWqEqvRZST6kWxBi47A5JajBJY71,14,3,True,False,False
Fzz2amRoCCpEvxtwdurs8qLVLSdrd3dcraJVpNjE4rp4,HIDDEN_CANDIDATE,5DoZAeBkoci5t5zPhUiuhQFjuzYTfkSv5Seojsxppump,BOLD,2026-09-10T13:06:22Z,8ekCy2jHHUbW2yeNGFWYJT9Hm9FW7SvZcZK66dSZCDiF,4.870779524,2026-09-09T19:47:24Z,62338,qosuH7c83gasVrR9YGUzcD3Kx2JSEcs9HFW3ybRaq2BY2vbWZB8NSpCukcM8Eye78mrqcb6LZMf4iWZvp2qGEcC,14,3,True,False,False
Fzz2amRoCCpEvxtwdurs8qLVLSdrd3dcraJVpNjE4rp4,HIDDEN_CANDIDATE,5DoZAeBkoci5t5zPhUiuhQFjuzYTfkSv5Seojsxppump,BOLD,2026-09-10T13:06:22Z,8FnX3xo2yYw3EUE6w3nQA4GfXGS9wpK6oj3veJpbFzLo,4.432642089,2026-09-09T19:47:24Z,62338,4uXLAhMfxo7THd6cpd1ouwqDdxzzry1hCxQRbnSCbMnuq2nAEt2DxHX5ajPnKFERMtqDsbp4hZNEwnfYDXQEoBD5,50,4,True,False,False
Fzz2amRoCCpEvxtwdurs8qLVLSdrd3dcraJVpNjE4rp4,HIDDEN_CANDIDATE,5DoZAeBkoci5t5zPhUiuhQFjuzYTfkSv5Seojsxppump,BOLD,2026-09-10T13:06:22Z,8FnX3xo2yYw3EUE6w3nQA4GfXGS9wpK6oj3veJpbFzLo,4.049192083,2026-09-09T19:47:24Z,62338,55FXFe2e9vzjb9vDBTrsfhPZrKwmWM1nReERf7PZaEFFbk1tQV8Z7ZEHrxxm4vq8gScpj8Zyi7Vw5ony9pXJoJNa,50,4,True,False,False
Fzz2amRoCCpEvxtwdurs8qLVLSdrd3dcraJVpNjE4rp4,HIDDEN_CANDIDATE,5DoZAeBkoci5t5zPhUiuhQFjuzYTfkSv5Seojsxppump,BOLD,2026-09-10T13:06:22Z,8FnX3xo2yYw3EUE6w3nQA4GfXGS9wpK6oj3veJpbFzLo,3.713382408,2026-09-09T19:47:24Z,62338,4NwnXK872CYZxaxnosQfMJhEyQEwLa7BiyWkQD7y42Ew3wMqk5nyDAYwqNbB8aeSnbfom7s8CS4WzVLPPrLwd5ZR,50,4,True,False,False
Fzz2amRoCCpEvxtwdurs8qLVLSdrd3dcraJVpNjE4rp4,HIDDEN_CANDIDATE,5DoZAeBkoci5t5zPhUiuhQFjuzYTfkSv5Seojsxppump,BOLD,2026-09-10T13:06:22Z,8FnX3xo2yYw3EUE6w3nQA4GfXGS9wpK6oj3veJpbFzLo,4.510771293,2026-09-09T19:47:25Z,62337,4Pc6Y9aLNDuwGrhUe6jwTCmGUo47Km7XzzEVQidfPZV7dugK2y1KLpD5uV64FEBjtXmhEvMSGF4PqLmzDaWKywYn,50,4,True,False,False
Fzz2amRoCCpEvxtwdurs8qLVLSdrd3dcraJVpNjE4rp4,HIDDEN_CANDIDATE,5DoZAeBkoci5t5zPhUiuhQFjuzYTfkSv5Seojsxppump,BOLD,2026-09-10T13:06:22Z,8FnX3xo2yYw3EUE6w3nQA4GfXGS9wpK6oj3veJpbFzLo,6.42902266,2026-09-09T19:47:25Z,62337,5TrBvLN9FQMedR6sP7tC2SbFDPuyaif8o6iPCrYCWfh7k4KweXLSVZTJfmGtKyHD723Pc2FPHEbw6iSTSfZ3GDkU,50,4,True,False,False
Fzz2amRoCCpEvxtwdurs8qLVLSdrd3dcraJVpNjE4rp4,HIDDEN_CANDIDATE,5DoZAeBkoci5t5zPhUiuhQFjuzYTfkSv5Seojsxppump,BOLD,2026-09-10T13:06:22Z,8ekCy2jHHUbW2yeNGFWYJT9Hm9FW7SvZcZK66dSZCDiF,6.73166035,2026-09-09T19:47:26Z,62336,5L9LvhTLNEeD1S6fHE592vXaSGAdZbqFiVdhoszft31Qtczm5ziPGuzUCG68xWDrbPesLBNHJRy6FaHyfHcisWCt,14,3,True,False,False
Fzz2amRoCCpEvxtwdurs8qLVLSdrd3dcraJVpNjE4rp4,HIDDEN_CANDIDATE,5DoZAeBkoci5t5zPhUiuhQFjuzYTfkSv5Seojsxppump,BOLD,2026-09-10T13:06:22Z,BS9uyGV6XmNnPkM4f3xgxCdQEaFv7RSKs6fwrpvYHxfL,5.984930662,2026-09-09T19:47:26Z,62336,5CrrwJLc811KfRoHwrv2ZSEeobyihdCBZnwG8im5jrg2DeiXKgH2112uUecVFb745g271bjYuxpzqQo1fZmB6vCm,6,3,False,False,False
Fzz2amRoCCpEvxtwdurs8qLVLSdrd3dcraJVpNjE4rp4,HIDDEN_CANDIDATE,5DoZAeBkoci5t5zPhUiuhQFjuzYTfkSv5Seojsxppump,BOLD,2026-09-10T13:06:22Z,8ekCy2jHHUbW2yeNGFWYJT9Hm9FW7SvZcZK66dSZCDiF,5.261288229,2026-09-09T19:47:27Z,62335,2dbkVjJ1SYmrh3598CVbdZM7id5yYRL9S6TZDmuL8qkwMm42bGFNxr2sfpL9pwC1bXx5kAnMYhcAjubUZ6ZBPYdp,14,3,True,False,False
Fzz2amRoCCpEvxtwdurs8qLVLSdrd3dcraJVpNjE4rp4,HIDDEN_CANDIDATE,5DoZAeBkoci5t5zPhUiuhQFjuzYTfkSv5Seojsxppump,BOLD,2026-09-10T13:06:22Z,8FnX3xo2yYw3EUE6w3nQA4GfXGS9wpK6oj3veJpbFzLo,5.217850979,2026-09-09T19:47:27Z,62335,5nSazJxuvz6TnQpqZ61ptGTShocwysmPCUF1uHGKR2vvdWhzJFuozbSqi7BiPALsBNb6hhYYZAYJXsSBkXu4kWVv,50,4,True,False,False
Fzz2amRoCCpEvxtwdurs8qLVLSdrd3dcraJVpNjE4rp4,HIDDEN_CANDIDATE,5DoZAeBkoci5t5zPhUiuhQFjuzYTfkSv5Seojsxppump,BOLD,2026-09-10T13:06:22Z,8ekCy2jHHUbW2yeNGFWYJT9Hm9FW7SvZcZK66dSZCDiF,5.336421286,2026-09-09T19:47:27Z,62335,J5bZH4BMVUr6bq13hGWKGC19rtVf4JnX7FusHvGEdpXU36G1jYnzb1TVy5PPhch4aJFmgmet8JF5wwaih15cUcP,14,3,True,False,False
Fzz2amRoCCpEvxtwdurs8qLVLSdrd3dcraJVpNjE4rp4,HIDDEN_CANDIDATE,5DoZAeBkoci5t5zPhUiuhQFjuzYTfkSv5Seojsxppump,BOLD,2026-09-10T13:06:22Z,8FnX3xo2yYw3EUE6w3nQA4GfXGS9wpK6oj3veJpbFzLo,4.51915954,2026-09-09T19:47:27Z,62335,3dvtEq7TDKPji3NcC2PspUjb7V8DUGSTyfxsp3zKXhAJFSPpZRD1jHXvzahoucbe1ZJUBAEanLYPmyWh76Az46R1,50,4,True,False,False
Fzz2amRoCCpEvxtwdurs8qLVLSdrd3dcraJVpNjE4rp4,HIDDEN_CANDIDATE,5DoZAeBkoci5t5zPhUiuhQFjuzYTfkSv5Seojsxppump,BOLD,2026-09-10T13:06:22Z,8FnX3xo2yYw3EUE6w3nQA4GfXGS9wpK6oj3veJpbFzLo,3.876826224,2026-09-09T19:47:27Z,62335,3PJVEtJ1CsCfstyXeJVXdXE49mHxpMh1iVw5sbSJcr98m1F8MAmhkhHVkZHLr9SxqYGSfufC8pZC6ma5KoAcLFtz,50,4,True,False,False
Fzz2amRoCCpEvxtwdurs8qLVLSdrd3dcraJVpNjE4rp4,HIDDEN_CANDIDATE,5DoZAeBkoci5t5zPhUiuhQFjuzYTfkSv5Seojsxppump,BOLD,2026-09-10T13:06:22Z,8ekCy2jHHUbW2yeNGFWYJT9Hm9FW7SvZcZK66dSZCDiF,4.274086053,2026-09-09T19:47:28Z,62334,CwQzF4fdTST5MJGHvNssnnHPRYKtPMgr7KPsNmZpbd2dfYBdpW9KpemzN7FdrAbJRza5RDS8teeAtE3g6dEaeov,14,3,True,False,False
Fzz2amRoCCpEvxtwdurs8qLVLSdrd3dcraJVpNjE4rp4,HIDDEN_CANDIDATE,5DoZAeBkoci5t5zPhUiuhQFjuzYTfkSv5Seojsxppump,BOLD,2026-09-10T13:06:22Z,8FnX3xo2yYw3EUE6w3nQA4GfXGS9wpK6oj3veJpbFzLo,4.027185281,2026-09-09T19:47:28Z,62334,4j68sPkgsYAD9T6BG73MjUtAAtjsEJNLwWJ8fNEPMmoiDQWnb9uU7ckuhqRdcXMViCVEScdqPmCLEFkwprDUXUCT,50,4,True,False,False
Fzz2amRoCCpEvxtwdurs8qLVLSdrd3dcraJVpNjE4rp4,HIDDEN_CANDIDATE,5DoZAeBkoci5t5zPhUiuhQFjuzYTfkSv5Seojsxppump,BOLD,2026-09-10T13:06:22Z,8FnX3xo2yYw3EUE6w3nQA4GfXGS9wpK6oj3veJpbFzLo,6.250849663,2026-09-09T19:47:30Z,62332,Dc3g6zzvQwrFy5TsrybnuU4bCeQqecjUhBhZ7GzhJuwBAmBaJ3ebPRZUc19MoXF2itGkM9ZDHuMF3THkfy36hxJ,50,4,True,False,False
Fzz2amRoCCpEvxtwdurs8qLVLSdrd3dcraJVpNjE4rp4,HIDDEN_CANDIDATE,5DoZAeBkoci5t5zPhUiuhQFjuzYTfkSv5Seojsxppump,BOLD,2026-09-10T13:06:22Z,8FnX3xo2yYw3EUE6w3nQA4GfXGS9wpK6oj3veJpbFzLo,5.90567939,2026-09-09T19:47:30Z,62332,U4Z8f384WWWNGQeVn9MJekGCGSrn9EtH2ydU2ghFZJS1QgeEyHeNf96eDKVFC5QocnZACyRzEcdLyumVTuAGnHd,50,4,True,False,False
Fzz2amRoCCpEvxtwdurs8qLVLSdrd3dcraJVpNjE4rp4,HIDDEN_CANDIDATE,5DoZAeBkoci5t5zPhUiuhQFjuzYTfkSv5Seojsxppump,BOLD,2026-09-10T13:06:22Z,8FnX3xo2yYw3EUE6w3nQA4GfXGS9wpK6oj3veJpbFzLo,6.46900347,2026-09-09T19:47:30Z,62332,HW5XJA9tfTUHEJA5nQBxTijwGjRKjBP2nWritBTxt6XCrMi9XVBgBp2SzuvML7L9ey4vLMEmmDz65veSJRzDHf1,50,4,True,False,False
Fzz2amRoCCpEvxtwdurs8qLVLSdrd3dcraJVpNjE4rp4,HIDDEN_CANDIDATE,5DoZAeBkoci5t5zPhUiuhQFjuzYTfkSv5Seojsxppump,BOLD,2026-09-10T13:06:22Z,8FnX3xo2yYw3EUE6w3nQA4GfXGS9wpK6oj3veJpbFzLo,5.255777977,2026-09-09T19:47:30Z,62332,3Vb98cmztxuSHFFQQYGREzv4X4Vqyn5wgq4rpAyBVW36sJ2DMrL1XtnwVtnzKYr1YVMA2o2cKC6jJrTqfhr8hk7,50,4,True,False,False
Fzz2amRoCCpEvxtwdurs8qLVLSdrd3dcraJVpNjE4rp4,HIDDEN_CANDIDATE,5DoZAeBkoci5t5zPhUiuhQFjuzYTfkSv5Seojsxppump,BOLD,2026-09-10T13:06:22Z,8FnX3xo2yYw3EUE6w3nQA4GfXGS9wpK6oj3veJpbFzLo,5.774199403,2026-09-09T19:47:30Z,62332,pxVJkQRFnF4TLyuNpP1bjY6AVLZU1NAQLbrx3si75dm2PM6aTUitb6ma3SuEkRZdoCzwCXxrXWj5s4q4uzZHN35,50,4,True,False,False
Fzz2amRoCCpEvxtwdurs8qLVLSdrd3dcraJVpNjE4rp4,HIDDEN_CANDIDATE,5DoZAeBkoci5t5zPhUiuhQFjuzYTfkSv5Seojsxppump,BOLD,2026-09-10T13:06:22Z,8FnX3xo2yYw3EUE6w3nQA4GfXGS9wpK6oj3veJpbFzLo,4.753242872,2026-09-09T19:47:31Z,62331,3tbLTzovdQCorVfCXZWZmvzdmksQzKbm9b6VWK4zsSDWS5YhEB4kp53tRNbexfiyDms8gWRj7LoXpv4zAfYXEXRP,50,4,True,False,False
Fzz2amRoCCpEvxtwdurs8qLVLSdrd3dcraJVpNjE4rp4,HIDDEN_CANDIDATE,5DoZAeBkoci5t5zPhUiuhQFjuzYTfkSv5Seojsxppump,BOLD,2026-09-10T13:06:22Z,8FnX3xo2yYw3EUE6w3nQA4GfXGS9wpK6oj3veJpbFzLo,5.235612498,2026-09-09T19:47:31Z,62331,53Rp5g3NUWTA6z9i7qYLk8Em9D8JhYwDX2qEoJtUSMW1zGdn77C9pFFCgXfSWtJAKMNG9BKdBnkrXRNDUtBP3zkU,50,4,True,False,False
Fzz2amRoCCpEvxtwdurs8qLVLSdrd3dcraJVpNjE4rp4,HIDDEN_CANDIDATE,5DoZAeBkoci5t5zPhUiuhQFjuzYTfkSv5Seojsxppump,BOLD,2026-09-10T13:06:22Z,8FnX3xo2yYw3EUE6w3nQA4GfXGS9wpK6oj3veJpbFzLo,4.278747202,2026-09-09T19:47:31Z,62331,23Wu3bLCm5E5m8xN81ANcxoq4bFMSBScLspiKLgW1q8G1j4jBgq1JaJL3ohT4FgL4vMAPoXDJJjoCjJtq1dNKLSC,50,4,True,False,False
Fzz2amRoCCpEvxtwdurs8qLVLSdrd3dcraJVpNjE4rp4,HIDDEN_CANDIDATE,5DoZAeBkoci5t5zPhUiuhQFjuzYTfkSv5Seojsxppump,BOLD,2026-09-10T13:06:22Z,Enc6rB84ZwGxZU8aqAF41dRJxg3yesiJgD7uJFVhMraM,4.028030582,2026-09-09T19:47:31Z,62331,5XNVgnKa1Jkk11JhQHhoMswjNo4348wRNM8J8htAa1pDVyFNJsSdQWSYYmsrdxryFHFK1VFiRNnsRggUxNZCJS2w,3,1,False,False,False
Fzz2amRoCCpEvxtwdurs8qLVLSdrd3dcraJVpNjE4rp4,HIDDEN_CANDIDATE,5DoZAeBkoci5t5zPhUiuhQFjuzYTfkSv5Seojsxppump,BOLD,2026-09-10T13:06:22Z,7yD7gfXv49SFxhx9uTc11dEd7Nj98rGWeYMdZJgheZbG,2.234214388,2026-09-09T19:47:33Z,62329,VPDhzLP4GdWz2mty39T14nBA5J6DLKoHfZrQwN2NhmJF2JJsmKx3XKyVsne8vCMfLNdRoQrVK7XnDcfStJptvyT,1,1,False,False,False
Fzz2amRoCCpEvxtwdurs8qLVLSdrd3dcraJVpNjE4rp4,HIDDEN_CANDIDATE,5DoZAeBkoci5t5zPhUiuhQFjuzYTfkSv5Seojsxppump,BOLD,2026-09-10T13:06:22Z,8FnX3xo2yYw3EUE6w3nQA4GfXGS9wpK6oj3veJpbFzLo,2.180225115,2026-09-09T19:47:33Z,62329,49YQMzqF4m5DmKbf7UHuyniTuj8P5aatJ9GXzUewCP28En46Kmau4Zs8FhkTG4VpyiKLTtEJ3Ru4GiiBrYCfcyPx,50,4,True,False,False
Fzz2amRoCCpEvxtwdurs8qLVLSdrd3dcraJVpNjE4rp4,HIDDEN_CANDIDATE,5DoZAeBkoci5t5zPhUiuhQFjuzYTfkSv5Seojsxppump,BOLD,2026-09-10T13:06:22Z,8FnX3xo2yYw3EUE6w3nQA4GfXGS9wpK6oj3veJpbFzLo,2.127797292,2026-09-09T19:47:33Z,62329,3ShvZJij9bgJGQsjKdzex9enzmAA96XPMUPZiX6m4qarnkRFpfpQxSqKmzKYSj9XJSMzud4PgyjMgD4DHADXf5JB,50,4,True,False,False
Fzz2amRoCCpEvxtwdurs8qLVLSdrd3dcraJVpNjE4rp4,HIDDEN_CANDIDATE,5DoZAeBkoci5t5zPhUiuhQFjuzYTfkSv5Seojsxppump,BOLD,2026-09-10T13:06:22Z,8FnX3xo2yYw3EUE6w3nQA4GfXGS9wpK6oj3veJpbFzLo,2.163398281,2026-09-09T19:47:33Z,62329,bSWg1jbrefM5uyJArdEa7MV4jAGLPSu7rNd4af6puYzqVLbhrkrpJ8g79ADuzJeGa43djUoqNiW37m9u7A14r3S,50,4,True,False,False
Fzz2amRoCCpEvxtwdurs8qLVLSdrd3dcraJVpNjE4rp4,HIDDEN_CANDIDATE,5DoZAeBkoci5t5zPhUiuhQFjuzYTfkSv5Seojsxppump,BOLD,2026-09-10T13:06:22Z,8FnX3xo2yYw3EUE6w3nQA4GfXGS9wpK6oj3veJpbFzLo,2.154906748,2026-09-09T19:47:34Z,62328,2oXBvQVFWLkQtMfqRamR7NqJ5HSmqYivgwPg2pSxoRohi5fBmtiMuzM3od2PRPaxihjzjRrcJaiCRecVx4RtdsE6,50,4,True,False,False
Fzz2amRoCCpEvxtwdurs8qLVLSdrd3dcraJVpNjE4rp4,HIDDEN_CANDIDATE,5DoZAeBkoci5t5zPhUiuhQFjuzYTfkSv5Seojsxppump,BOLD,2026-09-10T13:06:22Z,8FnX3xo2yYw3EUE6w3nQA4GfXGS9wpK6oj3veJpbFzLo,2.215096255,2026-09-09T19:47:34Z,62328,2fdHn9Su53pyCwDT1tNZ38KGPQD9bus9QLP6EMRK9vpxS4CNrZcsDGrJFxo7Z7JXvZqhUS7yMmcLWzD5oJsDhQdb,50,4,True,False,False
Fzz2amRoCCpEvxtwdurs8qLVLSdrd3dcraJVpNjE4rp4,HIDDEN_CANDIDATE,5DoZAeBkoci5t5zPhUiuhQFjuzYTfkSv5Seojsxppump,BOLD,2026-09-10T13:06:22Z,8FnX3xo2yYw3EUE6w3nQA4GfXGS9wpK6oj3veJpbFzLo,1.81365366,2026-09-09T19:47:34Z,62328,2eUTNc6K7DbhZewF43bYZeCA1HJno7yy71bpDiBA8Px8DuHHEdjwaXgCEGhBW5C7xt5L1HgEEp4eW3wvBAzuxeqv,50,4,True,False,False
Fzz2amRoCCpEvxtwdurs8qLVLSdrd3dcraJVpNjE4rp4,HIDDEN_CANDIDATE,5DoZAeBkoci5t5zPhUiuhQFjuzYTfkSv5Seojsxppump,BOLD,2026-09-10T13:06:22Z,8FnX3xo2yYw3EUE6w3nQA4GfXGS9wpK6oj3veJpbFzLo,1.391403092,2026-09-09T19:47:34Z,62328,33H4oZGtyUt4MpgiX7NB1BoYrkmUrZWfduSzJxuXYFJ4w8trUkGmnETUWsafkrQL2HLLDoscaQ8M2SYjza2HBSVy,50,4,True,False,False
Fzz2amRoCCpEvxtwdurs8qLVLSdrd3dcraJVpNjE4rp4,HIDDEN_CANDIDATE,5DoZAeBkoci5t5zPhUiuhQFjuzYTfkSv5Seojsxppump,BOLD,2026-09-10T13:06:22Z,8FnX3xo2yYw3EUE6w3nQA4GfXGS9wpK6oj3veJpbFzLo,1.287959522,2026-09-09T19:47:34Z,62328,5Hog3L9RdKuy57Ga8sGN8vFqrgqYv1FKPgotAr585kZCPBmFFgMGEiswAJDK3HokNfH9hqaTSSGdX5uUva22huXu,50,4,True,False,False
Fzz2amRoCCpEvxtwdurs8qLVLSdrd3dcraJVpNjE4rp4,HIDDEN_CANDIDATE,5DoZAeBkoci5t5zPhUiuhQFjuzYTfkSv5Seojsxppump,BOLD,2026-09-10T13:06:22Z,8FnX3xo2yYw3EUE6w3nQA4GfXGS9wpK6oj3veJpbFzLo,1.291513436,2026-09-09T19:47:34Z,62328,4KSV687DuK8dRpBzyYtKbE3gXyy5CmV1pzHANc4M3rXQ8rGGqvoCSREd5m7FUPziSLyWYqGEjp4RKFjoppaj3SMe,50,4,True,False,False
Fzz2amRoCCpEvxtwdurs8qLVLSdrd3dcraJVpNjE4rp4,HIDDEN_CANDIDATE,5DoZAeBkoci5t5zPhUiuhQFjuzYTfkSv5Seojsxppump,BOLD,2026-09-10T13:06:22Z,8ekCy2jHHUbW2yeNGFWYJT9Hm9FW7SvZcZK66dSZCDiF,1.193056463,2026-09-09T19:47:35Z,62327,4RpW4EpPPhomLnLVrbozTJEVm5VzNfKVQehvPtWtAokac8y6XNZexKas2AnZes5eTQhkCedJc8dxmc3uJjoicfNk,14,3,True,False,False
Fzz2amRoCCpEvxtwdurs8qLVLSdrd3dcraJVpNjE4rp4,HIDDEN_CANDIDATE,5DoZAeBkoci5t5zPhUiuhQFjuzYTfkSv5Seojsxppump,BOLD,2026-09-10T13:06:22Z,8FnX3xo2yYw3EUE6w3nQA4GfXGS9wpK6oj3veJpbFzLo,6.530805649,2026-09-09T19:47:35Z,62327,Nb2rAhiuNhFNDsCkKwcwZdzCjHuzpv2W12un3Tvbg5wF5XgXYS3kZpZYNnAwjJawRqBUjFL5crJFz7aniAkXQzW,50,4,True,False,False
Fzz2amRoCCpEvxtwdurs8qLVLSdrd3dcraJVpNjE4rp4,HIDDEN_CANDIDATE,5DoZAeBkoci5t5zPhUiuhQFjuzYTfkSv5Seojsxppump,BOLD,2026-09-10T13:06:22Z,Enc6rB84ZwGxZU8aqAF41dRJxg3yesiJgD7uJFVhMraM,0.645005251,2026-09-09T19:47:37Z,62325,5y2rfUs6Fy2hC4zF7rnkUFHrNH2AShX3KJx5cuomLv1WJ3ZqLSYbDidYnbQJL1dpi587znnZV69NRD3EkwxQLpWD,3,1,False,False,False
Fzz2amRoCCpEvxtwdurs8qLVLSdrd3dcraJVpNjE4rp4,HIDDEN_CANDIDATE,5DoZAeBkoci5t5zPhUiuhQFjuzYTfkSv5Seojsxppump,BOLD,2026-09-10T13:06:22Z,8FnX3xo2yYw3EUE6w3nQA4GfXGS9wpK6oj3veJpbFzLo,0.665533981,2026-09-09T19:47:38Z,62324,4djWud7FR6gcFqLCJZVXkWN4VFiev5teWXJahqDaVzxFEN4aWtH62Ei86StaSQDYdRAXkjvC1betQ9rTejYvUTZv,50,4,True,False,False
Fzz2amRoCCpEvxtwdurs8qLVLSdrd3dcraJVpNjE4rp4,HIDDEN_CANDIDATE,5DoZAeBkoci5t5zPhUiuhQFjuzYTfkSv5Seojsxppump,BOLD,2026-09-10T13:06:22Z,8FnX3xo2yYw3EUE6w3nQA4GfXGS9wpK6oj3veJpbFzLo,0.614815098,2026-09-09T19:47:38Z,62324,2kwx9bnocRMsMSYDBaMWKB9MAUG2jYvaNLTnK899uE1s64VjGAwnCJiVyFkaMNXsYTS6LLaoQuNFQCGMg3B1KGyh,50,4,True,False,False
Fzz2amRoCCpEvxtwdurs8qLVLSdrd3dcraJVpNjE4rp4,HIDDEN_CANDIDATE,5DoZAeBkoci5t5zPhUiuhQFjuzYTfkSv5Seojsxppump,BOLD,2026-09-10T13:06:22Z,8FnX3xo2yYw3EUE6w3nQA4GfXGS9wpK6oj3veJpbFzLo,0.610743167,2026-09-09T19:47:38Z,62324,45RMvMJaKgcoACr884w8JixCos5qwnmj6BF7hs7iB4uJJAnF3YPgKY4YRB4FGoHtHfAVwB4PM6roxJvmJ1BG9JSE,50,4,True,False,False
Fzz2amRoCCpEvxtwdurs8qLVLSdrd3dcraJVpNjE4rp4,HIDDEN_CANDIDATE,5DoZAeBkoci5t5zPhUiuhQFjuzYTfkSv5Seojsxppump,BOLD,2026-09-10T13:06:22Z,8FnX3xo2yYw3EUE6w3nQA4GfXGS9wpK6oj3veJpbFzLo,0.547276583,2026-09-09T19:47:38Z,62324,2uazoebQccCtG8uCiya2ShDGXHf6Rd2jEBEg9ej7Nxz9kZmQyLBy7wifa1cNbGN1LCwaXLUjoMdrDvgx7eFfqFKS,50,4,True,False,False
Fzz2amRoCCpEvxtwdurs8qLVLSdrd3dcraJVpNjE4rp4,HIDDEN_CANDIDATE,5DoZAeBkoci5t5zPhUiuhQFjuzYTfkSv5Seojsxppump,BOLD,2026-09-10T13:06:22Z,8FnX3xo2yYw3EUE6w3nQA4GfXGS9wpK6oj3veJpbFzLo,0.523338996,2026-09-09T19:47:38Z,62324,3f4RWKuD1eBVcbyKmkNHWTAnr7n4v8Wy7hyMBhxd98TNvNboHaDaerVeu6uwmy6MLTfspq2VUE3qhcuu8y1Pwsji,50,4,True,False,False
Fzz2amRoCCpEvxtwdurs8qLVLSdrd3dcraJVpNjE4rp4,HIDDEN_CANDIDATE,5DoZAeBkoci5t5zPhUiuhQFjuzYTfkSv5Seojsxppump,BOLD,2026-09-10T13:06:22Z,Enc6rB84ZwGxZU8aqAF41dRJxg3yesiJgD7uJFVhMraM,0.402860487,2026-09-09T19:47:40Z,62322,PRB3D1LmnY5fYmkyqWWF4TUoQvSSjDNsW7vLt88RvfspqZBwGghbieEavDdJ5YbmQfLZKhN633J6bfMFjZcHzyd,3,1,False,False,False
Fzz2amRoCCpEvxtwdurs8qLVLSdrd3dcraJVpNjE4rp4,HIDDEN_CANDIDATE,5DoZAeBkoci5t5zPhUiuhQFjuzYTfkSv5Seojsxppump,BOLD,2026-09-10T13:06:22Z,8FnX3xo2yYw3EUE6w3nQA4GfXGS9wpK6oj3veJpbFzLo,0.432496173,2026-09-09T19:47:42Z,62320,cc99KB3WZ4w6nVwNf7FCGM2H487bbkuKY3fmQTwyp5PAFp6LzeCyfPZRzRMKbP4huTy92vBHDEdtg5vaLaybHzk,50,4,True,False,False
Fzz2amRoCCpEvxtwdurs8qLVLSdrd3dcraJVpNjE4rp4,HIDDEN_CANDIDATE,5DoZAeBkoci5t5zPhUiuhQFjuzYTfkSv5Seojsxppump,BOLD,2026-09-10T13:06:22Z,8FnX3xo2yYw3EUE6w3nQA4GfXGS9wpK6oj3veJpbFzLo,0.388362031,2026-09-09T19:47:42Z,62320,4sFtNyqvwfp2oJdg7w2jQK5rYrvJ8JhJXAyhbpZZZgMBWmEiyiFuDYkTEAFqDyXsmy3pm4idny2hZe9E1LnazcAx,50,4,True,False,False
Fzz2amRoCCpEvxtwdurs8qLVLSdrd3dcraJVpNjE4rp4,HIDDEN_CANDIDATE,5DoZAeBkoci5t5zPhUiuhQFjuzYTfkSv5Seojsxppump,BOLD,2026-09-10T13:06:22Z,8FnX3xo2yYw3EUE6w3nQA4GfXGS9wpK6oj3veJpbFzLo,0.406900937,2026-09-09T19:47:42Z,62320,SmkjFJ7bmVddSM6UjtGBMx1nRcc9MAEps4vqnux2qpX2UEjfez8DsTUXFJLnPHBeCFbRnv4borev3oW1AiANehK,50,4,True,False,False
Fzz2amRoCCpEvxtwdurs8qLVLSdrd3dcraJVpNjE4rp4,HIDDEN_CANDIDATE,5DoZAeBkoci5t5zPhUiuhQFjuzYTfkSv5Seojsxppump,BOLD,2026-09-10T13:06:22Z,8FnX3xo2yYw3EUE6w3nQA4GfXGS9wpK6oj3veJpbFzLo,0.384543773,2026-09-09T19:47:42Z,62320,4yTdFPL2E1yu848qafpiErDix22sqwEFn4HAY63e5Hc5XK6Pw3oBqruFbApgEf7gnQqkUiaJP6NLkGihvVc39xCB,50,4,True,False,False
Fzz2amRoCCpEvxtwdurs8qLVLSdrd3dcraJVpNjE4rp4,HIDDEN_CANDIDATE,5DoZAeBkoci5t5zPhUiuhQFjuzYTfkSv5Seojsxppump,BOLD,2026-09-10T13:06:22Z,8FnX3xo2yYw3EUE6w3nQA4GfXGS9wpK6oj3veJpbFzLo,0.402834078,2026-09-09T19:47:42Z,62320,2HLj8HCy2sgu7mC8DN378TCLe63XqPm5PSzvebYbyg2fvJKwb3yuUq9Rycv6trcXmaN9rCrKoz7p6m19ZxM7pLwi,50,4,True,False,False
Fzz2amRoCCpEvxtwdurs8qLVLSdrd3dcraJVpNjE4rp4,HIDDEN_CANDIDATE,5DoZAeBkoci5t5zPhUiuhQFjuzYTfkSv5Seojsxppump,BOLD,2026-09-10T13:06:22Z,8FnX3xo2yYw3EUE6w3nQA4GfXGS9wpK6oj3veJpbFzLo,0.400502356,2026-09-09T19:47:42Z,62320,52UKUtrPaamA6W8ofn7KrE1vnMq7Y7JyM2QWzAJwhBtGrKfPiXx4oDABrAgcm57gqiQ2kZkGAFfhGKz5HMocSVhu,50,4,True,False,False
Fzz2amRoCCpEvxtwdurs8qLVLSdrd3dcraJVpNjE4rp4,HIDDEN_CANDIDATE,5DoZAeBkoci5t5zPhUiuhQFjuzYTfkSv5Seojsxppump,BOLD,2026-09-10T13:06:22Z,8ekCy2jHHUbW2yeNGFWYJT9Hm9FW7SvZcZK66dSZCDiF,0.398861316,2026-09-09T19:47:43Z,62319,FQ7XdYFPg42PoeR3rGqgTJcosvnDHeNJPAVHm2Azao8qqrhfWbkYF44ruZwysAJcipuByLzd5RzfDrK1nTE5R8f,14,3,True,False,False
Fzz2amRoCCpEvxtwdurs8qLVLSdrd3dcraJVpNjE4rp4,HIDDEN_CANDIDATE,5DoZAeBkoci5t5zPhUiuhQFjuzYTfkSv5Seojsxppump,BOLD,2026-09-10T13:06:22Z,8ekCy2jHHUbW2yeNGFWYJT9Hm9FW7SvZcZK66dSZCDiF,0.399199204,2026-09-09T19:47:43Z,62319,5prNhDGTpdVshAw5ia57RvApCakR4y2w6ou4zKsEPBiVNQXZe9v4ncVX7XkKqx4yEDgTGAaFvDeH8kKZDCLZTzdh,14,3,True,False,False
Fzz2amRoCCpEvxtwdurs8qLVLSdrd3dcraJVpNjE4rp4,HIDDEN_CANDIDATE,5DoZAeBkoci5t5zPhUiuhQFjuzYTfkSv5Seojsxppump,BOLD,2026-09-10T13:06:22Z,8ekCy2jHHUbW2yeNGFWYJT9Hm9FW7SvZcZK66dSZCDiF,0.388487053,2026-09-09T19:47:43Z,62319,5tNrgNPEJZ1gqo2W7s9HGa3RguVjxQ4Da12Be6StbGnmTMqB3gck3wdcoRtZHDu8PyyUneY6rXBEKaggsJQ77U6r,14,3,True,False,False
Fzz2amRoCCpEvxtwdurs8qLVLSdrd3dcraJVpNjE4rp4,HIDDEN_CANDIDATE,5DoZAeBkoci5t5zPhUiuhQFjuzYTfkSv5Seojsxppump,BOLD,2026-09-10T13:06:22Z,8FnX3xo2yYw3EUE6w3nQA4GfXGS9wpK6oj3veJpbFzLo,0.450802155,2026-09-09T19:47:43Z,62319,5SE8ymGoCjNCShVtTmKSfuW69poAJMkDaw8fosViAnzfpP9undQeSx4QxzxDe1hpBm2QtrbWS7P29T7cpjqQ3i7m,50,4,True,False,False
Fzz2amRoCCpEvxtwdurs8qLVLSdrd3dcraJVpNjE4rp4,HIDDEN_CANDIDATE,5DoZAeBkoci5t5zPhUiuhQFjuzYTfkSv5Seojsxppump,BOLD,2026-09-10T13:06:22Z,BS9uyGV6XmNnPkM4f3xgxCdQEaFv7RSKs6fwrpvYHxfL,0.420493501,2026-09-09T19:47:43Z,62319,2WpetnSrSW1Y8sobfPLYsAsvEvYJFiCarAf8Ur33ZynuxxzrvD6jvCY8M9W7NQKVaVzgitbXCksP4KErJj8cqiUR,6,3,False,False,False
Bi4rd5FH5bYEN8scZ7wevxNZyNmKHdaBcvewdPFxYdLt,HIDDEN_CANDIDATE,5pSEZw1iytqYznD7crsGyKNek7q5JkjBqj2KmfqxUVZd,CHONK,2026-09-24T16:46:28Z,5Q544fKrFoe6tsEbD7S8EmxGTJYAKtTVhAW5Q5pge4j1,4.299773063,2026-09-23T16:46:58Z,86370,34TXLkC2jPsKotWtdNMxszXvvLFEqzZprnAGpFUNPVgZ9t8TLUGgQMctarR6Dofv5MHxzGe7uW2eaTxSbgse41FR,381,7,True,False,False
Bi4rd5FH5bYEN8scZ7wevxNZyNmKHdaBcvewdPFxYdLt,HIDDEN_CANDIDATE,5pSEZw1iytqYznD7crsGyKNek7q5JkjBqj2KmfqxUVZd,CHONK,2026-09-24T16:46:28Z,HuW9e5q4suBMS16nYztSEQN9cjGwBgAaX2S1zhQho7WL,2.879602326,2026-09-23T16:47:19Z,86349,3zAHFzc97knFpynjwaPjPVE9iK9KzFVqhFGtrrRmiozQrpEERQjjkUy61GuSYx6mS4FcVgiQAFdU2LuuuB2neLRq,2,1,False,False,False
Bi4rd5FH5bYEN8scZ7wevxNZyNmKHdaBcvewdPFxYdLt,HIDDEN_CANDIDATE,5pSEZw1iytqYznD7crsGyKNek7q5JkjBqj2KmfqxUVZd,CHONK,2026-09-24T16:46:28Z,69SNcRC8NqjHBSXEcugCN5oFKRQoKmddmWzZYc3tqtxk,0.205671486,2026-09-23T16:52:34Z,86034,2i5whebBFMopxyQhboxTp5FL4uwjMUjxhaJFuKjodwpqQ6aeUGf8AoSruv7BkLNmxdtB4n9PG86m3yU5kL5S7usf,104,1,False,False,False
Bi4rd5FH5bYEN8scZ7wevxNZyNmKHdaBcvewdPFxYdLt,HIDDEN_CANDIDATE,5pSEZw1iytqYznD7crsGyKNek7q5JkjBqj2KmfqxUVZd,CHONK,2026-09-24T16:46:28Z,2AXXcN6oN9bBT5owwmTH53C7QHUXvhLeu718Kqt8rvY2,2.031457552,2026-09-23T16:53:21Z,85987,3LLsFm548oQ2z3dCzRDtt9dEPN5WV6j6AtqmQbebt88ud7UDR9R3M7KFwLK3GH9SD3axG2GkBCRQWnCCjUpkPbJh,10,1,False,False,False
Bi4rd5FH5bYEN8scZ7wevxNZyNmKHdaBcvewdPFxYdLt,HIDDEN_CANDIDATE,5pSEZw1iytqYznD7crsGyKNek7q5JkjBqj2KmfqxUVZd,CHONK,2026-09-24T16:46:28Z,2AXXcN6oN9bBT5owwmTH53C7QHUXvhLeu718Kqt8rvY2,0.584640671,2026-09-23T16:53:29Z,85979,5ZSUumv1Ft5RW3vmpdxdsBKhk7QNUqzC9wo18C6Sq3Sz8MA77HXxiDMc3g3SuG5wPrwFDogehoK6Tnp6Z76D2ts4,10,1,False,False,False
Bi4rd5FH5bYEN8scZ7wevxNZyNmKHdaBcvewdPFxYdLt,HIDDEN_CANDIDATE,5pSEZw1iytqYznD7crsGyKNek7q5JkjBqj2KmfqxUVZd,CHONK,2026-09-24T16:46:28Z,2AXXcN6oN9bBT5owwmTH53C7QHUXvhLeu718Kqt8rvY2,0.229492649,2026-09-23T16:53:29Z,85979,MugFT78PD9BzHN459gU9nkNdGgnZaE2m7BRa45bEr5WuFgMjjMpspLFJtFTwRfTyK3ohmt8CznYfrqtCinBcfyA,10,1,False,False,False
Bi4rd5FH5bYEN8scZ7wevxNZyNmKHdaBcvewdPFxYdLt,HIDDEN_CANDIDATE,5pSEZw1iytqYznD7crsGyKNek7q5JkjBqj2KmfqxUVZd,CHONK,2026-09-24T16:46:28Z,2AXXcN6oN9bBT5owwmTH53C7QHUXvhLeu718Kqt8rvY2,1.433447127,2026-09-23T16:53:31Z,85977,4rsi9Aggq1vyPfy4WESSgzXLw1jPQxHLbUQjbbScqXbuSizRjumEBYC2ZJRHFinmrHScqb7p1uydUtS9Frz3AUNN,10,1,False,False,False
Bi4rd5FH5bYEN8scZ7wevxNZyNmKHdaBcvewdPFxYdLt,HIDDEN_CANDIDATE,5pSEZw1iytqYznD7crsGyKNek7q5JkjBqj2KmfqxUVZd,CHONK,2026-09-24T16:46:28Z,2AXXcN6oN9bBT5owwmTH53C7QHUXvhLeu718Kqt8rvY2,3.775479292,2026-09-23T16:55:51Z,85837,3r3bbbCQsfH3NVgVQLJGj8qdftzCC9TCteabiicXuFpJTXKRrygcjC1939TT175W5S79zYjF7pkwqrXUbXkbtsVi,10,1,False,False,False
Bi4rd5FH5bYEN8scZ7wevxNZyNmKHdaBcvewdPFxYdLt,HIDDEN_CANDIDATE,5pSEZw1iytqYznD7crsGyKNek7q5JkjBqj2KmfqxUVZd,CHONK,2026-09-24T16:46:28Z,69SNcRC8NqjHBSXEcugCN5oFKRQoKmddmWzZYc3tqtxk,0.179399517,2026-09-23T16:56:34Z,85794,32tfwTqRLJrTqUss7yJRhdVNixjuVoxXMS4c2vBYFHsRZA6GFsGztVTiFYTNVdqJLzwiJMuwdrBWqLtu4AMj2qYw,104,1,False,False,False
Bi4rd5FH5bYEN8scZ7wevxNZyNmKHdaBcvewdPFxYdLt,HIDDEN_CANDIDATE,5pSEZw1iytqYznD7crsGyKNek7q5JkjBqj2KmfqxUVZd,CHONK,2026-09-24T16:46:28Z,5Q544fKrFoe6tsEbD7S8EmxGTJYAKtTVhAW5Q5pge4j1,1.741078509,2026-09-23T17:31:15Z,83713,3sN5L6UD5jkj2TiwjXiDi9JsJAaCRXotXVMNXqb9wPZN8FJKquKjyfjwcFU2DtfzeV2i968YiGJE3PwpQBSUX7UG,381,7,True,False,False
Bi4rd5FH5bYEN8scZ7wevxNZyNmKHdaBcvewdPFxYdLt,HIDDEN_CANDIDATE,5pSEZw1iytqYznD7crsGyKNek7q5JkjBqj2KmfqxUVZd,CHONK,2026-09-24T16:46:28Z,k5DPySr8q9t5Xtq2CiMdyhFvtp3hhySZE9n6mLRzn2q,1.654510938,2026-09-23T17:42:47Z,83021,3zAEgaNHp9ErLQ17ZZg8xnfNaBL4hqNS9ya478VMzi1s6ih2DCe3XZHP3JZMsqGS5zfZMMsAJccebo4WyFXRtEsZ,1,1,False,False,False
Bi4rd5FH5bYEN8scZ7wevxNZyNmKHdaBcvewdPFxYdLt,HIDDEN_CANDIDATE,5pSEZw1iytqYznD7crsGyKNek7q5JkjBqj2KmfqxUVZd,CHONK,2026-09-24T16:46:28Z,5Q544fKrFoe6tsEbD7S8EmxGTJYAKtTVhAW5Q5pge4j1,1.530361229,2026-09-23T17:42:48Z,83020,fD3ZpTjGktbikeNJHSvEWqEYSTsq8dkdBmsdgqvQjGkksrFfiv8tzw1n4iRMw9PQwSDbpaXDxc1rCsP6zMUJKuV,381,7,True,False,False
Bi4rd5FH5bYEN8scZ7wevxNZyNmKHdaBcvewdPFxYdLt,HIDDEN_CANDIDATE,5pSEZw1iytqYznD7crsGyKNek7q5JkjBqj2KmfqxUVZd,CHONK,2026-09-24T16:46:28Z,AvPqWvQoEnC5aiFm3y3y1AkDyR8Dns8u4RL1VbKLXvtd,7.436470665,2026-09-23T17:46:54Z,82774,5MKdmA15YpxgiFJn7BWQpYdM588YpJuC2Lak6bSAWCqHY1Pn6yCykLt9hUPE62wNcFitxGBVL5UBmRWP66Epz4Ni,9,1,False,False,False
Bi4rd5FH5bYEN8scZ7wevxNZyNmKHdaBcvewdPFxYdLt,HIDDEN_CANDIDATE,5pSEZw1iytqYznD7crsGyKNek7q5JkjBqj2KmfqxUVZd,CHONK,2026-09-24T16:46:28Z,AvPqWvQoEnC5aiFm3y3y1AkDyR8Dns8u4RL1VbKLXvtd,6.049701753,2026-09-23T17:46:55Z,82773,2GKECDwdmds3T4mDsociTWVD4vSEAoj2ispB7TyXjBPC9cWNc2v8Ba1uvsubrtJZRndQEW2p7P2PWWEw1m3o55y4,9,1,False,False,False
Bi4rd5FH5bYEN8scZ7wevxNZyNmKHdaBcvewdPFxYdLt,HIDDEN_CANDIDATE,5pSEZw1iytqYznD7crsGyKNek7q5JkjBqj2KmfqxUVZd,CHONK,2026-09-24T16:46:28Z,AvPqWvQoEnC5aiFm3y3y1AkDyR8Dns8u4RL1VbKLXvtd,0.293426319,2026-09-23T17:49:29Z,82619,2URxDj5GRsN6xneDXKHRRBYRuG5JLeSDmMq7ZX8cCzZ9j8CZiuLWL7Yjva6k6e9UxTaC1jbgHd9E2ga1dm1TSfvk,9,1,False,False,False
Bi4rd5FH5bYEN8scZ7wevxNZyNmKHdaBcvewdPFxYdLt,HIDDEN_CANDIDATE,5pSEZw1iytqYznD7crsGyKNek7q5JkjBqj2KmfqxUVZd,CHONK,2026-09-24T16:46:28Z,AvPqWvQoEnC5aiFm3y3y1AkDyR8Dns8u4RL1VbKLXvtd,2.871192996,2026-09-23T17:49:32Z,82616,uQg9q1dFdM6b5hY3CtWRAoTPM3s2HGt4fWEtjaJRK3YeQWZGxwqZkdPjCZF2LgyVD6LRQag5MT5F2cKGr7K1HKT,9,1,False,False,False
Bi4rd5FH5bYEN8scZ7wevxNZyNmKHdaBcvewdPFxYdLt,HIDDEN_CANDIDATE,5pSEZw1iytqYznD7crsGyKNek7q5JkjBqj2KmfqxUVZd,CHONK,2026-09-24T16:46:28Z,AvPqWvQoEnC5aiFm3y3y1AkDyR8Dns8u4RL1VbKLXvtd,2.719116391,2026-09-23T17:49:33Z,82615,rGEMabhsnmsDZkaiqpdciFVKkBAgbMQnYJLt1fLDANasho4BNz7PLomx1hNpZo6dA3nWgXFiJLMW4wupksZLCzS,9,1,False,False,False
Bi4rd5FH5bYEN8scZ7wevxNZyNmKHdaBcvewdPFxYdLt,HIDDEN_CANDIDATE,5pSEZw1iytqYznD7crsGyKNek7q5JkjBqj2KmfqxUVZd,CHONK,2026-09-24T16:46:28Z,69SNcRC8NqjHBSXEcugCN5oFKRQoKmddmWzZYc3tqtxk,0.541947727,2026-09-23T17:57:34Z,82134,2HGbQ3dHpgZUYRQLovjaxFYrfLJ6bHGU8WuqhADuDtBio2gj74BqUtsqzFw1Wk7NSBZxWe3coyrwPUyLUpeHdoCS,104,1,False,False,False
Bi4rd5FH5bYEN8scZ7wevxNZyNmKHdaBcvewdPFxYdLt,HIDDEN_CANDIDATE,5pSEZw1iytqYznD7crsGyKNek7q5JkjBqj2KmfqxUVZd,CHONK,2026-09-24T16:46:28Z,HDojZeCdUee8nczxsc9MeiMKVF961HqEFeKEvHw74xVR,3.443522623,2026-09-23T17:59:37Z,82011,3gRop1FrHwngG1k5sR8nshRpH8zZLmjEezvhe9VGvu9329PUvG9v41Z2VRxNzwb1864crA4c3jKfUsJoUkEztQg9,1,1,False,False,False
Bi4rd5FH5bYEN8scZ7wevxNZyNmKHdaBcvewdPFxYdLt,HIDDEN_CANDIDATE,5pSEZw1iytqYznD7crsGyKNek7q5JkjBqj2KmfqxUVZd,CHONK,2026-09-24T16:46:28Z,69SNcRC8NqjHBSXEcugCN5oFKRQoKmddmWzZYc3tqtxk,0.066765334,2026-09-23T18:00:10Z,81978,2QSPYGBoCp5aCRmHicjrzzrQ6i3qrMvVeDYMSV9aEKzH23qJ2dTmbDSdFuNM89BupQQXYZms6craMTVwak6e5ESv,104,1,False,False,False
Bi4rd5FH5bYEN8scZ7wevxNZyNmKHdaBcvewdPFxYdLt,HIDDEN_CANDIDATE,5pSEZw1iytqYznD7crsGyKNek7q5JkjBqj2KmfqxUVZd,CHONK,2026-09-24T16:46:28Z,Ckp1kwZqosaLU1h3zWtuaMBubyWM7LX3cxYezRVin7p2,2.98500515,2026-09-23T18:02:44Z,81824,4PGbH7Z3Yw1G9JH9mNSH1aMApxjwH9NDcrwSfrgdmUe3dRbHWbNPSZHhnormXnimwRGxCJjwky5ZzzbdntmUBkzC,1,1,False,False,False
Bi4rd5FH5bYEN8scZ7wevxNZyNmKHdaBcvewdPFxYdLt,HIDDEN_CANDIDATE,5pSEZw1iytqYznD7crsGyKNek7q5JkjBqj2KmfqxUVZd,CHONK,2026-09-24T16:46:28Z,AvPqWvQoEnC5aiFm3y3y1AkDyR8Dns8u4RL1VbKLXvtd,3.557836177,2026-09-23T18:05:44Z,81644,5iWFfemooeSPStzQpDi2mwSeHQbcJz5gccxa63qCkF27MUd3iSJ4XtgJCs9Nk3EbnCtBZBk8pMbLbo3JqTAmvUzn,9,1,False,False,False
Bi4rd5FH5bYEN8scZ7wevxNZyNmKHdaBcvewdPFxYdLt,HIDDEN_CANDIDATE,5pSEZw1iytqYznD7crsGyKNek7q5JkjBqj2KmfqxUVZd,CHONK,2026-09-24T16:46:28Z,Czfq3xZZDmsdGdUyrNLtRhGc47cXcZtLG4crryfu44zE,1.521554678,2026-09-23T18:12:15Z,81253,5Wq2UYYf5AgXzhbp7zeJ6n2VowWcGroGi4LZC8Z72EKgWUSAHygULEqZogL5sAFsTcXY2QJ6vSKV4hR6EdQyXRoe,8,3,True,False,False
Bi4rd5FH5bYEN8scZ7wevxNZyNmKHdaBcvewdPFxYdLt,HIDDEN_CANDIDATE,5pSEZw1iytqYznD7crsGyKNek7q5JkjBqj2KmfqxUVZd,CHONK,2026-09-24T16:46:28Z,AvPqWvQoEnC5aiFm3y3y1AkDyR8Dns8u4RL1VbKLXvtd,2.565125268,2026-09-23T18:12:19Z,81249,jBnWAb8qJXzgpP2DS9rmBr5LH66vXV2icjujNQT7NtdnhBaXfjCP6swJ3oY4CFpTJotM7V6TG6QdUicPURp8gfZ,9,1,False,False,False
Bi4rd5FH5bYEN8scZ7wevxNZyNmKHdaBcvewdPFxYdLt,HIDDEN_CANDIDATE,5pSEZw1iytqYznD7crsGyKNek7q5JkjBqj2KmfqxUVZd,CHONK,2026-09-24T16:46:28Z,AvPqWvQoEnC5aiFm3y3y1AkDyR8Dns8u4RL1VbKLXvtd,1.466726863,2026-09-23T18:14:10Z,81138,DxZMrdthWw5HVvC6vSvtPKdup1yQPABzV6ycz8r74rBxc3zg2xmTFyRssrY1cRTzhATVheoM3zYn9xW49Jqy7BC,9,1,False,False,False
Bi4rd5FH5bYEN8scZ7wevxNZyNmKHdaBcvewdPFxYdLt,HIDDEN_CANDIDATE,5pSEZw1iytqYznD7crsGyKNek7q5JkjBqj2KmfqxUVZd,CHONK,2026-09-24T16:46:28Z,AvPqWvQoEnC5aiFm3y3y1AkDyR8Dns8u4RL1VbKLXvtd,1.801858099,2026-09-23T18:14:17Z,81131,D1uU6X1zKpN7fbS1TLo2KpJzkXqvaeZC9pFoiF6VkvMR6cYLR8uGct4Cbw4g51px8gYDwbQT4RA742mVBwj5jCg,9,1,False,False,False
Bi4rd5FH5bYEN8scZ7wevxNZyNmKHdaBcvewdPFxYdLt,HIDDEN_CANDIDATE,5pSEZw1iytqYznD7crsGyKNek7q5JkjBqj2KmfqxUVZd,CHONK,2026-09-24T16:46:28Z,69SNcRC8NqjHBSXEcugCN5oFKRQoKmddmWzZYc3tqtxk,0.237542365,2026-09-23T18:14:34Z,81114,367uUN4aWFtC1Sfept5dPyZKxnWZbEevF5sKC7otuGbtYnuJHqbGGhU6MC2RChgccsQfoMvD7rU5Y8XR8PZ4bn1r,104,1,False,False,False
Bi4rd5FH5bYEN8scZ7wevxNZyNmKHdaBcvewdPFxYdLt,HIDDEN_CANDIDATE,5pSEZw1iytqYznD7crsGyKNek7q5JkjBqj2KmfqxUVZd,CHONK,2026-09-24T16:46:28Z,8BZzbbJFwSHFxKa4MPV87zns1W1acPhbCksceUYRG7qz,4.523540754,2026-09-23T18:33:07Z,80001,2EhkK6jsKmp2TqMyCjeC4A5hFUWd24EsM9BiXDxNJxkKTJz1pTALQBiHVu5sAQ2iUqTL12zQ9VZ8LDQXLcu34wKA,2,1,False,False,False
Bi4rd5FH5bYEN8scZ7wevxNZyNmKHdaBcvewdPFxYdLt,HIDDEN_CANDIDATE,5pSEZw1iytqYznD7crsGyKNek7q5JkjBqj2KmfqxUVZd,CHONK,2026-09-24T16:46:28Z,8BZzbbJFwSHFxKa4MPV87zns1W1acPhbCksceUYRG7qz,4.155088077,2026-09-23T18:33:08Z,80000,59XkWfio28MQop6q2N3HYCicfSoyg1cLd1AwdGbDTyxwXYBt3LGYsmmtCnuvL6Twv3Tb9heNka2xnGL4ysEn4haB,2,1,False,False,False
Bi4rd5FH5bYEN8scZ7wevxNZyNmKHdaBcvewdPFxYdLt,HIDDEN_CANDIDATE,5pSEZw1iytqYznD7crsGyKNek7q5JkjBqj2KmfqxUVZd,CHONK,2026-09-24T16:46:28Z,69SNcRC8NqjHBSXEcugCN5oFKRQoKmddmWzZYc3tqtxk,0.0665096,2026-09-23T18:33:35Z,79973,5DxNsLNczuFQASakzVP2gZojzXnYan5ngwXiMNxN7RvGme5y9RvTikHv4JbSv9K23Fpq5baHP5YVV6RZHarqVDqx,104,1,False,False,False
Bi4rd5FH5bYEN8scZ7wevxNZyNmKHdaBcvewdPFxYdLt,HIDDEN_CANDIDATE,5pSEZw1iytqYznD7crsGyKNek7q5JkjBqj2KmfqxUVZd,CHONK,2026-09-24T16:46:28Z,69SNcRC8NqjHBSXEcugCN5oFKRQoKmddmWzZYc3tqtxk,0.223534056,2026-09-23T18:39:04Z,79644,2N48NiBW99sEuDK8dxenF8hZEottkP2AQA9Cd4KEgFeZV81ATzFasuewzkYay8jK1QZWBHE4cdHPoEe3ZVS3fmhU,104,1,False,False,False
Bi4rd5FH5bYEN8scZ7wevxNZyNmKHdaBcvewdPFxYdLt,HIDDEN_CANDIDATE,5pSEZw1iytqYznD7crsGyKNek7q5JkjBqj2KmfqxUVZd,CHONK,2026-09-24T16:46:28Z,HuW9e5q4suBMS16nYztSEQN9cjGwBgAaX2S1zhQho7WL,3.443159077,2026-09-23T18:58:37Z,78471,5fuxaD84D3jJ4fve1iZgZkPvazdsTmqUzdaUB196SFX5T8e2eJrcnspZZLz1oEPeF5E3FHPjzqTn4HH4YZ2dwQ9p,2,1,False,False,False
Bi4rd5FH5bYEN8scZ7wevxNZyNmKHdaBcvewdPFxYdLt,HIDDEN_CANDIDATE,5pSEZw1iytqYznD7crsGyKNek7q5JkjBqj2KmfqxUVZd,CHONK,2026-09-24T16:46:28Z,HbjYfcWZBjCBYTJpZkLGxqArVmZVu3mQcRudb6Wg1sVh,8.915160182,2026-09-23T19:02:44Z,78224,4vpAP9MKWe9pKMeh3yCgpPcaWMbTANZc7PvJtnddrYDZCdh68me16hzmXbA4KGCuHzs5aXrwE964v9RZozCGJBuU,1,1,False,False,False
Bi4rd5FH5bYEN8scZ7wevxNZyNmKHdaBcvewdPFxYdLt,HIDDEN_CANDIDATE,5pSEZw1iytqYznD7crsGyKNek7q5JkjBqj2KmfqxUVZd,CHONK,2026-09-24T16:46:28Z,2TAgfogn8JRwwTnsGKUa6WUT5Xdv1iMEzfEDMor68X9C,3.541501693,2026-09-23T19:37:41Z,76127,3yyWdb5Fp2KY2btfkZ5ZogVMGXcC1gBwUDRxBdD1h5geN6VxABXjbeic6eKXnRBAhYh4g8TTxY58BDHPxUu6oDzm,10,2,False,False,False
Bi4rd5FH5bYEN8scZ7wevxNZyNmKHdaBcvewdPFxYdLt,HIDDEN_CANDIDATE,5pSEZw1iytqYznD7crsGyKNek7q5JkjBqj2KmfqxUVZd,CHONK,2026-09-24T16:46:28Z,69SNcRC8NqjHBSXEcugCN5oFKRQoKmddmWzZYc3tqtxk,0.221174498,2026-09-23T19:49:34Z,75414,2YtgCjcpgzxHB3upKqYLL5HKBv5LzB4gxvTDsESW8ABLBTDifhdmCQoDAXDkQKPBpFE8oLkrGePi5pYi88irGDch,104,1,False,False,False
Bi4rd5FH5bYEN8scZ7wevxNZyNmKHdaBcvewdPFxYdLt,HIDDEN_CANDIDATE,5pSEZw1iytqYznD7crsGyKNek7q5JkjBqj2KmfqxUVZd,CHONK,2026-09-24T16:46:28Z,46gLooXXUNaAmMKWtL5NJJrspUMsYifQ3LLNkxkLgSRF,4.774161457,2026-09-23T20:13:27Z,73981,5yM9zU5BH9dBVNMdNHUKA6hPSprXBd7rZAtZD6fuZkgBic4cv4kcaUuJ9Rq8Y3jPeJ5dayLckZQdMDj8BCHhTEDh,1,1,False,False,False
Bi4rd5FH5bYEN8scZ7wevxNZyNmKHdaBcvewdPFxYdLt,HIDDEN_CANDIDATE,5pSEZw1iytqYznD7crsGyKNek7q5JkjBqj2KmfqxUVZd,CHONK,2026-09-24T16:46:28Z,B6FEtQdwsq8Wuw4G52pW9WEWEA7ALGfyUgXDRKigDSHH,2.917738928,2026-09-23T20:17:53Z,73715,44HWdUMwJedEF9uNLJN9GCurtwZjCUshpuWDjR7QnSAvmuoencZ3GQDLDXks4fQMG4j2G9rR1bUZnJzURfpPoJPz,11,1,False,False,False
Bi4rd5FH5bYEN8scZ7wevxNZyNmKHdaBcvewdPFxYdLt,HIDDEN_CANDIDATE,5pSEZw1iytqYznD7crsGyKNek7q5JkjBqj2KmfqxUVZd,CHONK,2026-09-24T16:46:28Z,B6FEtQdwsq8Wuw4G52pW9WEWEA7ALGfyUgXDRKigDSHH,0.153020456,2026-09-23T20:17:58Z,73710,io7k5sRSLv3jq1pGkv3FUGhvEHJdzFTCCj1bZSpFWbyKdHFonAkUjHnZ4u3cr7DetAQH4Z5zSHBenMXqP2LdKRT,11,1,False,False,False
Bi4rd5FH5bYEN8scZ7wevxNZyNmKHdaBcvewdPFxYdLt,HIDDEN_CANDIDATE,5pSEZw1iytqYznD7crsGyKNek7q5JkjBqj2KmfqxUVZd,CHONK,2026-09-24T16:46:28Z,B6FEtQdwsq8Wuw4G52pW9WEWEA7ALGfyUgXDRKigDSHH,0.152030929,2026-09-23T20:17:58Z,73710,3u2TvbeA6jzePoYmLhar9je8fGm5kAKpUWo6DTpEP1LufJDqYKU8qHVuwLKGZWRtduikYTbn4VzSL8xXGLpskUfZ,11,1,False,False,False
Bi4rd5FH5bYEN8scZ7wevxNZyNmKHdaBcvewdPFxYdLt,HIDDEN_CANDIDATE,5pSEZw1iytqYznD7crsGyKNek7q5JkjBqj2KmfqxUVZd,CHONK,2026-09-24T16:46:28Z,69SNcRC8NqjHBSXEcugCN5oFKRQoKmddmWzZYc3tqtxk,0.177639812,2026-09-23T20:18:35Z,73673,5hyBup1Xjo65eaYBBTUuLefVbMxzFHaFymphyvK4Uv3T1Z3D9Av3QHmWssbkX886G5auQQ7kRPUueSAfz8qebsYV,104,1,False,False,False
Bi4rd5FH5bYEN8scZ7wevxNZyNmKHdaBcvewdPFxYdLt,HIDDEN_CANDIDATE,5pSEZw1iytqYznD7crsGyKNek7q5JkjBqj2KmfqxUVZd,CHONK,2026-09-24T16:46:28Z,5Q544fKrFoe6tsEbD7S8EmxGTJYAKtTVhAW5Q5pge4j1,2.89707143,2026-09-23T20:18:37Z,73671,u4nbGX7LuDHrzsvmE5puMQAP5FNKbLegTUfq8ZZWjc4ha2eoRa52xrWaya4KvnP5muYFXTncgbLeba45ysH8rfj,381,7,True,False,False
Bi4rd5FH5bYEN8scZ7wevxNZyNmKHdaBcvewdPFxYdLt,HIDDEN_CANDIDATE,5pSEZw1iytqYznD7crsGyKNek7q5JkjBqj2KmfqxUVZd,CHONK,2026-09-24T16:46:28Z,5Q544fKrFoe6tsEbD7S8EmxGTJYAKtTVhAW5Q5pge4j1,5.26811241,2026-09-23T20:18:48Z,73660,2R8k8GChyPe9on7EuMCkxo3JGCxBqR448Lx6kDJeicwMhXi1A6aurqdVffbiZRN7y5XXpwhptv4zbW1CFgxbyawn,381,7,True,False,False
Bi4rd5FH5bYEN8scZ7wevxNZyNmKHdaBcvewdPFxYdLt,HIDDEN_CANDIDATE,5pSEZw1iytqYznD7crsGyKNek7q5JkjBqj2KmfqxUVZd,CHONK,2026-09-24T16:46:28Z,5Q544fKrFoe6tsEbD7S8EmxGTJYAKtTVhAW5Q5pge4j1,4.585411308,2026-09-23T20:19:13Z,73635,ZSxscsLCSQL8vaAUpZKuoG4VAhFthiUmVfGB97gkiQzz9YPncwqsLckfyDhf4fg1LUpuCUEuZ59vcdgqrLtsgLT,381,7,True,False,False
Bi4rd5FH5bYEN8scZ7wevxNZyNmKHdaBcvewdPFxYdLt,HIDDEN_CANDIDATE,5pSEZw1iytqYznD7crsGyKNek7q5JkjBqj2KmfqxUVZd,CHONK,2026-09-24T16:46:28Z,B6FEtQdwsq8Wuw4G52pW9WEWEA7ALGfyUgXDRKigDSHH,3.984086092,2026-09-23T20:32:19Z,72849,3AWLrQctYLXjS3tveY6MsnxmEBLifExoyPyCebm7KJJuSdqg6gkSSXVBRoSHzhbe2uxYXetyWSNGmg2MUVg9cisL,11,1,False,False,False
Bi4rd5FH5bYEN8scZ7wevxNZyNmKHdaBcvewdPFxYdLt,HIDDEN_CANDIDATE,5pSEZw1iytqYznD7crsGyKNek7q5JkjBqj2KmfqxUVZd,CHONK,2026-09-24T16:46:28Z,B6FEtQdwsq8Wuw4G52pW9WEWEA7ALGfyUgXDRKigDSHH,6.41968205,2026-09-23T20:32:20Z,72848,dbPkaexoPrGADFUSW1az7invbJk3xFjfy2Q72ejKeKBj1PepiV339n4aeYbWuU5XBu1s5hZQztaXTpjd4qT4uDo,11,1,False,False,False
Bi4rd5FH5bYEN8scZ7wevxNZyNmKHdaBcvewdPFxYdLt,HIDDEN_CANDIDATE,5pSEZw1iytqYznD7crsGyKNek7q5JkjBqj2KmfqxUVZd,CHONK,2026-09-24T16:46:28Z,B6FEtQdwsq8Wuw4G52pW9WEWEA7ALGfyUgXDRKigDSHH,3.47030582,2026-09-23T20:33:50Z,72758,5mboKKVPRXPVixH3LE6Y2cSjZRCpWppb2b8VkhYSj4M8nnYvWvAqNCDc2rieq1xL55MsysnmWuFAg5D1jwjEc1P4,11,1,False,False,False
Bi4rd5FH5bYEN8scZ7wevxNZyNmKHdaBcvewdPFxYdLt,HIDDEN_CANDIDATE,5pSEZw1iytqYznD7crsGyKNek7q5JkjBqj2KmfqxUVZd,CHONK,2026-09-24T16:46:28Z,69SNcRC8NqjHBSXEcugCN5oFKRQoKmddmWzZYc3tqtxk,0.288716002,2026-09-23T20:52:04Z,71664,3qP2V2DUMBBRrgJ4yrYqPg8g8MBUrywg5sL5dGpCx2LSsmULXV3SdDibkhBeh56zA5UmmLKysAqo24xLkueF9ViE,104,1,False,False,False
Bi4rd5FH5bYEN8scZ7wevxNZyNmKHdaBcvewdPFxYdLt,HIDDEN_CANDIDATE,5pSEZw1iytqYznD7crsGyKNek7q5JkjBqj2KmfqxUVZd,CHONK,2026-09-24T16:46:28Z,6pL1AMUdVzd8Ecgz1XJEbxVoTsE4KFwKMo3yGTzFbW5j,4.017648512,2026-09-23T20:53:31Z,71577,21xo3GZwXWXDiDt8ygiDvtToKVDr4mMafYyuwFyhsGQoNEshuY9rUjrW5SPELZrnUYXEjENs2iRpzgG2oJT3HjP7,2,1,False,False,False
Bi4rd5FH5bYEN8scZ7wevxNZyNmKHdaBcvewdPFxYdLt,HIDDEN_CANDIDATE,5pSEZw1iytqYznD7crsGyKNek7q5JkjBqj2KmfqxUVZd,CHONK,2026-09-24T16:46:28Z,6pL1AMUdVzd8Ecgz1XJEbxVoTsE4KFwKMo3yGTzFbW5j,3.269095584,2026-09-23T20:53:33Z,71575,3mAeuBo4j3Ux7Cs47CRJu3tCqSMGh1KWwTNXxHjXa4ajpbDntDnVXGQu7Rp22zaqksG7kMkH7Jtnodi6rQ6E9kCF,2,1,False,False,False
Bi4rd5FH5bYEN8scZ7wevxNZyNmKHdaBcvewdPFxYdLt,HIDDEN_CANDIDATE,5pSEZw1iytqYznD7crsGyKNek7q5JkjBqj2KmfqxUVZd,CHONK,2026-09-24T16:46:28Z,69SNcRC8NqjHBSXEcugCN5oFKRQoKmddmWzZYc3tqtxk,0.138045496,2026-09-23T21:02:36Z,71032,5PELdxKw98hXFNpZ7uttamNMACUUPzaezZppk6EyhgJJcKLRaoNCBuwRbNW2b2eSSY4uS9SKpP6V4uyA7bAGXxaH,104,1,False,False,False
Bi4rd5FH5bYEN8scZ7wevxNZyNmKHdaBcvewdPFxYdLt,HIDDEN_CANDIDATE,5pSEZw1iytqYznD7crsGyKNek7q5JkjBqj2KmfqxUVZd,CHONK,2026-09-24T16:46:28Z,B6FEtQdwsq8Wuw4G52pW9WEWEA7ALGfyUgXDRKigDSHH,2.072368088,2026-09-23T21:30:29Z,69359,XXCMAyhdDpUiXYwN4ZEptg8M12N971G12XtEUFt5MUdiPp8BLtae6cbDWNv5K59tHAXkgc7NCMWj9u8KnrNCvas,11,1,False,False,False
Bi4rd5FH5bYEN8scZ7wevxNZyNmKHdaBcvewdPFxYdLt,HIDDEN_CANDIDATE,5pSEZw1iytqYznD7crsGyKNek7q5JkjBqj2KmfqxUVZd,CHONK,2026-09-24T16:46:28Z,B6FEtQdwsq8Wuw4G52pW9WEWEA7ALGfyUgXDRKigDSHH,1.662139106,2026-09-23T21:30:36Z,69352,5oGCuVm22Yt2nnzLKGNfABccPStWtoAQFtbJoHSdLQw4HucfjMEyGvh2aVNKteizfZZVPxquadYoAaJXv6H3uMdB,11,1,False,False,False
Bi4rd5FH5bYEN8scZ7wevxNZyNmKHdaBcvewdPFxYdLt,HIDDEN_CANDIDATE,5pSEZw1iytqYznD7crsGyKNek7q5JkjBqj2KmfqxUVZd,CHONK,2026-09-24T16:46:28Z,Anqeks2BvoAncXjfrRqUkYymxs6DTZStBP8Ho2UoiHGN,2.830328601,2026-09-23T22:13:45Z,66763,3mKLVAQs2CJoTJc2UVF7tsWYRHZWs1ghwo4TC1ZCoqEX9E5wAqGVByxVg137QCgAro81o92yNS18HxYhjcJJtenx,1,1,False,False,False
Bi4rd5FH5bYEN8scZ7wevxNZyNmKHdaBcvewdPFxYdLt,HIDDEN_CANDIDATE,5pSEZw1iytqYznD7crsGyKNek7q5JkjBqj2KmfqxUVZd,CHONK,2026-09-24T16:46:28Z,2TAgfogn8JRwwTnsGKUa6WUT5Xdv1iMEzfEDMor68X9C,4.281972725,2026-09-23T22:20:15Z,66373,d3vu6j1suQ2QMBtMgXNyygC732YT8tfw75CEekTodu3wjBEMMq9NXhhgdrSnJ4b9L1YKP87CVRhrSGJTo9Ytzxc,10,2,False,False,False
Bi4rd5FH5bYEN8scZ7wevxNZyNmKHdaBcvewdPFxYdLt,HIDDEN_CANDIDATE,5pSEZw1iytqYznD7crsGyKNek7q5JkjBqj2KmfqxUVZd,CHONK,2026-09-24T16:46:28Z,69SNcRC8NqjHBSXEcugCN5oFKRQoKmddmWzZYc3tqtxk,0.182232583,2026-09-23T22:21:03Z,66325,QW5HBKTnzTE6eqVNVG8g1WP671y8pVESU3jkJJvy6jncuZVmfDZNHaJ42FBddHM4syPHsNk2SA9x16tJuqGtjCu,104,1,False,False,False
Bi4rd5FH5bYEN8scZ7wevxNZyNmKHdaBcvewdPFxYdLt,HIDDEN_CANDIDATE,5pSEZw1iytqYznD7crsGyKNek7q5JkjBqj2KmfqxUVZd,CHONK,2026-09-24T16:46:28Z,Czfq3xZZDmsdGdUyrNLtRhGc47cXcZtLG4crryfu44zE,3.9598205,2026-09-23T22:35:52Z,65436,5ENBHcvSPw71UWm58AFH3wfAYSHi8RALRsFbsWGocLHScKRBazYoX1AbUMwYPWLSCaBbLuVtNH2gPNMDKdy4vSgt,8,3,True,False,False
Bi4rd5FH5bYEN8scZ7wevxNZyNmKHdaBcvewdPFxYdLt,HIDDEN_CANDIDATE,5pSEZw1iytqYznD7crsGyKNek7q5JkjBqj2KmfqxUVZd,CHONK,2026-09-24T16:46:28Z,69SNcRC8NqjHBSXEcugCN5oFKRQoKmddmWzZYc3tqtxk,0.234193199,2026-09-23T22:39:34Z,65214,5fjWMx1adf1fJhLeUuseexVTD8WDBLN3B3XjaMa9vNtsQd4SReYFEG9ocbydUVW61952hNweXbZtpX8tsZQoL75F,104,1,False,False,False
Bi4rd5FH5bYEN8scZ7wevxNZyNmKHdaBcvewdPFxYdLt,HIDDEN_CANDIDATE,5pSEZw1iytqYznD7crsGyKNek7q5JkjBqj2KmfqxUVZd,CHONK,2026-09-24T16:46:28Z,Czfq3xZZDmsdGdUyrNLtRhGc47cXcZtLG4crryfu44zE,2.652317089,2026-09-23T22:41:39Z,65089,5f5avVFrV7tGDbrqvqUN16uYVzLZsMTvvR82vjkdWqeKNh1WnNmq1X5aG2CeJCu5LGw199GkoAeS8KfjJKHusmND,8,3,True,False,False
Bi4rd5FH5bYEN8scZ7wevxNZyNmKHdaBcvewdPFxYdLt,HIDDEN_CANDIDATE,5pSEZw1iytqYznD7crsGyKNek7q5JkjBqj2KmfqxUVZd,CHONK,2026-09-24T16:46:28Z,Czfq3xZZDmsdGdUyrNLtRhGc47cXcZtLG4crryfu44zE,1.809369076,2026-09-23T22:42:01Z,65067,3F5ks4ovjWiioKVwxiRHTdZ7V7wMY4bd9XtXe1bPKQioMMFufw1tuhKhykJXGvz5RNA8Fhm8pVY9v3iUSzjXs6Gw,8,3,True,False,False
Bi4rd5FH5bYEN8scZ7wevxNZyNmKHdaBcvewdPFxYdLt,HIDDEN_CANDIDATE,5pSEZw1iytqYznD7crsGyKNek7q5JkjBqj2KmfqxUVZd,CHONK,2026-09-24T16:46:28Z,D5ozarJBkGKRw7ceuftyS31cqrjooTnKyvDhNeME79bE,1.331664766,2026-09-23T22:43:58Z,64950,YhS2jsJrvt1jAT2gnrMtYMvbtuus21N8yHsLf3bR51kmzWXksgTCh6WWjpaXxszSd7eP5AzYkBJSXJNGCMdVnrx,1,1,False,False,False
Bi4rd5FH5bYEN8scZ7wevxNZyNmKHdaBcvewdPFxYdLt,HIDDEN_CANDIDATE,5pSEZw1iytqYznD7crsGyKNek7q5JkjBqj2KmfqxUVZd,CHONK,2026-09-24T16:46:28Z,4RTiwuZd5E9AysFQXQXLPjzS68NcibhjVPd7Q4NztrpK,1.318063051,2026-09-23T22:47:49Z,64719,2S2Fbx7bmeqJoGnKiuLoifatPwLkbnA8konT4tj4MaqaJB6XP1596VDfpCrvesboKDms4NbnL7UHAqDDojtZBgCP,6,1,False,False,False
Bi4rd5FH5bYEN8scZ7wevxNZyNmKHdaBcvewdPFxYdLt,HIDDEN_CANDIDATE,5pSEZw1iytqYznD7crsGyKNek7q5JkjBqj2KmfqxUVZd,CHONK,2026-09-24T16:46:28Z,4RTiwuZd5E9AysFQXQXLPjzS68NcibhjVPd7Q4NztrpK,2.086114858,2026-09-23T22:47:54Z,64714,2GtNF33UqdK2gtduQnPZsdQ9YnGRtwT82DN5kdmsr2XyejcVsLQwwoEojWR7q5g1KSCCCVkGASGnrFaEa3hGLMUy,6,1,False,False,False
Bi4rd5FH5bYEN8scZ7wevxNZyNmKHdaBcvewdPFxYdLt,HIDDEN_CANDIDATE,5pSEZw1iytqYznD7crsGyKNek7q5JkjBqj2KmfqxUVZd,CHONK,2026-09-24T16:46:28Z,4RTiwuZd5E9AysFQXQXLPjzS68NcibhjVPd7Q4NztrpK,1.670599536,2026-09-23T22:52:20Z,64448,5yRjFm5RHtjNaiqv82xesEJVYLBJjUEuLDxd68aV7qzGCHuYY8exZn2NMnjUZWrCNdFqrgFYKHpU8tX2x69XW14y,6,1,False,False,False
Bi4rd5FH5bYEN8scZ7wevxNZyNmKHdaBcvewdPFxYdLt,HIDDEN_CANDIDATE,5pSEZw1iytqYznD7crsGyKNek7q5JkjBqj2KmfqxUVZd,CHONK,2026-09-24T16:46:28Z,69SNcRC8NqjHBSXEcugCN5oFKRQoKmddmWzZYc3tqtxk,0.240627829,2026-09-23T22:53:34Z,64374,2xiySMVikAE7E8HpCsuhNuYCWa2zUxz3wJbxJ6Qxv4LBCeYkDdofxPEZ7GLAWcqArFMRXhexuA4xU4yCuzLgj9fj,104,1,False,False,False
Bi4rd5FH5bYEN8scZ7wevxNZyNmKHdaBcvewdPFxYdLt,HIDDEN_CANDIDATE,5pSEZw1iytqYznD7crsGyKNek7q5JkjBqj2KmfqxUVZd,CHONK,2026-09-24T16:46:28Z,4RTiwuZd5E9AysFQXQXLPjzS68NcibhjVPd7Q4NztrpK,6.312247388,2026-09-23T22:54:42Z,64306,2Sc5G8xuvwkbz2LssfMCpB7dFWB8uSpYLvsPvPK3kD2mskHVZjeTGx8DhC9a1zAwaENG6X1uPNLP6QiQJLs99Aj4,6,1,False,False,False
Bi4rd5FH5bYEN8scZ7wevxNZyNmKHdaBcvewdPFxYdLt,HIDDEN_CANDIDATE,5pSEZw1iytqYznD7crsGyKNek7q5JkjBqj2KmfqxUVZd,CHONK,2026-09-24T16:46:28Z,4RTiwuZd5E9AysFQXQXLPjzS68NcibhjVPd7Q4NztrpK,6.576079779,2026-09-23T22:54:58Z,64290,4VMpUfKuZZ1djCoPZuepa2n61RJ4bfe9VtvgCF7LhDACvUBHb7MuqDaarspB6Enh8JSZ2bzvPyejKK5GaDoeSvmZ,6,1,False,False,False
Bi4rd5FH5bYEN8scZ7wevxNZyNmKHdaBcvewdPFxYdLt,HIDDEN_CANDIDATE,5pSEZw1iytqYznD7crsGyKNek7q5JkjBqj2KmfqxUVZd,CHONK,2026-09-24T16:46:28Z,69SNcRC8NqjHBSXEcugCN5oFKRQoKmddmWzZYc3tqtxk,0.05706876,2026-09-23T22:56:35Z,64193,5pWD4g6mHy527gVF3WYYcUB6HwaF27fA7ySPhzSbCtzHT4BUR19qyJKxVN6bZbragZKLhbyyNgpm4Ywy58udjSGM,104,1,False,False,False
Bi4rd5FH5bYEN8scZ7wevxNZyNmKHdaBcvewdPFxYdLt,HIDDEN_CANDIDATE,5pSEZw1iytqYznD7crsGyKNek7q5JkjBqj2KmfqxUVZd,CHONK,2026-09-24T16:46:28Z,Czfq3xZZDmsdGdUyrNLtRhGc47cXcZtLG4crryfu44zE,4.852388645,2026-09-23T22:59:25Z,64023,R2XyVQ7Sdp7sdPTdhqWP8hQcVLrrwWCVMAtPm72hozg67bh4gFLcD1uZrmhroV4Qs4t5RAp7Ddj5H9JcBC7dGzU,8,3,True,False,False
Bi4rd5FH5bYEN8scZ7wevxNZyNmKHdaBcvewdPFxYdLt,HIDDEN_CANDIDATE,5pSEZw1iytqYznD7crsGyKNek7q5JkjBqj2KmfqxUVZd,CHONK,2026-09-24T16:46:28Z,4RTiwuZd5E9AysFQXQXLPjzS68NcibhjVPd7Q4NztrpK,3.795653641,2026-09-23T23:25:33Z,62455,2sMMZHNMNnndMQHMqagiYJRmT5UKcsLUWCYup57tJovbu6DEUNwuvH6f7Ru1sF9GT27ffui9zFejU4y9f6VXDQUi,6,1,False,False,False
Bi4rd5FH5bYEN8scZ7wevxNZyNmKHdaBcvewdPFxYdLt,HIDDEN_CANDIDATE,5pSEZw1iytqYznD7crsGyKNek7q5JkjBqj2KmfqxUVZd,CHONK,2026-09-24T16:46:28Z,5Q544fKrFoe6tsEbD7S8EmxGTJYAKtTVhAW5Q5pge4j1,3.294546662,2026-09-23T23:25:57Z,62431,48zDfPYz8xPF98QC2DEkTrXxq8r3TJnUf2vmdYzsPF16rXA8sWy2dey84e48CcVMy2hHxkCfHDeeAvJu4Cd8AUHB,381,7,True,False,False
Bi4rd5FH5bYEN8scZ7wevxNZyNmKHdaBcvewdPFxYdLt,HIDDEN_CANDIDATE,5pSEZw1iytqYznD7crsGyKNek7q5JkjBqj2KmfqxUVZd,CHONK,2026-09-24T16:46:28Z,69SNcRC8NqjHBSXEcugCN5oFKRQoKmddmWzZYc3tqtxk,0.287187856,2026-09-23T23:36:04Z,61824,9Byjtr35wcPjGfgzKa4QVQm8ScYkMNm4zhQW1vyMDhw4ffzNradCYeCZWhXUS94v92e3vL7gQMvs27vEZwib5Qg,104,1,False,False,False
Bi4rd5FH5bYEN8scZ7wevxNZyNmKHdaBcvewdPFxYdLt,HIDDEN_CANDIDATE,5pSEZw1iytqYznD7crsGyKNek7q5JkjBqj2KmfqxUVZd,CHONK,2026-09-24T16:46:28Z,69SNcRC8NqjHBSXEcugCN5oFKRQoKmddmWzZYc3tqtxk,0.126704565,2026-09-23T23:55:34Z,60654,3Ud4VQXfT9aMEEg1Nqtp8Rns9or7Q5mMCwctoMDWFF9LXRjabEFvq2MY63iTdhWRS4w42Aw4cSfRVQmsbaLfccKH,104,1,False,False,False
Bi4rd5FH5bYEN8scZ7wevxNZyNmKHdaBcvewdPFxYdLt,HIDDEN_CANDIDATE,5pSEZw1iytqYznD7crsGyKNek7q5JkjBqj2KmfqxUVZd,CHONK,2026-09-24T16:46:28Z,BE9uiVCxUovYpgA6ard68QRRzo3sCneAkhUtSgy8AjVW,3.274902158,2026-09-23T23:56:05Z,60623,4sKfQReZYFi6E8k2xm186LLSh8nguqykbVfrohFiNV6z4GsvwoWFoRptRHgV1XThDRm1UpuXkDQxCcpCPYrwhNvK,7,1,False,False,False
Bi4rd5FH5bYEN8scZ7wevxNZyNmKHdaBcvewdPFxYdLt,HIDDEN_CANDIDATE,5pSEZw1iytqYznD7crsGyKNek7q5JkjBqj2KmfqxUVZd,CHONK,2026-09-24T16:46:28Z,BE9uiVCxUovYpgA6ard68QRRzo3sCneAkhUtSgy8AjVW,1.023161245,2026-09-23T23:58:23Z,60485,5U6BrkC4BUurye28PnaHg33UYscaKxRZPxJcmDM42WsRcNr9xTAsM4TGSBihqfd6AwSPHkbSb18gVYCMGpXv1PGv,7,1,False,False,False
Bi4rd5FH5bYEN8scZ7wevxNZyNmKHdaBcvewdPFxYdLt,HIDDEN_CANDIDATE,5pSEZw1iytqYznD7crsGyKNek7q5JkjBqj2KmfqxUVZd,CHONK,2026-09-24T16:46:28Z,BE9uiVCxUovYpgA6ard68QRRzo3sCneAkhUtSgy8AjVW,3.063873799,2026-09-23T23:58:29Z,60479,2m8YoUPP6CaJkWL6hg55E3C2itt28rmC1ioirqCpH3RpWP6t2gymGWDw9Ht1czzP8YoRtucdGETxWx19uq85oRSh,7,1,False,False,False
Bi4rd5FH5bYEN8scZ7wevxNZyNmKHdaBcvewdPFxYdLt,HIDDEN_CANDIDATE,5pSEZw1iytqYznD7crsGyKNek7q5JkjBqj2KmfqxUVZd,CHONK,2026-09-24T16:46:28Z,BE9uiVCxUovYpgA6ard68QRRzo3sCneAkhUtSgy8AjVW,1.402979938,2026-09-24T00:05:58Z,60030,3Uv9FCLVMkMAUnoTAcQ4ATqKdu2Ty7nCU64o6P2QE4KBNsRPRj9XV9PdyiRmh53zrWTpr9NJZsimATEnSJYwLaz8,7,1,False,False,False
Bi4rd5FH5bYEN8scZ7wevxNZyNmKHdaBcvewdPFxYdLt,HIDDEN_CANDIDATE,5pSEZw1iytqYznD7crsGyKNek7q5JkjBqj2KmfqxUVZd,CHONK,2026-09-24T16:46:28Z,5Q544fKrFoe6tsEbD7S8EmxGTJYAKtTVhAW5Q5pge4j1,3.937121373,2026-09-24T00:14:46Z,59502,5BEcfwfpVx1MRtjog3BhQw7yfY3gHbKtNxS4xeCy41CTtg64ums53dZPCfWkiPz4izTNBMeHAAMVctikenKTcXpQ,381,7,True,False,False
Bi4rd5FH5bYEN8scZ7wevxNZyNmKHdaBcvewdPFxYdLt,HIDDEN_CANDIDATE,5pSEZw1iytqYznD7crsGyKNek7q5JkjBqj2KmfqxUVZd,CHONK,2026-09-24T16:46:28Z,7pZusSzceyWSnCwxRc3Bf4TZvTCfPjAaRcgiPKm2kxjt,2.323355935,2026-09-24T00:32:17Z,58451,3XrWdjU1Z9ErgESB3NMVREwXpQrPEU68HDJRVyfvAuyyMXVDb4aGPhcAJYVpRkBefK2M8j2jBawmNmfT18b2rBr,1,1,False,False,False
Bi4rd5FH5bYEN8scZ7wevxNZyNmKHdaBcvewdPFxYdLt,HIDDEN_CANDIDATE,5pSEZw1iytqYznD7crsGyKNek7q5JkjBqj2KmfqxUVZd,CHONK,2026-09-24T16:46:28Z,69SNcRC8NqjHBSXEcugCN5oFKRQoKmddmWzZYc3tqtxk,0.483749948,2026-09-24T00:33:04Z,58404,4ed3k3GVTuG4ziyoGDmWnm5Ch1q7mG2ecmtTgrFrmar5Zn4t94EYDhsyYEpL6Ft87QgTFLtn4LpcVVKAN7FDMQKU,104,1,False,False,False
Bi4rd5FH5bYEN8scZ7wevxNZyNmKHdaBcvewdPFxYdLt,HIDDEN_CANDIDATE,5pSEZw1iytqYznD7crsGyKNek7q5JkjBqj2KmfqxUVZd,CHONK,2026-09-24T16:46:28Z,88v4aoey74npmh3yJS9PWfzWFnuxAyZRkeTLveY7VJrn,5.034027738,2026-09-24T00:40:42Z,57946,dJCHSxU2SGaZjHDZrJ96h7vXvfF6dCSCD4FNU6htBhnYQ152e8zwYBXM3uBKj94DxzMQZ1RHL5VK2VjmSZV5SNa,2,1,False,False,False
Bi4rd5FH5bYEN8scZ7wevxNZyNmKHdaBcvewdPFxYdLt,HIDDEN_CANDIDATE,5pSEZw1iytqYznD7crsGyKNek7q5JkjBqj2KmfqxUVZd,CHONK,2026-09-24T16:46:28Z,88v4aoey74npmh3yJS9PWfzWFnuxAyZRkeTLveY7VJrn,4.275988822,2026-09-24T00:40:43Z,57945,2HimMQvWrAckkV9QuG7jQAqN7wN5vbhMHPRpqygzDbqAzvwYyZMPfXjB6uYNeHVi4htBrv1sY1maJDhaXr4hLfEg,2,1,False,False,False
Bi4rd5FH5bYEN8scZ7wevxNZyNmKHdaBcvewdPFxYdLt,HIDDEN_CANDIDATE,5pSEZw1iytqYznD7crsGyKNek7q5JkjBqj2KmfqxUVZd,CHONK,2026-09-24T16:46:28Z,69SNcRC8NqjHBSXEcugCN5oFKRQoKmddmWzZYc3tqtxk,0.16394683,2026-09-24T00:41:35Z,57893,x2ZtfQNQ3Z22M7SDC5xXwwQbdhMLfBdb23GciYwUsBxqqWWkpWxMcAaJys7gyzPteapt1rftmb1W3Vy89b1d93M,104,1,False,False,False
Bi4rd5FH5bYEN8scZ7wevxNZyNmKHdaBcvewdPFxYdLt,HIDDEN_CANDIDATE,5pSEZw1iytqYznD7crsGyKNek7q5JkjBqj2KmfqxUVZd,CHONK,2026-09-24T16:46:28Z,4n9rkpKkPUGFquBh6UXqNYbaCNyBcFq9VwNbutwGX5d6,0.349733668,2026-09-24T00:50:06Z,57382,3yLoDBMGqjaNsMrWwrvad8erJhhHHDKYNQBCQ4iAAoaHsd92dwj8va3XcZV54fbXYmvtZRwut4UaKgsvc4oYbK2D,4,1,False,False,False
Bi4rd5FH5bYEN8scZ7wevxNZyNmKHdaBcvewdPFxYdLt,HIDDEN_CANDIDATE,5pSEZw1iytqYznD7crsGyKNek7q5JkjBqj2KmfqxUVZd,CHONK,2026-09-24T16:46:28Z,4n9rkpKkPUGFquBh6UXqNYbaCNyBcFq9VwNbutwGX5d6,0.344378877,2026-09-24T00:50:06Z,57382,3jmv23Q1TwSPhh3d349LUpH6PH7S5HcDwQjeiNPkZpdBdzKNrZoopWRzmezFDtJjiEoetL37GGy2bNkgUm8NRmgB,4,1,False,False,False
Bi4rd5FH5bYEN8scZ7wevxNZyNmKHdaBcvewdPFxYdLt,HIDDEN_CANDIDATE,5pSEZw1iytqYznD7crsGyKNek7q5JkjBqj2KmfqxUVZd,CHONK,2026-09-24T16:46:28Z,4n9rkpKkPUGFquBh6UXqNYbaCNyBcFq9VwNbutwGX5d6,1.172789827,2026-09-24T00:50:17Z,57371,3h4fd6uEUSezXWZXTEo7cJH2AZgywwaDzH9m8nsi3Fw6uuW8UcpyKmpj4fCoRUQ1c5BvpK7UKDtWV7i49RA4b7Tm,4,1,False,False,False
Bi4rd5FH5bYEN8scZ7wevxNZyNmKHdaBcvewdPFxYdLt,HIDDEN_CANDIDATE,5pSEZw1iytqYznD7crsGyKNek7q5JkjBqj2KmfqxUVZd,CHONK,2026-09-24T16:46:28Z,4n9rkpKkPUGFquBh6UXqNYbaCNyBcFq9VwNbutwGX5d6,1.092702365,2026-09-24T00:50:19Z,57369,fU4fWG8RKj3x3G4bik8gSjK73yznDyMr91QiLVciJf1RzCmMNNuNBQ18SnVqzuKVea7kU9EW8fkxHsdwJwf2Fen,4,1,False,False,False
Bi4rd5FH5bYEN8scZ7wevxNZyNmKHdaBcvewdPFxYdLt,HIDDEN_CANDIDATE,5pSEZw1iytqYznD7crsGyKNek7q5JkjBqj2KmfqxUVZd,CHONK,2026-09-24T16:46:28Z,69SNcRC8NqjHBSXEcugCN5oFKRQoKmddmWzZYc3tqtxk,0.074804375,2026-09-24T00:55:34Z,57054,4EGZfGHAzbfWBj4sQgcSjxhhMcz4V5FHMkZXLcmrnLew4d6E1Ubf9D7orfSSJucktQJr7R3rf8djXKjGJgqDB7xp,104,1,False,False,False
Bi4rd5FH5bYEN8scZ7wevxNZyNmKHdaBcvewdPFxYdLt,HIDDEN_CANDIDATE,5pSEZw1iytqYznD7crsGyKNek7q5JkjBqj2KmfqxUVZd,CHONK,2026-09-24T16:46:28Z,2AXXcN6oN9bBT5owwmTH53C7QHUXvhLeu718Kqt8rvY2,1.716478833,2026-09-24T01:05:29Z,56459,4eNLYG5rv6rcfq9F8WBuBti1ZpsNRtkZKHQsrm8v8R5XT6zGpiWGSMK4HKYbYQBQtR9wV1jLoWoL9ckZcQW45yP3,10,1,False,False,False
Bi4rd5FH5bYEN8scZ7wevxNZyNmKHdaBcvewdPFxYdLt,HIDDEN_CANDIDATE,5pSEZw1iytqYznD7crsGyKNek7q5JkjBqj2KmfqxUVZd,CHONK,2026-09-24T16:46:28Z,2AXXcN6oN9bBT5owwmTH53C7QHUXvhLeu718Kqt8rvY2,3.157331448,2026-09-24T01:05:50Z,56438,2uXPFL3488PFBaL2SVSTX1afgrDTSRnmtsMcFu4GBDTbGXjXZy8Xa6LVY5b442zwuDq1RjEqRToG3Q6vyRJRk1F5,10,1,False,False,False
Bi4rd5FH5bYEN8scZ7wevxNZyNmKHdaBcvewdPFxYdLt,HIDDEN_CANDIDATE,5pSEZw1iytqYznD7crsGyKNek7q5JkjBqj2KmfqxUVZd,CHONK,2026-09-24T16:46:28Z,69SNcRC8NqjHBSXEcugCN5oFKRQoKmddmWzZYc3tqtxk,0.375386365,2026-09-24T01:16:34Z,55794,3FejqRgaHGLNAyU1s3fUdedLWnXZ5XxD45iCLc8nL5a5akXNGUgQ7aqLn1LFFbAqx5d9B7oxfJccHN7GTXGH4dMH,104,1,False,False,False
Bi4rd5FH5bYEN8scZ7wevxNZyNmKHdaBcvewdPFxYdLt,HIDDEN_CANDIDATE,5pSEZw1iytqYznD7crsGyKNek7q5JkjBqj2KmfqxUVZd,CHONK,2026-09-24T16:46:28Z,Czfq3xZZDmsdGdUyrNLtRhGc47cXcZtLG4crryfu44zE,4.081544192,2026-09-24T01:17:36Z,55732,3rTE6qfajNfY7rqk16JA5H8r97tR9BRL8WECXk3PgyF4GqfTXZWnMqgPG3LKJiKFtLc2RndmbNtecYowmNf8soZQ,8,3,True,False,False
Bi4rd5FH5bYEN8scZ7wevxNZyNmKHdaBcvewdPFxYdLt,HIDDEN_CANDIDATE,5pSEZw1iytqYznD7crsGyKNek7q5JkjBqj2KmfqxUVZd,CHONK,2026-09-24T16:46:28Z,BE9uiVCxUovYpgA6ard68QRRzo3sCneAkhUtSgy8AjVW,3.687092267,2026-09-24T01:23:39Z,55369,USQdDurX92C9FiGymHMJzV4g7oYPRjvFNZtunt8k5C4t3iQZTY88oaBQQw2TPRVNvcU3MAGvQ5Y8uVKd2eCZ3S7,7,1,False,False,False
Bi4rd5FH5bYEN8scZ7wevxNZyNmKHdaBcvewdPFxYdLt,HIDDEN_CANDIDATE,5pSEZw1iytqYznD7crsGyKNek7q5JkjBqj2KmfqxUVZd,CHONK,2026-09-24T16:46:28Z,69SNcRC8NqjHBSXEcugCN5oFKRQoKmddmWzZYc3tqtxk,0.372222763,2026-09-24T01:26:04Z,55224,32zv34pwpNd3pZ1DEgb8RD1qNUMEk7jcutKpx8Pm2zCDFHeHN72Ex9h6hSxS39UB5625qEZUnkWWk6DWKD33eGfg,104,1,False,False,False
Bi4rd5FH5bYEN8scZ7wevxNZyNmKHdaBcvewdPFxYdLt,HIDDEN_CANDIDATE,5pSEZw1iytqYznD7crsGyKNek7q5JkjBqj2KmfqxUVZd,CHONK,2026-09-24T16:46:28Z,69SNcRC8NqjHBSXEcugCN5oFKRQoKmddmWzZYc3tqtxk,0.093590096,2026-09-24T01:30:05Z,54983,4FoLehkbdfEaTKXPyotGkqNJXUZYRQSjKpftJGZSBLUBa9y1UVy4LjQ3uxdjHF7MiUujqDBcGR3CzymgeQspvAvF,104,1,False,False,False
Bi4rd5FH5bYEN8scZ7wevxNZyNmKHdaBcvewdPFxYdLt,HIDDEN_CANDIDATE,5pSEZw1iytqYznD7crsGyKNek7q5JkjBqj2KmfqxUVZd,CHONK,2026-09-24T16:46:28Z,DUKmnaXkB6AoYBUkeeb25Arfq4oeK4XPf4gkYe7evwkh,3.297657505,2026-09-24T01:36:26Z,54602,43BiErCMjSEt4o3HSVwSc2jF1S26RvkXofh3PxHdkoFiqY1cuwzc6CzCWwN1uHppNUN8H3LYWEHiQBTt1C5qsS7U,1,1,False,False,False
Bi4rd5FH5bYEN8scZ7wevxNZyNmKHdaBcvewdPFxYdLt,HIDDEN_CANDIDATE,5pSEZw1iytqYznD7crsGyKNek7q5JkjBqj2KmfqxUVZd,CHONK,2026-09-24T16:46:28Z,BE9uiVCxUovYpgA6ard68QRRzo3sCneAkhUtSgy8AjVW,4.49859842,2026-09-24T01:37:34Z,54534,2aTcz4jQKqXLBo8PHw5vWktHuH96tnvEEJ5QGm3yyJVHfAhbjXs9dqqbqoQJT6HoxpB2nUDAdvDPobL3SpnNRjSC,7,1,False,False,False
Bi4rd5FH5bYEN8scZ7wevxNZyNmKHdaBcvewdPFxYdLt,HIDDEN_CANDIDATE,5pSEZw1iytqYznD7crsGyKNek7q5JkjBqj2KmfqxUVZd,CHONK,2026-09-24T16:46:28Z,BE9uiVCxUovYpgA6ard68QRRzo3sCneAkhUtSgy8AjVW,0.229406951,2026-09-24T01:37:55Z,54513,2coe9NTyvnpsxRarh6pepCaXLzS4fj66d93kF4ZoP8ko89MMdQRSaPpFgFQHbsmgeptEqLrop6pZns5w9ajKSsx4,7,1,False,False,False
Bi4rd5FH5bYEN8scZ7wevxNZyNmKHdaBcvewdPFxYdLt,HIDDEN_CANDIDATE,5pSEZw1iytqYznD7crsGyKNek7q5JkjBqj2KmfqxUVZd,CHONK,2026-09-24T16:46:28Z,69SNcRC8NqjHBSXEcugCN5oFKRQoKmddmWzZYc3tqtxk,0.435475924,2026-09-24T01:38:04Z,54504,4y9bhXKWEzxBLqzkH3TEbizoPtaUHTYGYX98mgPYxiAUx6f1Qyj9TG5EfKv8z6F7fEV7idAdK2bgbtvrBaSwzp2D,104,1,False,False,False
Bi4rd5FH5bYEN8scZ7wevxNZyNmKHdaBcvewdPFxYdLt,HIDDEN_CANDIDATE,5pSEZw1iytqYznD7crsGyKNek7q5JkjBqj2KmfqxUVZd,CHONK,2026-09-24T16:46:28Z,9ZiJwWMx6HanYdbibhMpmZ7oKXBrWuh9fc7ujDVUU8vs,0.163884042,2026-09-24T01:38:07Z,54501,3SccfRxwzepdt1XCyTS66rPMEsJcNcbYXfvSR6YV1qj8Rkx4v1yLLzV3t9HvCZv76tpbvyzEhotUo5sJ5YPtbSsv,1,1,False,False,False
Bi4rd5FH5bYEN8scZ7wevxNZyNmKHdaBcvewdPFxYdLt,HIDDEN_CANDIDATE,5pSEZw1iytqYznD7crsGyKNek7q5JkjBqj2KmfqxUVZd,CHONK,2026-09-24T16:46:28Z,5Q544fKrFoe6tsEbD7S8EmxGTJYAKtTVhAW5Q5pge4j1,2.665423188,2026-09-24T02:46:36Z,50392,1264SCRVNzXuFF2uSHEfv1owGjFRmqZE6ERxujuCJjRFA8k9Rh1znRnFUketkmoQcnGi97sRvXL6GZHMhAsFr2XF,381,7,True,False,False
6yVb4pxNwDfr6rovwNnBg3SyKSvDcHGD4WdFPN1JJBqm,CALLER,69N7rm9nnp6sVoULtp5toD26F25rYum8593GupxkUYvH,NEVER,2026-09-26T12:42:54Z,HeNwdb9jJ7P3BcRypytVqW5RG5DPrFHeSqqxsCqa2WeD,0.113679035,2026-09-25T16:17:43Z,73511,SgVK4nMV2hXBXNw45MKpPdzDWLcDZAhK386Vekju3cbQqE73Wdr8LWcYZDGsn3hGy6XnkaTygUT6wMkaP89K6ak,1,1,False,False,False
6yVb4pxNwDfr6rovwNnBg3SyKSvDcHGD4WdFPN1JJBqm,CALLER,69N7rm9nnp6sVoULtp5toD26F25rYum8593GupxkUYvH,NEVER,2026-09-26T12:42:54Z,CLiXvfYSJtG5SJTCWyLvXKtDag9pJiA4vSWZGgSKP19X,4.081137073,2026-09-25T16:24:53Z,73081,2gSApLpHxiCvdwQDKzfsFAygE8HzTKttzjM146rS4sJerT5u1FQ5vcVMMZiPxnpRnBhKcqKQoCHhYf5tM2DQR8r7,17,1,False,False,False
6yVb4pxNwDfr6rovwNnBg3SyKSvDcHGD4WdFPN1JJBqm,CALLER,69N7rm9nnp6sVoULtp5toD26F25rYum8593GupxkUYvH,NEVER,2026-09-26T12:42:54Z,GKMJwv2AEWVcfFXUMtxokMYy5ADkjwJa89DtP8LzoA61,4.783628072,2026-09-25T16:24:53Z,73081,25zf93x6meNUTG3uSvNbxU8uWSoaBtxYXPYo9EtzgkXtVWeeXCpXZxyNJwHKK2gsEiTDfJub7RuyEgp1c4oFCg5E,49,1,False,False,False
6yVb4pxNwDfr6rovwNnBg3SyKSvDcHGD4WdFPN1JJBqm,CALLER,69N7rm9nnp6sVoULtp5toD26F25rYum8593GupxkUYvH,NEVER,2026-09-26T12:42:54Z,1chdHBRNu9dB7E5McJKFDsbPvfpmANdmeR7BHavhi56,4.090399642,2026-09-25T16:24:54Z,73080,22LTzJzKgvXzgn1RttMTjZcuewcckQif8qWBZwfsPCWWMnsPgpNdUGytKpic1gyyZzJdPEmCSHYBwDbXdtSFV3KG,16,1,False,False,False
89HbgWduLwoxcofWpmn1EiF9wEdpgkNDEyPjzZ72mkDi,HIDDEN_CANDIDATE,6XD1vorwquLXjTSL5W4MJMGewZBeiEcPFmZw527TSwva,AlxCooks,2026-10-03T19:09:17Z,Gf7sXMoP8iRw4iiXmJ1nq4vxcRycbGXy5RL8a8LnTd3v,1.476773523,2026-10-02T19:31:06Z,85091,ZVxWxzv8CL11BiueEqfEiKhAE9whbQFAfskKbBdGLA9JrVrGUXEmXhEgqjiYjWmTiibkfCsd4rMCDFCFh2qeqJ2,28,2,True,False,False
89HbgWduLwoxcofWpmn1EiF9wEdpgkNDEyPjzZ72mkDi,HIDDEN_CANDIDATE,6XD1vorwquLXjTSL5W4MJMGewZBeiEcPFmZw527TSwva,AlxCooks,2026-10-03T19:09:17Z,DoAsxPQgiyAxyaJNvpAAUb2ups6rbJRdYrCPyWxwRxBb,0.107627527,2026-10-02T19:31:33Z,85064,2fVp956frmGLhvHP4gasHSqEouGydMaBPcnULkm5UKgvuZEZ3sr7e5wMtSCEfrGBjayAEYVxfyF5TBQvb29sZUuQ,278,3,False,False,False
89HbgWduLwoxcofWpmn1EiF9wEdpgkNDEyPjzZ72mkDi,HIDDEN_CANDIDATE,6XD1vorwquLXjTSL5W4MJMGewZBeiEcPFmZw527TSwva,AlxCooks,2026-10-03T19:09:17Z,DoAsxPQgiyAxyaJNvpAAUb2ups6rbJRdYrCPyWxwRxBb,0.111053069,2026-10-02T19:46:48Z,84149,2tWoxPGu1LMPWnViCFrcgp3tkxzRGML44PZh8e5g7MR19vyiGnQNcn5dWno2DAidSdqmc3CWn9QkF3NR9iFtboh5,278,3,False,False,False
89HbgWduLwoxcofWpmn1EiF9wEdpgkNDEyPjzZ72mkDi,HIDDEN_CANDIDATE,6XD1vorwquLXjTSL5W4MJMGewZBeiEcPFmZw527TSwva,AlxCooks,2026-10-03T19:09:17Z,Gf7sXMoP8iRw4iiXmJ1nq4vxcRycbGXy5RL8a8LnTd3v,1.579413755,2026-10-02T19:47:59Z,84078,5UWh14dBsUWPGfrDsVEXWRsdYZsqbsrMp8HCB8q4rov9Qknza3xP8s7hVvRLPBxoEo5B4iHRXrJTBbsNtxfAcHS,28,2,True,False,False
89HbgWduLwoxcofWpmn1EiF9wEdpgkNDEyPjzZ72mkDi,HIDDEN_CANDIDATE,6XD1vorwquLXjTSL5W4MJMGewZBeiEcPFmZw527TSwva,AlxCooks,2026-10-03T19:09:17Z,GpMZbSM2GgvTKHJirzeGfMFoaZ8UR2X7F4v8vHTvxFbL,0.445743719,2026-10-02T19:51:26Z,83871,4Uf8z36vhWG1JuWrgnQSe613WwtVXeeLhy6dHBSzshkDQnarnYrD62VovEKLBy6rxXpHvoqTVjAPiuJEkdhmTA7S,16,2,False,False,False
89HbgWduLwoxcofWpmn1EiF9wEdpgkNDEyPjzZ72mkDi,HIDDEN_CANDIDATE,6XD1vorwquLXjTSL5W4MJMGewZBeiEcPFmZw527TSwva,AlxCooks,2026-10-03T19:09:17Z,GpMZbSM2GgvTKHJirzeGfMFoaZ8UR2X7F4v8vHTvxFbL,0.32446786,2026-10-02T19:51:27Z,83870,3epjQVT5vYxxsYgtNFncc2YiC3caxaGQxE9E4ukKo5WeRDUd8kwvjfkD2fLQbRsvHnWyjhUdY5srFxYpBXNq7bCx,16,2,False,False,False
89HbgWduLwoxcofWpmn1EiF9wEdpgkNDEyPjzZ72mkDi,HIDDEN_CANDIDATE,6XD1vorwquLXjTSL5W4MJMGewZBeiEcPFmZw527TSwva,AlxCooks,2026-10-03T19:09:17Z,DoAsxPQgiyAxyaJNvpAAUb2ups6rbJRdYrCPyWxwRxBb,0.15946596,2026-10-02T19:52:30Z,83807,ho7utLzsdXvU5DQ1DRYBEUaTGCmZhx23mEGF13qDedmK5pHRTxsTHzXj5Qj5dpji8EdqR8aMBPzVEGy8WspeXr5,278,3,False,False,False
89HbgWduLwoxcofWpmn1EiF9wEdpgkNDEyPjzZ72mkDi,HIDDEN_CANDIDATE,6XD1vorwquLXjTSL5W4MJMGewZBeiEcPFmZw527TSwva,AlxCooks,2026-10-03T19:09:17Z,GpMZbSM2GgvTKHJirzeGfMFoaZ8UR2X7F4v8vHTvxFbL,1.40429495,2026-10-02T19:53:27Z,83750,3xBPGU8M4QjMiek2Cp8XRcrzT4Tjr5st9AY18fcae6fi895DTfB7K7t4iaqHBkKHL2X5E4EM7h8SXsnKKyMq9fz6,16,2,False,False,False
89HbgWduLwoxcofWpmn1EiF9wEdpgkNDEyPjzZ72mkDi,HIDDEN_CANDIDATE,6XD1vorwquLXjTSL5W4MJMGewZBeiEcPFmZw527TSwva,AlxCooks,2026-10-03T19:09:17Z,DoAsxPQgiyAxyaJNvpAAUb2ups6rbJRdYrCPyWxwRxBb,0.089162827,2026-10-02T19:55:51Z,83606,5GfWnSqq1cjYHHzTxVewQTwyNNJUpTwR4ErnYqxjeArdG7mZyc5ewpptZ9yWDtzGPMDhLgaM723wwLdxtDoHNHZ8,278,3,False,False,False
89HbgWduLwoxcofWpmn1EiF9wEdpgkNDEyPjzZ72mkDi,HIDDEN_CANDIDATE,6XD1vorwquLXjTSL5W4MJMGewZBeiEcPFmZw527TSwva,AlxCooks,2026-10-03T19:09:17Z,9PqibJk8eUhQpWqjNgrTYgYjoX4VQHbb66WVf42g98EL,1.264434926,2026-10-02T20:05:38Z,83019,3biuDfXJanCnuTs8i2a6VnYdkNT1NVZp7oyQEGcJ3jidE4HALvaoto9RVVDnEww94jJm96a63cn8ruDMnAhdZnSG,2,1,False,False,False
89HbgWduLwoxcofWpmn1EiF9wEdpgkNDEyPjzZ72mkDi,HIDDEN_CANDIDATE,6XD1vorwquLXjTSL5W4MJMGewZBeiEcPFmZw527TSwva,AlxCooks,2026-10-03T19:09:17Z,9udqZzePbx3N7917LK9PzgxrDqQEQDECtLc8KTYCNghX,4.0,2026-10-02T20:39:13Z,81004,235nFzf7bBf8cXjjshSj2dHJGB6HG6X9BzS545u4iq5jS657xZwbqvFdihhWAKsmvuy4U9s5NLaHDQoo35w6zGm4,2,1,False,False,False
89HbgWduLwoxcofWpmn1EiF9wEdpgkNDEyPjzZ72mkDi,HIDDEN_CANDIDATE,6XD1vorwquLXjTSL5W4MJMGewZBeiEcPFmZw527TSwva,AlxCooks,2026-10-03T19:09:17Z,GpMZbSM2GgvTKHJirzeGfMFoaZ8UR2X7F4v8vHTvxFbL,1.916819611,2026-10-03T12:56:22Z,22375,2aQYGpPGJwnue46efmsoiDdViyT8Fc55axtRp1AN5HJCURLBTTojFEVKR5NbufohJSpULd2xJGeCoxCfCme4739w,16,2,False,False,False
89HbgWduLwoxcofWpmn1EiF9wEdpgkNDEyPjzZ72mkDi,HIDDEN_CANDIDATE,6XD1vorwquLXjTSL5W4MJMGewZBeiEcPFmZw527TSwva,AlxCooks,2026-10-03T19:09:17Z,DoAsxPQgiyAxyaJNvpAAUb2ups6rbJRdYrCPyWxwRxBb,0.290132481,2026-10-03T13:16:03Z,21194,g7jHD9gBdqvxhss2btrfk3hjyLvHMkDJwjmyNXgWE24tvVExsSkpeyqFt7H28tMa8nFQQQt4H8FcLjLoYGk8PcN,278,3,False,False,False
89HbgWduLwoxcofWpmn1EiF9wEdpgkNDEyPjzZ72mkDi,HIDDEN_CANDIDATE,6XD1vorwquLXjTSL5W4MJMGewZBeiEcPFmZw527TSwva,AlxCooks,2026-10-03T19:09:17Z,DoAsxPQgiyAxyaJNvpAAUb2ups6rbJRdYrCPyWxwRxBb,0.192613994,2026-10-03T13:31:34Z,20263,j7Y6zLCzayqfT6ELahpLgC8CJxX475udJoSJJdh3kAN7FhCfnx8Dfz7yenxApi7C7Sf9VfwsAoChjEfyLesz5M5,278,3,False,False,False
89HbgWduLwoxcofWpmn1EiF9wEdpgkNDEyPjzZ72mkDi,HIDDEN_CANDIDATE,6XD1vorwquLXjTSL5W4MJMGewZBeiEcPFmZw527TSwva,AlxCooks,2026-10-03T19:09:17Z,DoAsxPQgiyAxyaJNvpAAUb2ups6rbJRdYrCPyWxwRxBb,0.084073805,2026-10-03T13:41:19Z,19678,2qAPx7tSkM9GXP3iiKoHYDDTMefeEJmqu8BXwBrT5ggXwEnZvmULLxaSZiqmFCC3tQNQMa32LGPfYiu3cFDhQWnj,278,3,False,False,False
89HbgWduLwoxcofWpmn1EiF9wEdpgkNDEyPjzZ72mkDi,HIDDEN_CANDIDATE,6XD1vorwquLXjTSL5W4MJMGewZBeiEcPFmZw527TSwva,AlxCooks,2026-10-03T19:09:17Z,DoAsxPQgiyAxyaJNvpAAUb2ups6rbJRdYrCPyWxwRxBb,0.162124711,2026-10-03T13:43:48Z,19529,2dH942L5prpkzvzpB4aNJjshPEyXtZQR7yW9TYehc5xZRfYhBTwsPe4TPGB2QsPMgDqtZtBW6EV9mReHnhm1eVrx,278,3,False,False,False
89HbgWduLwoxcofWpmn1EiF9wEdpgkNDEyPjzZ72mkDi,HIDDEN_CANDIDATE,6XD1vorwquLXjTSL5W4MJMGewZBeiEcPFmZw527TSwva,AlxCooks,2026-10-03T19:09:17Z,DoAsxPQgiyAxyaJNvpAAUb2ups6rbJRdYrCPyWxwRxBb,0.066669756,2026-10-03T13:44:19Z,19498,5RXmLuDYni1NqdnkhTK8335VTD9dSJAFzFGbVfLyiEmrxKc7aWqEQZKqCrgy1cLUeUqx4Ph4NKM5DiHuarMAnk1c,278,3,False,False,False
89HbgWduLwoxcofWpmn1EiF9wEdpgkNDEyPjzZ72mkDi,HIDDEN_CANDIDATE,6XD1vorwquLXjTSL5W4MJMGewZBeiEcPFmZw527TSwva,AlxCooks,2026-10-03T19:09:17Z,Gf7sXMoP8iRw4iiXmJ1nq4vxcRycbGXy5RL8a8LnTd3v,1.800110277,2026-10-03T13:49:18Z,19199,5YhocMW3pmqUrjzJ6qRntATTnVekNDoCfwvqV311UwR8GqnkpBFefDv7gkzySNm8S9c6XHMmeBKc16nte2YZULJn,28,2,True,False,False
89HbgWduLwoxcofWpmn1EiF9wEdpgkNDEyPjzZ72mkDi,HIDDEN_CANDIDATE,6XD1vorwquLXjTSL5W4MJMGewZBeiEcPFmZw527TSwva,AlxCooks,2026-10-03T19:09:17Z,DoAsxPQgiyAxyaJNvpAAUb2ups6rbJRdYrCPyWxwRxBb,0.094167893,2026-10-03T13:49:35Z,19182,3HNZgwE4XMhrHvF5FKWnCGXnuCiWUvUjNKLUUkEj8WeG36FGzi1cHXdkTpFVARL9gcw9wm1hgi6sb3A5PZDDSqEv,278,3,False,False,False
89HbgWduLwoxcofWpmn1EiF9wEdpgkNDEyPjzZ72mkDi,HIDDEN_CANDIDATE,6XD1vorwquLXjTSL5W4MJMGewZBeiEcPFmZw527TSwva,AlxCooks,2026-10-03T19:09:17Z,DoAsxPQgiyAxyaJNvpAAUb2ups6rbJRdYrCPyWxwRxBb,0.116182699,2026-10-03T13:53:30Z,18947,3hwL8PqMKukXV8zn157G6FwWAR96souNsaDnYyKBoGJ3WNgD8voT7b1iKih3EYjvqSoGnJ1iCuBuvy4kTxCDZgAY,278,3,False,False,False
89HbgWduLwoxcofWpmn1EiF9wEdpgkNDEyPjzZ72mkDi,HIDDEN_CANDIDATE,6XD1vorwquLXjTSL5W4MJMGewZBeiEcPFmZw527TSwva,AlxCooks,2026-10-03T19:09:17Z,DoAsxPQgiyAxyaJNvpAAUb2ups6rbJRdYrCPyWxwRxBb,0.168659954,2026-10-03T14:14:52Z,17665,gd8krxJbZu3a1z61SNESsBy8d16KaMckPf2qJHUnEWKmyECW8rYSfLcuKUdk7191hWJnCqbLRcFTXwraCXUUWqd,278,3,False,False,False
89HbgWduLwoxcofWpmn1EiF9wEdpgkNDEyPjzZ72mkDi,HIDDEN_CANDIDATE,6XD1vorwquLXjTSL5W4MJMGewZBeiEcPFmZw527TSwva,AlxCooks,2026-10-03T19:09:17Z,DoAsxPQgiyAxyaJNvpAAUb2ups6rbJRdYrCPyWxwRxBb,0.16477186,2026-10-03T14:20:32Z,17325,4YwUNDeWzQg7qWKngTYzifoT7g1gCeVgrrzPLQriJKvmvLPhWAFU3QSuNH8qi4bVTP6rCszodqYP6H3qENSBVLzL,278,3,False,False,False
89HbgWduLwoxcofWpmn1EiF9wEdpgkNDEyPjzZ72mkDi,HIDDEN_CANDIDATE,6XD1vorwquLXjTSL5W4MJMGewZBeiEcPFmZw527TSwva,AlxCooks,2026-10-03T19:09:17Z,DoAsxPQgiyAxyaJNvpAAUb2ups6rbJRdYrCPyWxwRxBb,0.130243753,2026-10-03T14:24:39Z,17078,2DEUNUBqRTgRMsVsR2WwnRYurBERDSoEEYcqsjMN6h6fv1yaXF4UrKMbQeutxHD23eU9G86SXjmcheieckSCB38C,278,3,False,False,False
89HbgWduLwoxcofWpmn1EiF9wEdpgkNDEyPjzZ72mkDi,HIDDEN_CANDIDATE,6XD1vorwquLXjTSL5W4MJMGewZBeiEcPFmZw527TSwva,AlxCooks,2026-10-03T19:09:17Z,DoAsxPQgiyAxyaJNvpAAUb2ups6rbJRdYrCPyWxwRxBb,0.069317868,2026-10-03T14:28:20Z,16857,5BN9GVA2Jav65KEaZq3fVBBsZWBdoDWaAAmZg69LT62sToNQ9bC8ExkLf8D376YLR7tVqPvEAGnKSoLdh3p17JNR,278,3,False,False,False
89HbgWduLwoxcofWpmn1EiF9wEdpgkNDEyPjzZ72mkDi,HIDDEN_CANDIDATE,6XD1vorwquLXjTSL5W4MJMGewZBeiEcPFmZw527TSwva,AlxCooks,2026-10-03T19:09:17Z,DoAsxPQgiyAxyaJNvpAAUb2ups6rbJRdYrCPyWxwRxBb,0.111704666,2026-10-03T14:46:58Z,15739,5PxPyxJYNJe63z9cfVDgZLdmLFSpKfmiRaYb8X25nm7sua5DxzEq37ovrTYwh2AV5edwFmdbPWuxx8ym3q3PhgCp,278,3,False,False,False
89HbgWduLwoxcofWpmn1EiF9wEdpgkNDEyPjzZ72mkDi,HIDDEN_CANDIDATE,6XD1vorwquLXjTSL5W4MJMGewZBeiEcPFmZw527TSwva,AlxCooks,2026-10-03T19:09:17Z,GpMZbSM2GgvTKHJirzeGfMFoaZ8UR2X7F4v8vHTvxFbL,1.146352792,2026-10-03T14:47:08Z,15729,2S7NF5CgKebkp5v7zsyw1EEowDMvDgpoqXqgFRhYAA26MkmZpS2oQTsFUqF3LrYBGYwkL2gnb3fbaNL2CvGR6LE6,16,2,False,False,False
89HbgWduLwoxcofWpmn1EiF9wEdpgkNDEyPjzZ72mkDi,HIDDEN_CANDIDATE,6XD1vorwquLXjTSL5W4MJMGewZBeiEcPFmZw527TSwva,AlxCooks,2026-10-03T19:09:17Z,GpMZbSM2GgvTKHJirzeGfMFoaZ8UR2X7F4v8vHTvxFbL,1.154934473,2026-10-03T14:52:26Z,15411,55MFmFiNKC1BoVfhSkQo76XQwZozou3uJno5T8LLsfYBKrJVHw2WjZCLAwPTphSL6iYd9w1HTDM9ztsVwpoZvsrW,16,2,False,False,False
89HbgWduLwoxcofWpmn1EiF9wEdpgkNDEyPjzZ72mkDi,HIDDEN_CANDIDATE,6XD1vorwquLXjTSL5W4MJMGewZBeiEcPFmZw527TSwva,AlxCooks,2026-10-03T19:09:17Z,DoAsxPQgiyAxyaJNvpAAUb2ups6rbJRdYrCPyWxwRxBb,0.167924579,2026-10-03T14:53:50Z,15327,9ojELvHtfgmU8yCeR8CC3cSu44NCVAytGj9GC3NNg2a34HK4J1q1ugVt36JYY6nyqyyz47n3Z6vUFHtS3acDevg,278,3,False,False,False
89HbgWduLwoxcofWpmn1EiF9wEdpgkNDEyPjzZ72mkDi,HIDDEN_CANDIDATE,6XD1vorwquLXjTSL5W4MJMGewZBeiEcPFmZw527TSwva,AlxCooks,2026-10-03T19:09:17Z,DoAsxPQgiyAxyaJNvpAAUb2ups6rbJRdYrCPyWxwRxBb,0.095504166,2026-10-03T15:07:57Z,14480,o9Bqr9Jzf5YuFrLp8uB2h2Q7hY8iy6brbeP1TSXVkcJ5MSg98Bz6ErCBbL2DMchCksmAYNYmQqLvnFSu7s79M97,278,3,False,False,False
89HbgWduLwoxcofWpmn1EiF9wEdpgkNDEyPjzZ72mkDi,HIDDEN_CANDIDATE,6XD1vorwquLXjTSL5W4MJMGewZBeiEcPFmZw527TSwva,AlxCooks,2026-10-03T19:09:17Z,DoAsxPQgiyAxyaJNvpAAUb2ups6rbJRdYrCPyWxwRxBb,0.154477153,2026-10-03T15:11:17Z,14280,r5XpBNxgYENXbUg8B3rAFA77j7s9BXf5iAnT7AtRm9H4RWaHUbiBtve3G4kHDhcFqKHj8Combvxk1emBPZ4LdQW,278,3,False,False,False
89HbgWduLwoxcofWpmn1EiF9wEdpgkNDEyPjzZ72mkDi,HIDDEN_CANDIDATE,6XD1vorwquLXjTSL5W4MJMGewZBeiEcPFmZw527TSwva,AlxCooks,2026-10-03T19:09:17Z,DoAsxPQgiyAxyaJNvpAAUb2ups6rbJRdYrCPyWxwRxBb,0.09128002,2026-10-03T15:26:22Z,13375,5dQ8sNbPL3T6cJpYidN5zeJRwHcqnooD5qzptHiESLu47Gw7o714RrApEccnh3SaFybvrPwcBm8RhdH4PGSxHQso,278,3,False,False,False
89HbgWduLwoxcofWpmn1EiF9wEdpgkNDEyPjzZ72mkDi,HIDDEN_CANDIDATE,6XD1vorwquLXjTSL5W4MJMGewZBeiEcPFmZw527TSwva,AlxCooks,2026-10-03T19:09:17Z,DoAsxPQgiyAxyaJNvpAAUb2ups6rbJRdYrCPyWxwRxBb,0.063630962,2026-10-03T15:35:48Z,12809,43zR9sBSLmPT6vyBVupoEDhRjY9mtUYh5XZbN4taa1hm87P5Z6cFXeqZj37VUmgGhBRfJ8ED7DtHd83C5DFgGSuw,278,3,False,False,False
89HbgWduLwoxcofWpmn1EiF9wEdpgkNDEyPjzZ72mkDi,HIDDEN_CANDIDATE,6XD1vorwquLXjTSL5W4MJMGewZBeiEcPFmZw527TSwva,AlxCooks,2026-10-03T19:09:17Z,DoAsxPQgiyAxyaJNvpAAUb2ups6rbJRdYrCPyWxwRxBb,0.074805161,2026-10-03T15:45:04Z,12253,wtoKAuHudE6zJu7SHiQvCpbVJYtAEiFhbLRXkr8UZno8TApTmCiHbK5kjj3qfQ3rT7ZvPTi8uJwbhSYqFsCwHJN,278,3,False,False,False
89HbgWduLwoxcofWpmn1EiF9wEdpgkNDEyPjzZ72mkDi,HIDDEN_CANDIDATE,6XD1vorwquLXjTSL5W4MJMGewZBeiEcPFmZw527TSwva,AlxCooks,2026-10-03T19:09:17Z,coj59LYbLc6DhMwnxxfPc9mUiknjFSsW4XcuYw4DMPk,1.568917992,2026-10-03T15:45:21Z,12236,4CwGKPjPaGcf4Bw3RR9LbdLgxw8RyK6L1AFtqvDQf6qCjfuFXper8m3jFTZnFFMaH7HxYyZZ1d3kJcrbueK3vdYF,3,2,False,False,False
89HbgWduLwoxcofWpmn1EiF9wEdpgkNDEyPjzZ72mkDi,HIDDEN_CANDIDATE,6XD1vorwquLXjTSL5W4MJMGewZBeiEcPFmZw527TSwva,AlxCooks,2026-10-03T19:09:17Z,DoAsxPQgiyAxyaJNvpAAUb2ups6rbJRdYrCPyWxwRxBb,0.0566937,2026-10-03T15:45:39Z,12218,LFG9RFyW7eVzg9ob5xob6cuSAwiGjYxuUcQvbbSsV79S77CVcMTWDFgE7X68cc5aaL6VvEzkrvfYifZ3zKrDPaA,278,3,False,False,False
89HbgWduLwoxcofWpmn1EiF9wEdpgkNDEyPjzZ72mkDi,HIDDEN_CANDIDATE,6XD1vorwquLXjTSL5W4MJMGewZBeiEcPFmZw527TSwva,AlxCooks,2026-10-03T19:09:17Z,DoAsxPQgiyAxyaJNvpAAUb2ups6rbJRdYrCPyWxwRxBb,0.065126824,2026-10-03T15:49:20Z,11997,3FdUwb7SvhdnqWPWmNRBqmHvUt798UZGVbdhjGnzRJizvEsKx44p9WxaxDcDZnrcekWUxbPSNXv3NCDm3LPs5eaU,278,3,False,False,False
89HbgWduLwoxcofWpmn1EiF9wEdpgkNDEyPjzZ72mkDi,HIDDEN_CANDIDATE,6XD1vorwquLXjTSL5W4MJMGewZBeiEcPFmZw527TSwva,AlxCooks,2026-10-03T19:09:17Z,DoAsxPQgiyAxyaJNvpAAUb2ups6rbJRdYrCPyWxwRxBb,0.11127755,2026-10-03T15:57:05Z,11532,2QcqqsSSohaPvLQhDrZQFGBkY7pJHwigqSWBPi1ngje2dYw3NuRV9q2SUzHEshuePQavdwiNsEH4WVZQZ6DCxkkt,278,3,False,False,False
89HbgWduLwoxcofWpmn1EiF9wEdpgkNDEyPjzZ72mkDi,HIDDEN_CANDIDATE,6XD1vorwquLXjTSL5W4MJMGewZBeiEcPFmZw527TSwva,AlxCooks,2026-10-03T19:09:17Z,DoAsxPQgiyAxyaJNvpAAUb2ups6rbJRdYrCPyWxwRxBb,0.091351911,2026-10-03T15:58:36Z,11441,WnBQGrPFp5PPEZeY2dwQJCLF84fcjtAxt18F8AqaA7WveFTysMZ1w9r1zy3sLZFLMYS4iRfd3tLkx6meWq9QS8W,278,3,False,False,False
89HbgWduLwoxcofWpmn1EiF9wEdpgkNDEyPjzZ72mkDi,HIDDEN_CANDIDATE,6XD1vorwquLXjTSL5W4MJMGewZBeiEcPFmZw527TSwva,AlxCooks,2026-10-03T19:09:17Z,DoAsxPQgiyAxyaJNvpAAUb2ups6rbJRdYrCPyWxwRxBb,0.164866168,2026-10-03T16:12:29Z,10608,32eYiWeFENFMzpi2Apad9Zp7uZ2LHBQUhuiftaUX1mNhm2rRBEbHkarJhuhM1HgfF8S2fv3GXhvwGPK8Ncm987g7,278,3,False,False,False
89HbgWduLwoxcofWpmn1EiF9wEdpgkNDEyPjzZ72mkDi,HIDDEN_CANDIDATE,6XD1vorwquLXjTSL5W4MJMGewZBeiEcPFmZw527TSwva,AlxCooks,2026-10-03T19:09:17Z,4Q6En4UojPiY2283QW71wNrneCLBFVvC5ptQciHrFxbX,7.444172862,2026-10-03T16:28:10Z,9667,2uiUKCphnYjA7EVu2b3G9xTADASKxDGGonL9PaUXCY4u8DpZgGDPSbbpdtdGRPMzqE6bAmEJ9roM1GKK8mH1LiHd,2,1,False,False,False
89HbgWduLwoxcofWpmn1EiF9wEdpgkNDEyPjzZ72mkDi,HIDDEN_CANDIDATE,6XD1vorwquLXjTSL5W4MJMGewZBeiEcPFmZw527TSwva,AlxCooks,2026-10-03T19:09:17Z,Gf7sXMoP8iRw4iiXmJ1nq4vxcRycbGXy5RL8a8LnTd3v,1.538434438,2026-10-03T16:30:42Z,9515,6555pYWLMhK2QToePLwQkG9PKjin8qnexrfDwk8QCbEJixNv5JfGYeTjwXiYDbxSjybPtAQSiZ1TdRFmeFr3RJrF,28,2,True,False,False
89HbgWduLwoxcofWpmn1EiF9wEdpgkNDEyPjzZ72mkDi,HIDDEN_CANDIDATE,6XD1vorwquLXjTSL5W4MJMGewZBeiEcPFmZw527TSwva,AlxCooks,2026-10-03T19:09:17Z,DoAsxPQgiyAxyaJNvpAAUb2ups6rbJRdYrCPyWxwRxBb,0.305279506,2026-10-03T16:31:09Z,9488,4nYXPy1rhnfiQ4GkuYe3PvnHU3gBpNbByWZ5isBeSzb6WfZENqPeqsxWb3ufdzrWVioKJ1gK47cSaMhyAz9HVuRa,278,3,False,False,False
89HbgWduLwoxcofWpmn1EiF9wEdpgkNDEyPjzZ72mkDi,HIDDEN_CANDIDATE,6XD1vorwquLXjTSL5W4MJMGewZBeiEcPFmZw527TSwva,AlxCooks,2026-10-03T19:09:17Z,BofA2ViUSudPBTUms2KRuG6AHNeMawjNfwqTJDgx5BKW,1.273781205,2026-10-03T16:35:14Z,9243,21iCJCMDDW5SPqRb17VcHYN4ZaZRdg4Mm8QAGkBxssCvN2DpJWvp1bUzDyrMVgJACHGTRnAs8qUPSKdRYZm4C1vT,12,2,True,False,False
89HbgWduLwoxcofWpmn1EiF9wEdpgkNDEyPjzZ72mkDi,HIDDEN_CANDIDATE,6XD1vorwquLXjTSL5W4MJMGewZBeiEcPFmZw527TSwva,AlxCooks,2026-10-03T19:09:17Z,BofA2ViUSudPBTUms2KRuG6AHNeMawjNfwqTJDgx5BKW,0.931265597,2026-10-03T16:35:22Z,9235,Aq5fTj3pMQAg5HMQQKbxVrL64HTEkkw3uKkJxjuqHJwAKgtQEDfzzMzM59EcVksuacgbtUserFDkZiydorrRCoU,12,2,True,False,False
89HbgWduLwoxcofWpmn1EiF9wEdpgkNDEyPjzZ72mkDi,HIDDEN_CANDIDATE,6XD1vorwquLXjTSL5W4MJMGewZBeiEcPFmZw527TSwva,AlxCooks,2026-10-03T19:09:17Z,BofA2ViUSudPBTUms2KRuG6AHNeMawjNfwqTJDgx5BKW,0.770372135,2026-10-03T16:35:23Z,9234,38ah8bMLuCrU3X7dh5X1iUmPdXTf4sFrrJnPHmiucNhnqPBMSxW4ST22QaMaCE9byJB48VZM3vVviZBQRgYTY2wB,12,2,True,False,False
89HbgWduLwoxcofWpmn1EiF9wEdpgkNDEyPjzZ72mkDi,HIDDEN_CANDIDATE,6XD1vorwquLXjTSL5W4MJMGewZBeiEcPFmZw527TSwva,AlxCooks,2026-10-03T19:09:17Z,DoAsxPQgiyAxyaJNvpAAUb2ups6rbJRdYrCPyWxwRxBb,0.177846784,2026-10-03T16:35:38Z,9219,4ZQLiwDyhH97UUUjgcTnCfw5pTHfjGd8q2fYPeejvCbVLt5pRZbE2PMU8Lqe3gXApvZtu81EMTwzQ1nYQ9zXpPex,278,3,False,False,False
89HbgWduLwoxcofWpmn1EiF9wEdpgkNDEyPjzZ72mkDi,HIDDEN_CANDIDATE,6XD1vorwquLXjTSL5W4MJMGewZBeiEcPFmZw527TSwva,AlxCooks,2026-10-03T19:09:17Z,GpMZbSM2GgvTKHJirzeGfMFoaZ8UR2X7F4v8vHTvxFbL,0.084018405,2026-10-03T16:36:39Z,9158,eQJKbFm9zP7FKdFLEnEM3rBGha7tKuEu8S6QNPQc3sahfyexYKc3cPRwEkGN39gvMPJmBZvKirKCb2p3ZGtpRbL,16,2,False,False,False
89HbgWduLwoxcofWpmn1EiF9wEdpgkNDEyPjzZ72mkDi,HIDDEN_CANDIDATE,6XD1vorwquLXjTSL5W4MJMGewZBeiEcPFmZw527TSwva,AlxCooks,2026-10-03T19:09:17Z,DoAsxPQgiyAxyaJNvpAAUb2ups6rbJRdYrCPyWxwRxBb,0.062357971,2026-10-03T16:37:46Z,9091,3tAR2kNuJQ47CmrSLyhsnfrd2MzmxYjATqzqfZS92XjLmWJgAB6CKaR1A5wHYCDk1eccxDkeyKCfeM6Pog4i7HCk,278,3,False,False,False
89HbgWduLwoxcofWpmn1EiF9wEdpgkNDEyPjzZ72mkDi,HIDDEN_CANDIDATE,6XD1vorwquLXjTSL5W4MJMGewZBeiEcPFmZw527TSwva,AlxCooks,2026-10-03T19:09:17Z,BofA2ViUSudPBTUms2KRuG6AHNeMawjNfwqTJDgx5BKW,1.718864347,2026-10-03T16:40:21Z,8936,53782ZU7RjMnnb7aMkTZFCv5iDZ1DiGuLuxScSybd4oq3aEhhyYzCRwevvDJeMSZJdYS22UeBFuQNgyW1heyCqNk,12,2,True,False,False
89HbgWduLwoxcofWpmn1EiF9wEdpgkNDEyPjzZ72mkDi,HIDDEN_CANDIDATE,6XD1vorwquLXjTSL5W4MJMGewZBeiEcPFmZw527TSwva,AlxCooks,2026-10-03T19:09:17Z,DoAsxPQgiyAxyaJNvpAAUb2ups6rbJRdYrCPyWxwRxBb,0.060147343,2026-10-03T16:40:37Z,8920,4rEs4RMJCoeLK5WtScg7Rirac4cA6E22yPogouedHghELKQYeMP3KXZr1YgwtQhaLVEfarJGFMgvb7td6Hm9Uu5N,278,3,False,False,False
89HbgWduLwoxcofWpmn1EiF9wEdpgkNDEyPjzZ72mkDi,HIDDEN_CANDIDATE,6XD1vorwquLXjTSL5W4MJMGewZBeiEcPFmZw527TSwva,AlxCooks,2026-10-03T19:09:17Z,2qGLP3F5Xn5FZnB8K5NZYCakENbYqNSPzh46cMdWez44,0.225813334,2026-10-03T16:57:14Z,7923,3qazfR8bqpNSL1omJPmLgK5sj172yFz2wWBqX7c3b4JbyGjvyaSZQhucP5k1CfxQ9LEnvW1GGhf9pQDumc6VogpH,2,1,False,False,False
89HbgWduLwoxcofWpmn1EiF9wEdpgkNDEyPjzZ72mkDi,HIDDEN_CANDIDATE,6XD1vorwquLXjTSL5W4MJMGewZBeiEcPFmZw527TSwva,AlxCooks,2026-10-03T19:09:17Z,CRnqE2AX8XLJHwkbNJkHGiZ7AJQPRcmTrqokLoiMRHoN,0.145848379,2026-10-03T16:57:15Z,7922,3d81iHxmj1fw4DgLoxJHYFmb2PChJKe9nqsvEaW6wBWpmyXAFSFz76ykJrHEJr47XDdejiLPJ3Lf23nvu1VPTgjT,2,1,False,False,False
89HbgWduLwoxcofWpmn1EiF9wEdpgkNDEyPjzZ72mkDi,HIDDEN_CANDIDATE,6XD1vorwquLXjTSL5W4MJMGewZBeiEcPFmZw527TSwva,AlxCooks,2026-10-03T19:09:17Z,HGjLXE4z8buRS1UvEcKK5C1Pxa5DvCPNeq9DReDbNFvu,0.509364006,2026-10-03T16:57:16Z,7921,5cjEGj36AJYiUwzcZH4yCA7w2815fFPR2dp4ynR7Hmj1FUFDdBZTMfzxUq7c4LNsYvUkpsTvryoDatLVpM5W8Vvp,2,1,False,False,False
89HbgWduLwoxcofWpmn1EiF9wEdpgkNDEyPjzZ72mkDi,HIDDEN_CANDIDATE,6XD1vorwquLXjTSL5W4MJMGewZBeiEcPFmZw527TSwva,AlxCooks,2026-10-03T19:09:17Z,6n6kS2h34HRviQQ53og4YbgQ7aakT5KWwPcKy63CRDXQ,0.065705207,2026-10-03T16:57:17Z,7920,5YefCEucTwjo3kwgv7GqHMbgXoNpkaQ6iUXz385GHNzUzHuzL2EPEBfBQAbE6yxBBfFdFyzoCfLe3dZ2QKEENyXc,2,1,False,False,False
89HbgWduLwoxcofWpmn1EiF9wEdpgkNDEyPjzZ72mkDi,HIDDEN_CANDIDATE,6XD1vorwquLXjTSL5W4MJMGewZBeiEcPFmZw527TSwva,AlxCooks,2026-10-03T19:09:17Z,9cYhhZLAbvD1aB6jRn4yeAfmSKG5Z8P7M58zC2Vr7TGc,0.19368826,2026-10-03T16:57:18Z,7919,4trCuzs85MB2h1KtiTMxStWezBVagwt5WrJua5onDRJvi9nU1D2B3PEoSKV3pHLFCDNnCbZeL7DTmv8fCj47XqiL,2,1,False,False,False
89HbgWduLwoxcofWpmn1EiF9wEdpgkNDEyPjzZ72mkDi,HIDDEN_CANDIDATE,6XD1vorwquLXjTSL5W4MJMGewZBeiEcPFmZw527TSwva,AlxCooks,2026-10-03T19:09:17Z,7AaipZh8E1CUoCDQ6APCbSpeHo8gLjxVoiXFG6kMp81h,0.420282936,2026-10-03T16:57:19Z,7918,5RfX5DLudAAZU9r6t1XZLyrbbT5q8Cz7hpwPoAVFfUuMvy86kkMaYkP8aQQ6fN7pmxMTAEh5spSrsEDMyAnwCwuu,2,1,False,False,False
89HbgWduLwoxcofWpmn1EiF9wEdpgkNDEyPjzZ72mkDi,HIDDEN_CANDIDATE,6XD1vorwquLXjTSL5W4MJMGewZBeiEcPFmZw527TSwva,AlxCooks,2026-10-03T19:09:17Z,FE4iRvqpDcfDVpfVGHC763afdYXngmjGkUuj63y13jgw,0.087914154,2026-10-03T16:57:19Z,7918,2jJwaGf5kWhGaT7CnHHbkQf4QEg3cJmpHEReqvDkRVbpC6i4F8PU68Y3p95fg1paemoqBMvYE1tCffVvTciKJCZE,2,1,False,False,False
89HbgWduLwoxcofWpmn1EiF9wEdpgkNDEyPjzZ72mkDi,HIDDEN_CANDIDATE,6XD1vorwquLXjTSL5W4MJMGewZBeiEcPFmZw527TSwva,AlxCooks,2026-10-03T19:09:17Z,zga6BUKo5EhJCW9f2ymKCJjYZ75zJ55pZbbwXRc3XUH,0.178186474,2026-10-03T16:57:20Z,7917,2S8a34mfunHGwvGBboHMAXWtp9iJio6gBtwNpTd5d4eyPAvRSmoFAawFSTev2QcKyUbeJX4AyE6L1YCZqsgUsySR,2,1,False,False,False
89HbgWduLwoxcofWpmn1EiF9wEdpgkNDEyPjzZ72mkDi,HIDDEN_CANDIDATE,6XD1vorwquLXjTSL5W4MJMGewZBeiEcPFmZw527TSwva,AlxCooks,2026-10-03T19:09:17Z,EuwAVkFJUskoijzX6YeeeVyhmqmhuQuCa5AbYUejJN5A,0.33841138,2026-10-03T16:57:21Z,7916,k56d1t2QBgcmEGbWRYpR3LY3KhhkznJD8JwuyCSyJFDxHB6Go3MKMnmAGM6sZJki6thwHoxKiEZTFgtbKnkquqG,3,1,False,False,False
89HbgWduLwoxcofWpmn1EiF9wEdpgkNDEyPjzZ72mkDi,HIDDEN_CANDIDATE,6XD1vorwquLXjTSL5W4MJMGewZBeiEcPFmZw527TSwva,AlxCooks,2026-10-03T19:09:17Z,Doc94ZMsjeyok9ay6CnQHeFboLw7B5L5M7gPPX7XHsjk,0.058230636,2026-10-03T16:57:24Z,7913,2L57ao4TZUHdoh1dtvwnKea3JV3ncnuVG1hT88vQjaMGBbeML2m6eswE9WXRH1XawhJFCUc2cxQUonSud6c6phxo,2,1,False,False,False
89HbgWduLwoxcofWpmn1EiF9wEdpgkNDEyPjzZ72mkDi,HIDDEN_CANDIDATE,6XD1vorwquLXjTSL5W4MJMGewZBeiEcPFmZw527TSwva,AlxCooks,2026-10-03T19:09:17Z,Tw5uhE2uyApRCt9LqN6qMSiEeLYvzvC3P5ToEvTeGEi,0.80563238,2026-10-03T17:00:06Z,7751,21qssGUaPS3WWQYTyxUY4TtjJyZP8isK7KuSz4Xa3kMr9aVSoPkdfxPXimgPCQ6HzT4oKUv5cfjjtiB2XeJqSzn6,3,2,False,False,False
89HbgWduLwoxcofWpmn1EiF9wEdpgkNDEyPjzZ72mkDi,HIDDEN_CANDIDATE,6XD1vorwquLXjTSL5W4MJMGewZBeiEcPFmZw527TSwva,AlxCooks,2026-10-03T19:09:17Z,DoAsxPQgiyAxyaJNvpAAUb2ups6rbJRdYrCPyWxwRxBb,0.261439217,2026-10-03T17:19:15Z,6602,4bDKh8wctvQiZ99KuPft4oHFKBoqi5CxTmTSWsECna1PKiCsZ3PFNGTYmLVXmiaKzGkfNAiwRrdZuzbqbQfhAAV9,278,3,False,False,False
89HbgWduLwoxcofWpmn1EiF9wEdpgkNDEyPjzZ72mkDi,HIDDEN_CANDIDATE,6XD1vorwquLXjTSL5W4MJMGewZBeiEcPFmZw527TSwva,AlxCooks,2026-10-03T19:09:17Z,BkcG9yp9G6Qj1hasBkZUWFa1BmxXtoV5S5ztvedDXvKY,0.569636504,2026-10-03T17:46:10Z,4987,2hW316uJ1NziBTxkCZhc4tsTxDYCTVTmojyFuqE99sVfZY1JtEXs7HxZWhVMdo4rpRNr61vnJwuoE34e3dn1UHBr,29,1,False,False,False
89HbgWduLwoxcofWpmn1EiF9wEdpgkNDEyPjzZ72mkDi,HIDDEN_CANDIDATE,6XD1vorwquLXjTSL5W4MJMGewZBeiEcPFmZw527TSwva,AlxCooks,2026-10-03T19:09:17Z,BkcG9yp9G6Qj1hasBkZUWFa1BmxXtoV5S5ztvedDXvKY,0.507319611,2026-10-03T17:46:12Z,4985,2FFHxNusuPqiXGVfrA55TXH8je5ih12Mdq98bw6okyf4HPFg1UnVzcFYJb478ic4yKKg515jynZkk71CuAXUwMmW,29,1,False,False,False
89HbgWduLwoxcofWpmn1EiF9wEdpgkNDEyPjzZ72mkDi,HIDDEN_CANDIDATE,6XD1vorwquLXjTSL5W4MJMGewZBeiEcPFmZw527TSwva,AlxCooks,2026-10-03T19:09:17Z,BkcG9yp9G6Qj1hasBkZUWFa1BmxXtoV5S5ztvedDXvKY,0.489751281,2026-10-03T17:46:12Z,4985,2nJUiwn9XbdcQbpn6aeSKkM9dgF9SUJCeAiR9fT9gXG3yKUSegwpHU13p7wYRXsjnhz3nnM7V2QLBuPMYXJf8CVD,29,1,False,False,False
89HbgWduLwoxcofWpmn1EiF9wEdpgkNDEyPjzZ72mkDi,HIDDEN_CANDIDATE,6XD1vorwquLXjTSL5W4MJMGewZBeiEcPFmZw527TSwva,AlxCooks,2026-10-03T19:09:17Z,BkcG9yp9G6Qj1hasBkZUWFa1BmxXtoV5S5ztvedDXvKY,0.477563938,2026-10-03T17:46:14Z,4983,jKz8tFbyPdRjec5QsDY5o5c1oHojzP8y3Jh4RzSinvAw78gUdTgDR8y6ywW57b1KjaCcfhrxe3LjpLzc4tH7TUw,29,1,False,False,False
89HbgWduLwoxcofWpmn1EiF9wEdpgkNDEyPjzZ72mkDi,HIDDEN_CANDIDATE,6XD1vorwquLXjTSL5W4MJMGewZBeiEcPFmZw527TSwva,AlxCooks,2026-10-03T19:09:17Z,BkcG9yp9G6Qj1hasBkZUWFa1BmxXtoV5S5ztvedDXvKY,0.724106445,2026-10-03T17:46:45Z,4952,2GWzSwKAcB2pPVfQCPrFuCJyocXTScimW5QrLbVsJHTCTmuJ7E8fvA2AR1otpdbgZ3wbZMZGWC4g5rwYNDtkfsqX,29,1,False,False,False
89HbgWduLwoxcofWpmn1EiF9wEdpgkNDEyPjzZ72mkDi,HIDDEN_CANDIDATE,6XD1vorwquLXjTSL5W4MJMGewZBeiEcPFmZw527TSwva,AlxCooks,2026-10-03T19:09:17Z,BkcG9yp9G6Qj1hasBkZUWFa1BmxXtoV5S5ztvedDXvKY,0.712145731,2026-10-03T17:46:45Z,4952,4Fm9DMJWfbheUZNiXcQGPojTv1PJF6zbCavbEYiiWo3tVk4bWTfuRow1FJ16gfdDjMPF6L44UHmy8Eg7SD7xzH1r,29,1,False,False,False
89HbgWduLwoxcofWpmn1EiF9wEdpgkNDEyPjzZ72mkDi,HIDDEN_CANDIDATE,6XD1vorwquLXjTSL5W4MJMGewZBeiEcPFmZw527TSwva,AlxCooks,2026-10-03T19:09:17Z,BkcG9yp9G6Qj1hasBkZUWFa1BmxXtoV5S5ztvedDXvKY,0.714555434,2026-10-03T17:46:45Z,4952,5ZJfc6Aam1YnbyHs7SZSBYjgGcbgN2QfFPpV15u9uDATeVWQtNegJr4iBv4CUzjSud8TGHmFyVqmYPXfAMoYXhVm,29,1,False,False,False
89HbgWduLwoxcofWpmn1EiF9wEdpgkNDEyPjzZ72mkDi,HIDDEN_CANDIDATE,6XD1vorwquLXjTSL5W4MJMGewZBeiEcPFmZw527TSwva,AlxCooks,2026-10-03T19:09:17Z,BkcG9yp9G6Qj1hasBkZUWFa1BmxXtoV5S5ztvedDXvKY,0.601320606,2026-10-03T17:46:46Z,4951,3oNGoRxKJQoNxW7FGtTbvsVUJi1ye5T7rjjhUnMFsrgQr5Qo746TrFzmgi5AKJ45NbnTZXDvWnCVCNbV6pKox7Q2,29,1,False,False,False
89HbgWduLwoxcofWpmn1EiF9wEdpgkNDEyPjzZ72mkDi,HIDDEN_CANDIDATE,6XD1vorwquLXjTSL5W4MJMGewZBeiEcPFmZw527TSwva,AlxCooks,2026-10-03T19:09:17Z,BkcG9yp9G6Qj1hasBkZUWFa1BmxXtoV5S5ztvedDXvKY,0.607415875,2026-10-03T17:46:53Z,4944,574mc5q1bNSGKH2GQUpve9nQCABY64sCwnT18MKsfUFp9FZ927V9WqhZ8d1Z9JYJ4Dn9yg9zVaXNgqpNjmwURAW7,29,1,False,False,False
89HbgWduLwoxcofWpmn1EiF9wEdpgkNDEyPjzZ72mkDi,HIDDEN_CANDIDATE,6XD1vorwquLXjTSL5W4MJMGewZBeiEcPFmZw527TSwva,AlxCooks,2026-10-03T19:09:17Z,BkcG9yp9G6Qj1hasBkZUWFa1BmxXtoV5S5ztvedDXvKY,0.555956575,2026-10-03T17:46:53Z,4944,3Xmi3yK2RJpLUhf1PWYdzZz7ZDL8FDzafvKC7jUzh4Qvs4AVNVGs1UjXLuQZVg3bwV94oRGEWdgNLgEuXAAZS82G,29,1,False,False,False
89HbgWduLwoxcofWpmn1EiF9wEdpgkNDEyPjzZ72mkDi,HIDDEN_CANDIDATE,6XD1vorwquLXjTSL5W4MJMGewZBeiEcPFmZw527TSwva,AlxCooks,2026-10-03T19:09:17Z,BkcG9yp9G6Qj1hasBkZUWFa1BmxXtoV5S5ztvedDXvKY,5.032935282,2026-10-03T17:46:58Z,4939,3mq6WNVsdTWktpWYYbfJyra8cRNLXtrA3U777L2wsv9cEXXSb6j6TqE6bXnZnB9Puj772oxgxfRsC521F9HheT5h,29,1,False,False,False
89HbgWduLwoxcofWpmn1EiF9wEdpgkNDEyPjzZ72mkDi,HIDDEN_CANDIDATE,6XD1vorwquLXjTSL5W4MJMGewZBeiEcPFmZw527TSwva,AlxCooks,2026-10-03T19:09:17Z,DoAsxPQgiyAxyaJNvpAAUb2ups6rbJRdYrCPyWxwRxBb,0.348787605,2026-10-03T17:47:17Z,4920,3AhuELPjanLLpd8oH4BbpPkGDB5U2LsfVsoKW98zsxsygt3RNuaMN35oL2kjpdCvrBq4VrmYkPfb3fsyRvtfB6Ks,278,3,False,False,False
89HbgWduLwoxcofWpmn1EiF9wEdpgkNDEyPjzZ72mkDi,HIDDEN_CANDIDATE,6XD1vorwquLXjTSL5W4MJMGewZBeiEcPFmZw527TSwva,AlxCooks,2026-10-03T19:09:17Z,BkcG9yp9G6Qj1hasBkZUWFa1BmxXtoV5S5ztvedDXvKY,2.328579114,2026-10-03T17:52:50Z,4587,5N69PBJLY6c7iaFJ6B12Tr9aMG9CDXLuttq7Uim82pFBkaxERGNVehiT3KveVCRt6z3BaGgLZdNHt2ZwJn4sRMMk,29,1,False,False,False
89HbgWduLwoxcofWpmn1EiF9wEdpgkNDEyPjzZ72mkDi,HIDDEN_CANDIDATE,6XD1vorwquLXjTSL5W4MJMGewZBeiEcPFmZw527TSwva,AlxCooks,2026-10-03T19:09:17Z,CyJwKnLiiY4fmiwqMCSWFSHxo7T9Ubshgs2uRAuJCrk5,2.371004094,2026-10-03T17:55:33Z,4424,HAG9vL7mhFbX6JHSouda3juZ9XmzbKmgK1wGi14bhnpABv2NBisfqRe5wGcszLoNc6ov1Crrv3e4ZLugQfbuL1R,10,2,True,False,False
89HbgWduLwoxcofWpmn1EiF9wEdpgkNDEyPjzZ72mkDi,HIDDEN_CANDIDATE,6XD1vorwquLXjTSL5W4MJMGewZBeiEcPFmZw527TSwva,AlxCooks,2026-10-03T19:09:17Z,CyJwKnLiiY4fmiwqMCSWFSHxo7T9Ubshgs2uRAuJCrk5,0.97243598,2026-10-03T17:56:18Z,4379,CRBchTiWAqexwenaqLhcjC4DHsDPv26G54vUXF8oPM1mhGTk2g7LPxwdrgiv9Edg721biXfSG85RwXh86jjmT4v,10,2,True,False,False
89HbgWduLwoxcofWpmn1EiF9wEdpgkNDEyPjzZ72mkDi,HIDDEN_CANDIDATE,6XD1vorwquLXjTSL5W4MJMGewZBeiEcPFmZw527TSwva,AlxCooks,2026-10-03T19:09:17Z,DoAsxPQgiyAxyaJNvpAAUb2ups6rbJRdYrCPyWxwRxBb,0.286900943,2026-10-03T17:59:54Z,4163,R5eaAQgL9ZsSvhMizNATUVcKLbfgujEZs2rQLyAhsKNwa57bwo8yB6wtG6gRRpjoef8y5Mz4RRdJxuHrAd4bwMj,278,3,False,False,False
89HbgWduLwoxcofWpmn1EiF9wEdpgkNDEyPjzZ72mkDi,HIDDEN_CANDIDATE,6XD1vorwquLXjTSL5W4MJMGewZBeiEcPFmZw527TSwva,AlxCooks,2026-10-03T19:09:17Z,CyJwKnLiiY4fmiwqMCSWFSHxo7T9Ubshgs2uRAuJCrk5,1.728451296,2026-10-03T18:03:12Z,3965,49kZnWYD4ogNTjKqVfd5iQZc91AFUDUHzzPaNkNMwQkGXHs3XvnGNSVg2UFJde3pZhM7Gss8WwgLF2byRfRuKa4k,10,2,True,False,False
89HbgWduLwoxcofWpmn1EiF9wEdpgkNDEyPjzZ72mkDi,HIDDEN_CANDIDATE,6XD1vorwquLXjTSL5W4MJMGewZBeiEcPFmZw527TSwva,AlxCooks,2026-10-03T19:09:17Z,DoAsxPQgiyAxyaJNvpAAUb2ups6rbJRdYrCPyWxwRxBb,0.155035213,2026-10-03T18:10:28Z,3529,4YjcATffadjFhdnXcpV9RZRgfLDr8VkdadkvXEVYB9jRbuiAmTPCoGWehpY1b1qicm1BdLeZ94xVdbjgoJ3es9rp,278,3,False,False,False
89HbgWduLwoxcofWpmn1EiF9wEdpgkNDEyPjzZ72mkDi,HIDDEN_CANDIDATE,6XD1vorwquLXjTSL5W4MJMGewZBeiEcPFmZw527TSwva,AlxCooks,2026-10-03T19:09:17Z,EZyszDEx1LZDt7TsSFV8xdPi49sDKC3mdfv2MVMEQLtU,1.60374724,2026-10-03T18:11:54Z,3443,24r3ESKvxX4joR4fS2kCymcA5Q9g5FbyahKi7yFnrGp9HyiCMJTd42skk9TXxXeSJwhvEBywD8uGdgSszzwH4jrH,3,3,False,False,False
89HbgWduLwoxcofWpmn1EiF9wEdpgkNDEyPjzZ72mkDi,HIDDEN_CANDIDATE,6XD1vorwquLXjTSL5W4MJMGewZBeiEcPFmZw527TSwva,AlxCooks,2026-10-03T19:09:17Z,DoAsxPQgiyAxyaJNvpAAUb2ups6rbJRdYrCPyWxwRxBb,0.130487026,2026-10-03T18:17:04Z,3133,2LjqfhvK6ydgmRFKJx8iR18z5WMszarTiT82upadnUx7Zy5337MoRkaShvpynFdeHYZmBeEetUbdXtihMTkmDPJS,278,3,False,False,False
89HbgWduLwoxcofWpmn1EiF9wEdpgkNDEyPjzZ72mkDi,HIDDEN_CANDIDATE,6XD1vorwquLXjTSL5W4MJMGewZBeiEcPFmZw527TSwva,AlxCooks,2026-10-03T19:09:17Z,DoAsxPQgiyAxyaJNvpAAUb2ups6rbJRdYrCPyWxwRxBb,0.185297851,2026-10-03T18:28:36Z,2441,3m8ujasBAuwpGWs9VqS2c4G7nUiqvmpDTkfNJtmdMeJ5432DC7UD4KZSA1uvMNt8DJFXeG34QLvLp3khkrssN2GR,278,3,False,False,False
89HbgWduLwoxcofWpmn1EiF9wEdpgkNDEyPjzZ72mkDi,HIDDEN_CANDIDATE,6XD1vorwquLXjTSL5W4MJMGewZBeiEcPFmZw527TSwva,AlxCooks,2026-10-03T19:09:17Z,CyJwKnLiiY4fmiwqMCSWFSHxo7T9Ubshgs2uRAuJCrk5,0.064064814,2026-10-03T18:34:56Z,2061,2SRua25XPDA7eh1RNsPY5sjRcucVCeLzi1grXP99KTyKeV2PFMDnq9EXt8XAtvoDwCxo63oP8qBfw7v18emVDHT1,10,2,True,False,False
89HbgWduLwoxcofWpmn1EiF9wEdpgkNDEyPjzZ72mkDi,HIDDEN_CANDIDATE,6XD1vorwquLXjTSL5W4MJMGewZBeiEcPFmZw527TSwva,AlxCooks,2026-10-03T19:09:17Z,DoAsxPQgiyAxyaJNvpAAUb2ups6rbJRdYrCPyWxwRxBb,0.2088151,2026-10-03T18:37:14Z,1923,5W3e6DmnGhP4wj24yLH8MszAFy14vgieRp2q4KzFBPcnSCskmBswTEJeJDfhuoyV9Tkkf2c5yacbJdXzDqHJ582T,278,3,False,False,False
89HbgWduLwoxcofWpmn1EiF9wEdpgkNDEyPjzZ72mkDi,HIDDEN_CANDIDATE,6XD1vorwquLXjTSL5W4MJMGewZBeiEcPFmZw527TSwva,AlxCooks,2026-10-03T19:09:17Z,GpMZbSM2GgvTKHJirzeGfMFoaZ8UR2X7F4v8vHTvxFbL,1.280578595,2026-10-03T18:37:48Z,1889,4QbQKxRTxg9K2EU9VRLchLvhwxD8FA2H7WNtN3ThYf7rjznidabckgzgGN5ENmcfPN59ubfbY85HiX2ZGHM6vRmU,16,2,False,False,False
89HbgWduLwoxcofWpmn1EiF9wEdpgkNDEyPjzZ72mkDi,HIDDEN_CANDIDATE,6XD1vorwquLXjTSL5W4MJMGewZBeiEcPFmZw527TSwva,AlxCooks,2026-10-03T19:09:17Z,DoAsxPQgiyAxyaJNvpAAUb2ups6rbJRdYrCPyWxwRxBb,0.0514149,2026-10-03T18:38:01Z,1876,4XrLpGJmSyghf9eDsQ3QdqZPWknobtf2qesLsVHBfDaAHu2hJMiqSVkKvjxUrC4t6qAXota8sBD9LcJvtUwTUKjc,278,3,False,False,False
89HbgWduLwoxcofWpmn1EiF9wEdpgkNDEyPjzZ72mkDi,HIDDEN_CANDIDATE,6XD1vorwquLXjTSL5W4MJMGewZBeiEcPFmZw527TSwva,AlxCooks,2026-10-03T19:09:17Z,Gf7sXMoP8iRw4iiXmJ1nq4vxcRycbGXy5RL8a8LnTd3v,1.008221658,2026-10-03T18:39:22Z,1795,vT3yCBMf536qjKbXP4kbwWxKPvViJC9Vs5iP9RrMyB5u6WZLq63n64Wo4AimGPYMenyhzvUoJavnteKtGCYrQTq,28,2,True,False,False
89HbgWduLwoxcofWpmn1EiF9wEdpgkNDEyPjzZ72mkDi,HIDDEN_CANDIDATE,6XD1vorwquLXjTSL5W4MJMGewZBeiEcPFmZw527TSwva,AlxCooks,2026-10-03T19:09:17Z,Gf7sXMoP8iRw4iiXmJ1nq4vxcRycbGXy5RL8a8LnTd3v,1.369459593,2026-10-03T18:39:57Z,1760,3DEJHr9j6NveTzgro9UmV1Y6zu3e73ewHkNkS6J3uRRobxaG5tBay7UaRCsbeU8x6HXPrZ27wjyQE53Y6qGiGqRG,28,2,True,False,False
89HbgWduLwoxcofWpmn1EiF9wEdpgkNDEyPjzZ72mkDi,HIDDEN_CANDIDATE,6XD1vorwquLXjTSL5W4MJMGewZBeiEcPFmZw527TSwva,AlxCooks,2026-10-03T19:09:17Z,Gf7sXMoP8iRw4iiXmJ1nq4vxcRycbGXy5RL8a8LnTd3v,1.351044854,2026-10-03T18:42:57Z,1580,4BSoTvsEWNTUy43di9jMSTemBJypEC3rrXb7Ujionrq4bhYNdEumRYx9jxZG8CXD5dHQUpmpFKCcvvTo5BJew5W1,28,2,True,False,False
89HbgWduLwoxcofWpmn1EiF9wEdpgkNDEyPjzZ72mkDi,HIDDEN_CANDIDATE,6XD1vorwquLXjTSL5W4MJMGewZBeiEcPFmZw527TSwva,AlxCooks,2026-10-03T19:09:17Z,DoAsxPQgiyAxyaJNvpAAUb2ups6rbJRdYrCPyWxwRxBb,0.197145654,2026-10-03T18:43:15Z,1562,23cg3Paj7xFJjAivAidGbut7TykYJTveZhUXGKxr5k5gb1KasdRwv993Be4zBV6KbEwG73u7nJnu2ZbXYTgmefpg,278,3,False,False,False
89HbgWduLwoxcofWpmn1EiF9wEdpgkNDEyPjzZ72mkDi,HIDDEN_CANDIDATE,6XD1vorwquLXjTSL5W4MJMGewZBeiEcPFmZw527TSwva,AlxCooks,2026-10-03T19:09:17Z,2TAgfogn8JRwwTnsGKUa6WUT5Xdv1iMEzfEDMor68X9C,1.390076189,2026-10-03T18:51:14Z,1083,yS2iu1UE22T7sVu8ii9WgGxYiCrd3Ynndsu2gRxQthmPNFjRpdhjaq38RijFn4YcaNTwRZDtQHJza8carRJ7Eiq,10,2,False,False,False
89HbgWduLwoxcofWpmn1EiF9wEdpgkNDEyPjzZ72mkDi,HIDDEN_CANDIDATE,6XD1vorwquLXjTSL5W4MJMGewZBeiEcPFmZw527TSwva,AlxCooks,2026-10-03T19:09:17Z,DoAsxPQgiyAxyaJNvpAAUb2ups6rbJRdYrCPyWxwRxBb,0.098658858,2026-10-03T18:51:51Z,1046,DnbpzGiYaMU3ND3P5Q4qWtu7v56cF4VU2owPVZyFMUVhMuPgCmB2DzdjZfpos84xhnS1zVXa2DC1RzVhw5P3tdB,278,3,False,False,False
89HbgWduLwoxcofWpmn1EiF9wEdpgkNDEyPjzZ72mkDi,HIDDEN_CANDIDATE,6XD1vorwquLXjTSL5W4MJMGewZBeiEcPFmZw527TSwva,AlxCooks,2026-10-03T19:09:17Z,BkcG9yp9G6Qj1hasBkZUWFa1BmxXtoV5S5ztvedDXvKY,3.253221479,2026-10-03T19:00:52Z,505,8CNxeXuakAnk5sdksXxwTqcv5hKynFUcKRmPSJYzMCtvMPsrntwRaybhNFPfTBB4AetrgLfGHxDnnQMcqhQQW2p,29,1,False,False,False
89HbgWduLwoxcofWpmn1EiF9wEdpgkNDEyPjzZ72mkDi,HIDDEN_CANDIDATE,6XD1vorwquLXjTSL5W4MJMGewZBeiEcPFmZw527TSwva,AlxCooks,2026-10-03T19:09:17Z,BkcG9yp9G6Qj1hasBkZUWFa1BmxXtoV5S5ztvedDXvKY,2.46261066,2026-10-03T19:00:53Z,504,Ld79oozandxPw3uqbSrmeVm2EmY8X2KxXQriVkA7WBffa5K9bk7usGtcVD5iPRCq723buqNfE1FF6aYcJJ7Bs8T,29,1,False,False,False
89HbgWduLwoxcofWpmn1EiF9wEdpgkNDEyPjzZ72mkDi,HIDDEN_CANDIDATE,6XD1vorwquLXjTSL5W4MJMGewZBeiEcPFmZw527TSwva,AlxCooks,2026-10-03T19:09:17Z,BkcG9yp9G6Qj1hasBkZUWFa1BmxXtoV5S5ztvedDXvKY,0.713735167,2026-10-03T19:00:55Z,502,54iCh8HcUHTRw8of2fm8tKqwFfUvbqDtdCgewQcvuCyxgVkNw3BaNgKTJFzsLBvQkDSLjrw8g4ixihPN4ynSp2Qn,29,1,False,False,False
89HbgWduLwoxcofWpmn1EiF9wEdpgkNDEyPjzZ72mkDi,HIDDEN_CANDIDATE,6XD1vorwquLXjTSL5W4MJMGewZBeiEcPFmZw527TSwva,AlxCooks,2026-10-03T19:09:17Z,BkcG9yp9G6Qj1hasBkZUWFa1BmxXtoV5S5ztvedDXvKY,0.711302261,2026-10-03T19:00:55Z,502,yaAvtdbrJ4EQk5Nb1nSNNs7uCGvsJfba776bAQF5YAFem2nm6ZGvzxv1WjFJy9uJ3KXAKKepnevPzRo7CnTGpVu,29,1,False,False,False
89HbgWduLwoxcofWpmn1EiF9wEdpgkNDEyPjzZ72mkDi,HIDDEN_CANDIDATE,6XD1vorwquLXjTSL5W4MJMGewZBeiEcPFmZw527TSwva,AlxCooks,2026-10-03T19:09:17Z,BkcG9yp9G6Qj1hasBkZUWFa1BmxXtoV5S5ztvedDXvKY,5.535354688,2026-10-03T19:01:59Z,438,5byixVgtTt2vpuDXkfXQ7Yu7Da54i6zP9hnhU3Z2Vei5Yzuw3ZS5PL1Nixqu5MVp9Zw2UBkebM5CzszpJFNQKquW,29,1,False,False,False
6yVb4pxNwDfr6rovwNnBg3SyKSvDcHGD4WdFPN1JJBqm,CALLER,6XD1vorwquLXjTSL5W4MJMGewZBeiEcPFmZw527TSwva,AlxCooks,2026-10-03T19:09:21Z,CLiXvfYSJtG5SJTCWyLvXKtDag9pJiA4vSWZGgSKP19X,6.576157718,2026-10-03T15:11:47Z,14254,Uiym8EimK2zDYjhJ7nLnRnnNbyhpCyVF1mzq8MQdX7edijgtjmURPodDNqz5Jq2XDBoSKLwphnmN1EYhCeWoNvq,17,1,False,False,False
6yVb4pxNwDfr6rovwNnBg3SyKSvDcHGD4WdFPN1JJBqm,CALLER,6XD1vorwquLXjTSL5W4MJMGewZBeiEcPFmZw527TSwva,AlxCooks,2026-10-03T19:09:21Z,GKMJwv2AEWVcfFXUMtxokMYy5ADkjwJa89DtP8LzoA61,8.217829223,2026-10-03T15:11:47Z,14254,4Vj8Joig2ZV96rqWx1EEpyPAZJ72mqqrvVDzo6TeNGGjSo2Nj1wP3hs249fkYY7xjozVkAq9zRYNPN2iCyxSaLN3,49,1,False,False,False
6yVb4pxNwDfr6rovwNnBg3SyKSvDcHGD4WdFPN1JJBqm,CALLER,6XD1vorwquLXjTSL5W4MJMGewZBeiEcPFmZw527TSwva,AlxCooks,2026-10-03T19:09:21Z,1chdHBRNu9dB7E5McJKFDsbPvfpmANdmeR7BHavhi56,6.920423959,2026-10-03T15:11:47Z,14254,48wgfbkxqshnkBVXQNAh95YA9Sqmi3KxYEAnw4kgntcGMgmoCrFKLeGAEZ4tqW5Tn7GQXMLPQjfd2aAb5KoWJEE,16,1,False,False,False
6yVb4pxNwDfr6rovwNnBg3SyKSvDcHGD4WdFPN1JJBqm,CALLER,6XD1vorwquLXjTSL5W4MJMGewZBeiEcPFmZw527TSwva,AlxCooks,2026-10-03T19:09:21Z,CyJwKnLiiY4fmiwqMCSWFSHxo7T9Ubshgs2uRAuJCrk5,0.68043145,2026-10-03T17:56:11Z,4390,3btwSet2Lyxg9kAu3uK5BwzvxdY662bkfheoKEUjZDHMQYugvEa889gVwCo4YQUBRwnK3GW8yUxbUu3ekVtCLz5R,10,2,True,False,False
6yVb4pxNwDfr6rovwNnBg3SyKSvDcHGD4WdFPN1JJBqm,CALLER,6XD1vorwquLXjTSL5W4MJMGewZBeiEcPFmZw527TSwva,AlxCooks,2026-10-03T19:09:21Z,CyJwKnLiiY4fmiwqMCSWFSHxo7T9Ubshgs2uRAuJCrk5,2.2981571,2026-10-03T18:03:02Z,3979,2qUCWgHNanbBn4iNVJ4vh8uze3V5ep8M2bvXKCebzi9nbezABejuf6Xg3HhU8ismfxFYmusnqjrerdoog8gw5AAa,10,2,True,False,False
6yVb4pxNwDfr6rovwNnBg3SyKSvDcHGD4WdFPN1JJBqm,CALLER,6XD1vorwquLXjTSL5W4MJMGewZBeiEcPFmZw527TSwva,AlxCooks,2026-10-03T19:09:21Z,CyJwKnLiiY4fmiwqMCSWFSHxo7T9Ubshgs2uRAuJCrk5,0.063562505,2026-10-03T18:55:24Z,837,2kTM3LBahpgBNzZZTx5R5ZaLbwVsAxjZqiLtX57yVyeiMg1WexR4DngzvCAey73shaXS7KPYNjjxmhGBoaWTLydF,10,2,True,False,False
6yVb4pxNwDfr6rovwNnBg3SyKSvDcHGD4WdFPN1JJBqm,CALLER,6akNLpNd11oq4q5zxhXGwr5jwUi6Ke4CvKmF6QeUwJCQ,Knox,2026-10-03T14:56:20Z,GKMJwv2AEWVcfFXUMtxokMYy5ADkjwJa89DtP8LzoA61,8.637411213,2026-10-02T15:08:26Z,85674,45C81VQcgL4BiajZfrc736tNif7SH9fvJTvGkv7hN7UGwY8RtLK22uXuzPZ9nNsUbm5LycLoTevpnVcrr8eEXbLM,49,1,False,False,False
6yVb4pxNwDfr6rovwNnBg3SyKSvDcHGD4WdFPN1JJBqm,CALLER,6akNLpNd11oq4q5zxhXGwr5jwUi6Ke4CvKmF6QeUwJCQ,Knox,2026-10-03T14:56:20Z,1chdHBRNu9dB7E5McJKFDsbPvfpmANdmeR7BHavhi56,9.633728615,2026-10-02T15:08:26Z,85674,54sAiECZoxQN8m7HEfkLMmQrq8Fak9pohwbWgwffy87k9tqBKzYowyX5akLgeoadZCkB5J8UbUhGmGk27Stuffns,16,1,False,False,False
6yVb4pxNwDfr6rovwNnBg3SyKSvDcHGD4WdFPN1JJBqm,CALLER,6akNLpNd11oq4q5zxhXGwr5jwUi6Ke4CvKmF6QeUwJCQ,Knox,2026-10-03T14:56:20Z,CLiXvfYSJtG5SJTCWyLvXKtDag9pJiA4vSWZGgSKP19X,6.373390461,2026-10-02T15:08:26Z,85674,23bh7TY9ZWE6QsZfiusXjEf1KWMeyMoh55qWnsgykEzSWHfb69o7QzTUFTZ42qJ51V8oYLF9Kn8UDqJC2WWnkp5Z,17,1,False,False,False
6yVb4pxNwDfr6rovwNnBg3SyKSvDcHGD4WdFPN1JJBqm,CALLER,6akNLpNd11oq4q5zxhXGwr5jwUi6Ke4CvKmF6QeUwJCQ,Knox,2026-10-03T14:56:20Z,Gf7sXMoP8iRw4iiXmJ1nq4vxcRycbGXy5RL8a8LnTd3v,1.015096569,2026-10-02T16:34:30Z,80510,pKu7x9XxrAtcUgmR4e4ZdRzhxGMXdimBR4zEDx8rjjRsnQB88wZYbaBaykaLkVu46BHV8mzZ4tNBpALnWmCfNvv,28,2,True,False,False
6yVb4pxNwDfr6rovwNnBg3SyKSvDcHGD4WdFPN1JJBqm,CALLER,6akNLpNd11oq4q5zxhXGwr5jwUi6Ke4CvKmF6QeUwJCQ,Knox,2026-10-03T14:56:20Z,E4iZ7ZFnWBDnWXJxEJzBsHg2g5gAWT6NCzaYo37fN8Ny,0.058575565,2026-10-02T18:12:31Z,74629,3z5Jp5qGw1A2S8VH3zuXRLN8ipVdqwkFPmX2sziumz9SQtyNYLS73QFNByoZ4JaFQqah7SGhjkTKGkjQv1RzsXJG,2,1,False,False,False
6yVb4pxNwDfr6rovwNnBg3SyKSvDcHGD4WdFPN1JJBqm,CALLER,6akNLpNd11oq4q5zxhXGwr5jwUi6Ke4CvKmF6QeUwJCQ,Knox,2026-10-03T14:56:20Z,GyPw3aqb5f6DdMvEQoCerBRq1H9orVBsGScG5fM5F9Z9,0.71649088,2026-10-02T18:44:39Z,72701,4N8GEjrKrrnmV4GdKawMmfzkaZhE9EPhFds15QJfLAniAJmm3fg9CPjxyEdt9qfUdBRVpmQwv68mJ5bxcRTrmN2j,2,1,False,False,False
6yVb4pxNwDfr6rovwNnBg3SyKSvDcHGD4WdFPN1JJBqm,CALLER,6akNLpNd11oq4q5zxhXGwr5jwUi6Ke4CvKmF6QeUwJCQ,Knox,2026-10-03T14:56:20Z,GKMJwv2AEWVcfFXUMtxokMYy5ADkjwJa89DtP8LzoA61,11.202371992,2026-10-02T18:48:11Z,72489,2JLashqVZB4u1Bx2VRRqZvTZ6HfLgbYp12Sa2amykjwGJj7hdkyRS5FyUVRxfhRmtHEGx6no9errVMgY56tZTMEV,49,1,False,False,False
6yVb4pxNwDfr6rovwNnBg3SyKSvDcHGD4WdFPN1JJBqm,CALLER,6akNLpNd11oq4q5zxhXGwr5jwUi6Ke4CvKmF6QeUwJCQ,Knox,2026-10-03T14:56:20Z,1chdHBRNu9dB7E5McJKFDsbPvfpmANdmeR7BHavhi56,9.33679182,2026-10-02T18:48:11Z,72489,59BrJTgXCV6dkXBNZo9EKhjZWv2ZU8BF2ZXBNFA9MTaPgzjfapqQWxPU1TejEcQUkQBcAjudfDwALScXWoz6EtT4,16,1,False,False,False
6yVb4pxNwDfr6rovwNnBg3SyKSvDcHGD4WdFPN1JJBqm,CALLER,6akNLpNd11oq4q5zxhXGwr5jwUi6Ke4CvKmF6QeUwJCQ,Knox,2026-10-03T14:56:20Z,CLiXvfYSJtG5SJTCWyLvXKtDag9pJiA4vSWZGgSKP19X,8.947584174,2026-10-02T18:48:11Z,72489,3bKEsqrgMXZAqTq3ayzPUCUAxg9TUXtdv9xA8D84ERNEMwsHgaqvepvxzaEC7tfAQ1vLfuZeEAAkLGNpxihSb8sL,17,1,False,False,False
6yVb4pxNwDfr6rovwNnBg3SyKSvDcHGD4WdFPN1JJBqm,CALLER,7HiD5rzoZxAYXEJ8Z4t3WgM8VE1iSKWJdxPPyEdDNzwN,BRUNO,2026-10-05T17:57:33Z,B4GJ2gBBvMCTyUTD6NN5Xx4AtCv8qgFiezaz9frujPJp,0.068480855,2026-10-05T10:44:53Z,25960,61rBrpVc5sJtsvZ2c6DxbyWkusPso4GLZRTW9wwzx8uhVdw8XoX6ZStPr2VqC8XdhuMNFqwNZZReY1HN5ESx5aVM,1,1,False,False,False
6yVb4pxNwDfr6rovwNnBg3SyKSvDcHGD4WdFPN1JJBqm,CALLER,7HiD5rzoZxAYXEJ8Z4t3WgM8VE1iSKWJdxPPyEdDNzwN,BRUNO,2026-10-05T17:57:33Z,CLiXvfYSJtG5SJTCWyLvXKtDag9pJiA4vSWZGgSKP19X,5.61298053,2026-10-05T11:36:08Z,22885,4cx123JD8YXwH9VDDVFLYdzzxKrDW8kqrasc1DFbX5krxgHWQyvqQY86G9hQLc6vHHsctUfBXGDudE4ypTgbCZQP,17,1,False,False,False
6yVb4pxNwDfr6rovwNnBg3SyKSvDcHGD4WdFPN1JJBqm,CALLER,7HiD5rzoZxAYXEJ8Z4t3WgM8VE1iSKWJdxPPyEdDNzwN,BRUNO,2026-10-05T17:57:33Z,1chdHBRNu9dB7E5McJKFDsbPvfpmANdmeR7BHavhi56,5.686813374,2026-10-05T11:36:08Z,22885,3J663aJGLLv1mmpvc6D6MmAHurQ1iAeC7vznv29MJkbssMTr1Pfh41UoNBu4PSqaeoicifeTxAZp2fzkbtXEoTuH,16,1,False,False,False
6yVb4pxNwDfr6rovwNnBg3SyKSvDcHGD4WdFPN1JJBqm,CALLER,7HiD5rzoZxAYXEJ8Z4t3WgM8VE1iSKWJdxPPyEdDNzwN,BRUNO,2026-10-05T17:57:33Z,GKMJwv2AEWVcfFXUMtxokMYy5ADkjwJa89DtP8LzoA61,8.086815898,2026-10-05T11:36:08Z,22885,9rnLwmc8HoWGdkhp6rogZbT2nzxVdezMJ584TH7q8up3NkuVkAXywTnwHCo9Taa4epEMcG6CBokkhpme64AwrGS,49,1,False,False,False
6yVb4pxNwDfr6rovwNnBg3SyKSvDcHGD4WdFPN1JJBqm,CALLER,7HiD5rzoZxAYXEJ8Z4t3WgM8VE1iSKWJdxPPyEdDNzwN,BRUNO,2026-10-05T17:57:33Z,BgYok2svUaAmqczUDEvDucvSwnwq7JnvdL4Q8XqXD95n,0.452651032,2026-10-05T12:00:41Z,21412,D81hJZWENM4WR2TSY9RZbGFNyeBR2bxuSDhiVWvpt73dQc9gNp5UVLiuhLc9sNzscbDHMU5o9DEgtvF4fDpQfxo,1,1,False,False,False
6yVb4pxNwDfr6rovwNnBg3SyKSvDcHGD4WdFPN1JJBqm,CALLER,7HiD5rzoZxAYXEJ8Z4t3WgM8VE1iSKWJdxPPyEdDNzwN,BRUNO,2026-10-05T17:57:33Z,BofA2ViUSudPBTUms2KRuG6AHNeMawjNfwqTJDgx5BKW,0.45351301,2026-10-05T12:12:08Z,20725,RpzsAbcPxXD7RSScb6ySK4HgE7SzZmXW1HUVNgi1MB89jfSiBemmj5My9VtXRKdpwWoaAn7rAmsUyW1311xgbCy,12,2,True,False,False
6yVb4pxNwDfr6rovwNnBg3SyKSvDcHGD4WdFPN1JJBqm,CALLER,7HiD5rzoZxAYXEJ8Z4t3WgM8VE1iSKWJdxPPyEdDNzwN,BRUNO,2026-10-05T17:57:33Z,BofA2ViUSudPBTUms2KRuG6AHNeMawjNfwqTJDgx5BKW,0.636907673,2026-10-05T12:18:27Z,20346,2mTcZiP3iFcCWoFEryw7DbS12vWFPteJgs4xZG6zyM21x1Ux6D6KcKGd8wxCyCyatLG35bHxk3woWxVUacW1v4us,12,2,True,False,False
6yVb4pxNwDfr6rovwNnBg3SyKSvDcHGD4WdFPN1JJBqm,CALLER,7HiD5rzoZxAYXEJ8Z4t3WgM8VE1iSKWJdxPPyEdDNzwN,BRUNO,2026-10-05T17:57:33Z,7uNpqZBrXa3vmwdugVDhE4QsvFDMy6WsjBXXkE4nyMpU,0.052186985,2026-10-05T13:01:00Z,17793,cd88zVgxf79KGXmnfAXjssscb3pWnLxcQEEwdbNJDqtYF2THiNvjyndNeEM4DbdCuDrkcgJqKQW2uEK7iw3QKbN,1,1,False,False,False
6yVb4pxNwDfr6rovwNnBg3SyKSvDcHGD4WdFPN1JJBqm,CALLER,7HiD5rzoZxAYXEJ8Z4t3WgM8VE1iSKWJdxPPyEdDNzwN,BRUNO,2026-10-05T17:57:33Z,BofA2ViUSudPBTUms2KRuG6AHNeMawjNfwqTJDgx5BKW,0.945733395,2026-10-05T13:27:25Z,16208,4tZ1tCSwrfXbomGfYmGEKCeWhY5GnF1DHWHF8AJW6ykZf7jSrhrzWAfSxUBu4mbV6fHucN6R862sYPq6Q9MHS7Ug,12,2,True,False,False
6yVb4pxNwDfr6rovwNnBg3SyKSvDcHGD4WdFPN1JJBqm,CALLER,7HiD5rzoZxAYXEJ8Z4t3WgM8VE1iSKWJdxPPyEdDNzwN,BRUNO,2026-10-05T17:57:33Z,1chdHBRNu9dB7E5McJKFDsbPvfpmANdmeR7BHavhi56,7.652657886,2026-10-05T13:33:17Z,15856,5PB1yNU2bVgtQmSystbtrD2EE7mXEopjryEfB7XKs3h1TK6UbazGqcsNVLzs13xyHKVhYHtbg83UbTrfBr2axXdd,16,1,False,False,False
6yVb4pxNwDfr6rovwNnBg3SyKSvDcHGD4WdFPN1JJBqm,CALLER,7HiD5rzoZxAYXEJ8Z4t3WgM8VE1iSKWJdxPPyEdDNzwN,BRUNO,2026-10-05T17:57:33Z,GKMJwv2AEWVcfFXUMtxokMYy5ADkjwJa89DtP8LzoA61,9.108392229,2026-10-05T13:33:17Z,15856,3t4YH1PgKXDVvW9W6vKo1MDRUvryE6szzMbb3PkY9582ZXBDwgTRx4bjZhrVZmviGMPj8Lp7N3VUaf2svQvwjzMd,49,1,False,False,False
6yVb4pxNwDfr6rovwNnBg3SyKSvDcHGD4WdFPN1JJBqm,CALLER,7HiD5rzoZxAYXEJ8Z4t3WgM8VE1iSKWJdxPPyEdDNzwN,BRUNO,2026-10-05T17:57:33Z,CLiXvfYSJtG5SJTCWyLvXKtDag9pJiA4vSWZGgSKP19X,7.612841068,2026-10-05T13:33:17Z,15856,49aSJuv3W3nAdHKypXmsD3q5v7oTp474aouPcfydV9pWoapoyH28o7248sThVVE6Czt866NvyApDDa3n4ZkYJs9z,17,1,False,False,False
6yVb4pxNwDfr6rovwNnBg3SyKSvDcHGD4WdFPN1JJBqm,CALLER,7HiD5rzoZxAYXEJ8Z4t3WgM8VE1iSKWJdxPPyEdDNzwN,BRUNO,2026-10-05T17:57:33Z,7iWnBRRhBCiNXXPhqiGzvvBkKrvFSWqqmxRyu9VyYBxE,0.058441993,2026-10-05T13:36:03Z,15690,3AbmRyGbaXsZt8tX291dC2ABdS2xe9kzJ88q7QsftQ2pNySRTi8mUjKj4H3te5Q8zCb72SyD5AMt5gvGJQBEjW1F,4,1,False,False,False
6yVb4pxNwDfr6rovwNnBg3SyKSvDcHGD4WdFPN1JJBqm,CALLER,7HiD5rzoZxAYXEJ8Z4t3WgM8VE1iSKWJdxPPyEdDNzwN,BRUNO,2026-10-05T17:57:33Z,8FnX3xo2yYw3EUE6w3nQA4GfXGS9wpK6oj3veJpbFzLo,14.234321869,2026-10-05T16:15:43Z,6110,btuBoV74edjxHKGQNiZnoo5s5jGXS8MYzWKAHvpVfFxkcqeR7sfZDNKrnaYS9GZTMUCb29HL7bkQxCQCcYsqHxH,50,4,True,False,False
6yVb4pxNwDfr6rovwNnBg3SyKSvDcHGD4WdFPN1JJBqm,CALLER,7HiD5rzoZxAYXEJ8Z4t3WgM8VE1iSKWJdxPPyEdDNzwN,BRUNO,2026-10-05T17:57:33Z,AGKkKj7VFJpwX5pA4zHoB3dpKkuVH66LjwXtVyws8W8F,0.678459667,2026-10-05T17:40:31Z,1022,kzNCkt4zZeDpgz8Qpt6AKRj3KTZ96PtB6UgrxRkTmrzw1XnTXPFCjuUeSjzRMeU4dQEbEh21MUaaJsKhF1PSvkG,1,1,False,False,False
6yVb4pxNwDfr6rovwNnBg3SyKSvDcHGD4WdFPN1JJBqm,CALLER,7Q9VxTczrzgvjXWbJJZibR7hbYAohngsNsuEhdEcpump,MARIO,2026-08-29T18:06:36Z,5Q544fKrFoe6tsEbD7S8EmxGTJYAKtTVhAW5Q5pge4j1,1.883224274,2026-08-29T18:06:36Z,0,bmoDRJYyvyHFM3CECTDjhBQ37UJPuXkdeTtaX49HmbZFbqaUq4ajWC8g6i8p6352RaGyUFec85Y7SSAUpo1cbyT,381,7,True,False,False
9gpdgZTNxvSrbiBcFM8aWdCUBvQrcprQR4TmsJLU2M9L,HIDDEN_CANDIDATE,7aLLQRBpGCaSLmmHGf34MGtbdtTumiB14d14TtDnpump,CONDOM,2026-09-08T18:10:02Z,AxiomRXZAq1Jgjj9pHmNqVP7Lhu67wLXZJZbaK87TTSk,0.108662494,2026-09-07T18:32:20Z,85062,5Tm8NHE1ops6ypM4HzXwXKb64dDsn3s4w2VP7bavEBAm4p9WGkx8CUWGiYFdbS75SPb3mwD6nFkWUWNM2Q4hG7d9,21,2,False,False,False
9gpdgZTNxvSrbiBcFM8aWdCUBvQrcprQR4TmsJLU2M9L,HIDDEN_CANDIDATE,7aLLQRBpGCaSLmmHGf34MGtbdtTumiB14d14TtDnpump,CONDOM,2026-09-08T18:10:02Z,AxiomRXZAq1Jgjj9pHmNqVP7Lhu67wLXZJZbaK87TTSk,0.053872062,2026-09-07T18:38:37Z,84685,4ttzzEvSia6EoqaxcD7eksYwfKyWoD2G1JGT25goU7bMLHunPfEwKxqmHo2EQ2E8pkU2w4uuz5fTZiJzQ9u34ZDt,21,2,False,False,False
9gpdgZTNxvSrbiBcFM8aWdCUBvQrcprQR4TmsJLU2M9L,HIDDEN_CANDIDATE,7aLLQRBpGCaSLmmHGf34MGtbdtTumiB14d14TtDnpump,CONDOM,2026-09-08T18:10:02Z,AxiomRXZAq1Jgjj9pHmNqVP7Lhu67wLXZJZbaK87TTSk,0.086472545,2026-09-07T20:13:19Z,79003,55ZAxD4yXyK6DdqWtk1cnYQ4gJ9KDDkprRrM35dbxzfGpZCvXSK7BhjrBwWvNumVu5ViJaeksuP1x4HrM6pcweog,21,2,False,False,False
9gpdgZTNxvSrbiBcFM8aWdCUBvQrcprQR4TmsJLU2M9L,HIDDEN_CANDIDATE,7aLLQRBpGCaSLmmHGf34MGtbdtTumiB14d14TtDnpump,CONDOM,2026-09-08T18:10:02Z,AxiomRXZAq1Jgjj9pHmNqVP7Lhu67wLXZJZbaK87TTSk,0.053474753,2026-09-07T21:20:16Z,74986,3AQfdRjPmzTmFg6rJiz2QJ8G2rAHBZHFXVMcdYnQMTKSDdrSJhNjHCFRhpvMTNMNAZ1hWS4Bq8Uz3RYLmQyPVx8z,21,2,False,False,False
9gpdgZTNxvSrbiBcFM8aWdCUBvQrcprQR4TmsJLU2M9L,HIDDEN_CANDIDATE,7aLLQRBpGCaSLmmHGf34MGtbdtTumiB14d14TtDnpump,CONDOM,2026-09-08T18:10:02Z,AxiomRXZAq1Jgjj9pHmNqVP7Lhu67wLXZJZbaK87TTSk,0.239203695,2026-09-07T22:06:26Z,72216,5P79RrnvbzNf8recPFz4WiZsBjkn4g1ucrzNCnh7zH8SqPp3h1WoaCUGANhxhAzhdP62AEiFz7uawRQJu7swUBQJ,21,2,False,False,False
9gpdgZTNxvSrbiBcFM8aWdCUBvQrcprQR4TmsJLU2M9L,HIDDEN_CANDIDATE,7aLLQRBpGCaSLmmHGf34MGtbdtTumiB14d14TtDnpump,CONDOM,2026-09-08T18:10:02Z,AxiomRXZAq1Jgjj9pHmNqVP7Lhu67wLXZJZbaK87TTSk,0.175643214,2026-09-07T23:38:33Z,66689,3tm21r4StT3tQNp2yQwMBRkPGgBoizAk5uKubP6vbMHWr12aBFWBcFHjoJS78pPpz7eyoTVcd4P28UdYLW6uUjX3,21,2,False,False,False
9gpdgZTNxvSrbiBcFM8aWdCUBvQrcprQR4TmsJLU2M9L,HIDDEN_CANDIDATE,7aLLQRBpGCaSLmmHGf34MGtbdtTumiB14d14TtDnpump,CONDOM,2026-09-08T18:10:02Z,AxiomRXZAq1Jgjj9pHmNqVP7Lhu67wLXZJZbaK87TTSk,0.234800975,2026-09-08T00:24:52Z,63910,3EVEhYPym9BwEQe2kZFAu8jNNrFUXDzdZH15RAXfxMVtd5do2ivG9Er4TxnpSKDdvsPwY8zdPpDdUR5GmKhtmXKo,21,2,False,False,False
9gpdgZTNxvSrbiBcFM8aWdCUBvQrcprQR4TmsJLU2M9L,HIDDEN_CANDIDATE,7aLLQRBpGCaSLmmHGf34MGtbdtTumiB14d14TtDnpump,CONDOM,2026-09-08T18:10:02Z,AxiomRXZAq1Jgjj9pHmNqVP7Lhu67wLXZJZbaK87TTSk,0.139928757,2026-09-08T02:34:08Z,56154,2ZxRyvJ3hVmE826zzdGSonQQxg9kGA98Doy9SFotBiUk2GgJ6nsaaVrRujwryzRmR6tLkpJ64y1AQuGWrspMUYyZ,21,2,False,False,False
9gpdgZTNxvSrbiBcFM8aWdCUBvQrcprQR4TmsJLU2M9L,HIDDEN_CANDIDATE,7aLLQRBpGCaSLmmHGf34MGtbdtTumiB14d14TtDnpump,CONDOM,2026-09-08T18:10:02Z,AxiomRXZAq1Jgjj9pHmNqVP7Lhu67wLXZJZbaK87TTSk,0.204723015,2026-09-08T03:39:47Z,52215,2jRm5eZLwJZuwC3VT5DpByMzkaBUHdiCaYsdpbaB9Wp6HhTTFpKx5YSkHPwHcaG5nsC8oxnAQXYiaNiLVKeH7AYr,21,2,False,False,False
9gpdgZTNxvSrbiBcFM8aWdCUBvQrcprQR4TmsJLU2M9L,HIDDEN_CANDIDATE,7aLLQRBpGCaSLmmHGf34MGtbdtTumiB14d14TtDnpump,CONDOM,2026-09-08T18:10:02Z,AxiomRXZAq1Jgjj9pHmNqVP7Lhu67wLXZJZbaK87TTSk,0.115895664,2026-09-08T04:31:50Z,49092,uD7rhGL92XwFqdm5VE48p8oDjPMbjXTmJ5AZzjNBYNqTEhL4nrFMdQ3pBbSPABKzjtmSRAWKjU6K6YPfBPwJ6v7,21,2,False,False,False
9gpdgZTNxvSrbiBcFM8aWdCUBvQrcprQR4TmsJLU2M9L,HIDDEN_CANDIDATE,7aLLQRBpGCaSLmmHGf34MGtbdtTumiB14d14TtDnpump,CONDOM,2026-09-08T18:10:02Z,AxiomRXZAq1Jgjj9pHmNqVP7Lhu67wLXZJZbaK87TTSk,0.34206756,2026-09-08T15:35:09Z,9293,4iC1AEimVLAc4tdzmAPNcthx6oht4QCQkJpjqJ9MFW4tQxqb5r79G3JzzNwRVubTxAQgxtea4wZsXiubtAuYLXS6,21,2,False,False,False
9gpdgZTNxvSrbiBcFM8aWdCUBvQrcprQR4TmsJLU2M9L,HIDDEN_CANDIDATE,7aLLQRBpGCaSLmmHGf34MGtbdtTumiB14d14TtDnpump,CONDOM,2026-09-08T18:10:02Z,coj59LYbLc6DhMwnxxfPc9mUiknjFSsW4XcuYw4DMPk,1.757000744,2026-09-08T16:17:27Z,6755,QiAefVCUkwUrdvCAQjQUZsbMH1RnLub6bHx4QdWt9Sddnc6XTYABPswKrmiWpUgegJ7iYhxVF5DsU5KbD5t6QiE,3,2,False,False,False
9gpdgZTNxvSrbiBcFM8aWdCUBvQrcprQR4TmsJLU2M9L,HIDDEN_CANDIDATE,7aLLQRBpGCaSLmmHGf34MGtbdtTumiB14d14TtDnpump,CONDOM,2026-09-08T18:10:02Z,AxiomRXZAq1Jgjj9pHmNqVP7Lhu67wLXZJZbaK87TTSk,0.117804386,2026-09-08T16:52:31Z,4651,4b4LUMfLgVXjq7Cc3Uk3MKWL79tbUcYECZoAAJFVgxknYrkRBpHJAcCEvfZ3kmkcJ29wyD4SvhLpYgQoD5X9xN26,21,2,False,False,False
89HbgWduLwoxcofWpmn1EiF9wEdpgkNDEyPjzZ72mkDi,HIDDEN_CANDIDATE,7mRDn1rAqjwFQXacodr1UmkNdvAGPbtNP9k5jvBZqt9J,MEMETARD,2026-10-06T12:46:39Z,GLpKbqS9KnfecgRnJKwAx12TXcSjjSATLBjXqiyZFTJf,25.0,2026-10-05T15:25:24Z,76875,3pbfNFJrY6Cq3p2hxNeYCcakF7BwnotNZcVtyjhxPPRxaetbUEb3XA7ArR7NU1uzSF7VTS7LnnYPhr7WzrJstAwM,1,1,False,False,False
89HbgWduLwoxcofWpmn1EiF9wEdpgkNDEyPjzZ72mkDi,HIDDEN_CANDIDATE,7mRDn1rAqjwFQXacodr1UmkNdvAGPbtNP9k5jvBZqt9J,MEMETARD,2026-10-06T12:46:39Z,DQ5JWbJyWdJeyBxZuuyu36sUBud6L6wo3aN1QC1bRmsR,16.61417279,2026-10-05T17:02:46Z,71033,4bhttXpcSTHMkBRB5sRUVGWRttPacZhrdDSpzz3NTgNzPDWaQeBFhZi8dZjoTwnjhyfncRVqqkEKy8JBgTcmvbFt,1,1,False,False,False
89HbgWduLwoxcofWpmn1EiF9wEdpgkNDEyPjzZ72mkDi,HIDDEN_CANDIDATE,7mRDn1rAqjwFQXacodr1UmkNdvAGPbtNP9k5jvBZqt9J,MEMETARD,2026-10-06T12:46:39Z,DoAsxPQgiyAxyaJNvpAAUb2ups6rbJRdYrCPyWxwRxBb,0.198983026,2026-10-05T19:23:38Z,62581,RwA93X9Qq87x6Uebhp3iptNa4ty6Z9jdAkRFdwhEVHTxW3fM1FgMuHZ1M2pTbzrj2Lg4xKJm2Fg5BEiWKNVTANS,278,3,False,False,False
89HbgWduLwoxcofWpmn1EiF9wEdpgkNDEyPjzZ72mkDi,HIDDEN_CANDIDATE,7mRDn1rAqjwFQXacodr1UmkNdvAGPbtNP9k5jvBZqt9J,MEMETARD,2026-10-06T12:46:39Z,DoAsxPQgiyAxyaJNvpAAUb2ups6rbJRdYrCPyWxwRxBb,0.094652473,2026-10-05T19:30:07Z,62192,4QbbcMTccSfqcCDVm6WruqhPgcTE2QTJkpHQfdWzZbPaDE4fo5ZqoAtbQJi5N3zBZbYTFfiUaadMoaYtrbzhwKDt,278,3,False,False,False
89HbgWduLwoxcofWpmn1EiF9wEdpgkNDEyPjzZ72mkDi,HIDDEN_CANDIDATE,7mRDn1rAqjwFQXacodr1UmkNdvAGPbtNP9k5jvBZqt9J,MEMETARD,2026-10-06T12:46:39Z,DoAsxPQgiyAxyaJNvpAAUb2ups6rbJRdYrCPyWxwRxBb,0.345636152,2026-10-05T19:45:46Z,61253,4CjhCDMVqWF1cUjZay7Kf55ENRzGgwTDnf3aQ9ZkWwcapVo7FkPPsNzotDM8dReXjErU8M5Ywaexe7UgeD5uQgav,278,3,False,False,False
89HbgWduLwoxcofWpmn1EiF9wEdpgkNDEyPjzZ72mkDi,HIDDEN_CANDIDATE,7mRDn1rAqjwFQXacodr1UmkNdvAGPbtNP9k5jvBZqt9J,MEMETARD,2026-10-06T12:46:39Z,FhVo3mqL8PW5pH5U2CN4XE33DokiyZnUwuGpH2hmHLuM,1.576844861,2026-10-05T20:09:19Z,59840,59ke4G1G5bokTxxbyT2heqy3dVqQiRFqw5YLLUUunzYzmjpXHodMT8LuVb6JEcRkTow2JU81AN1WoaLe2vxiMWU2,1,1,False,False,False
89HbgWduLwoxcofWpmn1EiF9wEdpgkNDEyPjzZ72mkDi,HIDDEN_CANDIDATE,7mRDn1rAqjwFQXacodr1UmkNdvAGPbtNP9k5jvBZqt9J,MEMETARD,2026-10-06T12:46:39Z,DoAsxPQgiyAxyaJNvpAAUb2ups6rbJRdYrCPyWxwRxBb,0.144569953,2026-10-05T20:09:55Z,59804,2nbPbumtqoTrw7WYjgcnqDnBA9G9QLVwgzB3W9cKsKyUuDvmBCTCqjeVMwiD51r2nzYFJVUTw9LRTTuP5FCRRcx6,278,3,False,False,False
89HbgWduLwoxcofWpmn1EiF9wEdpgkNDEyPjzZ72mkDi,HIDDEN_CANDIDATE,7mRDn1rAqjwFQXacodr1UmkNdvAGPbtNP9k5jvBZqt9J,MEMETARD,2026-10-06T12:46:39Z,DoAsxPQgiyAxyaJNvpAAUb2ups6rbJRdYrCPyWxwRxBb,0.226999129,2026-10-05T20:13:03Z,59616,FMbKorJHM7SMtSUg57cPJdd1P6a5SjsawDzQfSgLpjSyUdAjzZ6jPhz16aoem5ohzNRY239j742NVLscoNvEHiD,278,3,False,False,False
89HbgWduLwoxcofWpmn1EiF9wEdpgkNDEyPjzZ72mkDi,HIDDEN_CANDIDATE,7mRDn1rAqjwFQXacodr1UmkNdvAGPbtNP9k5jvBZqt9J,MEMETARD,2026-10-06T12:46:39Z,DoAsxPQgiyAxyaJNvpAAUb2ups6rbJRdYrCPyWxwRxBb,0.083250887,2026-10-05T20:14:24Z,59535,5TK3NuuSN9gAGdbMQ2WtFycfEWisu4sZqwYgTUoHMxKR1Db5R1Uy5idZBnZ33cQbRtdJfSmMFKLMoAmcHEsPSGYb,278,3,False,False,False
89HbgWduLwoxcofWpmn1EiF9wEdpgkNDEyPjzZ72mkDi,HIDDEN_CANDIDATE,7mRDn1rAqjwFQXacodr1UmkNdvAGPbtNP9k5jvBZqt9J,MEMETARD,2026-10-06T12:46:39Z,Gf7sXMoP8iRw4iiXmJ1nq4vxcRycbGXy5RL8a8LnTd3v,0.116906749,2026-10-05T20:16:16Z,59423,3PMawotjMs45BJhtJnE3nWcfDkqV3gpgTxZVJBTaFAqjGGYmEV3Lf9RNoxUtPTC7jYLZkv4S5w4WsDuxzCAweiho,28,2,True,False,False
89HbgWduLwoxcofWpmn1EiF9wEdpgkNDEyPjzZ72mkDi,HIDDEN_CANDIDATE,7mRDn1rAqjwFQXacodr1UmkNdvAGPbtNP9k5jvBZqt9J,MEMETARD,2026-10-06T12:46:39Z,DoAsxPQgiyAxyaJNvpAAUb2ups6rbJRdYrCPyWxwRxBb,0.161669877,2026-10-05T20:25:42Z,58857,5VVWBHrVLaHbP8nJaRqpFU1dBg8MdE4qRMYx4E4hEXUrJfKVwKDYyA3br59ckeBCNwAQD8J5ezhvDwSUrSPFmLYW,278,3,False,False,False
89HbgWduLwoxcofWpmn1EiF9wEdpgkNDEyPjzZ72mkDi,HIDDEN_CANDIDATE,7mRDn1rAqjwFQXacodr1UmkNdvAGPbtNP9k5jvBZqt9J,MEMETARD,2026-10-06T12:46:39Z,Gf7sXMoP8iRw4iiXmJ1nq4vxcRycbGXy5RL8a8LnTd3v,1.624396208,2026-10-05T20:33:41Z,58378,1zTRy4m9pg3Z9YHX2iQ2SJX3pCaNhLGYXEdLRWRMwJd1eYpSsCLkfL8mreqEuGLrVsphSEUdPU6GMLi8vUxpH79,28,2,True,False,False
89HbgWduLwoxcofWpmn1EiF9wEdpgkNDEyPjzZ72mkDi,HIDDEN_CANDIDATE,7mRDn1rAqjwFQXacodr1UmkNdvAGPbtNP9k5jvBZqt9J,MEMETARD,2026-10-06T12:46:39Z,DoAsxPQgiyAxyaJNvpAAUb2ups6rbJRdYrCPyWxwRxBb,0.217727814,2026-10-05T20:37:12Z,58167,2TMSTJgixFtjqA1BqffKiu2r1eEF54BLJANgSaaQJngk5dzgBEFZUxAjxtgYiAP6L7b2EkzuqZw6jTKUuPJSpRxe,278,3,False,False,False
89HbgWduLwoxcofWpmn1EiF9wEdpgkNDEyPjzZ72mkDi,HIDDEN_CANDIDATE,7mRDn1rAqjwFQXacodr1UmkNdvAGPbtNP9k5jvBZqt9J,MEMETARD,2026-10-06T12:46:39Z,Gf7sXMoP8iRw4iiXmJ1nq4vxcRycbGXy5RL8a8LnTd3v,1.426561051,2026-10-05T20:38:27Z,58092,5jpbv8dXX5gq9oPSPHgWrR4EUcychewgtPS86AfwRkK7D5msLxqZgUFWwTbbFvskUzzBMQeZeFoco2tMC1cESGbg,28,2,True,False,False
89HbgWduLwoxcofWpmn1EiF9wEdpgkNDEyPjzZ72mkDi,HIDDEN_CANDIDATE,7mRDn1rAqjwFQXacodr1UmkNdvAGPbtNP9k5jvBZqt9J,MEMETARD,2026-10-06T12:46:39Z,DoAsxPQgiyAxyaJNvpAAUb2ups6rbJRdYrCPyWxwRxBb,0.056282812,2026-10-05T20:39:12Z,58047,25LsYNpjhSuaYaneyqDajZaKWHNQi2om4o6eknDXXg5ErUbHNL6ni3mB2TCkC32cgRYvUFWCrCjJjWaz1xZjSk47,278,3,False,False,False
89HbgWduLwoxcofWpmn1EiF9wEdpgkNDEyPjzZ72mkDi,HIDDEN_CANDIDATE,7mRDn1rAqjwFQXacodr1UmkNdvAGPbtNP9k5jvBZqt9J,MEMETARD,2026-10-06T12:46:39Z,DoAsxPQgiyAxyaJNvpAAUb2ups6rbJRdYrCPyWxwRxBb,0.195035106,2026-10-05T20:48:31Z,57488,2sDwNryavMzUhtZ83jyCQJK15wva5ePWgvdxtHxHbYHNaavmjP6syiwiZWacny4tddSCr7w5Q3eNAm4guUf22mKB,278,3,False,False,False
89HbgWduLwoxcofWpmn1EiF9wEdpgkNDEyPjzZ72mkDi,HIDDEN_CANDIDATE,7mRDn1rAqjwFQXacodr1UmkNdvAGPbtNP9k5jvBZqt9J,MEMETARD,2026-10-06T12:46:39Z,DoAsxPQgiyAxyaJNvpAAUb2ups6rbJRdYrCPyWxwRxBb,0.055709901,2026-10-05T20:52:35Z,57244,2YgyH9fFDP2sak6pJJdFDVTTWSgyk61ALQzLhkEpFG7WuugxfWZtAPU3BgAG6AtauG3iM3d26Nv1Z2HfCowzqBuB,278,3,False,False,False
89HbgWduLwoxcofWpmn1EiF9wEdpgkNDEyPjzZ72mkDi,HIDDEN_CANDIDATE,7mRDn1rAqjwFQXacodr1UmkNdvAGPbtNP9k5jvBZqt9J,MEMETARD,2026-10-06T12:46:39Z,9GBXHym9gxDZH3u6UnW71yXaixaBkG8K7EegywH2WQGg,1.833686229,2026-10-05T20:58:47Z,56872,2HDxjpm9pWv5sqQRZFLZqF65txoVDksRTNv9pgVN67mpXFtKEv7hXw9FRC8DMLeD331L64SUcrFTymyRwCpRMvXB,1,1,False,False,False
89HbgWduLwoxcofWpmn1EiF9wEdpgkNDEyPjzZ72mkDi,HIDDEN_CANDIDATE,7mRDn1rAqjwFQXacodr1UmkNdvAGPbtNP9k5jvBZqt9J,MEMETARD,2026-10-06T12:46:39Z,DoAsxPQgiyAxyaJNvpAAUb2ups6rbJRdYrCPyWxwRxBb,0.116777781,2026-10-05T21:07:29Z,56350,62DN5cdVa8qx4AbRedgpuXeAYVFCVcT3ox1VFkGpREfsjZNXekynNYkVuGSABtJvg8YSqf9N1XREvm17Ra9zYBNx,278,3,False,False,False
89HbgWduLwoxcofWpmn1EiF9wEdpgkNDEyPjzZ72mkDi,HIDDEN_CANDIDATE,7mRDn1rAqjwFQXacodr1UmkNdvAGPbtNP9k5jvBZqt9J,MEMETARD,2026-10-06T12:46:39Z,6b1pf9qwyQsj97e991zrS2kLyjPfKo3yZ8fZH53wc6bw,0.062090162,2026-10-05T21:12:20Z,56059,3JoGvLGQS17dXyVw6arBaaFY6KGM21E5KfoWp1dbsxW556XNThxc1VGEpVXkigudqPrVQD1aa9nFRRHgMF6Mh52d,1,1,False,False,False
89HbgWduLwoxcofWpmn1EiF9wEdpgkNDEyPjzZ72mkDi,HIDDEN_CANDIDATE,7mRDn1rAqjwFQXacodr1UmkNdvAGPbtNP9k5jvBZqt9J,MEMETARD,2026-10-06T12:46:39Z,2a8QB6xsQwoxE9NbG17xYF9ycPQiYUeyctW3jt5T6JWs,0.303837075,2026-10-05T21:12:21Z,56058,41kgNztHmAK1B7fEzKKcsigMxzje1qTcTyJTnAkpYftG6BSgLZf8NV24fEBW9HhvWmKRLKEPA5RfhP1PGSqUC9L,1,1,False,False,False
89HbgWduLwoxcofWpmn1EiF9wEdpgkNDEyPjzZ72mkDi,HIDDEN_CANDIDATE,7mRDn1rAqjwFQXacodr1UmkNdvAGPbtNP9k5jvBZqt9J,MEMETARD,2026-10-06T12:46:39Z,EuwAVkFJUskoijzX6YeeeVyhmqmhuQuCa5AbYUejJN5A,0.08462361,2026-10-05T21:12:22Z,56057,2VKKcKzeaAYuYvCTq2e2bTCprauAsR5iH7CjLX73tqweh9vJNioRWHYL3qEAxfRCY2v9s7haWDyyGDk98HKng3AB,3,1,False,False,False
89HbgWduLwoxcofWpmn1EiF9wEdpgkNDEyPjzZ72mkDi,HIDDEN_CANDIDATE,7mRDn1rAqjwFQXacodr1UmkNdvAGPbtNP9k5jvBZqt9J,MEMETARD,2026-10-06T12:46:39Z,8FnX3xo2yYw3EUE6w3nQA4GfXGS9wpK6oj3veJpbFzLo,12.399150771,2026-10-05T21:19:22Z,55637,5bLoQadsW7ojXQi9DjSELcTZNvowBucPNa5hRHo14q9Gg6jk3vxSYpmepzfzMQQHXoEhXpSi2WjnBFTTv7NAH3xU,50,4,True,False,False
89HbgWduLwoxcofWpmn1EiF9wEdpgkNDEyPjzZ72mkDi,HIDDEN_CANDIDATE,7mRDn1rAqjwFQXacodr1UmkNdvAGPbtNP9k5jvBZqt9J,MEMETARD,2026-10-06T12:46:39Z,5Q544fKrFoe6tsEbD7S8EmxGTJYAKtTVhAW5Q5pge4j1,1.175143894,2026-10-06T10:05:06Z,9693,2pHeVgSK6XR2gjppFr9uJMHuwQEctB1ufDYH4pncLrXfvT7r5sijWTYXmXXTPdNrTon5fv2rupV2VhdqeuTn9mXz,381,7,True,False,False
89HbgWduLwoxcofWpmn1EiF9wEdpgkNDEyPjzZ72mkDi,HIDDEN_CANDIDATE,7mRDn1rAqjwFQXacodr1UmkNdvAGPbtNP9k5jvBZqt9J,MEMETARD,2026-10-06T12:46:39Z,5Q544fKrFoe6tsEbD7S8EmxGTJYAKtTVhAW5Q5pge4j1,1.089380447,2026-10-06T10:05:08Z,9691,5XioBi6e3AJL5vGN9KXgehW4wz3a97TUdzUi7836aJWHTwhDANwAxNQ5iph9wHgBWhMz8zrhrXhoLdcggdGhxcAW,381,7,True,False,False
89HbgWduLwoxcofWpmn1EiF9wEdpgkNDEyPjzZ72mkDi,HIDDEN_CANDIDATE,7mRDn1rAqjwFQXacodr1UmkNdvAGPbtNP9k5jvBZqt9J,MEMETARD,2026-10-06T12:46:39Z,HMzvsEEmtzHhvZNw9uwbaG85HCTmFnkbhzUx16cy7ca3,1.800876656,2026-10-06T10:05:21Z,9678,n4xMg7JgPqktcp3BDgWs66JNTZubfEjFUZgoxAgL5W7VTBmHsZoQx1FXn9T2SeppSDcTfrKTdZxvQdw2C4Rdwhg,1,1,False,False,False
89HbgWduLwoxcofWpmn1EiF9wEdpgkNDEyPjzZ72mkDi,HIDDEN_CANDIDATE,7mRDn1rAqjwFQXacodr1UmkNdvAGPbtNP9k5jvBZqt9J,MEMETARD,2026-10-06T12:46:39Z,5Q544fKrFoe6tsEbD7S8EmxGTJYAKtTVhAW5Q5pge4j1,2.051254504,2026-10-06T10:05:54Z,9645,59S7QrYfiPV4vhJ9C7XQmgoQDyPGtM7YpvRfjwf1x13SUVrELLcKAu4GjD9VPCcARwRpU8PZ2dKArAvDM38yu78N,381,7,True,False,False
89HbgWduLwoxcofWpmn1EiF9wEdpgkNDEyPjzZ72mkDi,HIDDEN_CANDIDATE,7mRDn1rAqjwFQXacodr1UmkNdvAGPbtNP9k5jvBZqt9J,MEMETARD,2026-10-06T12:46:39Z,5Q544fKrFoe6tsEbD7S8EmxGTJYAKtTVhAW5Q5pge4j1,1.487076173,2026-10-06T10:06:15Z,9624,mwfZCv73oojHYa1Uodqfnc7VZkpEqERR6q73o1CMVTHk65i4pbPS2Fov3Hsbnegpq62osvbYUZg9Wkgn5SKtaYX,381,7,True,False,False
89HbgWduLwoxcofWpmn1EiF9wEdpgkNDEyPjzZ72mkDi,HIDDEN_CANDIDATE,7mRDn1rAqjwFQXacodr1UmkNdvAGPbtNP9k5jvBZqt9J,MEMETARD,2026-10-06T12:46:39Z,DoAsxPQgiyAxyaJNvpAAUb2ups6rbJRdYrCPyWxwRxBb,0.407975932,2026-10-06T10:06:37Z,9602,44P8SLGWpqNRxiDoX8MFEM71nrVaDLKQha7wkWvqcuPpRWNY8Tyb9zBxLhV7TzMc4nK2EzbkQiwxqUjD2ofoXtod,278,3,False,False,False
89HbgWduLwoxcofWpmn1EiF9wEdpgkNDEyPjzZ72mkDi,HIDDEN_CANDIDATE,7mRDn1rAqjwFQXacodr1UmkNdvAGPbtNP9k5jvBZqt9J,MEMETARD,2026-10-06T12:46:39Z,r58ebDRhTym3NR1qztjLXe5TWRVckNnG7oGN7pFkYX2,2.766097874,2026-10-06T10:09:15Z,9444,VoqrbiiUhmQ8dgGMThNXyuLPjZSWAUv3RMVtDpWtwpR9BxmW7B4CYUkgqc7z4gq7AKXVRuNtEzyBaiKragZmRMg,1,1,False,False,False
89HbgWduLwoxcofWpmn1EiF9wEdpgkNDEyPjzZ72mkDi,HIDDEN_CANDIDATE,7mRDn1rAqjwFQXacodr1UmkNdvAGPbtNP9k5jvBZqt9J,MEMETARD,2026-10-06T12:46:39Z,DoAsxPQgiyAxyaJNvpAAUb2ups6rbJRdYrCPyWxwRxBb,0.235005278,2026-10-06T10:18:49Z,8870,3wvak7vdCP8XAaPkrYA64mj6CyEPWG4q7kdkYb2CzzhbR5GJxEoQoGdMyrxTeXiNu43rH4Lt5JPwxgFmsdgzczf7,278,3,False,False,False
89HbgWduLwoxcofWpmn1EiF9wEdpgkNDEyPjzZ72mkDi,HIDDEN_CANDIDATE,7mRDn1rAqjwFQXacodr1UmkNdvAGPbtNP9k5jvBZqt9J,MEMETARD,2026-10-06T12:46:39Z,8ewuF2o8ACro7fqWepZ3tKhkbBjndZU4Ldk9scRPw83d,1.741611206,2026-10-06T10:22:17Z,8662,4c2J27SGK6cXEnXcKoicuW5TULaFyk8mipH5CWBaYUgg3swL6yDgN1bZHuvauHTMfL7C7V3a5roCcT5iSSN2aXb7,1,1,False,False,False
89HbgWduLwoxcofWpmn1EiF9wEdpgkNDEyPjzZ72mkDi,HIDDEN_CANDIDATE,7mRDn1rAqjwFQXacodr1UmkNdvAGPbtNP9k5jvBZqt9J,MEMETARD,2026-10-06T12:46:39Z,DoAsxPQgiyAxyaJNvpAAUb2ups6rbJRdYrCPyWxwRxBb,0.181763504,2026-10-06T10:23:05Z,8614,4oESc9DNeVwv5Z2R3h8L5xLX9wcCkEWZUrmiE54CpUL5uoz9suV6UYTCaFZvD6YbVtn1bGUFwXDRMSvrSxR6uJNm,278,3,False,False,False
89HbgWduLwoxcofWpmn1EiF9wEdpgkNDEyPjzZ72mkDi,HIDDEN_CANDIDATE,7mRDn1rAqjwFQXacodr1UmkNdvAGPbtNP9k5jvBZqt9J,MEMETARD,2026-10-06T12:46:39Z,Gf7sXMoP8iRw4iiXmJ1nq4vxcRycbGXy5RL8a8LnTd3v,1.832867346,2026-10-06T10:24:01Z,8558,4sumt4n9gYfvoBBPJ6YbLvmQahhNh6Uh7raCf8W4s5Mv4AJKVtiHawqbaUJGAGxJfurZXtXE7wTKZ6parJjZAta1,28,2,True,False,False
89HbgWduLwoxcofWpmn1EiF9wEdpgkNDEyPjzZ72mkDi,HIDDEN_CANDIDATE,7mRDn1rAqjwFQXacodr1UmkNdvAGPbtNP9k5jvBZqt9J,MEMETARD,2026-10-06T12:46:39Z,DTdtHUx79bmNMnesv3au7pzBKAkB3mUUi8GwUdZ6Suw,2.327301827,2026-10-06T10:24:50Z,8509,uqJUVa7wsyaQnbv8Kvg3DfwvhaodDqzkDtHCT5NHpZBQZtyVmngmpc19sqR4nD6HW2pLCeB2ogPU4crnNSpYXtL,1,1,False,False,False
89HbgWduLwoxcofWpmn1EiF9wEdpgkNDEyPjzZ72mkDi,HIDDEN_CANDIDATE,7mRDn1rAqjwFQXacodr1UmkNdvAGPbtNP9k5jvBZqt9J,MEMETARD,2026-10-06T12:46:39Z,DoAsxPQgiyAxyaJNvpAAUb2ups6rbJRdYrCPyWxwRxBb,0.223339697,2026-10-06T10:25:10Z,8489,5ZsTcyEakfkA7SkdkLCDERm3ZPTFrht2V8sQsiWDSivLo6RXf3hbKzCta1SH5wquGxZ3jRa3EpJE81RLd8H7cgc1,278,3,False,False,False
89HbgWduLwoxcofWpmn1EiF9wEdpgkNDEyPjzZ72mkDi,HIDDEN_CANDIDATE,7mRDn1rAqjwFQXacodr1UmkNdvAGPbtNP9k5jvBZqt9J,MEMETARD,2026-10-06T12:46:39Z,DoAsxPQgiyAxyaJNvpAAUb2ups6rbJRdYrCPyWxwRxBb,0.184316084,2026-10-06T10:31:32Z,8107,2CGwh3i345Y1uQPoF2wDwwo1tMHG5BTiH1akQ7E1VaMTQeiPYxutgJkX4kVyoqnob42b61Jy2wwEC6LfRsMgLnB4,278,3,False,False,False
89HbgWduLwoxcofWpmn1EiF9wEdpgkNDEyPjzZ72mkDi,HIDDEN_CANDIDATE,7mRDn1rAqjwFQXacodr1UmkNdvAGPbtNP9k5jvBZqt9J,MEMETARD,2026-10-06T12:46:39Z,Gf7sXMoP8iRw4iiXmJ1nq4vxcRycbGXy5RL8a8LnTd3v,1.946982794,2026-10-06T10:41:07Z,7532,5RVSUFtEPxD8aABsWMkY3y9masVBTyDJpdNV5ynaz3heYgPs2TJ9jQQyKZAACHcMnPN8FTvs25NiQmcVXmHuYVv5,28,2,True,False,False
89HbgWduLwoxcofWpmn1EiF9wEdpgkNDEyPjzZ72mkDi,HIDDEN_CANDIDATE,7mRDn1rAqjwFQXacodr1UmkNdvAGPbtNP9k5jvBZqt9J,MEMETARD,2026-10-06T12:46:39Z,DoAsxPQgiyAxyaJNvpAAUb2ups6rbJRdYrCPyWxwRxBb,0.18310448,2026-10-06T10:42:02Z,7477,56PVKYomN9ioBxQrjsLZw3FRkRiAHLU9JkPT9W9bpduVdyghj8NhnLJuCJewg1NKtUjczbSUT394fBZgLexVQNaY,278,3,False,False,False
89HbgWduLwoxcofWpmn1EiF9wEdpgkNDEyPjzZ72mkDi,HIDDEN_CANDIDATE,7mRDn1rAqjwFQXacodr1UmkNdvAGPbtNP9k5jvBZqt9J,MEMETARD,2026-10-06T12:46:39Z,BS9uyGV6XmNnPkM4f3xgxCdQEaFv7RSKs6fwrpvYHxfL,1.619233943,2026-10-06T10:45:52Z,7247,45UUJKEoGaHyL3Nq7nQLMxZ9RBLqojAwBe6ZyRuGqcbrTJzuwc3H3ttDDxkbpQtr3FGVQMZu4TeS8x2TGoDBMm3W,6,3,False,False,False
89HbgWduLwoxcofWpmn1EiF9wEdpgkNDEyPjzZ72mkDi,HIDDEN_CANDIDATE,7mRDn1rAqjwFQXacodr1UmkNdvAGPbtNP9k5jvBZqt9J,MEMETARD,2026-10-06T12:46:39Z,DoAsxPQgiyAxyaJNvpAAUb2ups6rbJRdYrCPyWxwRxBb,0.062417741,2026-10-06T10:46:49Z,7190,2k8ZyQARG2tDj4e1L2tNu283YHZp9FEk9QNURojoB3sysjHafvBeJXUnnah1WcNKiGmsz84H4CtjBQsNEtLe4Udm,278,3,False,False,False
89HbgWduLwoxcofWpmn1EiF9wEdpgkNDEyPjzZ72mkDi,HIDDEN_CANDIDATE,7mRDn1rAqjwFQXacodr1UmkNdvAGPbtNP9k5jvBZqt9J,MEMETARD,2026-10-06T12:46:39Z,6hZ9g34Ggf3ZPEWEm95yut3nCf8iDXY2jULGtqreysRQ,2.006047351,2026-10-06T10:48:55Z,7064,3XnFf9WtN2tJeWFc5zwymrUBYYp7B1JDYr2UGVTJwPnai3cFwsfnaBRRAtwFTuqtGbxa38YTud7NrLtrjFTkAPcd,2,1,False,False,False
89HbgWduLwoxcofWpmn1EiF9wEdpgkNDEyPjzZ72mkDi,HIDDEN_CANDIDATE,7mRDn1rAqjwFQXacodr1UmkNdvAGPbtNP9k5jvBZqt9J,MEMETARD,2026-10-06T12:46:39Z,6hZ9g34Ggf3ZPEWEm95yut3nCf8iDXY2jULGtqreysRQ,1.871936698,2026-10-06T10:49:00Z,7059,2cfaLo3K5pXLWvh3wK1tq2bKTF5YLGrPdsopuiR7n7B2bU9vWpQnRR2vg7ra6uUoXYeHHegcbEjFGGUqzoMSYuNG,2,1,False,False,False
89HbgWduLwoxcofWpmn1EiF9wEdpgkNDEyPjzZ72mkDi,HIDDEN_CANDIDATE,7mRDn1rAqjwFQXacodr1UmkNdvAGPbtNP9k5jvBZqt9J,MEMETARD,2026-10-06T12:46:39Z,Gf7sXMoP8iRw4iiXmJ1nq4vxcRycbGXy5RL8a8LnTd3v,1.778670329,2026-10-06T10:54:01Z,6758,3sExQh1fVyvJdmLUNGBnDBTT18z7QzzHVdb3oe4ocXoTaBVCDjbNEnsr64kWTTMt96hH11FSuBanNPDQuMVs6JUb,28,2,True,False,False
89HbgWduLwoxcofWpmn1EiF9wEdpgkNDEyPjzZ72mkDi,HIDDEN_CANDIDATE,7mRDn1rAqjwFQXacodr1UmkNdvAGPbtNP9k5jvBZqt9J,MEMETARD,2026-10-06T12:46:39Z,DoAsxPQgiyAxyaJNvpAAUb2ups6rbJRdYrCPyWxwRxBb,0.281581396,2026-10-06T10:54:55Z,6704,2k6EWc2ZT81pGTQXsDveK2S7SoDHK78afn9z85htgn4qz4o2u1XQWYdDQaDjUi8tXrZbUoenMxsMsw4UCKcZWL9c,278,3,False,False,False
89HbgWduLwoxcofWpmn1EiF9wEdpgkNDEyPjzZ72mkDi,HIDDEN_CANDIDATE,7mRDn1rAqjwFQXacodr1UmkNdvAGPbtNP9k5jvBZqt9J,MEMETARD,2026-10-06T12:46:39Z,Gf7sXMoP8iRw4iiXmJ1nq4vxcRycbGXy5RL8a8LnTd3v,1.688974505,2026-10-06T10:57:06Z,6573,3eFXdh1R56zR9XmyetB1gNHqkdjoH1CzZgniFfCxGTKnG5ZfwP3ZjYVTFhTLAfsqqr23rMPMKjHhvkhzQXbV5NBj,28,2,True,False,False
89HbgWduLwoxcofWpmn1EiF9wEdpgkNDEyPjzZ72mkDi,HIDDEN_CANDIDATE,7mRDn1rAqjwFQXacodr1UmkNdvAGPbtNP9k5jvBZqt9J,MEMETARD,2026-10-06T12:46:39Z,DoAsxPQgiyAxyaJNvpAAUb2ups6rbJRdYrCPyWxwRxBb,0.145947066,2026-10-06T10:58:19Z,6500,471R7taw1zPFEBUiaaSQivTSjHxyshjWJXLGW7n9f3k47tJqmhpaLviZ6gBMozw8zFwCmofbNFDqGtkdEVDT5wmv,278,3,False,False,False
89HbgWduLwoxcofWpmn1EiF9wEdpgkNDEyPjzZ72mkDi,HIDDEN_CANDIDATE,7mRDn1rAqjwFQXacodr1UmkNdvAGPbtNP9k5jvBZqt9J,MEMETARD,2026-10-06T12:46:39Z,Gf7sXMoP8iRw4iiXmJ1nq4vxcRycbGXy5RL8a8LnTd3v,1.449510557,2026-10-06T11:01:37Z,6302,3LmN5XDQtDhYFWRiG3X35uyS6WYMzaCF9PompYrV7j7mX4kVGmzrgBofVmjXUWQJo1Dx72E5V7A5ZRXNYzVQoZfF,28,2,True,False,False
89HbgWduLwoxcofWpmn1EiF9wEdpgkNDEyPjzZ72mkDi,HIDDEN_CANDIDATE,7mRDn1rAqjwFQXacodr1UmkNdvAGPbtNP9k5jvBZqt9J,MEMETARD,2026-10-06T12:46:39Z,Gf7sXMoP8iRw4iiXmJ1nq4vxcRycbGXy5RL8a8LnTd3v,1.741042122,2026-10-06T12:07:59Z,2320,3and2rnwRvaTKFRXr9N5jpK6ZHKW4v9XPzM2KgkHj345NzTHFXo5wk6vUGQyJaWX61pCV8smDoQiFpgXWJZfsZGy,28,2,True,False,False
89HbgWduLwoxcofWpmn1EiF9wEdpgkNDEyPjzZ72mkDi,HIDDEN_CANDIDATE,7mRDn1rAqjwFQXacodr1UmkNdvAGPbtNP9k5jvBZqt9J,MEMETARD,2026-10-06T12:46:39Z,DoAsxPQgiyAxyaJNvpAAUb2ups6rbJRdYrCPyWxwRxBb,0.377943195,2026-10-06T12:08:35Z,2284,5HzESpU25fXEksfdJdKKSMugvFE1dBpkgGrr9yNkjck6FXStYKJ4QYPcjpwKDTFfCgdSfUWHQ541ywv5dy7g9EyE,278,3,False,False,False
89HbgWduLwoxcofWpmn1EiF9wEdpgkNDEyPjzZ72mkDi,HIDDEN_CANDIDATE,7mRDn1rAqjwFQXacodr1UmkNdvAGPbtNP9k5jvBZqt9J,MEMETARD,2026-10-06T12:46:39Z,DoAsxPQgiyAxyaJNvpAAUb2ups6rbJRdYrCPyWxwRxBb,0.103800619,2026-10-06T12:12:33Z,2046,3mB7ezPVTJj2HFMnvY8PjYokpR57Mjv7sr3kku7KsK1DxN8bqZr7ZAsgNyx4XgiwXbRiLsds1FzKcfCHLGyxr4Km,278,3,False,False,False
89HbgWduLwoxcofWpmn1EiF9wEdpgkNDEyPjzZ72mkDi,HIDDEN_CANDIDATE,7mRDn1rAqjwFQXacodr1UmkNdvAGPbtNP9k5jvBZqt9J,MEMETARD,2026-10-06T12:46:39Z,DoAsxPQgiyAxyaJNvpAAUb2ups6rbJRdYrCPyWxwRxBb,0.062880994,2026-10-06T12:21:15Z,1524,4zkvyByndV3DyAiZ4smF8fbsebwYnpEmxy6i8ZkJf9CqrvXjK67tzL7HxGxFnHLMhLdXaxhRAYxdCBML8aXmz14z,278,3,False,False,False
89HbgWduLwoxcofWpmn1EiF9wEdpgkNDEyPjzZ72mkDi,HIDDEN_CANDIDATE,7mRDn1rAqjwFQXacodr1UmkNdvAGPbtNP9k5jvBZqt9J,MEMETARD,2026-10-06T12:46:39Z,CN32jwmQBFHM4NYrgkxefihRK8boR8M9n4RUBvgLe816,1.37697313,2026-10-06T12:26:03Z,1236,kmqsxt5N78dzDgeQuEK2Vo6HAzZWoK9aZxSFVtXycBCooWriF8gvn6afZP1Fxerk5SWHp5NNwAcx1K34kCBEMZo,3,2,False,False,False
89HbgWduLwoxcofWpmn1EiF9wEdpgkNDEyPjzZ72mkDi,HIDDEN_CANDIDATE,7mRDn1rAqjwFQXacodr1UmkNdvAGPbtNP9k5jvBZqt9J,MEMETARD,2026-10-06T12:46:39Z,Gf7sXMoP8iRw4iiXmJ1nq4vxcRycbGXy5RL8a8LnTd3v,1.566208219,2026-10-06T12:26:30Z,1209,4qL8hoTmvvRLPkEgehu1sCmRvRU5XaXZ69ZK7FvDHWHVdj6oiA7WU5L1SFa4JwVNyeHsCdiomGkQZ1xd7cBjixdc,28,2,True,False,False
89HbgWduLwoxcofWpmn1EiF9wEdpgkNDEyPjzZ72mkDi,HIDDEN_CANDIDATE,7mRDn1rAqjwFQXacodr1UmkNdvAGPbtNP9k5jvBZqt9J,MEMETARD,2026-10-06T12:46:39Z,DoAsxPQgiyAxyaJNvpAAUb2ups6rbJRdYrCPyWxwRxBb,0.244589775,2026-10-06T12:36:23Z,616,5d2NgDb2C38Fw4GLf3JN7XgLuAwSELyUXbaEfTz9jqhoA2F6jxWAUJGUqzHdpGGEmEUwzKV12g3RAVmPC5MfVJbq,278,3,False,False,False
89HbgWduLwoxcofWpmn1EiF9wEdpgkNDEyPjzZ72mkDi,HIDDEN_CANDIDATE,7mRDn1rAqjwFQXacodr1UmkNdvAGPbtNP9k5jvBZqt9J,MEMETARD,2026-10-06T12:46:39Z,DoAsxPQgiyAxyaJNvpAAUb2ups6rbJRdYrCPyWxwRxBb,0.062726249,2026-10-06T12:37:52Z,527,3LWoX6AQgVyigibaLBjUU44ZAJXscagPVEZY6jKzggfMtk9rCFC9XxNrqE12Ck4RpeMh3mofFQXbu8YY6H1GRo75,278,3,False,False,False
89HbgWduLwoxcofWpmn1EiF9wEdpgkNDEyPjzZ72mkDi,HIDDEN_CANDIDATE,7mRDn1rAqjwFQXacodr1UmkNdvAGPbtNP9k5jvBZqt9J,MEMETARD,2026-10-06T12:46:39Z,DoAsxPQgiyAxyaJNvpAAUb2ups6rbJRdYrCPyWxwRxBb,0.112462777,2026-10-06T12:39:20Z,439,dFJpCWP5wrJWcZFWeEi3u1fpbgyi3gRTxSuA5vgCkNx38JzuneSy6rY2SrV9TVoqBT5Eik4u6MtqRNvLXBYmUUF,278,3,False,False,False
89HbgWduLwoxcofWpmn1EiF9wEdpgkNDEyPjzZ72mkDi,HIDDEN_CANDIDATE,7mRDn1rAqjwFQXacodr1UmkNdvAGPbtNP9k5jvBZqt9J,MEMETARD,2026-10-06T12:46:39Z,Gf7sXMoP8iRw4iiXmJ1nq4vxcRycbGXy5RL8a8LnTd3v,1.690642438,2026-10-06T12:43:21Z,198,3m6iERmth7hwg99AP6uYBxKiug6sLmGY8fwiYi8Ln2A9P3WsVkbFLXbFe8dwkMKHUD8iTvBUKAUHH3PbcaTR69ah,28,2,True,False,False
89HbgWduLwoxcofWpmn1EiF9wEdpgkNDEyPjzZ72mkDi,HIDDEN_CANDIDATE,7mRDn1rAqjwFQXacodr1UmkNdvAGPbtNP9k5jvBZqt9J,MEMETARD,2026-10-06T12:46:39Z,DoAsxPQgiyAxyaJNvpAAUb2ups6rbJRdYrCPyWxwRxBb,0.102179841,2026-10-06T12:43:44Z,175,3onwRkZfLRAtK21nT1Ca4SBD2DUXWHjXKRb6dzvRUWRZAUD8PoPi13jQDoGgrm58YZPzTcrFppsFDx6XNdT8pXUc,278,3,False,False,False
89HbgWduLwoxcofWpmn1EiF9wEdpgkNDEyPjzZ72mkDi,HIDDEN_CANDIDATE,7mRDn1rAqjwFQXacodr1UmkNdvAGPbtNP9k5jvBZqt9J,MEMETARD,2026-10-06T12:46:39Z,2TAgfogn8JRwwTnsGKUa6WUT5Xdv1iMEzfEDMor68X9C,1.947380593,2026-10-06T12:44:22Z,137,23DTFQcbYdsmqJapk3FjuEkmXE9pfUev5VLChF7tuzAXgqWuLR6zaupAoC3cZtqvB2cdT1bgc8Smep8FYcTswCVS,10,2,False,False,False
Bi4rd5FH5bYEN8scZ7wevxNZyNmKHdaBcvewdPFxYdLt,HIDDEN_CANDIDATE,8qT3o4k4aUmyLrgd7hHYmVxin3kFhQ9QsXdSXTP6pump,cwoin,2026-09-03T15:40:40Z,69SNcRC8NqjHBSXEcugCN5oFKRQoKmddmWzZYc3tqtxk,0.841832588,2026-09-02T16:48:04Z,82356,2hn3TrS3c3pVGVys869otSUipkNzqVxKFbPsZ5x8Uu2Qak3116RnctAJsSXUmV7bYgT1495gXwSQ53DoceavW8Hq,104,1,False,False,False
Bi4rd5FH5bYEN8scZ7wevxNZyNmKHdaBcvewdPFxYdLt,HIDDEN_CANDIDATE,8qT3o4k4aUmyLrgd7hHYmVxin3kFhQ9QsXdSXTP6pump,cwoin,2026-09-03T15:40:40Z,69SNcRC8NqjHBSXEcugCN5oFKRQoKmddmWzZYc3tqtxk,0.38902583,2026-09-02T17:02:33Z,81487,5F5BHyifiu6hYfgSfWptxjyrY4AdxzQwG5R5kydQijWstB1kGujnJx2rWy12aCRthJbo22KSB4Zx5g8UDuQ5tZJG,104,1,False,False,False
Bi4rd5FH5bYEN8scZ7wevxNZyNmKHdaBcvewdPFxYdLt,HIDDEN_CANDIDATE,8qT3o4k4aUmyLrgd7hHYmVxin3kFhQ9QsXdSXTP6pump,cwoin,2026-09-03T15:40:40Z,69SNcRC8NqjHBSXEcugCN5oFKRQoKmddmWzZYc3tqtxk,0.365431551,2026-09-02T17:59:34Z,78066,28zWd3bxJoQXErTdfGLkhge1RjXX3EE22hHH5G8gJEqDsPJjBcfmtYcnVtKNbSm2nY5AfZ5hKJm71DpNjgmaU7xt,104,1,False,False,False
Bi4rd5FH5bYEN8scZ7wevxNZyNmKHdaBcvewdPFxYdLt,HIDDEN_CANDIDATE,8qT3o4k4aUmyLrgd7hHYmVxin3kFhQ9QsXdSXTP6pump,cwoin,2026-09-03T15:40:40Z,2aFrkHvuhTrka3ea55PE4b5QxWNceAuFVLEoGxTvSwDt,4.547851498,2026-09-02T18:02:27Z,77893,3PdE1QoXt4JWa2fu94qi7LRip7PJanrHxZjYwDd3BMomAVSQsG1CJ4PYv26woVgru4oR5joTHS3wvF7hwNfxPg8R,3,2,False,False,False
Bi4rd5FH5bYEN8scZ7wevxNZyNmKHdaBcvewdPFxYdLt,HIDDEN_CANDIDATE,8qT3o4k4aUmyLrgd7hHYmVxin3kFhQ9QsXdSXTP6pump,cwoin,2026-09-03T15:40:40Z,2aFrkHvuhTrka3ea55PE4b5QxWNceAuFVLEoGxTvSwDt,3.554262051,2026-09-02T18:02:28Z,77892,2LNXUsaW7o19cewfJjYxJHpqswfdMf5FbzuoUry9c95Jbj4QjKnxuksKapquavF1CcQue1jfXNMSivgqQ29eeu9H,3,2,False,False,False
Bi4rd5FH5bYEN8scZ7wevxNZyNmKHdaBcvewdPFxYdLt,HIDDEN_CANDIDATE,8qT3o4k4aUmyLrgd7hHYmVxin3kFhQ9QsXdSXTP6pump,cwoin,2026-09-03T15:40:40Z,69SNcRC8NqjHBSXEcugCN5oFKRQoKmddmWzZYc3tqtxk,0.270186994,2026-09-02T18:30:04Z,76236,tNe9QYiZCPJVUaAGtfc3i85kcjUUEShNnUJ6fXnzh7jEs5EZHd6bEjSnVdpSJysSXtPReCFcE3Vi1DR5yvd62fX,104,1,False,False,False
Bi4rd5FH5bYEN8scZ7wevxNZyNmKHdaBcvewdPFxYdLt,HIDDEN_CANDIDATE,8qT3o4k4aUmyLrgd7hHYmVxin3kFhQ9QsXdSXTP6pump,cwoin,2026-09-03T15:40:40Z,69SNcRC8NqjHBSXEcugCN5oFKRQoKmddmWzZYc3tqtxk,0.073458803,2026-09-02T18:41:04Z,75576,3nNQ9jJRdpeW3etJPiuCAJZZEtXiuSoyN2HmyLzfPfBpzsdVhTUxM8U3WfceRnC6xdhFwgYCnhN5xc9J35pyN1T4,104,1,False,False,False
Bi4rd5FH5bYEN8scZ7wevxNZyNmKHdaBcvewdPFxYdLt,HIDDEN_CANDIDATE,8qT3o4k4aUmyLrgd7hHYmVxin3kFhQ9QsXdSXTP6pump,cwoin,2026-09-03T15:40:40Z,8a2iRDFS88YuxXxJXZj1H6WZ17NNQTZ8eas6iHimuZNJ,0.186267462,2026-09-02T18:44:30Z,75370,4nAqHJxXxSukC5841NcQqGWRVyGPMGKayaCfCtottxW29JzKQXCKMNYcH4MZHGGSFh3TaSNCykGc89dQSmKoLeFC,10,1,False,False,False
Bi4rd5FH5bYEN8scZ7wevxNZyNmKHdaBcvewdPFxYdLt,HIDDEN_CANDIDATE,8qT3o4k4aUmyLrgd7hHYmVxin3kFhQ9QsXdSXTP6pump,cwoin,2026-09-03T15:40:40Z,GnBzQYvEiWLxb9ep1WEgdCAihjvz493szLTt8bj1SxFD,0.052974913,2026-09-02T18:44:30Z,75370,2h2vcS554hufE7Avy95dzgzCou2onGS5sEK2DXumxjiJBui2nBYF2XVF7a7fNX2w1AT7yVH7SXPE7pTAUjM2Xa5w,5,1,False,False,False
Bi4rd5FH5bYEN8scZ7wevxNZyNmKHdaBcvewdPFxYdLt,HIDDEN_CANDIDATE,8qT3o4k4aUmyLrgd7hHYmVxin3kFhQ9QsXdSXTP6pump,cwoin,2026-09-03T15:40:40Z,GTnbqqrYg8tv9gsievtfDGxMi9FVGikNu3HiSxb4Wukr,0.279727364,2026-09-02T18:44:30Z,75370,3QNWsD26585ULXYRKv7Wz8xgnZjtsjxqjjjnx6moq6MwnhSVkokCRVG656aX4H67AnxiXEJ4tysKfdZo8NtgqYvW,12,1,False,False,False
Bi4rd5FH5bYEN8scZ7wevxNZyNmKHdaBcvewdPFxYdLt,HIDDEN_CANDIDATE,8qT3o4k4aUmyLrgd7hHYmVxin3kFhQ9QsXdSXTP6pump,cwoin,2026-09-03T15:40:40Z,29yFzeBZgxf5zqrAkKXwgZtQehRf4pL8WbV2nRJikbw8,0.537453764,2026-09-02T18:44:30Z,75370,wkPWRUAEbuYGEbeAxYNuiannRiWMNJLEqCk67ju7hSWvhyd4hCZXsYewofszqge1ywvRMieN1wdwBziJmZMZdUK,12,1,False,False,False
Bi4rd5FH5bYEN8scZ7wevxNZyNmKHdaBcvewdPFxYdLt,HIDDEN_CANDIDATE,8qT3o4k4aUmyLrgd7hHYmVxin3kFhQ9QsXdSXTP6pump,cwoin,2026-09-03T15:40:40Z,Gg3ska7ScdMZX5nPgsM7wBfprRhNp6cuS2zuG7UFXcDv,0.235383947,2026-09-02T18:44:30Z,75370,2s8UfHKhLsLnUNiQL4Gc4LsQQHFiM4fGsaH78L7vYvZmiG6GEtbpFxmzPKSGRv8pY34UoZbmqMP9jFMhyLesqmL6,11,1,False,False,False
Bi4rd5FH5bYEN8scZ7wevxNZyNmKHdaBcvewdPFxYdLt,HIDDEN_CANDIDATE,8qT3o4k4aUmyLrgd7hHYmVxin3kFhQ9QsXdSXTP6pump,cwoin,2026-09-03T15:40:40Z,69SNcRC8NqjHBSXEcugCN5oFKRQoKmddmWzZYc3tqtxk,0.112679026,2026-09-02T18:59:34Z,74466,615bsYoqoD9W5FdUDLLMhfsqcLNdjMhVZGaQ2DMKoSLAZ7V2VFzxFrrZoUaTn2UqkYW648XBjXm4E6fYsHXHzyRQ,104,1,False,False,False
Bi4rd5FH5bYEN8scZ7wevxNZyNmKHdaBcvewdPFxYdLt,HIDDEN_CANDIDATE,8qT3o4k4aUmyLrgd7hHYmVxin3kFhQ9QsXdSXTP6pump,cwoin,2026-09-03T15:40:40Z,9jF9jaXCgQreXtPXqzDWxWu6YGomJ5Rv8bb7NNXoRMds,4.304447747,2026-09-02T19:28:10Z,72750,2GvSomarvNmgcK1U8QUDTq87mvDBw1qo3R98fX8P3KAzkUP4DCmgDQsYZh3PdSrLni5CrvBYgWCtyrn36fuxyevV,2,1,False,False,False
Bi4rd5FH5bYEN8scZ7wevxNZyNmKHdaBcvewdPFxYdLt,HIDDEN_CANDIDATE,8qT3o4k4aUmyLrgd7hHYmVxin3kFhQ9QsXdSXTP6pump,cwoin,2026-09-03T15:40:40Z,FXLxdZyX2ZQXqzqggiyxQHA3yc6jAKCcnYrpm89VFiKH,3.335801599,2026-09-02T19:41:48Z,71932,42Uf3t1sQRMeQDF7QTpB7FYpRautoQxk2yR7BfYFJRGfmeYrg3gHZYrvKV4sZbTLt3mSawztpKGKisTWxm5jZ6tj,4,1,False,False,False
Bi4rd5FH5bYEN8scZ7wevxNZyNmKHdaBcvewdPFxYdLt,HIDDEN_CANDIDATE,8qT3o4k4aUmyLrgd7hHYmVxin3kFhQ9QsXdSXTP6pump,cwoin,2026-09-03T15:40:40Z,FXLxdZyX2ZQXqzqggiyxQHA3yc6jAKCcnYrpm89VFiKH,3.127118941,2026-09-02T19:41:48Z,71932,3RjLWpEioxgkv35vpq7AHYBDzVT463sfARoZkQdaoQGqAhJmFHPmgpbPjKkJws2wiSr7DwKEoVuwvEJfpY7zS2LS,4,1,False,False,False
Bi4rd5FH5bYEN8scZ7wevxNZyNmKHdaBcvewdPFxYdLt,HIDDEN_CANDIDATE,8qT3o4k4aUmyLrgd7hHYmVxin3kFhQ9QsXdSXTP6pump,cwoin,2026-09-03T15:40:40Z,69SNcRC8NqjHBSXEcugCN5oFKRQoKmddmWzZYc3tqtxk,0.342617742,2026-09-02T19:43:34Z,71826,MThyTyoYYYruhavmDAT27nxmrh5jbj27irFo97ZMUYbUqCgAPhQ3NKrdQZrqLjMePCrYqzrEuWttWLbcmS1h2a3,104,1,False,False,False
Bi4rd5FH5bYEN8scZ7wevxNZyNmKHdaBcvewdPFxYdLt,HIDDEN_CANDIDATE,8qT3o4k4aUmyLrgd7hHYmVxin3kFhQ9QsXdSXTP6pump,cwoin,2026-09-03T15:40:40Z,69SNcRC8NqjHBSXEcugCN5oFKRQoKmddmWzZYc3tqtxk,0.164630107,2026-09-02T19:56:04Z,71076,22mrJvUBMojoBiebydGWpAQpKnUFvQYrCHUdZjDJHc9R6MUJB8tC8zju43THDmPTytDTr6sHa3ZV3NZ8vfQQQPxD,104,1,False,False,False
Bi4rd5FH5bYEN8scZ7wevxNZyNmKHdaBcvewdPFxYdLt,HIDDEN_CANDIDATE,8qT3o4k4aUmyLrgd7hHYmVxin3kFhQ9QsXdSXTP6pump,cwoin,2026-09-03T15:40:40Z,69SNcRC8NqjHBSXEcugCN5oFKRQoKmddmWzZYc3tqtxk,0.343402923,2026-09-02T20:15:04Z,69936,5ysAsnayWXqDoD1S6rgfeQaAfwroeZnp1aAdN1Am91DxvRpFQj8Zm5zgWj3ZEG3zNraT23kYMzzs54veGBC5JU34,104,1,False,False,False
Bi4rd5FH5bYEN8scZ7wevxNZyNmKHdaBcvewdPFxYdLt,HIDDEN_CANDIDATE,8qT3o4k4aUmyLrgd7hHYmVxin3kFhQ9QsXdSXTP6pump,cwoin,2026-09-03T15:40:40Z,BQNcZ5spqSeQ6Wnm9MgkfC9PbSjoVa1Peh6bUmS4eESR,0.336533802,2026-09-02T20:26:27Z,69253,228D6QCfHChS7oFAUeUBWZaFnVy98Fq4jAfeMsyWttMHJha2xjioupXzng2mi3MGAqvVdud33fdJmGzN8xxJieSS,4,1,False,False,False
Bi4rd5FH5bYEN8scZ7wevxNZyNmKHdaBcvewdPFxYdLt,HIDDEN_CANDIDATE,8qT3o4k4aUmyLrgd7hHYmVxin3kFhQ9QsXdSXTP6pump,cwoin,2026-09-03T15:40:40Z,BQNcZ5spqSeQ6Wnm9MgkfC9PbSjoVa1Peh6bUmS4eESR,2.240923216,2026-09-02T20:26:48Z,69232,2Bo3y4bPJ7RYbhhg1qAx6nJGrL3Dx8W96mDVZdwtW7Vk4nbuwhK38q7TQenTC8Ng4CQuFVZ9UXUWC6C9Q38y3uee,4,1,False,False,False
Bi4rd5FH5bYEN8scZ7wevxNZyNmKHdaBcvewdPFxYdLt,HIDDEN_CANDIDATE,8qT3o4k4aUmyLrgd7hHYmVxin3kFhQ9QsXdSXTP6pump,cwoin,2026-09-03T15:40:40Z,69SNcRC8NqjHBSXEcugCN5oFKRQoKmddmWzZYc3tqtxk,0.112883425,2026-09-02T20:27:35Z,69185,3Dcs4VUdXT7D7uSqWH8HBYKrSfjbyXMg5CYBDWRVJXYsCHdxLFmsd2rzpXYKuSEwxCnp2YPo7UGN14XB34M7EEGa,104,1,False,False,False
Bi4rd5FH5bYEN8scZ7wevxNZyNmKHdaBcvewdPFxYdLt,HIDDEN_CANDIDATE,8qT3o4k4aUmyLrgd7hHYmVxin3kFhQ9QsXdSXTP6pump,cwoin,2026-09-03T15:40:40Z,69SNcRC8NqjHBSXEcugCN5oFKRQoKmddmWzZYc3tqtxk,0.32493107,2026-09-02T20:41:33Z,68347,3h3WYiiEEVMAf4VjqvbCWN3GZHNAtRLKq41yQ9LHJkXxhCfGWGvQEJ7vsWE5ZPeaQngpnab3ZfqUaDVSXpZBWshG,104,1,False,False,False
Bi4rd5FH5bYEN8scZ7wevxNZyNmKHdaBcvewdPFxYdLt,HIDDEN_CANDIDATE,8qT3o4k4aUmyLrgd7hHYmVxin3kFhQ9QsXdSXTP6pump,cwoin,2026-09-03T15:40:40Z,5y33FmRhEMsyPww9vUSvGjhGAwmDyWZ2ULCYKtueB45p,3.106420098,2026-09-02T21:10:29Z,66611,3NVyedQuod8qQYat4vWgLjaymfzZPSPvrAfheXG3AEUVUheohz6V9uYahcKLd54Kf3SgdFQXpuxoucinvRnJrQ36,4,1,False,False,False
Bi4rd5FH5bYEN8scZ7wevxNZyNmKHdaBcvewdPFxYdLt,HIDDEN_CANDIDATE,8qT3o4k4aUmyLrgd7hHYmVxin3kFhQ9QsXdSXTP6pump,cwoin,2026-09-03T15:40:40Z,5y33FmRhEMsyPww9vUSvGjhGAwmDyWZ2ULCYKtueB45p,2.609907037,2026-09-02T21:10:30Z,66610,2S2a5WAz25P2xkXbDhBADJ1U25jWu7Ja2ARnidVhapkyd5Stm5kpMN3DJ5Ri5845Vphg4W9kD3sZ6L6M9cKdVC4t,4,1,False,False,False
Bi4rd5FH5bYEN8scZ7wevxNZyNmKHdaBcvewdPFxYdLt,HIDDEN_CANDIDATE,8qT3o4k4aUmyLrgd7hHYmVxin3kFhQ9QsXdSXTP6pump,cwoin,2026-09-03T15:40:40Z,GnBzQYvEiWLxb9ep1WEgdCAihjvz493szLTt8bj1SxFD,0.069442163,2026-09-02T21:17:38Z,66182,22CJLURpKZvi1MaNZr9Xm61dAGPi9u8SXZZrK56J6v1WNoN9pjutGiYDmq1jZnUcNeHjo2gw4V6yrUtXaL3dKn1g,5,1,False,False,False
Bi4rd5FH5bYEN8scZ7wevxNZyNmKHdaBcvewdPFxYdLt,HIDDEN_CANDIDATE,8qT3o4k4aUmyLrgd7hHYmVxin3kFhQ9QsXdSXTP6pump,cwoin,2026-09-03T15:40:40Z,Gg3ska7ScdMZX5nPgsM7wBfprRhNp6cuS2zuG7UFXcDv,0.109750385,2026-09-02T21:17:38Z,66182,JGjYh5HydSrwr1wqhWUT39eVQmeMUpBAfMmjSW9ug2SJ7nQQvC9Brcs1qWgK1G9wvkve5vXqgXtG3TpHbJDy176,11,1,False,False,False
Bi4rd5FH5bYEN8scZ7wevxNZyNmKHdaBcvewdPFxYdLt,HIDDEN_CANDIDATE,8qT3o4k4aUmyLrgd7hHYmVxin3kFhQ9QsXdSXTP6pump,cwoin,2026-09-03T15:40:40Z,29yFzeBZgxf5zqrAkKXwgZtQehRf4pL8WbV2nRJikbw8,0.253139885,2026-09-02T21:17:38Z,66182,2cdFwu2YEFZNfGFoa5czJqefqp339aNyeCnCUnaEEuyRmc6ms7JQPcxhS5PN1J4yA7SpX3chD3z3yoTcjjXVfLBp,12,1,False,False,False
Bi4rd5FH5bYEN8scZ7wevxNZyNmKHdaBcvewdPFxYdLt,HIDDEN_CANDIDATE,8qT3o4k4aUmyLrgd7hHYmVxin3kFhQ9QsXdSXTP6pump,cwoin,2026-09-03T15:40:40Z,GTnbqqrYg8tv9gsievtfDGxMi9FVGikNu3HiSxb4Wukr,0.131827595,2026-09-02T21:17:38Z,66182,2Prh7q2eevGSoYYgyQ2StpEkePJ86B3yCyFEttpwEeE647ryP5TfF86jteXRVihhUUADRLSKDVYJCyxQMwvpCUTA,12,1,False,False,False
Bi4rd5FH5bYEN8scZ7wevxNZyNmKHdaBcvewdPFxYdLt,HIDDEN_CANDIDATE,8qT3o4k4aUmyLrgd7hHYmVxin3kFhQ9QsXdSXTP6pump,cwoin,2026-09-03T15:40:40Z,69SNcRC8NqjHBSXEcugCN5oFKRQoKmddmWzZYc3tqtxk,0.789983969,2026-09-02T21:54:33Z,63967,5nENfNWrq4Fei75noQXPdW4S6Zf99FtHu9fa3td7XbtJ6FF5JwbSgGqPHUawh64KoKADWS5YMj8zgx6BRexNMbrM,104,1,False,False,False
Bi4rd5FH5bYEN8scZ7wevxNZyNmKHdaBcvewdPFxYdLt,HIDDEN_CANDIDATE,8qT3o4k4aUmyLrgd7hHYmVxin3kFhQ9QsXdSXTP6pump,cwoin,2026-09-03T15:40:40Z,69SNcRC8NqjHBSXEcugCN5oFKRQoKmddmWzZYc3tqtxk,0.482444987,2026-09-02T22:05:34Z,63306,43Kyo6DwFnk33ye7DS49GrkVjaMFnzTikQN888Gj7hawpxrZjnJdqUEtsdbsbVqJF658DhDEvReTthuU1e6U8fj4,104,1,False,False,False
Bi4rd5FH5bYEN8scZ7wevxNZyNmKHdaBcvewdPFxYdLt,HIDDEN_CANDIDATE,8qT3o4k4aUmyLrgd7hHYmVxin3kFhQ9QsXdSXTP6pump,cwoin,2026-09-03T15:40:40Z,69SNcRC8NqjHBSXEcugCN5oFKRQoKmddmWzZYc3tqtxk,0.484638751,2026-09-02T22:36:04Z,61476,3JMjSZZJtb4sYdbuugbNyprFFi21uzFH1GwHjMeL5EnBnfEGtwUTVheRnXrh8PjxQ7DGUgKEH8XJAMKKx27BFtaL,104,1,False,False,False
Bi4rd5FH5bYEN8scZ7wevxNZyNmKHdaBcvewdPFxYdLt,HIDDEN_CANDIDATE,8qT3o4k4aUmyLrgd7hHYmVxin3kFhQ9QsXdSXTP6pump,cwoin,2026-09-03T15:40:40Z,69SNcRC8NqjHBSXEcugCN5oFKRQoKmddmWzZYc3tqtxk,0.566272326,2026-09-03T00:30:03Z,54637,51RSWEnWwLxHKwd8Vskwcu1pRYWq2C5g4kPv7xH3q5J1w3rWx8MirZQNXSJbpb2i1R7pfw6wrKXkEZBEs8UKCBd6,104,1,False,False,False
Bi4rd5FH5bYEN8scZ7wevxNZyNmKHdaBcvewdPFxYdLt,HIDDEN_CANDIDATE,8qT3o4k4aUmyLrgd7hHYmVxin3kFhQ9QsXdSXTP6pump,cwoin,2026-09-03T15:40:40Z,69SNcRC8NqjHBSXEcugCN5oFKRQoKmddmWzZYc3tqtxk,0.302226502,2026-09-03T00:39:06Z,54094,TjrQ7rnhAeRuVdueG8spy4yKJBmHaxDE9eyLFov7exug9jKoBP4xDga6424Lvtwr4qbC525LijG4Z1CBzPfTg5m,104,1,False,False,False
Bi4rd5FH5bYEN8scZ7wevxNZyNmKHdaBcvewdPFxYdLt,HIDDEN_CANDIDATE,8qT3o4k4aUmyLrgd7hHYmVxin3kFhQ9QsXdSXTP6pump,cwoin,2026-09-03T15:40:40Z,3ucNos4NbumPLZNWztqGHNFFgkHeRMBQAVemeeomsUxv,0.402718181,2026-09-03T00:55:13Z,53127,2rjhUgLtNjsqJtyMtEdiKrv1tioRFHQ6Z5qb2BEomF6zzZbMKbYMkPiejaASiWHDPPEehKjGZAkq34kcaujPf5LP,3,1,False,False,False
Bi4rd5FH5bYEN8scZ7wevxNZyNmKHdaBcvewdPFxYdLt,HIDDEN_CANDIDATE,8qT3o4k4aUmyLrgd7hHYmVxin3kFhQ9QsXdSXTP6pump,cwoin,2026-09-03T15:40:40Z,GTnbqqrYg8tv9gsievtfDGxMi9FVGikNu3HiSxb4Wukr,0.16251094,2026-09-03T00:55:28Z,53112,VAkHdESFLUv3GBjgXMCpeeViEu6C4acpeFLXsWEmCMmfy57rzwVgFFtzCFU9p5CcRaYvVP3LRCyYzEJX936aaf9,12,1,False,False,False
Bi4rd5FH5bYEN8scZ7wevxNZyNmKHdaBcvewdPFxYdLt,HIDDEN_CANDIDATE,8qT3o4k4aUmyLrgd7hHYmVxin3kFhQ9QsXdSXTP6pump,cwoin,2026-09-03T15:40:40Z,Gg3ska7ScdMZX5nPgsM7wBfprRhNp6cuS2zuG7UFXcDv,0.133338809,2026-09-03T00:55:28Z,53112,yGREyKypzsE6kCPt832p2VtT3Nog7917Ehh4zcWLTr515ee7RSKqnzMLZ4MTzNW4nuVRDV5NJzBCi5dEQxNMpwW,11,1,False,False,False
Bi4rd5FH5bYEN8scZ7wevxNZyNmKHdaBcvewdPFxYdLt,HIDDEN_CANDIDATE,8qT3o4k4aUmyLrgd7hHYmVxin3kFhQ9QsXdSXTP6pump,cwoin,2026-09-03T15:40:40Z,29yFzeBZgxf5zqrAkKXwgZtQehRf4pL8WbV2nRJikbw8,0.303105596,2026-09-03T00:55:28Z,53112,65jbvYbBQiKEECFDzDbaUd2gWsuD8pRi4EEknxC7NVVrpFaxZ1DvWA49XmncBBMPEENSswuPu21yHs3BBtUcgpeT,12,1,False,False,False
Bi4rd5FH5bYEN8scZ7wevxNZyNmKHdaBcvewdPFxYdLt,HIDDEN_CANDIDATE,8qT3o4k4aUmyLrgd7hHYmVxin3kFhQ9QsXdSXTP6pump,cwoin,2026-09-03T15:40:40Z,8a2iRDFS88YuxXxJXZj1H6WZ17NNQTZ8eas6iHimuZNJ,0.205550656,2026-09-03T00:55:28Z,53112,29vHepPVt6wcRhpBpSBGcpqu2ZoiWWsfjLJi1zJbujfVr1n5hFvmVHQWZSUBUUCCnXbWsCj3r81vtLj5wzKUUw18,10,1,False,False,False
Bi4rd5FH5bYEN8scZ7wevxNZyNmKHdaBcvewdPFxYdLt,HIDDEN_CANDIDATE,8qT3o4k4aUmyLrgd7hHYmVxin3kFhQ9QsXdSXTP6pump,cwoin,2026-09-03T15:40:40Z,69SNcRC8NqjHBSXEcugCN5oFKRQoKmddmWzZYc3tqtxk,0.235258053,2026-09-03T00:55:34Z,53106,32N56dUacUCZaTVioEcNSeZDx2sdUcStPhL4dZqjTdYX3LJ2LMCrfV7cHmHHxr92NNKgFbmmNMEeFRomTovoeusZ,104,1,False,False,False
Bi4rd5FH5bYEN8scZ7wevxNZyNmKHdaBcvewdPFxYdLt,HIDDEN_CANDIDATE,8qT3o4k4aUmyLrgd7hHYmVxin3kFhQ9QsXdSXTP6pump,cwoin,2026-09-03T15:40:40Z,69SNcRC8NqjHBSXEcugCN5oFKRQoKmddmWzZYc3tqtxk,0.372240345,2026-09-03T01:24:34Z,51366,3nuBZbUCTUS386k25Hty4wp2YdkhnZSTjBo1wgMLodEgmdCU9gm9qaZokTo4y9NUqzPeSBW7Sbo973Whbfo4Xsbr,104,1,False,False,False
Bi4rd5FH5bYEN8scZ7wevxNZyNmKHdaBcvewdPFxYdLt,HIDDEN_CANDIDATE,8qT3o4k4aUmyLrgd7hHYmVxin3kFhQ9QsXdSXTP6pump,cwoin,2026-09-03T15:40:40Z,69SNcRC8NqjHBSXEcugCN5oFKRQoKmddmWzZYc3tqtxk,0.237843736,2026-09-03T01:46:04Z,50076,5XxmHDZceQ8As1Vp5KeHq7jcdau9XtAzKgqvgJa4Z3xRNJxaSQkEchy3kRk2iUtvb2UizYVNwC5YnwuVu5DGErCn,104,1,False,False,False
Bi4rd5FH5bYEN8scZ7wevxNZyNmKHdaBcvewdPFxYdLt,HIDDEN_CANDIDATE,8qT3o4k4aUmyLrgd7hHYmVxin3kFhQ9QsXdSXTP6pump,cwoin,2026-09-03T15:40:40Z,69SNcRC8NqjHBSXEcugCN5oFKRQoKmddmWzZYc3tqtxk,0.251017668,2026-09-03T02:00:04Z,49236,4aXYGKmDJeTzz27rNzQpP3pLG7VWqpTeBeUM7VaXCEZhGfHxsNGzH77oot4iK91gKeQQmbSNXaL1xhuC1j2kSptZ,104,1,False,False,False
Bi4rd5FH5bYEN8scZ7wevxNZyNmKHdaBcvewdPFxYdLt,HIDDEN_CANDIDATE,8qT3o4k4aUmyLrgd7hHYmVxin3kFhQ9QsXdSXTP6pump,cwoin,2026-09-03T15:40:40Z,69SNcRC8NqjHBSXEcugCN5oFKRQoKmddmWzZYc3tqtxk,0.086131628,2026-09-03T02:09:04Z,48696,2T7whaLtAh3Dvj4weQNHbJEFSykyG84Rr2wh8k6fNMghqRn2QHbt9bKjJo9cRG31gnjEdQ2NcaW7kiw8rcfCLi3d,104,1,False,False,False
Bi4rd5FH5bYEN8scZ7wevxNZyNmKHdaBcvewdPFxYdLt,HIDDEN_CANDIDATE,8qT3o4k4aUmyLrgd7hHYmVxin3kFhQ9QsXdSXTP6pump,cwoin,2026-09-03T15:40:40Z,8a2iRDFS88YuxXxJXZj1H6WZ17NNQTZ8eas6iHimuZNJ,0.055222234,2026-09-03T02:15:34Z,48306,BTrcwaAbtZfwcDDP2qYpqXKjc2CwXujXUov6ffpXxN4zYrnaMeQEMV1j9sEHauMR119q9H8ByAkvoikbKhuWd3u,10,1,False,False,False
Bi4rd5FH5bYEN8scZ7wevxNZyNmKHdaBcvewdPFxYdLt,HIDDEN_CANDIDATE,8qT3o4k4aUmyLrgd7hHYmVxin3kFhQ9QsXdSXTP6pump,cwoin,2026-09-03T15:40:40Z,8tSctNJ7ehwmuK7PX8BKbtRWjaNxfuHGNuM4HFraxftQ,2.846023535,2026-09-03T02:39:50Z,46850,EyUPnFupkyxcpXoe4xjXwP4BNCgqNDoFyhf822M9mTVHwfpPAvAyX4TDUg8gbNmTLFqXtpHMQNhG1VDQiAy5sx6,2,1,False,False,False
Bi4rd5FH5bYEN8scZ7wevxNZyNmKHdaBcvewdPFxYdLt,HIDDEN_CANDIDATE,8qT3o4k4aUmyLrgd7hHYmVxin3kFhQ9QsXdSXTP6pump,cwoin,2026-09-03T15:40:40Z,69SNcRC8NqjHBSXEcugCN5oFKRQoKmddmWzZYc3tqtxk,0.221013227,2026-09-03T02:50:04Z,46236,3VT7r5nqMP61Fxz9aTRKmuLwkfUg77FRDzcLZRLe6i2Jffx8sbSY8c5SG5wFB1SoXBkwrRHsSoWeurJVKRp5ytxB,104,1,False,False,False
Bi4rd5FH5bYEN8scZ7wevxNZyNmKHdaBcvewdPFxYdLt,HIDDEN_CANDIDATE,8qT3o4k4aUmyLrgd7hHYmVxin3kFhQ9QsXdSXTP6pump,cwoin,2026-09-03T15:40:40Z,69SNcRC8NqjHBSXEcugCN5oFKRQoKmddmWzZYc3tqtxk,0.095051602,2026-09-03T12:47:23Z,10397,27mqn3SdYoEYqJh6t7PJPK83RgSBTeF5Pzxrqy5XHr6AFrnNtDGtG26DGDxRj2YpQSc9QTzLYyCXqN2H4H5gBpib,104,1,False,False,False
Bi4rd5FH5bYEN8scZ7wevxNZyNmKHdaBcvewdPFxYdLt,HIDDEN_CANDIDATE,8qT3o4k4aUmyLrgd7hHYmVxin3kFhQ9QsXdSXTP6pump,cwoin,2026-09-03T15:40:40Z,69SNcRC8NqjHBSXEcugCN5oFKRQoKmddmWzZYc3tqtxk,1.080956432,2026-09-03T15:27:53Z,767,4NKiUgyPEdk6DwuP5Fquav9U9NX12raJq3gb5qZMsVzeiTi2iDX9SnUpHcGb5yLtn7VDcwYmm1nvyZNosw2kenck,104,1,False,False,False
Bi4rd5FH5bYEN8scZ7wevxNZyNmKHdaBcvewdPFxYdLt,HIDDEN_CANDIDATE,8qT3o4k4aUmyLrgd7hHYmVxin3kFhQ9QsXdSXTP6pump,cwoin,2026-09-03T15:40:40Z,69SNcRC8NqjHBSXEcugCN5oFKRQoKmddmWzZYc3tqtxk,0.058848494,2026-09-03T15:31:04Z,576,2P3uaVXR6RSsDZGGMvJTqYE5KNwJuTfvZNmjFwY4xawcaKaCAkYiwwhhm59hhJbRfQWRDLFvRkzJVF3EaGNZwQ11,104,1,False,False,False
Bi4rd5FH5bYEN8scZ7wevxNZyNmKHdaBcvewdPFxYdLt,HIDDEN_CANDIDATE,8qT3o4k4aUmyLrgd7hHYmVxin3kFhQ9QsXdSXTP6pump,cwoin,2026-09-03T15:40:40Z,69SNcRC8NqjHBSXEcugCN5oFKRQoKmddmWzZYc3tqtxk,0.280536184,2026-09-03T15:40:04Z,36,48bi7z1mBRfZ9CeNwkuxVrfbZ9tEHpzaVX5nsYL3udSmMxioSHYX5135AYtubGHoqHeYhoUpBJWj8JKmMXtoFFCW,104,1,False,False,False
89HbgWduLwoxcofWpmn1EiF9wEdpgkNDEyPjzZ72mkDi,HIDDEN_CANDIDATE,9PNfxvTARzdxvQas2uknW57bnfMCS1dxW1He7rPbuhuQ,AI,2026-10-03T17:57:28Z,DoAsxPQgiyAxyaJNvpAAUb2ups6rbJRdYrCPyWxwRxBb,0.149110223,2026-10-02T18:27:22Z,84606,4Cts7KPhMfEqrK3aW5aaQwVTDzrT65YnmBcLJKi4Dtv7V9MXuEL6HLTuA3NtTXUjv2v2qGyP9MLcyJ2muGjzD3Uj,278,3,False,False,False
89HbgWduLwoxcofWpmn1EiF9wEdpgkNDEyPjzZ72mkDi,HIDDEN_CANDIDATE,9PNfxvTARzdxvQas2uknW57bnfMCS1dxW1He7rPbuhuQ,AI,2026-10-03T17:57:28Z,Gf7sXMoP8iRw4iiXmJ1nq4vxcRycbGXy5RL8a8LnTd3v,1.130473307,2026-10-02T18:37:47Z,83981,2h1w9GSMQkFFKei1NhbZKqekvw1PHGBYPKY5xmQiexUBNc7zZkEkZwqxhNxgK9nk73n9YnVAmBijGbKtxataMvpP,28,2,True,False,False
89HbgWduLwoxcofWpmn1EiF9wEdpgkNDEyPjzZ72mkDi,HIDDEN_CANDIDATE,9PNfxvTARzdxvQas2uknW57bnfMCS1dxW1He7rPbuhuQ,AI,2026-10-03T17:57:28Z,DoAsxPQgiyAxyaJNvpAAUb2ups6rbJRdYrCPyWxwRxBb,0.107734893,2026-10-02T18:38:12Z,83956,4dUWMGmEyvRWKo7XuKY5MV2xrYuhjBvTLEZKoZTJzWNNAQthh4nfJcKCSjscoBxst7HaTCCWGeEPi8poYB5bcZLV,278,3,False,False,False
89HbgWduLwoxcofWpmn1EiF9wEdpgkNDEyPjzZ72mkDi,HIDDEN_CANDIDATE,9PNfxvTARzdxvQas2uknW57bnfMCS1dxW1He7rPbuhuQ,AI,2026-10-03T17:57:28Z,Gf7sXMoP8iRw4iiXmJ1nq4vxcRycbGXy5RL8a8LnTd3v,1.483685052,2026-10-02T18:39:37Z,83871,1Mht1HfnokGy3MgY5UYXnV5HuJncZAJ8wH8goHnhMBNffgdJjfweUWEaF76SVCWJmisg13NmhdFpxMLgkdu5LMn,28,2,True,False,False
89HbgWduLwoxcofWpmn1EiF9wEdpgkNDEyPjzZ72mkDi,HIDDEN_CANDIDATE,9PNfxvTARzdxvQas2uknW57bnfMCS1dxW1He7rPbuhuQ,AI,2026-10-03T17:57:28Z,Gf7sXMoP8iRw4iiXmJ1nq4vxcRycbGXy5RL8a8LnTd3v,1.304459806,2026-10-02T18:55:51Z,82897,hiqvwcpN5cTQiB2ZGAzSaSBydZGDbSyc3T6rjsahLXtAdqVgcnzEKYhFa9AGCfH6Tz9LoKAxooQy6fof6Sq8o3i,28,2,True,False,False
89HbgWduLwoxcofWpmn1EiF9wEdpgkNDEyPjzZ72mkDi,HIDDEN_CANDIDATE,9PNfxvTARzdxvQas2uknW57bnfMCS1dxW1He7rPbuhuQ,AI,2026-10-03T17:57:28Z,DoAsxPQgiyAxyaJNvpAAUb2ups6rbJRdYrCPyWxwRxBb,0.246471284,2026-10-02T18:56:11Z,82877,3fxw46oSdWdcEhugPiPLJvuW6p6nWUH3J4HQrmvzpB67pZYThUw5pWUXHegce8embZh9VZFqTGdLVBMCTfTMM3jb,278,3,False,False,False
89HbgWduLwoxcofWpmn1EiF9wEdpgkNDEyPjzZ72mkDi,HIDDEN_CANDIDATE,9PNfxvTARzdxvQas2uknW57bnfMCS1dxW1He7rPbuhuQ,AI,2026-10-03T17:57:28Z,Gf7sXMoP8iRw4iiXmJ1nq4vxcRycbGXy5RL8a8LnTd3v,1.378962265,2026-10-02T18:57:24Z,82804,f8YLhXNarMwjovVP2efvNdtDZVc5RHxmpDW7baodpnF3iPT1W5RuN8GUfL1jRUxewMeQNbmm99nNZHJvLuMSnN5,28,2,True,False,False
89HbgWduLwoxcofWpmn1EiF9wEdpgkNDEyPjzZ72mkDi,HIDDEN_CANDIDATE,9PNfxvTARzdxvQas2uknW57bnfMCS1dxW1He7rPbuhuQ,AI,2026-10-03T17:57:28Z,Gf7sXMoP8iRw4iiXmJ1nq4vxcRycbGXy5RL8a8LnTd3v,1.652678812,2026-10-02T18:57:43Z,82785,2ixMvnLzL4qPSFQP9QhNQV4RMac8UtGg7ARtKnEpXp4zrxt7BC28mXRCYpEyEwQ6K6CjUr5Z6mvTFqmD2HWNXEeu,28,2,True,False,False
89HbgWduLwoxcofWpmn1EiF9wEdpgkNDEyPjzZ72mkDi,HIDDEN_CANDIDATE,9PNfxvTARzdxvQas2uknW57bnfMCS1dxW1He7rPbuhuQ,AI,2026-10-03T17:57:28Z,2TAgfogn8JRwwTnsGKUa6WUT5Xdv1iMEzfEDMor68X9C,1.487455605,2026-10-02T19:00:38Z,82610,5W3bwXUTJSTa21PjuJxZK4Lq44dnAum1aYBqkLtBWieya2m5qJBjojeDk37SBbhzGTDZEvaMQisMHSAM5hchkhZN,10,2,False,False,False
89HbgWduLwoxcofWpmn1EiF9wEdpgkNDEyPjzZ72mkDi,HIDDEN_CANDIDATE,9PNfxvTARzdxvQas2uknW57bnfMCS1dxW1He7rPbuhuQ,AI,2026-10-03T17:57:28Z,2TAgfogn8JRwwTnsGKUa6WUT5Xdv1iMEzfEDMor68X9C,1.284099353,2026-10-02T19:00:40Z,82608,52TjmKmS6UMB6Q5FNaJMduLYNqZkW88HfUkWkSE5vUFB3Fcp8gFtRmY4mjn2LYZSXG5cU92VF9Lm5MTqTMxMX3Lb,10,2,False,False,False
89HbgWduLwoxcofWpmn1EiF9wEdpgkNDEyPjzZ72mkDi,HIDDEN_CANDIDATE,9PNfxvTARzdxvQas2uknW57bnfMCS1dxW1He7rPbuhuQ,AI,2026-10-03T17:57:28Z,DoAsxPQgiyAxyaJNvpAAUb2ups6rbJRdYrCPyWxwRxBb,0.209430726,2026-10-02T19:01:41Z,82547,5npWx4nG5kKQXJoVnvsBKJ1wpMZU3d9T2qjXaeH7uXcBTmGA3N3Np6Kc9aSg3MTPza2iwT1xpT2EwENh7ZFGUtm1,278,3,False,False,False
89HbgWduLwoxcofWpmn1EiF9wEdpgkNDEyPjzZ72mkDi,HIDDEN_CANDIDATE,9PNfxvTARzdxvQas2uknW57bnfMCS1dxW1He7rPbuhuQ,AI,2026-10-03T17:57:28Z,Gf7sXMoP8iRw4iiXmJ1nq4vxcRycbGXy5RL8a8LnTd3v,1.476773523,2026-10-02T19:31:06Z,80782,ZVxWxzv8CL11BiueEqfEiKhAE9whbQFAfskKbBdGLA9JrVrGUXEmXhEgqjiYjWmTiibkfCsd4rMCDFCFh2qeqJ2,28,2,True,False,False
89HbgWduLwoxcofWpmn1EiF9wEdpgkNDEyPjzZ72mkDi,HIDDEN_CANDIDATE,9PNfxvTARzdxvQas2uknW57bnfMCS1dxW1He7rPbuhuQ,AI,2026-10-03T17:57:28Z,DoAsxPQgiyAxyaJNvpAAUb2ups6rbJRdYrCPyWxwRxBb,0.107627527,2026-10-02T19:31:33Z,80755,2fVp956frmGLhvHP4gasHSqEouGydMaBPcnULkm5UKgvuZEZ3sr7e5wMtSCEfrGBjayAEYVxfyF5TBQvb29sZUuQ,278,3,False,False,False
89HbgWduLwoxcofWpmn1EiF9wEdpgkNDEyPjzZ72mkDi,HIDDEN_CANDIDATE,9PNfxvTARzdxvQas2uknW57bnfMCS1dxW1He7rPbuhuQ,AI,2026-10-03T17:57:28Z,DoAsxPQgiyAxyaJNvpAAUb2ups6rbJRdYrCPyWxwRxBb,0.111053069,2026-10-02T19:46:48Z,79840,2tWoxPGu1LMPWnViCFrcgp3tkxzRGML44PZh8e5g7MR19vyiGnQNcn5dWno2DAidSdqmc3CWn9QkF3NR9iFtboh5,278,3,False,False,False
89HbgWduLwoxcofWpmn1EiF9wEdpgkNDEyPjzZ72mkDi,HIDDEN_CANDIDATE,9PNfxvTARzdxvQas2uknW57bnfMCS1dxW1He7rPbuhuQ,AI,2026-10-03T17:57:28Z,Gf7sXMoP8iRw4iiXmJ1nq4vxcRycbGXy5RL8a8LnTd3v,1.579413755,2026-10-02T19:47:59Z,79769,5UWh14dBsUWPGfrDsVEXWRsdYZsqbsrMp8HCB8q4rov9Qknza3xP8s7hVvRLPBxoEo5B4iHRXrJTBbsNtxfAcHS,28,2,True,False,False
89HbgWduLwoxcofWpmn1EiF9wEdpgkNDEyPjzZ72mkDi,HIDDEN_CANDIDATE,9PNfxvTARzdxvQas2uknW57bnfMCS1dxW1He7rPbuhuQ,AI,2026-10-03T17:57:28Z,GpMZbSM2GgvTKHJirzeGfMFoaZ8UR2X7F4v8vHTvxFbL,0.445743719,2026-10-02T19:51:26Z,79562,4Uf8z36vhWG1JuWrgnQSe613WwtVXeeLhy6dHBSzshkDQnarnYrD62VovEKLBy6rxXpHvoqTVjAPiuJEkdhmTA7S,16,2,False,False,False
89HbgWduLwoxcofWpmn1EiF9wEdpgkNDEyPjzZ72mkDi,HIDDEN_CANDIDATE,9PNfxvTARzdxvQas2uknW57bnfMCS1dxW1He7rPbuhuQ,AI,2026-10-03T17:57:28Z,GpMZbSM2GgvTKHJirzeGfMFoaZ8UR2X7F4v8vHTvxFbL,0.32446786,2026-10-02T19:51:27Z,79561,3epjQVT5vYxxsYgtNFncc2YiC3caxaGQxE9E4ukKo5WeRDUd8kwvjfkD2fLQbRsvHnWyjhUdY5srFxYpBXNq7bCx,16,2,False,False,False
89HbgWduLwoxcofWpmn1EiF9wEdpgkNDEyPjzZ72mkDi,HIDDEN_CANDIDATE,9PNfxvTARzdxvQas2uknW57bnfMCS1dxW1He7rPbuhuQ,AI,2026-10-03T17:57:28Z,DoAsxPQgiyAxyaJNvpAAUb2ups6rbJRdYrCPyWxwRxBb,0.15946596,2026-10-02T19:52:30Z,79498,ho7utLzsdXvU5DQ1DRYBEUaTGCmZhx23mEGF13qDedmK5pHRTxsTHzXj5Qj5dpji8EdqR8aMBPzVEGy8WspeXr5,278,3,False,False,False
89HbgWduLwoxcofWpmn1EiF9wEdpgkNDEyPjzZ72mkDi,HIDDEN_CANDIDATE,9PNfxvTARzdxvQas2uknW57bnfMCS1dxW1He7rPbuhuQ,AI,2026-10-03T17:57:28Z,GpMZbSM2GgvTKHJirzeGfMFoaZ8UR2X7F4v8vHTvxFbL,1.40429495,2026-10-02T19:53:27Z,79441,3xBPGU8M4QjMiek2Cp8XRcrzT4Tjr5st9AY18fcae6fi895DTfB7K7t4iaqHBkKHL2X5E4EM7h8SXsnKKyMq9fz6,16,2,False,False,False
89HbgWduLwoxcofWpmn1EiF9wEdpgkNDEyPjzZ72mkDi,HIDDEN_CANDIDATE,9PNfxvTARzdxvQas2uknW57bnfMCS1dxW1He7rPbuhuQ,AI,2026-10-03T17:57:28Z,DoAsxPQgiyAxyaJNvpAAUb2ups6rbJRdYrCPyWxwRxBb,0.089162827,2026-10-02T19:55:51Z,79297,5GfWnSqq1cjYHHzTxVewQTwyNNJUpTwR4ErnYqxjeArdG7mZyc5ewpptZ9yWDtzGPMDhLgaM723wwLdxtDoHNHZ8,278,3,False,False,False
89HbgWduLwoxcofWpmn1EiF9wEdpgkNDEyPjzZ72mkDi,HIDDEN_CANDIDATE,9PNfxvTARzdxvQas2uknW57bnfMCS1dxW1He7rPbuhuQ,AI,2026-10-03T17:57:28Z,9PqibJk8eUhQpWqjNgrTYgYjoX4VQHbb66WVf42g98EL,1.264434926,2026-10-02T20:05:38Z,78710,3biuDfXJanCnuTs8i2a6VnYdkNT1NVZp7oyQEGcJ3jidE4HALvaoto9RVVDnEww94jJm96a63cn8ruDMnAhdZnSG,2,1,False,False,False
89HbgWduLwoxcofWpmn1EiF9wEdpgkNDEyPjzZ72mkDi,HIDDEN_CANDIDATE,9PNfxvTARzdxvQas2uknW57bnfMCS1dxW1He7rPbuhuQ,AI,2026-10-03T17:57:28Z,9udqZzePbx3N7917LK9PzgxrDqQEQDECtLc8KTYCNghX,4.0,2026-10-02T20:39:13Z,76695,235nFzf7bBf8cXjjshSj2dHJGB6HG6X9BzS545u4iq5jS657xZwbqvFdihhWAKsmvuy4U9s5NLaHDQoo35w6zGm4,2,1,False,False,False
89HbgWduLwoxcofWpmn1EiF9wEdpgkNDEyPjzZ72mkDi,HIDDEN_CANDIDATE,9PNfxvTARzdxvQas2uknW57bnfMCS1dxW1He7rPbuhuQ,AI,2026-10-03T17:57:28Z,GpMZbSM2GgvTKHJirzeGfMFoaZ8UR2X7F4v8vHTvxFbL,1.916819611,2026-10-03T12:56:22Z,18066,2aQYGpPGJwnue46efmsoiDdViyT8Fc55axtRp1AN5HJCURLBTTojFEVKR5NbufohJSpULd2xJGeCoxCfCme4739w,16,2,False,False,False
89HbgWduLwoxcofWpmn1EiF9wEdpgkNDEyPjzZ72mkDi,HIDDEN_CANDIDATE,9PNfxvTARzdxvQas2uknW57bnfMCS1dxW1He7rPbuhuQ,AI,2026-10-03T17:57:28Z,DoAsxPQgiyAxyaJNvpAAUb2ups6rbJRdYrCPyWxwRxBb,0.290132481,2026-10-03T13:16:03Z,16885,g7jHD9gBdqvxhss2btrfk3hjyLvHMkDJwjmyNXgWE24tvVExsSkpeyqFt7H28tMa8nFQQQt4H8FcLjLoYGk8PcN,278,3,False,False,False
89HbgWduLwoxcofWpmn1EiF9wEdpgkNDEyPjzZ72mkDi,HIDDEN_CANDIDATE,9PNfxvTARzdxvQas2uknW57bnfMCS1dxW1He7rPbuhuQ,AI,2026-10-03T17:57:28Z,DoAsxPQgiyAxyaJNvpAAUb2ups6rbJRdYrCPyWxwRxBb,0.192613994,2026-10-03T13:31:34Z,15954,j7Y6zLCzayqfT6ELahpLgC8CJxX475udJoSJJdh3kAN7FhCfnx8Dfz7yenxApi7C7Sf9VfwsAoChjEfyLesz5M5,278,3,False,False,False
89HbgWduLwoxcofWpmn1EiF9wEdpgkNDEyPjzZ72mkDi,HIDDEN_CANDIDATE,9PNfxvTARzdxvQas2uknW57bnfMCS1dxW1He7rPbuhuQ,AI,2026-10-03T17:57:28Z,DoAsxPQgiyAxyaJNvpAAUb2ups6rbJRdYrCPyWxwRxBb,0.084073805,2026-10-03T13:41:19Z,15369,2qAPx7tSkM9GXP3iiKoHYDDTMefeEJmqu8BXwBrT5ggXwEnZvmULLxaSZiqmFCC3tQNQMa32LGPfYiu3cFDhQWnj,278,3,False,False,False
89HbgWduLwoxcofWpmn1EiF9wEdpgkNDEyPjzZ72mkDi,HIDDEN_CANDIDATE,9PNfxvTARzdxvQas2uknW57bnfMCS1dxW1He7rPbuhuQ,AI,2026-10-03T17:57:28Z,DoAsxPQgiyAxyaJNvpAAUb2ups6rbJRdYrCPyWxwRxBb,0.162124711,2026-10-03T13:43:48Z,15220,2dH942L5prpkzvzpB4aNJjshPEyXtZQR7yW9TYehc5xZRfYhBTwsPe4TPGB2QsPMgDqtZtBW6EV9mReHnhm1eVrx,278,3,False,False,False
89HbgWduLwoxcofWpmn1EiF9wEdpgkNDEyPjzZ72mkDi,HIDDEN_CANDIDATE,9PNfxvTARzdxvQas2uknW57bnfMCS1dxW1He7rPbuhuQ,AI,2026-10-03T17:57:28Z,DoAsxPQgiyAxyaJNvpAAUb2ups6rbJRdYrCPyWxwRxBb,0.066669756,2026-10-03T13:44:19Z,15189,5RXmLuDYni1NqdnkhTK8335VTD9dSJAFzFGbVfLyiEmrxKc7aWqEQZKqCrgy1cLUeUqx4Ph4NKM5DiHuarMAnk1c,278,3,False,False,False
89HbgWduLwoxcofWpmn1EiF9wEdpgkNDEyPjzZ72mkDi,HIDDEN_CANDIDATE,9PNfxvTARzdxvQas2uknW57bnfMCS1dxW1He7rPbuhuQ,AI,2026-10-03T17:57:28Z,Gf7sXMoP8iRw4iiXmJ1nq4vxcRycbGXy5RL8a8LnTd3v,1.800110277,2026-10-03T13:49:18Z,14890,5YhocMW3pmqUrjzJ6qRntATTnVekNDoCfwvqV311UwR8GqnkpBFefDv7gkzySNm8S9c6XHMmeBKc16nte2YZULJn,28,2,True,False,False
89HbgWduLwoxcofWpmn1EiF9wEdpgkNDEyPjzZ72mkDi,HIDDEN_CANDIDATE,9PNfxvTARzdxvQas2uknW57bnfMCS1dxW1He7rPbuhuQ,AI,2026-10-03T17:57:28Z,DoAsxPQgiyAxyaJNvpAAUb2ups6rbJRdYrCPyWxwRxBb,0.094167893,2026-10-03T13:49:35Z,14873,3HNZgwE4XMhrHvF5FKWnCGXnuCiWUvUjNKLUUkEj8WeG36FGzi1cHXdkTpFVARL9gcw9wm1hgi6sb3A5PZDDSqEv,278,3,False,False,False
89HbgWduLwoxcofWpmn1EiF9wEdpgkNDEyPjzZ72mkDi,HIDDEN_CANDIDATE,9PNfxvTARzdxvQas2uknW57bnfMCS1dxW1He7rPbuhuQ,AI,2026-10-03T17:57:28Z,DoAsxPQgiyAxyaJNvpAAUb2ups6rbJRdYrCPyWxwRxBb,0.116182699,2026-10-03T13:53:30Z,14638,3hwL8PqMKukXV8zn157G6FwWAR96souNsaDnYyKBoGJ3WNgD8voT7b1iKih3EYjvqSoGnJ1iCuBuvy4kTxCDZgAY,278,3,False,False,False
89HbgWduLwoxcofWpmn1EiF9wEdpgkNDEyPjzZ72mkDi,HIDDEN_CANDIDATE,9PNfxvTARzdxvQas2uknW57bnfMCS1dxW1He7rPbuhuQ,AI,2026-10-03T17:57:28Z,DoAsxPQgiyAxyaJNvpAAUb2ups6rbJRdYrCPyWxwRxBb,0.168659954,2026-10-03T14:14:52Z,13356,gd8krxJbZu3a1z61SNESsBy8d16KaMckPf2qJHUnEWKmyECW8rYSfLcuKUdk7191hWJnCqbLRcFTXwraCXUUWqd,278,3,False,False,False
89HbgWduLwoxcofWpmn1EiF9wEdpgkNDEyPjzZ72mkDi,HIDDEN_CANDIDATE,9PNfxvTARzdxvQas2uknW57bnfMCS1dxW1He7rPbuhuQ,AI,2026-10-03T17:57:28Z,DoAsxPQgiyAxyaJNvpAAUb2ups6rbJRdYrCPyWxwRxBb,0.16477186,2026-10-03T14:20:32Z,13016,4YwUNDeWzQg7qWKngTYzifoT7g1gCeVgrrzPLQriJKvmvLPhWAFU3QSuNH8qi4bVTP6rCszodqYP6H3qENSBVLzL,278,3,False,False,False
89HbgWduLwoxcofWpmn1EiF9wEdpgkNDEyPjzZ72mkDi,HIDDEN_CANDIDATE,9PNfxvTARzdxvQas2uknW57bnfMCS1dxW1He7rPbuhuQ,AI,2026-10-03T17:57:28Z,DoAsxPQgiyAxyaJNvpAAUb2ups6rbJRdYrCPyWxwRxBb,0.130243753,2026-10-03T14:24:39Z,12769,2DEUNUBqRTgRMsVsR2WwnRYurBERDSoEEYcqsjMN6h6fv1yaXF4UrKMbQeutxHD23eU9G86SXjmcheieckSCB38C,278,3,False,False,False
89HbgWduLwoxcofWpmn1EiF9wEdpgkNDEyPjzZ72mkDi,HIDDEN_CANDIDATE,9PNfxvTARzdxvQas2uknW57bnfMCS1dxW1He7rPbuhuQ,AI,2026-10-03T17:57:28Z,DoAsxPQgiyAxyaJNvpAAUb2ups6rbJRdYrCPyWxwRxBb,0.069317868,2026-10-03T14:28:20Z,12548,5BN9GVA2Jav65KEaZq3fVBBsZWBdoDWaAAmZg69LT62sToNQ9bC8ExkLf8D376YLR7tVqPvEAGnKSoLdh3p17JNR,278,3,False,False,False
89HbgWduLwoxcofWpmn1EiF9wEdpgkNDEyPjzZ72mkDi,HIDDEN_CANDIDATE,9PNfxvTARzdxvQas2uknW57bnfMCS1dxW1He7rPbuhuQ,AI,2026-10-03T17:57:28Z,DoAsxPQgiyAxyaJNvpAAUb2ups6rbJRdYrCPyWxwRxBb,0.111704666,2026-10-03T14:46:58Z,11430,5PxPyxJYNJe63z9cfVDgZLdmLFSpKfmiRaYb8X25nm7sua5DxzEq37ovrTYwh2AV5edwFmdbPWuxx8ym3q3PhgCp,278,3,False,False,False
89HbgWduLwoxcofWpmn1EiF9wEdpgkNDEyPjzZ72mkDi,HIDDEN_CANDIDATE,9PNfxvTARzdxvQas2uknW57bnfMCS1dxW1He7rPbuhuQ,AI,2026-10-03T17:57:28Z,GpMZbSM2GgvTKHJirzeGfMFoaZ8UR2X7F4v8vHTvxFbL,1.146352792,2026-10-03T14:47:08Z,11420,2S7NF5CgKebkp5v7zsyw1EEowDMvDgpoqXqgFRhYAA26MkmZpS2oQTsFUqF3LrYBGYwkL2gnb3fbaNL2CvGR6LE6,16,2,False,False,False
89HbgWduLwoxcofWpmn1EiF9wEdpgkNDEyPjzZ72mkDi,HIDDEN_CANDIDATE,9PNfxvTARzdxvQas2uknW57bnfMCS1dxW1He7rPbuhuQ,AI,2026-10-03T17:57:28Z,GpMZbSM2GgvTKHJirzeGfMFoaZ8UR2X7F4v8vHTvxFbL,1.154934473,2026-10-03T14:52:26Z,11102,55MFmFiNKC1BoVfhSkQo76XQwZozou3uJno5T8LLsfYBKrJVHw2WjZCLAwPTphSL6iYd9w1HTDM9ztsVwpoZvsrW,16,2,False,False,False
89HbgWduLwoxcofWpmn1EiF9wEdpgkNDEyPjzZ72mkDi,HIDDEN_CANDIDATE,9PNfxvTARzdxvQas2uknW57bnfMCS1dxW1He7rPbuhuQ,AI,2026-10-03T17:57:28Z,DoAsxPQgiyAxyaJNvpAAUb2ups6rbJRdYrCPyWxwRxBb,0.167924579,2026-10-03T14:53:50Z,11018,9ojELvHtfgmU8yCeR8CC3cSu44NCVAytGj9GC3NNg2a34HK4J1q1ugVt36JYY6nyqyyz47n3Z6vUFHtS3acDevg,278,3,False,False,False
89HbgWduLwoxcofWpmn1EiF9wEdpgkNDEyPjzZ72mkDi,HIDDEN_CANDIDATE,9PNfxvTARzdxvQas2uknW57bnfMCS1dxW1He7rPbuhuQ,AI,2026-10-03T17:57:28Z,DoAsxPQgiyAxyaJNvpAAUb2ups6rbJRdYrCPyWxwRxBb,0.095504166,2026-10-03T15:07:57Z,10171,o9Bqr9Jzf5YuFrLp8uB2h2Q7hY8iy6brbeP1TSXVkcJ5MSg98Bz6ErCBbL2DMchCksmAYNYmQqLvnFSu7s79M97,278,3,False,False,False
89HbgWduLwoxcofWpmn1EiF9wEdpgkNDEyPjzZ72mkDi,HIDDEN_CANDIDATE,9PNfxvTARzdxvQas2uknW57bnfMCS1dxW1He7rPbuhuQ,AI,2026-10-03T17:57:28Z,DoAsxPQgiyAxyaJNvpAAUb2ups6rbJRdYrCPyWxwRxBb,0.154477153,2026-10-03T15:11:17Z,9971,r5XpBNxgYENXbUg8B3rAFA77j7s9BXf5iAnT7AtRm9H4RWaHUbiBtve3G4kHDhcFqKHj8Combvxk1emBPZ4LdQW,278,3,False,False,False
89HbgWduLwoxcofWpmn1EiF9wEdpgkNDEyPjzZ72mkDi,HIDDEN_CANDIDATE,9PNfxvTARzdxvQas2uknW57bnfMCS1dxW1He7rPbuhuQ,AI,2026-10-03T17:57:28Z,DoAsxPQgiyAxyaJNvpAAUb2ups6rbJRdYrCPyWxwRxBb,0.09128002,2026-10-03T15:26:22Z,9066,5dQ8sNbPL3T6cJpYidN5zeJRwHcqnooD5qzptHiESLu47Gw7o714RrApEccnh3SaFybvrPwcBm8RhdH4PGSxHQso,278,3,False,False,False
89HbgWduLwoxcofWpmn1EiF9wEdpgkNDEyPjzZ72mkDi,HIDDEN_CANDIDATE,9PNfxvTARzdxvQas2uknW57bnfMCS1dxW1He7rPbuhuQ,AI,2026-10-03T17:57:28Z,DoAsxPQgiyAxyaJNvpAAUb2ups6rbJRdYrCPyWxwRxBb,0.063630962,2026-10-03T15:35:48Z,8500,43zR9sBSLmPT6vyBVupoEDhRjY9mtUYh5XZbN4taa1hm87P5Z6cFXeqZj37VUmgGhBRfJ8ED7DtHd83C5DFgGSuw,278,3,False,False,False
89HbgWduLwoxcofWpmn1EiF9wEdpgkNDEyPjzZ72mkDi,HIDDEN_CANDIDATE,9PNfxvTARzdxvQas2uknW57bnfMCS1dxW1He7rPbuhuQ,AI,2026-10-03T17:57:28Z,DoAsxPQgiyAxyaJNvpAAUb2ups6rbJRdYrCPyWxwRxBb,0.074805161,2026-10-03T15:45:04Z,7944,wtoKAuHudE6zJu7SHiQvCpbVJYtAEiFhbLRXkr8UZno8TApTmCiHbK5kjj3qfQ3rT7ZvPTi8uJwbhSYqFsCwHJN,278,3,False,False,False
89HbgWduLwoxcofWpmn1EiF9wEdpgkNDEyPjzZ72mkDi,HIDDEN_CANDIDATE,9PNfxvTARzdxvQas2uknW57bnfMCS1dxW1He7rPbuhuQ,AI,2026-10-03T17:57:28Z,coj59LYbLc6DhMwnxxfPc9mUiknjFSsW4XcuYw4DMPk,1.568917992,2026-10-03T15:45:21Z,7927,4CwGKPjPaGcf4Bw3RR9LbdLgxw8RyK6L1AFtqvDQf6qCjfuFXper8m3jFTZnFFMaH7HxYyZZ1d3kJcrbueK3vdYF,3,2,False,False,False
89HbgWduLwoxcofWpmn1EiF9wEdpgkNDEyPjzZ72mkDi,HIDDEN_CANDIDATE,9PNfxvTARzdxvQas2uknW57bnfMCS1dxW1He7rPbuhuQ,AI,2026-10-03T17:57:28Z,DoAsxPQgiyAxyaJNvpAAUb2ups6rbJRdYrCPyWxwRxBb,0.0566937,2026-10-03T15:45:39Z,7909,LFG9RFyW7eVzg9ob5xob6cuSAwiGjYxuUcQvbbSsV79S77CVcMTWDFgE7X68cc5aaL6VvEzkrvfYifZ3zKrDPaA,278,3,False,False,False
89HbgWduLwoxcofWpmn1EiF9wEdpgkNDEyPjzZ72mkDi,HIDDEN_CANDIDATE,9PNfxvTARzdxvQas2uknW57bnfMCS1dxW1He7rPbuhuQ,AI,2026-10-03T17:57:28Z,DoAsxPQgiyAxyaJNvpAAUb2ups6rbJRdYrCPyWxwRxBb,0.065126824,2026-10-03T15:49:20Z,7688,3FdUwb7SvhdnqWPWmNRBqmHvUt798UZGVbdhjGnzRJizvEsKx44p9WxaxDcDZnrcekWUxbPSNXv3NCDm3LPs5eaU,278,3,False,False,False
89HbgWduLwoxcofWpmn1EiF9wEdpgkNDEyPjzZ72mkDi,HIDDEN_CANDIDATE,9PNfxvTARzdxvQas2uknW57bnfMCS1dxW1He7rPbuhuQ,AI,2026-10-03T17:57:28Z,DoAsxPQgiyAxyaJNvpAAUb2ups6rbJRdYrCPyWxwRxBb,0.11127755,2026-10-03T15:57:05Z,7223,2QcqqsSSohaPvLQhDrZQFGBkY7pJHwigqSWBPi1ngje2dYw3NuRV9q2SUzHEshuePQavdwiNsEH4WVZQZ6DCxkkt,278,3,False,False,False
89HbgWduLwoxcofWpmn1EiF9wEdpgkNDEyPjzZ72mkDi,HIDDEN_CANDIDATE,9PNfxvTARzdxvQas2uknW57bnfMCS1dxW1He7rPbuhuQ,AI,2026-10-03T17:57:28Z,DoAsxPQgiyAxyaJNvpAAUb2ups6rbJRdYrCPyWxwRxBb,0.091351911,2026-10-03T15:58:36Z,7132,WnBQGrPFp5PPEZeY2dwQJCLF84fcjtAxt18F8AqaA7WveFTysMZ1w9r1zy3sLZFLMYS4iRfd3tLkx6meWq9QS8W,278,3,False,False,False
89HbgWduLwoxcofWpmn1EiF9wEdpgkNDEyPjzZ72mkDi,HIDDEN_CANDIDATE,9PNfxvTARzdxvQas2uknW57bnfMCS1dxW1He7rPbuhuQ,AI,2026-10-03T17:57:28Z,DoAsxPQgiyAxyaJNvpAAUb2ups6rbJRdYrCPyWxwRxBb,0.164866168,2026-10-03T16:12:29Z,6299,32eYiWeFENFMzpi2Apad9Zp7uZ2LHBQUhuiftaUX1mNhm2rRBEbHkarJhuhM1HgfF8S2fv3GXhvwGPK8Ncm987g7,278,3,False,False,False
89HbgWduLwoxcofWpmn1EiF9wEdpgkNDEyPjzZ72mkDi,HIDDEN_CANDIDATE,9PNfxvTARzdxvQas2uknW57bnfMCS1dxW1He7rPbuhuQ,AI,2026-10-03T17:57:28Z,4Q6En4UojPiY2283QW71wNrneCLBFVvC5ptQciHrFxbX,7.444172862,2026-10-03T16:28:10Z,5358,2uiUKCphnYjA7EVu2b3G9xTADASKxDGGonL9PaUXCY4u8DpZgGDPSbbpdtdGRPMzqE6bAmEJ9roM1GKK8mH1LiHd,2,1,False,False,False
89HbgWduLwoxcofWpmn1EiF9wEdpgkNDEyPjzZ72mkDi,HIDDEN_CANDIDATE,9PNfxvTARzdxvQas2uknW57bnfMCS1dxW1He7rPbuhuQ,AI,2026-10-03T17:57:28Z,Gf7sXMoP8iRw4iiXmJ1nq4vxcRycbGXy5RL8a8LnTd3v,1.538434438,2026-10-03T16:30:42Z,5206,6555pYWLMhK2QToePLwQkG9PKjin8qnexrfDwk8QCbEJixNv5JfGYeTjwXiYDbxSjybPtAQSiZ1TdRFmeFr3RJrF,28,2,True,False,False
89HbgWduLwoxcofWpmn1EiF9wEdpgkNDEyPjzZ72mkDi,HIDDEN_CANDIDATE,9PNfxvTARzdxvQas2uknW57bnfMCS1dxW1He7rPbuhuQ,AI,2026-10-03T17:57:28Z,DoAsxPQgiyAxyaJNvpAAUb2ups6rbJRdYrCPyWxwRxBb,0.305279506,2026-10-03T16:31:09Z,5179,4nYXPy1rhnfiQ4GkuYe3PvnHU3gBpNbByWZ5isBeSzb6WfZENqPeqsxWb3ufdzrWVioKJ1gK47cSaMhyAz9HVuRa,278,3,False,False,False
89HbgWduLwoxcofWpmn1EiF9wEdpgkNDEyPjzZ72mkDi,HIDDEN_CANDIDATE,9PNfxvTARzdxvQas2uknW57bnfMCS1dxW1He7rPbuhuQ,AI,2026-10-03T17:57:28Z,BofA2ViUSudPBTUms2KRuG6AHNeMawjNfwqTJDgx5BKW,1.273781205,2026-10-03T16:35:14Z,4934,21iCJCMDDW5SPqRb17VcHYN4ZaZRdg4Mm8QAGkBxssCvN2DpJWvp1bUzDyrMVgJACHGTRnAs8qUPSKdRYZm4C1vT,12,2,True,False,False
89HbgWduLwoxcofWpmn1EiF9wEdpgkNDEyPjzZ72mkDi,HIDDEN_CANDIDATE,9PNfxvTARzdxvQas2uknW57bnfMCS1dxW1He7rPbuhuQ,AI,2026-10-03T17:57:28Z,BofA2ViUSudPBTUms2KRuG6AHNeMawjNfwqTJDgx5BKW,0.931265597,2026-10-03T16:35:22Z,4926,Aq5fTj3pMQAg5HMQQKbxVrL64HTEkkw3uKkJxjuqHJwAKgtQEDfzzMzM59EcVksuacgbtUserFDkZiydorrRCoU,12,2,True,False,False
89HbgWduLwoxcofWpmn1EiF9wEdpgkNDEyPjzZ72mkDi,HIDDEN_CANDIDATE,9PNfxvTARzdxvQas2uknW57bnfMCS1dxW1He7rPbuhuQ,AI,2026-10-03T17:57:28Z,BofA2ViUSudPBTUms2KRuG6AHNeMawjNfwqTJDgx5BKW,0.770372135,2026-10-03T16:35:23Z,4925,38ah8bMLuCrU3X7dh5X1iUmPdXTf4sFrrJnPHmiucNhnqPBMSxW4ST22QaMaCE9byJB48VZM3vVviZBQRgYTY2wB,12,2,True,False,False
89HbgWduLwoxcofWpmn1EiF9wEdpgkNDEyPjzZ72mkDi,HIDDEN_CANDIDATE,9PNfxvTARzdxvQas2uknW57bnfMCS1dxW1He7rPbuhuQ,AI,2026-10-03T17:57:28Z,DoAsxPQgiyAxyaJNvpAAUb2ups6rbJRdYrCPyWxwRxBb,0.177846784,2026-10-03T16:35:38Z,4910,4ZQLiwDyhH97UUUjgcTnCfw5pTHfjGd8q2fYPeejvCbVLt5pRZbE2PMU8Lqe3gXApvZtu81EMTwzQ1nYQ9zXpPex,278,3,False,False,False
89HbgWduLwoxcofWpmn1EiF9wEdpgkNDEyPjzZ72mkDi,HIDDEN_CANDIDATE,9PNfxvTARzdxvQas2uknW57bnfMCS1dxW1He7rPbuhuQ,AI,2026-10-03T17:57:28Z,GpMZbSM2GgvTKHJirzeGfMFoaZ8UR2X7F4v8vHTvxFbL,0.084018405,2026-10-03T16:36:39Z,4849,eQJKbFm9zP7FKdFLEnEM3rBGha7tKuEu8S6QNPQc3sahfyexYKc3cPRwEkGN39gvMPJmBZvKirKCb2p3ZGtpRbL,16,2,False,False,False
89HbgWduLwoxcofWpmn1EiF9wEdpgkNDEyPjzZ72mkDi,HIDDEN_CANDIDATE,9PNfxvTARzdxvQas2uknW57bnfMCS1dxW1He7rPbuhuQ,AI,2026-10-03T17:57:28Z,DoAsxPQgiyAxyaJNvpAAUb2ups6rbJRdYrCPyWxwRxBb,0.062357971,2026-10-03T16:37:46Z,4782,3tAR2kNuJQ47CmrSLyhsnfrd2MzmxYjATqzqfZS92XjLmWJgAB6CKaR1A5wHYCDk1eccxDkeyKCfeM6Pog4i7HCk,278,3,False,False,False
89HbgWduLwoxcofWpmn1EiF9wEdpgkNDEyPjzZ72mkDi,HIDDEN_CANDIDATE,9PNfxvTARzdxvQas2uknW57bnfMCS1dxW1He7rPbuhuQ,AI,2026-10-03T17:57:28Z,BofA2ViUSudPBTUms2KRuG6AHNeMawjNfwqTJDgx5BKW,1.718864347,2026-10-03T16:40:21Z,4627,53782ZU7RjMnnb7aMkTZFCv5iDZ1DiGuLuxScSybd4oq3aEhhyYzCRwevvDJeMSZJdYS22UeBFuQNgyW1heyCqNk,12,2,True,False,False
89HbgWduLwoxcofWpmn1EiF9wEdpgkNDEyPjzZ72mkDi,HIDDEN_CANDIDATE,9PNfxvTARzdxvQas2uknW57bnfMCS1dxW1He7rPbuhuQ,AI,2026-10-03T17:57:28Z,DoAsxPQgiyAxyaJNvpAAUb2ups6rbJRdYrCPyWxwRxBb,0.060147343,2026-10-03T16:40:37Z,4611,4rEs4RMJCoeLK5WtScg7Rirac4cA6E22yPogouedHghELKQYeMP3KXZr1YgwtQhaLVEfarJGFMgvb7td6Hm9Uu5N,278,3,False,False,False
89HbgWduLwoxcofWpmn1EiF9wEdpgkNDEyPjzZ72mkDi,HIDDEN_CANDIDATE,9PNfxvTARzdxvQas2uknW57bnfMCS1dxW1He7rPbuhuQ,AI,2026-10-03T17:57:28Z,2qGLP3F5Xn5FZnB8K5NZYCakENbYqNSPzh46cMdWez44,0.225813334,2026-10-03T16:57:14Z,3614,3qazfR8bqpNSL1omJPmLgK5sj172yFz2wWBqX7c3b4JbyGjvyaSZQhucP5k1CfxQ9LEnvW1GGhf9pQDumc6VogpH,2,1,False,False,False
89HbgWduLwoxcofWpmn1EiF9wEdpgkNDEyPjzZ72mkDi,HIDDEN_CANDIDATE,9PNfxvTARzdxvQas2uknW57bnfMCS1dxW1He7rPbuhuQ,AI,2026-10-03T17:57:28Z,CRnqE2AX8XLJHwkbNJkHGiZ7AJQPRcmTrqokLoiMRHoN,0.145848379,2026-10-03T16:57:15Z,3613,3d81iHxmj1fw4DgLoxJHYFmb2PChJKe9nqsvEaW6wBWpmyXAFSFz76ykJrHEJr47XDdejiLPJ3Lf23nvu1VPTgjT,2,1,False,False,False
89HbgWduLwoxcofWpmn1EiF9wEdpgkNDEyPjzZ72mkDi,HIDDEN_CANDIDATE,9PNfxvTARzdxvQas2uknW57bnfMCS1dxW1He7rPbuhuQ,AI,2026-10-03T17:57:28Z,HGjLXE4z8buRS1UvEcKK5C1Pxa5DvCPNeq9DReDbNFvu,0.509364006,2026-10-03T16:57:16Z,3612,5cjEGj36AJYiUwzcZH4yCA7w2815fFPR2dp4ynR7Hmj1FUFDdBZTMfzxUq7c4LNsYvUkpsTvryoDatLVpM5W8Vvp,2,1,False,False,False
89HbgWduLwoxcofWpmn1EiF9wEdpgkNDEyPjzZ72mkDi,HIDDEN_CANDIDATE,9PNfxvTARzdxvQas2uknW57bnfMCS1dxW1He7rPbuhuQ,AI,2026-10-03T17:57:28Z,6n6kS2h34HRviQQ53og4YbgQ7aakT5KWwPcKy63CRDXQ,0.065705207,2026-10-03T16:57:17Z,3611,5YefCEucTwjo3kwgv7GqHMbgXoNpkaQ6iUXz385GHNzUzHuzL2EPEBfBQAbE6yxBBfFdFyzoCfLe3dZ2QKEENyXc,2,1,False,False,False
89HbgWduLwoxcofWpmn1EiF9wEdpgkNDEyPjzZ72mkDi,HIDDEN_CANDIDATE,9PNfxvTARzdxvQas2uknW57bnfMCS1dxW1He7rPbuhuQ,AI,2026-10-03T17:57:28Z,9cYhhZLAbvD1aB6jRn4yeAfmSKG5Z8P7M58zC2Vr7TGc,0.19368826,2026-10-03T16:57:18Z,3610,4trCuzs85MB2h1KtiTMxStWezBVagwt5WrJua5onDRJvi9nU1D2B3PEoSKV3pHLFCDNnCbZeL7DTmv8fCj47XqiL,2,1,False,False,False
89HbgWduLwoxcofWpmn1EiF9wEdpgkNDEyPjzZ72mkDi,HIDDEN_CANDIDATE,9PNfxvTARzdxvQas2uknW57bnfMCS1dxW1He7rPbuhuQ,AI,2026-10-03T17:57:28Z,7AaipZh8E1CUoCDQ6APCbSpeHo8gLjxVoiXFG6kMp81h,0.420282936,2026-10-03T16:57:19Z,3609,5RfX5DLudAAZU9r6t1XZLyrbbT5q8Cz7hpwPoAVFfUuMvy86kkMaYkP8aQQ6fN7pmxMTAEh5spSrsEDMyAnwCwuu,2,1,False,False,False
89HbgWduLwoxcofWpmn1EiF9wEdpgkNDEyPjzZ72mkDi,HIDDEN_CANDIDATE,9PNfxvTARzdxvQas2uknW57bnfMCS1dxW1He7rPbuhuQ,AI,2026-10-03T17:57:28Z,FE4iRvqpDcfDVpfVGHC763afdYXngmjGkUuj63y13jgw,0.087914154,2026-10-03T16:57:19Z,3609,2jJwaGf5kWhGaT7CnHHbkQf4QEg3cJmpHEReqvDkRVbpC6i4F8PU68Y3p95fg1paemoqBMvYE1tCffVvTciKJCZE,2,1,False,False,False
89HbgWduLwoxcofWpmn1EiF9wEdpgkNDEyPjzZ72mkDi,HIDDEN_CANDIDATE,9PNfxvTARzdxvQas2uknW57bnfMCS1dxW1He7rPbuhuQ,AI,2026-10-03T17:57:28Z,zga6BUKo5EhJCW9f2ymKCJjYZ75zJ55pZbbwXRc3XUH,0.178186474,2026-10-03T16:57:20Z,3608,2S8a34mfunHGwvGBboHMAXWtp9iJio6gBtwNpTd5d4eyPAvRSmoFAawFSTev2QcKyUbeJX4AyE6L1YCZqsgUsySR,2,1,False,False,False
89HbgWduLwoxcofWpmn1EiF9wEdpgkNDEyPjzZ72mkDi,HIDDEN_CANDIDATE,9PNfxvTARzdxvQas2uknW57bnfMCS1dxW1He7rPbuhuQ,AI,2026-10-03T17:57:28Z,EuwAVkFJUskoijzX6YeeeVyhmqmhuQuCa5AbYUejJN5A,0.33841138,2026-10-03T16:57:21Z,3607,k56d1t2QBgcmEGbWRYpR3LY3KhhkznJD8JwuyCSyJFDxHB6Go3MKMnmAGM6sZJki6thwHoxKiEZTFgtbKnkquqG,3,1,False,False,False
89HbgWduLwoxcofWpmn1EiF9wEdpgkNDEyPjzZ72mkDi,HIDDEN_CANDIDATE,9PNfxvTARzdxvQas2uknW57bnfMCS1dxW1He7rPbuhuQ,AI,2026-10-03T17:57:28Z,Doc94ZMsjeyok9ay6CnQHeFboLw7B5L5M7gPPX7XHsjk,0.058230636,2026-10-03T16:57:24Z,3604,2L57ao4TZUHdoh1dtvwnKea3JV3ncnuVG1hT88vQjaMGBbeML2m6eswE9WXRH1XawhJFCUc2cxQUonSud6c6phxo,2,1,False,False,False
89HbgWduLwoxcofWpmn1EiF9wEdpgkNDEyPjzZ72mkDi,HIDDEN_CANDIDATE,9PNfxvTARzdxvQas2uknW57bnfMCS1dxW1He7rPbuhuQ,AI,2026-10-03T17:57:28Z,Tw5uhE2uyApRCt9LqN6qMSiEeLYvzvC3P5ToEvTeGEi,0.80563238,2026-10-03T17:00:06Z,3442,21qssGUaPS3WWQYTyxUY4TtjJyZP8isK7KuSz4Xa3kMr9aVSoPkdfxPXimgPCQ6HzT4oKUv5cfjjtiB2XeJqSzn6,3,2,False,False,False
89HbgWduLwoxcofWpmn1EiF9wEdpgkNDEyPjzZ72mkDi,HIDDEN_CANDIDATE,9PNfxvTARzdxvQas2uknW57bnfMCS1dxW1He7rPbuhuQ,AI,2026-10-03T17:57:28Z,DoAsxPQgiyAxyaJNvpAAUb2ups6rbJRdYrCPyWxwRxBb,0.261439217,2026-10-03T17:19:15Z,2293,4bDKh8wctvQiZ99KuPft4oHFKBoqi5CxTmTSWsECna1PKiCsZ3PFNGTYmLVXmiaKzGkfNAiwRrdZuzbqbQfhAAV9,278,3,False,False,False
89HbgWduLwoxcofWpmn1EiF9wEdpgkNDEyPjzZ72mkDi,HIDDEN_CANDIDATE,9PNfxvTARzdxvQas2uknW57bnfMCS1dxW1He7rPbuhuQ,AI,2026-10-03T17:57:28Z,BkcG9yp9G6Qj1hasBkZUWFa1BmxXtoV5S5ztvedDXvKY,0.569636504,2026-10-03T17:46:10Z,678,2hW316uJ1NziBTxkCZhc4tsTxDYCTVTmojyFuqE99sVfZY1JtEXs7HxZWhVMdo4rpRNr61vnJwuoE34e3dn1UHBr,29,1,False,False,False
89HbgWduLwoxcofWpmn1EiF9wEdpgkNDEyPjzZ72mkDi,HIDDEN_CANDIDATE,9PNfxvTARzdxvQas2uknW57bnfMCS1dxW1He7rPbuhuQ,AI,2026-10-03T17:57:28Z,BkcG9yp9G6Qj1hasBkZUWFa1BmxXtoV5S5ztvedDXvKY,0.507319611,2026-10-03T17:46:12Z,676,2FFHxNusuPqiXGVfrA55TXH8je5ih12Mdq98bw6okyf4HPFg1UnVzcFYJb478ic4yKKg515jynZkk71CuAXUwMmW,29,1,False,False,False
89HbgWduLwoxcofWpmn1EiF9wEdpgkNDEyPjzZ72mkDi,HIDDEN_CANDIDATE,9PNfxvTARzdxvQas2uknW57bnfMCS1dxW1He7rPbuhuQ,AI,2026-10-03T17:57:28Z,BkcG9yp9G6Qj1hasBkZUWFa1BmxXtoV5S5ztvedDXvKY,0.489751281,2026-10-03T17:46:12Z,676,2nJUiwn9XbdcQbpn6aeSKkM9dgF9SUJCeAiR9fT9gXG3yKUSegwpHU13p7wYRXsjnhz3nnM7V2QLBuPMYXJf8CVD,29,1,False,False,False
89HbgWduLwoxcofWpmn1EiF9wEdpgkNDEyPjzZ72mkDi,HIDDEN_CANDIDATE,9PNfxvTARzdxvQas2uknW57bnfMCS1dxW1He7rPbuhuQ,AI,2026-10-03T17:57:28Z,BkcG9yp9G6Qj1hasBkZUWFa1BmxXtoV5S5ztvedDXvKY,0.477563938,2026-10-03T17:46:14Z,674,jKz8tFbyPdRjec5QsDY5o5c1oHojzP8y3Jh4RzSinvAw78gUdTgDR8y6ywW57b1KjaCcfhrxe3LjpLzc4tH7TUw,29,1,False,False,False
89HbgWduLwoxcofWpmn1EiF9wEdpgkNDEyPjzZ72mkDi,HIDDEN_CANDIDATE,9PNfxvTARzdxvQas2uknW57bnfMCS1dxW1He7rPbuhuQ,AI,2026-10-03T17:57:28Z,BkcG9yp9G6Qj1hasBkZUWFa1BmxXtoV5S5ztvedDXvKY,0.724106445,2026-10-03T17:46:45Z,643,2GWzSwKAcB2pPVfQCPrFuCJyocXTScimW5QrLbVsJHTCTmuJ7E8fvA2AR1otpdbgZ3wbZMZGWC4g5rwYNDtkfsqX,29,1,False,False,False
89HbgWduLwoxcofWpmn1EiF9wEdpgkNDEyPjzZ72mkDi,HIDDEN_CANDIDATE,9PNfxvTARzdxvQas2uknW57bnfMCS1dxW1He7rPbuhuQ,AI,2026-10-03T17:57:28Z,BkcG9yp9G6Qj1hasBkZUWFa1BmxXtoV5S5ztvedDXvKY,0.712145731,2026-10-03T17:46:45Z,643,4Fm9DMJWfbheUZNiXcQGPojTv1PJF6zbCavbEYiiWo3tVk4bWTfuRow1FJ16gfdDjMPF6L44UHmy8Eg7SD7xzH1r,29,1,False,False,False
89HbgWduLwoxcofWpmn1EiF9wEdpgkNDEyPjzZ72mkDi,HIDDEN_CANDIDATE,9PNfxvTARzdxvQas2uknW57bnfMCS1dxW1He7rPbuhuQ,AI,2026-10-03T17:57:28Z,BkcG9yp9G6Qj1hasBkZUWFa1BmxXtoV5S5ztvedDXvKY,0.714555434,2026-10-03T17:46:45Z,643,5ZJfc6Aam1YnbyHs7SZSBYjgGcbgN2QfFPpV15u9uDATeVWQtNegJr4iBv4CUzjSud8TGHmFyVqmYPXfAMoYXhVm,29,1,False,False,False
89HbgWduLwoxcofWpmn1EiF9wEdpgkNDEyPjzZ72mkDi,HIDDEN_CANDIDATE,9PNfxvTARzdxvQas2uknW57bnfMCS1dxW1He7rPbuhuQ,AI,2026-10-03T17:57:28Z,BkcG9yp9G6Qj1hasBkZUWFa1BmxXtoV5S5ztvedDXvKY,0.601320606,2026-10-03T17:46:46Z,642,3oNGoRxKJQoNxW7FGtTbvsVUJi1ye5T7rjjhUnMFsrgQr5Qo746TrFzmgi5AKJ45NbnTZXDvWnCVCNbV6pKox7Q2,29,1,False,False,False
89HbgWduLwoxcofWpmn1EiF9wEdpgkNDEyPjzZ72mkDi,HIDDEN_CANDIDATE,9PNfxvTARzdxvQas2uknW57bnfMCS1dxW1He7rPbuhuQ,AI,2026-10-03T17:57:28Z,BkcG9yp9G6Qj1hasBkZUWFa1BmxXtoV5S5ztvedDXvKY,0.607415875,2026-10-03T17:46:53Z,635,574mc5q1bNSGKH2GQUpve9nQCABY64sCwnT18MKsfUFp9FZ927V9WqhZ8d1Z9JYJ4Dn9yg9zVaXNgqpNjmwURAW7,29,1,False,False,False
89HbgWduLwoxcofWpmn1EiF9wEdpgkNDEyPjzZ72mkDi,HIDDEN_CANDIDATE,9PNfxvTARzdxvQas2uknW57bnfMCS1dxW1He7rPbuhuQ,AI,2026-10-03T17:57:28Z,BkcG9yp9G6Qj1hasBkZUWFa1BmxXtoV5S5ztvedDXvKY,0.555956575,2026-10-03T17:46:53Z,635,3Xmi3yK2RJpLUhf1PWYdzZz7ZDL8FDzafvKC7jUzh4Qvs4AVNVGs1UjXLuQZVg3bwV94oRGEWdgNLgEuXAAZS82G,29,1,False,False,False
89HbgWduLwoxcofWpmn1EiF9wEdpgkNDEyPjzZ72mkDi,HIDDEN_CANDIDATE,9PNfxvTARzdxvQas2uknW57bnfMCS1dxW1He7rPbuhuQ,AI,2026-10-03T17:57:28Z,BkcG9yp9G6Qj1hasBkZUWFa1BmxXtoV5S5ztvedDXvKY,5.032935282,2026-10-03T17:46:58Z,630,3mq6WNVsdTWktpWYYbfJyra8cRNLXtrA3U777L2wsv9cEXXSb6j6TqE6bXnZnB9Puj772oxgxfRsC521F9HheT5h,29,1,False,False,False
89HbgWduLwoxcofWpmn1EiF9wEdpgkNDEyPjzZ72mkDi,HIDDEN_CANDIDATE,9PNfxvTARzdxvQas2uknW57bnfMCS1dxW1He7rPbuhuQ,AI,2026-10-03T17:57:28Z,DoAsxPQgiyAxyaJNvpAAUb2ups6rbJRdYrCPyWxwRxBb,0.348787605,2026-10-03T17:47:17Z,611,3AhuELPjanLLpd8oH4BbpPkGDB5U2LsfVsoKW98zsxsygt3RNuaMN35oL2kjpdCvrBq4VrmYkPfb3fsyRvtfB6Ks,278,3,False,False,False
89HbgWduLwoxcofWpmn1EiF9wEdpgkNDEyPjzZ72mkDi,HIDDEN_CANDIDATE,9PNfxvTARzdxvQas2uknW57bnfMCS1dxW1He7rPbuhuQ,AI,2026-10-03T17:57:28Z,BkcG9yp9G6Qj1hasBkZUWFa1BmxXtoV5S5ztvedDXvKY,2.328579114,2026-10-03T17:52:50Z,278,5N69PBJLY6c7iaFJ6B12Tr9aMG9CDXLuttq7Uim82pFBkaxERGNVehiT3KveVCRt6z3BaGgLZdNHt2ZwJn4sRMMk,29,1,False,False,False
89HbgWduLwoxcofWpmn1EiF9wEdpgkNDEyPjzZ72mkDi,HIDDEN_CANDIDATE,9PNfxvTARzdxvQas2uknW57bnfMCS1dxW1He7rPbuhuQ,AI,2026-10-03T17:57:28Z,CyJwKnLiiY4fmiwqMCSWFSHxo7T9Ubshgs2uRAuJCrk5,2.371004094,2026-10-03T17:55:33Z,115,HAG9vL7mhFbX6JHSouda3juZ9XmzbKmgK1wGi14bhnpABv2NBisfqRe5wGcszLoNc6ov1Crrv3e4ZLugQfbuL1R,10,2,True,False,False
89HbgWduLwoxcofWpmn1EiF9wEdpgkNDEyPjzZ72mkDi,HIDDEN_CANDIDATE,9PNfxvTARzdxvQas2uknW57bnfMCS1dxW1He7rPbuhuQ,AI,2026-10-03T17:57:28Z,CyJwKnLiiY4fmiwqMCSWFSHxo7T9Ubshgs2uRAuJCrk5,0.97243598,2026-10-03T17:56:18Z,70,CRBchTiWAqexwenaqLhcjC4DHsDPv26G54vUXF8oPM1mhGTk2g7LPxwdrgiv9Edg721biXfSG85RwXh86jjmT4v,10,2,True,False,False
6yVb4pxNwDfr6rovwNnBg3SyKSvDcHGD4WdFPN1JJBqm,CALLER,9PNfxvTARzdxvQas2uknW57bnfMCS1dxW1He7rPbuhuQ,AI,2026-10-03T17:57:33Z,E4iZ7ZFnWBDnWXJxEJzBsHg2g5gAWT6NCzaYo37fN8Ny,0.058575565,2026-10-02T18:12:31Z,85502,3z5Jp5qGw1A2S8VH3zuXRLN8ipVdqwkFPmX2sziumz9SQtyNYLS73QFNByoZ4JaFQqah7SGhjkTKGkjQv1RzsXJG,2,1,False,False,False
6yVb4pxNwDfr6rovwNnBg3SyKSvDcHGD4WdFPN1JJBqm,CALLER,9PNfxvTARzdxvQas2uknW57bnfMCS1dxW1He7rPbuhuQ,AI,2026-10-03T17:57:33Z,GyPw3aqb5f6DdMvEQoCerBRq1H9orVBsGScG5fM5F9Z9,0.71649088,2026-10-02T18:44:39Z,83574,4N8GEjrKrrnmV4GdKawMmfzkaZhE9EPhFds15QJfLAniAJmm3fg9CPjxyEdt9qfUdBRVpmQwv68mJ5bxcRTrmN2j,2,1,False,False,False
6yVb4pxNwDfr6rovwNnBg3SyKSvDcHGD4WdFPN1JJBqm,CALLER,9PNfxvTARzdxvQas2uknW57bnfMCS1dxW1He7rPbuhuQ,AI,2026-10-03T17:57:33Z,GKMJwv2AEWVcfFXUMtxokMYy5ADkjwJa89DtP8LzoA61,11.202371992,2026-10-02T18:48:11Z,83362,2JLashqVZB4u1Bx2VRRqZvTZ6HfLgbYp12Sa2amykjwGJj7hdkyRS5FyUVRxfhRmtHEGx6no9errVMgY56tZTMEV,49,1,False,False,False
6yVb4pxNwDfr6rovwNnBg3SyKSvDcHGD4WdFPN1JJBqm,CALLER,9PNfxvTARzdxvQas2uknW57bnfMCS1dxW1He7rPbuhuQ,AI,2026-10-03T17:57:33Z,1chdHBRNu9dB7E5McJKFDsbPvfpmANdmeR7BHavhi56,9.33679182,2026-10-02T18:48:11Z,83362,59BrJTgXCV6dkXBNZo9EKhjZWv2ZU8BF2ZXBNFA9MTaPgzjfapqQWxPU1TejEcQUkQBcAjudfDwALScXWoz6EtT4,16,1,False,False,False
6yVb4pxNwDfr6rovwNnBg3SyKSvDcHGD4WdFPN1JJBqm,CALLER,9PNfxvTARzdxvQas2uknW57bnfMCS1dxW1He7rPbuhuQ,AI,2026-10-03T17:57:33Z,CLiXvfYSJtG5SJTCWyLvXKtDag9pJiA4vSWZGgSKP19X,8.947584174,2026-10-02T18:48:11Z,83362,3bKEsqrgMXZAqTq3ayzPUCUAxg9TUXtdv9xA8D84ERNEMwsHgaqvepvxzaEC7tfAQ1vLfuZeEAAkLGNpxihSb8sL,17,1,False,False,False
6yVb4pxNwDfr6rovwNnBg3SyKSvDcHGD4WdFPN1JJBqm,CALLER,9PNfxvTARzdxvQas2uknW57bnfMCS1dxW1He7rPbuhuQ,AI,2026-10-03T17:57:33Z,CLiXvfYSJtG5SJTCWyLvXKtDag9pJiA4vSWZGgSKP19X,6.576157718,2026-10-03T15:11:47Z,9946,Uiym8EimK2zDYjhJ7nLnRnnNbyhpCyVF1mzq8MQdX7edijgtjmURPodDNqz5Jq2XDBoSKLwphnmN1EYhCeWoNvq,17,1,False,False,False
6yVb4pxNwDfr6rovwNnBg3SyKSvDcHGD4WdFPN1JJBqm,CALLER,9PNfxvTARzdxvQas2uknW57bnfMCS1dxW1He7rPbuhuQ,AI,2026-10-03T17:57:33Z,GKMJwv2AEWVcfFXUMtxokMYy5ADkjwJa89DtP8LzoA61,8.217829223,2026-10-03T15:11:47Z,9946,4Vj8Joig2ZV96rqWx1EEpyPAZJ72mqqrvVDzo6TeNGGjSo2Nj1wP3hs249fkYY7xjozVkAq9zRYNPN2iCyxSaLN3,49,1,False,False,False
6yVb4pxNwDfr6rovwNnBg3SyKSvDcHGD4WdFPN1JJBqm,CALLER,9PNfxvTARzdxvQas2uknW57bnfMCS1dxW1He7rPbuhuQ,AI,2026-10-03T17:57:33Z,1chdHBRNu9dB7E5McJKFDsbPvfpmANdmeR7BHavhi56,6.920423959,2026-10-03T15:11:47Z,9946,48wgfbkxqshnkBVXQNAh95YA9Sqmi3KxYEAnw4kgntcGMgmoCrFKLeGAEZ4tqW5Tn7GQXMLPQjfd2aAb5KoWJEE,16,1,False,False,False
6yVb4pxNwDfr6rovwNnBg3SyKSvDcHGD4WdFPN1JJBqm,CALLER,9PNfxvTARzdxvQas2uknW57bnfMCS1dxW1He7rPbuhuQ,AI,2026-10-03T17:57:33Z,CyJwKnLiiY4fmiwqMCSWFSHxo7T9Ubshgs2uRAuJCrk5,0.68043145,2026-10-03T17:56:11Z,82,3btwSet2Lyxg9kAu3uK5BwzvxdY662bkfheoKEUjZDHMQYugvEa889gVwCo4YQUBRwnK3GW8yUxbUu3ekVtCLz5R,10,2,True,False,False
6yVb4pxNwDfr6rovwNnBg3SyKSvDcHGD4WdFPN1JJBqm,CALLER,9ek8utEujXFmiM9wXcWKPF18y57PmeG8rsiBZGzzpump,ANON,2026-09-15T17:25:43Z,5Q544fKrFoe6tsEbD7S8EmxGTJYAKtTVhAW5Q5pge4j1,3.99010573,2026-09-14T18:48:21Z,81442,2FhNr36cgyHXnmEhfXSoQrTGE957yY51ku4FoDusBQjqsbqRQpGLwWX8sxTgeNnLWKUbLa53u9Gau4VNtBLUpKRh,381,7,True,False,False
6yVb4pxNwDfr6rovwNnBg3SyKSvDcHGD4WdFPN1JJBqm,CALLER,9ek8utEujXFmiM9wXcWKPF18y57PmeG8rsiBZGzzpump,ANON,2026-09-15T17:25:43Z,GP8StUXNYSZjPikyRsvkTbvRV1GBxMErb59cpeCJnDf1,0.106129538,2026-09-14T18:48:45Z,81418,f76B1qGnzxEX3hazJAqMB7fq2hMnciTgwDLCFgMyLE1rnVsq9XRXWMYCC8QPAWePzMdhTjt2GweWdm3gPfvrkUX,7,1,False,False,False
6yVb4pxNwDfr6rovwNnBg3SyKSvDcHGD4WdFPN1JJBqm,CALLER,9ek8utEujXFmiM9wXcWKPF18y57PmeG8rsiBZGzzpump,ANON,2026-09-15T17:25:43Z,5Q544fKrFoe6tsEbD7S8EmxGTJYAKtTVhAW5Q5pge4j1,2.384581684,2026-09-14T19:04:30Z,80473,4zUjZ2nUh2r3sz1cbHgmG8E7QkGbW4YyyAfu323mEerB7bcuyUHQeiVyn9Zy1re2K3K2oKoJsSMC686JTUdFQC8t,381,7,True,False,False
6yVb4pxNwDfr6rovwNnBg3SyKSvDcHGD4WdFPN1JJBqm,CALLER,9ek8utEujXFmiM9wXcWKPF18y57PmeG8rsiBZGzzpump,ANON,2026-09-15T17:25:43Z,7iWnBRRhBCiNXXPhqiGzvvBkKrvFSWqqmxRyu9VyYBxE,0.191420776,2026-09-14T19:13:47Z,79916,4njFNoSMqWLCG5RNyrEszrqXJg5mtTJ1G6mSaubpbsKopPncK5YyJ4kANbUZAjzARGjAfbJhzD8dHSXdxzkWYbuq,4,1,False,False,False
6yVb4pxNwDfr6rovwNnBg3SyKSvDcHGD4WdFPN1JJBqm,CALLER,9ek8utEujXFmiM9wXcWKPF18y57PmeG8rsiBZGzzpump,ANON,2026-09-15T17:25:43Z,5Q544fKrFoe6tsEbD7S8EmxGTJYAKtTVhAW5Q5pge4j1,3.231528756,2026-09-14T19:25:03Z,79240,4pP3nZkyLDp1HxVq9iq6BRKp34PKknZF1qmWWsc6nCckQj1DLSgUq6YQu6nPZXLbSNYGB22QRA2bvJmTciBWpXat,381,7,True,False,False
6yVb4pxNwDfr6rovwNnBg3SyKSvDcHGD4WdFPN1JJBqm,CALLER,9ek8utEujXFmiM9wXcWKPF18y57PmeG8rsiBZGzzpump,ANON,2026-09-15T17:25:43Z,5Q544fKrFoe6tsEbD7S8EmxGTJYAKtTVhAW5Q5pge4j1,3.749150276,2026-09-15T09:06:09Z,29974,3kkapSHqgiEAjrqPJnBMX23v9CU6KQUsHLWfEjG2YKjofnAWLfZ1r6kvUbR3DgLaovxQ7NQFAasGvgV8hY1gV7Cc,381,7,True,False,False
6yVb4pxNwDfr6rovwNnBg3SyKSvDcHGD4WdFPN1JJBqm,CALLER,9ek8utEujXFmiM9wXcWKPF18y57PmeG8rsiBZGzzpump,ANON,2026-09-15T17:25:43Z,5Q544fKrFoe6tsEbD7S8EmxGTJYAKtTVhAW5Q5pge4j1,2.331184595,2026-09-15T09:27:33Z,28690,5mNCXHanGq72A6iGSzLSwkYTWpqDwbB6PKMA5ziiNa1d8qWB82j3osNJkXKwAYpqjqGCSUooBXyHMUnKXCtt8svQ,381,7,True,False,False
6yVb4pxNwDfr6rovwNnBg3SyKSvDcHGD4WdFPN1JJBqm,CALLER,9ek8utEujXFmiM9wXcWKPF18y57PmeG8rsiBZGzzpump,ANON,2026-09-15T17:25:43Z,GKMJwv2AEWVcfFXUMtxokMYy5ADkjwJa89DtP8LzoA61,3.140921226,2026-09-15T10:08:51Z,26212,3UXBYUbktouH1GFiMsJSAggQL8RVUf4kxLya6uCzSYZqUwqATeNX7HMAgbQkJASRMuzmQQ1w6zm6w2ZrVdLwkJ46,49,1,False,False,False
6yVb4pxNwDfr6rovwNnBg3SyKSvDcHGD4WdFPN1JJBqm,CALLER,9ek8utEujXFmiM9wXcWKPF18y57PmeG8rsiBZGzzpump,ANON,2026-09-15T17:25:43Z,5Q544fKrFoe6tsEbD7S8EmxGTJYAKtTVhAW5Q5pge4j1,2.573259727,2026-09-15T12:03:09Z,19354,3V16UMLVRX4yWoqwzt9YEUUMdxqkyKftnhJqHXJUeLPqLed4EoXDgwkwM4YXvW4cuT7LqMLRzQ3eMh5dAsEWPFWb,381,7,True,False,False
6yVb4pxNwDfr6rovwNnBg3SyKSvDcHGD4WdFPN1JJBqm,CALLER,9ek8utEujXFmiM9wXcWKPF18y57PmeG8rsiBZGzzpump,ANON,2026-09-15T17:25:43Z,5Q544fKrFoe6tsEbD7S8EmxGTJYAKtTVhAW5Q5pge4j1,2.805210374,2026-09-15T12:13:46Z,18717,3wQyRxr314G2wFx7TdjDrnkwiVEszPJbeX6ypjPiHDXP3BY5NqK5DtAGvfSCBfrFPjcTA7zRfbm7QAFA6ajnGfei,381,7,True,False,False
6yVb4pxNwDfr6rovwNnBg3SyKSvDcHGD4WdFPN1JJBqm,CALLER,9ek8utEujXFmiM9wXcWKPF18y57PmeG8rsiBZGzzpump,ANON,2026-09-15T17:25:43Z,5Q544fKrFoe6tsEbD7S8EmxGTJYAKtTVhAW5Q5pge4j1,4.5425014,2026-09-15T12:58:32Z,16031,5fbsXEjDwjujX7gMvLhY16TYFcFHoKiXc1v6u18zzHeW2Cyi7ivhjFy6J8XJRWXi4hDwc8T334qQy4E8MrNpfa64,381,7,True,False,False
6yVb4pxNwDfr6rovwNnBg3SyKSvDcHGD4WdFPN1JJBqm,CALLER,9ek8utEujXFmiM9wXcWKPF18y57PmeG8rsiBZGzzpump,ANON,2026-09-15T17:25:43Z,3LoAYHuSd7Gh8d7RTFnhvYtiTiefdZ5ByamU42vkzd76,1.131239546,2026-09-15T12:58:58Z,16005,5GjjFY63M6uYBxjZcbDAV7s8M5dGHaxwDWiCXGP2TUoZma1pdbM8SMMAUGeTdzXH1kQ6mw2NUuzeSqAjGvwpXPu7,3,1,False,False,False
6yVb4pxNwDfr6rovwNnBg3SyKSvDcHGD4WdFPN1JJBqm,CALLER,9ek8utEujXFmiM9wXcWKPF18y57PmeG8rsiBZGzzpump,ANON,2026-09-15T17:25:43Z,5Q544fKrFoe6tsEbD7S8EmxGTJYAKtTVhAW5Q5pge4j1,0.532950314,2026-09-15T12:59:43Z,15960,3fUtLkbihATCWLQnh1RX4zgVoF6v8H58pzFitJW4eECvbpgKvFSXc7LBH19btEU9ALh1Mocq6mHAGQYtBMP2ydBc,381,7,True,False,False
6yVb4pxNwDfr6rovwNnBg3SyKSvDcHGD4WdFPN1JJBqm,CALLER,9ek8utEujXFmiM9wXcWKPF18y57PmeG8rsiBZGzzpump,ANON,2026-09-15T17:25:43Z,GKMJwv2AEWVcfFXUMtxokMYy5ADkjwJa89DtP8LzoA61,7.90104094,2026-09-15T13:04:59Z,15644,4CLgCbpcsFStZ697vcxkEmWGY3hy2SnKFceGE5oGz7wcxiAGBKzkWtkG97xg7dEXdmxHDoFDHG2hePubCcsNr2G6,49,1,False,False,False
6yVb4pxNwDfr6rovwNnBg3SyKSvDcHGD4WdFPN1JJBqm,CALLER,9ek8utEujXFmiM9wXcWKPF18y57PmeG8rsiBZGzzpump,ANON,2026-09-15T17:25:43Z,GKMJwv2AEWVcfFXUMtxokMYy5ADkjwJa89DtP8LzoA61,2.908581989,2026-09-15T13:51:14Z,12869,5GvZPga7CR1krCRrMRupuUAEYZsqmwj5XjjiYbyEA9b12dsSq9PP8WoB1Z6py1JQrgizKNR2FRRUfhen9yrAcAK7,49,1,False,False,False
6yVb4pxNwDfr6rovwNnBg3SyKSvDcHGD4WdFPN1JJBqm,CALLER,9ek8utEujXFmiM9wXcWKPF18y57PmeG8rsiBZGzzpump,ANON,2026-09-15T17:25:43Z,5Q544fKrFoe6tsEbD7S8EmxGTJYAKtTVhAW5Q5pge4j1,3.621467941,2026-09-15T14:35:55Z,10188,2Q9jsqWuyh1Hdmb7vYsAwTmQsMrfKg9cYn8q6FV4xNwfU5rMZeZCkYN5otex8hLNkzPqTDrDNgAsR34KNtf4zbd2,381,7,True,False,False
6yVb4pxNwDfr6rovwNnBg3SyKSvDcHGD4WdFPN1JJBqm,CALLER,9ek8utEujXFmiM9wXcWKPF18y57PmeG8rsiBZGzzpump,ANON,2026-09-15T17:25:43Z,5Q544fKrFoe6tsEbD7S8EmxGTJYAKtTVhAW5Q5pge4j1,0.13657848,2026-09-15T14:42:54Z,9769,4mp3Rf5NoFzkVkMhcUNky1rg7jwJqR1qCcDfkrcwU5myWEWygddGBK74M82mnRoiY26HC8nt3vDqqr7rRJW9LpRj,381,7,True,False,False
6yVb4pxNwDfr6rovwNnBg3SyKSvDcHGD4WdFPN1JJBqm,CALLER,9ek8utEujXFmiM9wXcWKPF18y57PmeG8rsiBZGzzpump,ANON,2026-09-15T17:25:43Z,B5EwJVDuAauzUEEdwvbuXzbFFgEYnUqqS37TUM1c4PQA,3.578328506,2026-09-15T15:15:33Z,7810,2ZqLpYmKVLdhcgSBhSkLyhvkKx3KaRGwKtWMjqom3DUFmVco4hAqNqYinSBBo2szFMnXVLaSv8wkqxcCx9SSGa2d,25,3,True,False,False
6yVb4pxNwDfr6rovwNnBg3SyKSvDcHGD4WdFPN1JJBqm,CALLER,9ek8utEujXFmiM9wXcWKPF18y57PmeG8rsiBZGzzpump,ANON,2026-09-15T17:25:43Z,5Q544fKrFoe6tsEbD7S8EmxGTJYAKtTVhAW5Q5pge4j1,2.082560529,2026-09-15T15:21:59Z,7424,3kwno1ZexBexjQpH5y493CwxPKhSa2uqVWCnAKY13LHywFGWmZWUmhB5jbmkWDDGgYjXY62CNkaMRnBbzLXnFub2,381,7,True,False,False
6yVb4pxNwDfr6rovwNnBg3SyKSvDcHGD4WdFPN1JJBqm,CALLER,9ek8utEujXFmiM9wXcWKPF18y57PmeG8rsiBZGzzpump,ANON,2026-09-15T17:25:43Z,845j4ocrvExdiwbvpf74LBGXsnhqDw1BD5u8PoQCuEbg,0.061124865,2026-09-15T15:27:16Z,7107,2TVhdLx9oNfmpn2Z3uSV7QF3EFCnwGFCgrApDiptk9PFewyATXHXWV3NEvi77kMwyWpsjUDb2mBwtt6CgHSdXNcU,8,1,False,False,False
6yVb4pxNwDfr6rovwNnBg3SyKSvDcHGD4WdFPN1JJBqm,CALLER,9ek8utEujXFmiM9wXcWKPF18y57PmeG8rsiBZGzzpump,ANON,2026-09-15T17:25:43Z,GP8StUXNYSZjPikyRsvkTbvRV1GBxMErb59cpeCJnDf1,0.095069358,2026-09-15T15:31:17Z,6866,Yz7WUJeS7SRFweaXFg4mA88DyX5jw4i8a6VExvDs1AXTiGYwg6NFRgL1nxSZQeWkxkjH895AAkGP94af4t9HsFy,7,1,False,False,False
6yVb4pxNwDfr6rovwNnBg3SyKSvDcHGD4WdFPN1JJBqm,CALLER,9ek8utEujXFmiM9wXcWKPF18y57PmeG8rsiBZGzzpump,ANON,2026-09-15T17:25:43Z,845j4ocrvExdiwbvpf74LBGXsnhqDw1BD5u8PoQCuEbg,0.099346248,2026-09-15T15:32:57Z,6766,4EdVUK7ivRU4gbAUtaVhnErN3sG3F1tPmReSn3qTAWxKJfpRQLv56wNVeGqpE9BHL8ALNaE5E2PtRzQ8ALUYVHiM,8,1,False,False,False
6yVb4pxNwDfr6rovwNnBg3SyKSvDcHGD4WdFPN1JJBqm,CALLER,9ek8utEujXFmiM9wXcWKPF18y57PmeG8rsiBZGzzpump,ANON,2026-09-15T17:25:43Z,GKMJwv2AEWVcfFXUMtxokMYy5ADkjwJa89DtP8LzoA61,4.436886849,2026-09-15T15:42:30Z,6193,sBtRAivuhVy4gE4NJTUmbrMBZgfCueCizJknjnhCkyUcUPwAjd9LeRSCXQANERpDJKWZ8uBc7AoWMEPf62Bp4bB,49,1,False,False,False
6yVb4pxNwDfr6rovwNnBg3SyKSvDcHGD4WdFPN1JJBqm,CALLER,9ek8utEujXFmiM9wXcWKPF18y57PmeG8rsiBZGzzpump,ANON,2026-09-15T17:25:43Z,5Q544fKrFoe6tsEbD7S8EmxGTJYAKtTVhAW5Q5pge4j1,2.611586515,2026-09-15T15:51:43Z,5640,RzY6KzQ3Bb2qtcLiExoGPbe5L32fsHnpdtxYfNeNt1TZHzqBC3AFi6gHa655gouMbycN36mQMrJLdiZhX9xJFC1,381,7,True,False,False
6yVb4pxNwDfr6rovwNnBg3SyKSvDcHGD4WdFPN1JJBqm,CALLER,9ek8utEujXFmiM9wXcWKPF18y57PmeG8rsiBZGzzpump,ANON,2026-09-15T17:25:43Z,5Q544fKrFoe6tsEbD7S8EmxGTJYAKtTVhAW5Q5pge4j1,3.114106364,2026-09-15T15:58:14Z,5249,Jmq6U9KYwkrJoKtB8DJhTSXqLfeqpow8A7U3Z6JqRj7TvVLHWer148ZYvLg7V61GaHurYAsgLqk4F84D1gt9Dei,381,7,True,False,False
6yVb4pxNwDfr6rovwNnBg3SyKSvDcHGD4WdFPN1JJBqm,CALLER,9ek8utEujXFmiM9wXcWKPF18y57PmeG8rsiBZGzzpump,ANON,2026-09-15T17:25:43Z,5Q544fKrFoe6tsEbD7S8EmxGTJYAKtTVhAW5Q5pge4j1,3.217499439,2026-09-15T16:01:08Z,5075,3hw7cDkCQd5dVfADJ83BizTN2PeTCkHoZDFJouyMyszAxLshuhApTe7JRyTj7bYqtYGTNu1ZeQGdaNaQzMcpchWF,381,7,True,False,False
6yVb4pxNwDfr6rovwNnBg3SyKSvDcHGD4WdFPN1JJBqm,CALLER,9ek8utEujXFmiM9wXcWKPF18y57PmeG8rsiBZGzzpump,ANON,2026-09-15T17:25:43Z,5Q544fKrFoe6tsEbD7S8EmxGTJYAKtTVhAW5Q5pge4j1,2.810569044,2026-09-15T16:17:50Z,4073,3LeptuuM21y4jypdQV3NkiD19ZyEeTrAHVJJctXq1KZRLDJuWrw5KHQzc4W1GRpw5WP39ycZAUfGYtPLsgMSwvUp,381,7,True,False,False
6yVb4pxNwDfr6rovwNnBg3SyKSvDcHGD4WdFPN1JJBqm,CALLER,9ek8utEujXFmiM9wXcWKPF18y57PmeG8rsiBZGzzpump,ANON,2026-09-15T17:25:43Z,5Q544fKrFoe6tsEbD7S8EmxGTJYAKtTVhAW5Q5pge4j1,4.079936473,2026-09-15T16:24:30Z,3673,5GGSTisMBmDXtAne36E6c12MdL9vpVPjQkCbfBpRAgqM1wYzUdih6ntuEGtSTiGqQrQzZQTweA9SZGQcdBWoUs6Z,381,7,True,False,False
6yVb4pxNwDfr6rovwNnBg3SyKSvDcHGD4WdFPN1JJBqm,CALLER,9ek8utEujXFmiM9wXcWKPF18y57PmeG8rsiBZGzzpump,ANON,2026-09-15T17:25:43Z,GKMJwv2AEWVcfFXUMtxokMYy5ADkjwJa89DtP8LzoA61,3.247965828,2026-09-15T16:25:10Z,3633,NstbH7b9L7K9tDzRgCZSLB6SYmy3JwK3x63GG7rDt8vMaT4ii9VY5yWYeQrnPwddx5AiRDMXQM7c7ErJvqrNnom,49,1,False,False,False
6yVb4pxNwDfr6rovwNnBg3SyKSvDcHGD4WdFPN1JJBqm,CALLER,9ek8utEujXFmiM9wXcWKPF18y57PmeG8rsiBZGzzpump,ANON,2026-09-15T17:25:43Z,HFqp6ErWHY6Uzhj8rFyjYuDya2mXUpYEk8VW75K9PSiY,1.065301042,2026-09-15T16:25:24Z,3619,Wtq7GmFHq6MpxBBznHUaji5nAwGDnUuzhyQo1TMdEsn2sfxSfem1aeEFNy2RFNccevrJzzhZ7uuTseCXoGV5vne,4,1,False,False,False
6yVb4pxNwDfr6rovwNnBg3SyKSvDcHGD4WdFPN1JJBqm,CALLER,9ek8utEujXFmiM9wXcWKPF18y57PmeG8rsiBZGzzpump,ANON,2026-09-15T17:25:43Z,FGkNCczbbBv2CGzSjM4q4EQNnFvQRB3i4wsfvUwArW1E,0.086299851,2026-09-15T16:37:16Z,2907,2BEP8Vk97r7HWuxMdHRaTFcGC5aB9RnCUPpGSzyDB7n26ecTRCjQCcE59Cajf9jhg4gFkJ7314mzNqoRz8ac6MZY,3,1,False,False,False
3LUfv2u5yzsDtUzPdsSJ7ygPBuqwfycMkjpNreRR2Yww,HIDDEN_CANDIDATE,ASftCNtzPNmK3nMDvpQNvpLauKS45Vkq7kwTPutqUBL1,TIMUR,2026-09-22T12:32:27Z,5Q544fKrFoe6tsEbD7S8EmxGTJYAKtTVhAW5Q5pge4j1,2.792197319,2026-09-21T12:39:11Z,85996,emB5zGf7V9H2Zr9mUnPgnHxEEByx8jxFSspHNq37P177Dz9rVJz3tmWXfgbcrA5mtHVkJWirzNifa5MqvE6jGja,381,7,True,False,False
3LUfv2u5yzsDtUzPdsSJ7ygPBuqwfycMkjpNreRR2Yww,HIDDEN_CANDIDATE,ASftCNtzPNmK3nMDvpQNvpLauKS45Vkq7kwTPutqUBL1,TIMUR,2026-09-22T12:32:27Z,5Q544fKrFoe6tsEbD7S8EmxGTJYAKtTVhAW5Q5pge4j1,2.675112714,2026-09-21T12:39:12Z,85995,24oQSKi5utmadwGURYLyVnGTX7J12ikZxVdveMLtJHxUdjVEKUzwRPz2tqArBv42yoTUxY7diTnjSv7HRzJt3x59,381,7,True,False,False
3LUfv2u5yzsDtUzPdsSJ7ygPBuqwfycMkjpNreRR2Yww,HIDDEN_CANDIDATE,ASftCNtzPNmK3nMDvpQNvpLauKS45Vkq7kwTPutqUBL1,TIMUR,2026-09-22T12:32:27Z,5Q544fKrFoe6tsEbD7S8EmxGTJYAKtTVhAW5Q5pge4j1,2.313252142,2026-09-21T12:39:12Z,85995,5Ub49h6xwKQn6d8XZJQrk7y314h3ovTz9obqAkPerafwJonxptNbrXW6x9vPHMe4HFMcunqf3Q913t7xi968YpxK,381,7,True,False,False
3LUfv2u5yzsDtUzPdsSJ7ygPBuqwfycMkjpNreRR2Yww,HIDDEN_CANDIDATE,ASftCNtzPNmK3nMDvpQNvpLauKS45Vkq7kwTPutqUBL1,TIMUR,2026-09-22T12:32:27Z,5Q544fKrFoe6tsEbD7S8EmxGTJYAKtTVhAW5Q5pge4j1,2.228260204,2026-09-21T12:39:12Z,85995,4aExjjQfLyfyzyJteYZrcujLufwTUfRJ6U2JXXdRPBQJGChrnHfuSBWJjvFaQHMU3EZdMh3mJ9BGN3ytMJAnrhcW,381,7,True,False,False
3LUfv2u5yzsDtUzPdsSJ7ygPBuqwfycMkjpNreRR2Yww,HIDDEN_CANDIDATE,ASftCNtzPNmK3nMDvpQNvpLauKS45Vkq7kwTPutqUBL1,TIMUR,2026-09-22T12:32:27Z,5Q544fKrFoe6tsEbD7S8EmxGTJYAKtTVhAW5Q5pge4j1,0.079645193,2026-09-21T12:39:55Z,85952,3p67beBvr82LRPR9djQxrbWeKHfEwQeXtXYr9kT3Ei1SRyjuTNk9G6hRRkZT7t1try7rJnpC49tb4seArLiTqank,381,7,True,False,False
3LUfv2u5yzsDtUzPdsSJ7ygPBuqwfycMkjpNreRR2Yww,HIDDEN_CANDIDATE,ASftCNtzPNmK3nMDvpQNvpLauKS45Vkq7kwTPutqUBL1,TIMUR,2026-09-22T12:32:27Z,5Q544fKrFoe6tsEbD7S8EmxGTJYAKtTVhAW5Q5pge4j1,6.956815772,2026-09-21T12:47:18Z,85509,3zkA4fnP4DAJCRGSujpsdnsFJzPxqa9Wb5uek9SEKFb7uxriuRwjHFyGANnvauqucJSCCa4q2dUvWfbXqwxa9qzs,381,7,True,False,False
3LUfv2u5yzsDtUzPdsSJ7ygPBuqwfycMkjpNreRR2Yww,HIDDEN_CANDIDATE,ASftCNtzPNmK3nMDvpQNvpLauKS45Vkq7kwTPutqUBL1,TIMUR,2026-09-22T12:32:27Z,5Q544fKrFoe6tsEbD7S8EmxGTJYAKtTVhAW5Q5pge4j1,3.79476595,2026-09-21T12:51:02Z,85285,4ZaBmyEKsLqtJPCZ4bfydsPjCVuxZhotPbc1MU7vvxHqDR3PGVmFGVcf66gnYD5vouSnd5AFVGr61mKxGCXhrTdK,381,7,True,False,False
3LUfv2u5yzsDtUzPdsSJ7ygPBuqwfycMkjpNreRR2Yww,HIDDEN_CANDIDATE,ASftCNtzPNmK3nMDvpQNvpLauKS45Vkq7kwTPutqUBL1,TIMUR,2026-09-22T12:32:27Z,5Q544fKrFoe6tsEbD7S8EmxGTJYAKtTVhAW5Q5pge4j1,1.870013952,2026-09-21T13:37:39Z,82488,3NMshKkXJ2rfD8rWbEaTDWdyXQMJJ1gruP6PCsYFDJgu6jichdykbrJKNHdKFVF8vgMpTqGBudT2VNqtmFWmyeSH,381,7,True,False,False
3LUfv2u5yzsDtUzPdsSJ7ygPBuqwfycMkjpNreRR2Yww,HIDDEN_CANDIDATE,ASftCNtzPNmK3nMDvpQNvpLauKS45Vkq7kwTPutqUBL1,TIMUR,2026-09-22T12:32:27Z,5Q544fKrFoe6tsEbD7S8EmxGTJYAKtTVhAW5Q5pge4j1,1.453754505,2026-09-21T14:18:32Z,80035,5MQq72kKPrffYnfsu41GT19sCiodXEkEcy2HFrrLmqZxavWSyKqg3S8vbwBn4JjRamqyM5xdmNNsRhVFXBYY6mdW,381,7,True,False,False
3LUfv2u5yzsDtUzPdsSJ7ygPBuqwfycMkjpNreRR2Yww,HIDDEN_CANDIDATE,ASftCNtzPNmK3nMDvpQNvpLauKS45Vkq7kwTPutqUBL1,TIMUR,2026-09-22T12:32:27Z,5Q544fKrFoe6tsEbD7S8EmxGTJYAKtTVhAW5Q5pge4j1,0.243701556,2026-09-21T14:18:40Z,80027,2iCFCZ8hWudQHLYqE9qYtn7ykTshWZ5tMXXiHxqaS9mTFgW8kf5qWkggXxhUYSpiHVsco7tmvvZ7Q2Nj8daGntMv,381,7,True,False,False
3LUfv2u5yzsDtUzPdsSJ7ygPBuqwfycMkjpNreRR2Yww,HIDDEN_CANDIDATE,ASftCNtzPNmK3nMDvpQNvpLauKS45Vkq7kwTPutqUBL1,TIMUR,2026-09-22T12:32:27Z,5Q544fKrFoe6tsEbD7S8EmxGTJYAKtTVhAW5Q5pge4j1,1.523645348,2026-09-21T14:23:44Z,79723,5WkkghDRaE5vAj3fNPnxzhFb8y4VUmssxNEa58S2781r8Y6gRQLCL6bRjXtoWH71WdxFr8Tz9nd9fDSNsGndVyHC,381,7,True,False,False
3LUfv2u5yzsDtUzPdsSJ7ygPBuqwfycMkjpNreRR2Yww,HIDDEN_CANDIDATE,ASftCNtzPNmK3nMDvpQNvpLauKS45Vkq7kwTPutqUBL1,TIMUR,2026-09-22T12:32:27Z,5Q544fKrFoe6tsEbD7S8EmxGTJYAKtTVhAW5Q5pge4j1,2.462493386,2026-09-21T15:19:11Z,76396,3M5ye7UxzZJxpGkZzZeKez145P2MAGB983dcU8rKJPCsajhLeuU9yTQk6VCsVnnxYv6h99pKgiua7tfi1gb1ijtp,381,7,True,False,False
3LUfv2u5yzsDtUzPdsSJ7ygPBuqwfycMkjpNreRR2Yww,HIDDEN_CANDIDATE,ASftCNtzPNmK3nMDvpQNvpLauKS45Vkq7kwTPutqUBL1,TIMUR,2026-09-22T12:32:27Z,3ihMmbYfqSPPfpPpD1vJxohgJchXALXdmZWxhxC8QZc6,3.014232236,2026-09-21T15:23:02Z,76165,DvtPqtEn9FmybMCHasWbMzr9xg4dmtA3MR4JqXgKA2vQvRegCJJeAj9ANvJmtK8ghv4YHA6qMj7sT8mH28oqVqt,2,1,False,False,False
3LUfv2u5yzsDtUzPdsSJ7ygPBuqwfycMkjpNreRR2Yww,HIDDEN_CANDIDATE,ASftCNtzPNmK3nMDvpQNvpLauKS45Vkq7kwTPutqUBL1,TIMUR,2026-09-22T12:32:27Z,5Q544fKrFoe6tsEbD7S8EmxGTJYAKtTVhAW5Q5pge4j1,2.483406514,2026-09-21T15:25:03Z,76044,pDruu4gmGs7enbgr15qbyf7SvRwDot4kpEqzMY3CtKbe2n2W53pW53zi4a6a7EugFGyjjUakqJNKVtwGuwZ3guz,381,7,True,False,False
3LUfv2u5yzsDtUzPdsSJ7ygPBuqwfycMkjpNreRR2Yww,HIDDEN_CANDIDATE,ASftCNtzPNmK3nMDvpQNvpLauKS45Vkq7kwTPutqUBL1,TIMUR,2026-09-22T12:32:27Z,3ihMmbYfqSPPfpPpD1vJxohgJchXALXdmZWxhxC8QZc6,1.336896826,2026-09-21T15:38:04Z,75263,2gT7Fsb5hHFKTZPfWm8b1AtFNZKZC9xavLBHE6vzMPHMN4hoVgCU99hXXJyCgtgje22rSSDHde6Gb3TKMm5orDnY,2,1,False,False,False
3LUfv2u5yzsDtUzPdsSJ7ygPBuqwfycMkjpNreRR2Yww,HIDDEN_CANDIDATE,ASftCNtzPNmK3nMDvpQNvpLauKS45Vkq7kwTPutqUBL1,TIMUR,2026-09-22T12:32:27Z,5Q544fKrFoe6tsEbD7S8EmxGTJYAKtTVhAW5Q5pge4j1,3.492006032,2026-09-21T15:43:47Z,74920,3zLbQyM3T2U796uE9JuRQqrBwryqjpX2YipTxzJnRbnq8dzuK1FiBFDMPFoJCyPgdz9g9XhmXGdGtSRnt5xeNaDm,381,7,True,False,False
3LUfv2u5yzsDtUzPdsSJ7ygPBuqwfycMkjpNreRR2Yww,HIDDEN_CANDIDATE,ASftCNtzPNmK3nMDvpQNvpLauKS45Vkq7kwTPutqUBL1,TIMUR,2026-09-22T12:32:27Z,BWn5g7rzJrCpvfZcqEGAw2QBnfJXCwRLQduvxSSdZ6xa,1.535477498,2026-09-21T15:45:15Z,74832,3StuXujeQbKyEabB7J8b8tBCgCfp9zyTPHGbQ9m1gWqxBfFugfSViE7cp8GPnYsJWH3SAdBFcZD4kX7LjEESW5m6,9,1,False,False,False
3LUfv2u5yzsDtUzPdsSJ7ygPBuqwfycMkjpNreRR2Yww,HIDDEN_CANDIDATE,ASftCNtzPNmK3nMDvpQNvpLauKS45Vkq7kwTPutqUBL1,TIMUR,2026-09-22T12:32:27Z,BWn5g7rzJrCpvfZcqEGAw2QBnfJXCwRLQduvxSSdZ6xa,1.515689215,2026-09-21T15:45:16Z,74831,4JT4Bxi6pjN6waq1iS5Xm1GAemoNencZ2PwikcMsAwp6HTWiXCzhB5LY57eM9GTVwUcUbYRRz14jtpNV5mMz1a2V,9,1,False,False,False
3LUfv2u5yzsDtUzPdsSJ7ygPBuqwfycMkjpNreRR2Yww,HIDDEN_CANDIDATE,ASftCNtzPNmK3nMDvpQNvpLauKS45Vkq7kwTPutqUBL1,TIMUR,2026-09-22T12:32:27Z,BWn5g7rzJrCpvfZcqEGAw2QBnfJXCwRLQduvxSSdZ6xa,1.509453993,2026-09-21T15:45:16Z,74831,5RUCxK4TG37ffbGraTkkaAbM9PY38uJ2pu9Jhfm4ZXJ1uyajRr2dC26SdXJsUBgMaVJCo7wFxSoojyt69NumzAFn,9,1,False,False,False
3LUfv2u5yzsDtUzPdsSJ7ygPBuqwfycMkjpNreRR2Yww,HIDDEN_CANDIDATE,ASftCNtzPNmK3nMDvpQNvpLauKS45Vkq7kwTPutqUBL1,TIMUR,2026-09-22T12:32:27Z,BWn5g7rzJrCpvfZcqEGAw2QBnfJXCwRLQduvxSSdZ6xa,1.331891604,2026-09-21T15:45:16Z,74831,3K9Kkd9tooNKcfiES1woZJarpyoJgoReGRf3oDoVfTpvnLpK3yGWBTY262gEGrCzFxnPBZ9wYbremhwtTiz2KWFD,9,1,False,False,False
3LUfv2u5yzsDtUzPdsSJ7ygPBuqwfycMkjpNreRR2Yww,HIDDEN_CANDIDATE,ASftCNtzPNmK3nMDvpQNvpLauKS45Vkq7kwTPutqUBL1,TIMUR,2026-09-22T12:32:27Z,BWn5g7rzJrCpvfZcqEGAw2QBnfJXCwRLQduvxSSdZ6xa,1.1524077,2026-09-21T15:45:16Z,74831,3Kx934AHznCJyYiW5XP1Uof9iHByNSY5NJqegAYz3tnPhM5RHiRxHrjnLpTYtqDMF5aTyVb4woZcqXoTaFnENQ7t,9,1,False,False,False
3LUfv2u5yzsDtUzPdsSJ7ygPBuqwfycMkjpNreRR2Yww,HIDDEN_CANDIDATE,ASftCNtzPNmK3nMDvpQNvpLauKS45Vkq7kwTPutqUBL1,TIMUR,2026-09-22T12:32:27Z,BWn5g7rzJrCpvfZcqEGAw2QBnfJXCwRLQduvxSSdZ6xa,1.023829661,2026-09-21T15:45:17Z,74830,5nZ4tr1tspFNAYzRRBoEmSEUZPZxK8a2TGeAYCmWxDd23KJeUUixLyrRyEPiaaJMNzk4xDd7S2nXEHNnwCmqy3jy,9,1,False,False,False
3LUfv2u5yzsDtUzPdsSJ7ygPBuqwfycMkjpNreRR2Yww,HIDDEN_CANDIDATE,ASftCNtzPNmK3nMDvpQNvpLauKS45Vkq7kwTPutqUBL1,TIMUR,2026-09-22T12:32:27Z,BWn5g7rzJrCpvfZcqEGAw2QBnfJXCwRLQduvxSSdZ6xa,0.873692143,2026-09-21T15:45:17Z,74830,2fVDp2MgYZinBY86ksQefVNjpb9WVaHEJcXGXawCtZqYRodNMyjvAE5Gk2jiAtZZVYY2nUnUnb4hw4B57aiHMa2b,9,1,False,False,False
3LUfv2u5yzsDtUzPdsSJ7ygPBuqwfycMkjpNreRR2Yww,HIDDEN_CANDIDATE,ASftCNtzPNmK3nMDvpQNvpLauKS45Vkq7kwTPutqUBL1,TIMUR,2026-09-22T12:32:27Z,BWn5g7rzJrCpvfZcqEGAw2QBnfJXCwRLQduvxSSdZ6xa,0.760718332,2026-09-21T15:45:17Z,74830,2fiyhQGAVf5oQamNjHRX5vHn29Z37Ho5zhzUYJsNk8qGS7Jt3uwMwyFjrL6DjHdy7m5q7WkFd9gbfD9PNmX7CyDH,9,1,False,False,False
3LUfv2u5yzsDtUzPdsSJ7ygPBuqwfycMkjpNreRR2Yww,HIDDEN_CANDIDATE,ASftCNtzPNmK3nMDvpQNvpLauKS45Vkq7kwTPutqUBL1,TIMUR,2026-09-22T12:32:27Z,BWn5g7rzJrCpvfZcqEGAw2QBnfJXCwRLQduvxSSdZ6xa,5.263318296,2026-09-21T15:45:24Z,74823,2MyfxszsrbuHAvCmh8zPcKnvrS9yVkfnFwYQWpB5uDugiYP6QNebSDNow9J3dFs8dGbbvgedB6hyjhSG97uoacqm,9,1,False,False,False
3LUfv2u5yzsDtUzPdsSJ7ygPBuqwfycMkjpNreRR2Yww,HIDDEN_CANDIDATE,ASftCNtzPNmK3nMDvpQNvpLauKS45Vkq7kwTPutqUBL1,TIMUR,2026-09-22T12:32:27Z,5Q544fKrFoe6tsEbD7S8EmxGTJYAKtTVhAW5Q5pge4j1,0.119981866,2026-09-21T15:45:36Z,74811,2Hhv3dH8N4GMfdGJ8yyhbN7W6ERCR3dnhXUV32wA7PzRhdYqTViDNSqodoWPHej9WCUCGFpr4ujHJpNVTzU3516D,381,7,True,False,False
3LUfv2u5yzsDtUzPdsSJ7ygPBuqwfycMkjpNreRR2Yww,HIDDEN_CANDIDATE,ASftCNtzPNmK3nMDvpQNvpLauKS45Vkq7kwTPutqUBL1,TIMUR,2026-09-22T12:32:27Z,AxiomRXZAq1Jgjj9pHmNqVP7Lhu67wLXZJZbaK87TTSk,1.026343721,2026-09-21T15:45:48Z,74799,3kmixb2u7rrwFDcUW6tqvfLksZ1VAUD2ye3TCrxPtqV95QgYxgKjzKqNVB8AkPF6jTMjAVxu9qKDmKFTnb9T3aR8,21,2,False,False,False
3LUfv2u5yzsDtUzPdsSJ7ygPBuqwfycMkjpNreRR2Yww,HIDDEN_CANDIDATE,ASftCNtzPNmK3nMDvpQNvpLauKS45Vkq7kwTPutqUBL1,TIMUR,2026-09-22T12:32:27Z,AxiomRXZAq1Jgjj9pHmNqVP7Lhu67wLXZJZbaK87TTSk,0.192959513,2026-09-21T16:51:19Z,70868,4o49wP1vgwYhHSfmyT7zqJNXhPxoz7y6JrGd2kWGFtAA6erFbMnZLYy7vnkLkrPHEN8nKZE4WYEYXdcCaauVWRK5,21,2,False,False,False
3LUfv2u5yzsDtUzPdsSJ7ygPBuqwfycMkjpNreRR2Yww,HIDDEN_CANDIDATE,ASftCNtzPNmK3nMDvpQNvpLauKS45Vkq7kwTPutqUBL1,TIMUR,2026-09-22T12:32:27Z,5Q544fKrFoe6tsEbD7S8EmxGTJYAKtTVhAW5Q5pge4j1,1.818357049,2026-09-21T16:56:51Z,70536,48kNt3LytVZZWpeKS2PsGQJzSrz9CjUXTabQ1frFo9v2j1ReWZTJs4eVpFHuCWfW2vpnAnWe1XXNEPgRseAapbuo,381,7,True,False,False
3LUfv2u5yzsDtUzPdsSJ7ygPBuqwfycMkjpNreRR2Yww,HIDDEN_CANDIDATE,ASftCNtzPNmK3nMDvpQNvpLauKS45Vkq7kwTPutqUBL1,TIMUR,2026-09-22T12:32:27Z,5Q544fKrFoe6tsEbD7S8EmxGTJYAKtTVhAW5Q5pge4j1,2.697938546,2026-09-21T17:07:45Z,69882,47rrdwhJgUdZ8FTmRuLMRDQJn3U4LbXJCfq5jnHnjN5n6m9PXpwgQHBVwBQdPrUYC6SPsfAuXmVUYk8B2Z5pHNtR,381,7,True,False,False
3LUfv2u5yzsDtUzPdsSJ7ygPBuqwfycMkjpNreRR2Yww,HIDDEN_CANDIDATE,ASftCNtzPNmK3nMDvpQNvpLauKS45Vkq7kwTPutqUBL1,TIMUR,2026-09-22T12:32:27Z,GhX6QaWJucjTqApRFC4rBaJE8U5bSokgQXCB2HsLJzuA,3.866678439,2026-09-21T20:46:46Z,56741,5EWhR6V7UHJWXQJT57zjpV44W8GbzwCL6uLB2yx1vH2Kb63FoVdwvAmxSDEeLahxMZfHrvt9WtuDHxU9ZgjSgiWJ,4,1,False,False,False
3LUfv2u5yzsDtUzPdsSJ7ygPBuqwfycMkjpNreRR2Yww,HIDDEN_CANDIDATE,ASftCNtzPNmK3nMDvpQNvpLauKS45Vkq7kwTPutqUBL1,TIMUR,2026-09-22T12:32:27Z,GhX6QaWJucjTqApRFC4rBaJE8U5bSokgQXCB2HsLJzuA,3.705285884,2026-09-21T20:46:47Z,56740,21WpsDRMj4qd9S97GVKjMLiJ89HCPdXcJ1FhZH3nU4krDefgMwhZJqsA3db2SLKL73W6SLsjkRpaunhRYsnSgaCW,4,1,False,False,False
3LUfv2u5yzsDtUzPdsSJ7ygPBuqwfycMkjpNreRR2Yww,HIDDEN_CANDIDATE,ASftCNtzPNmK3nMDvpQNvpLauKS45Vkq7kwTPutqUBL1,TIMUR,2026-09-22T12:32:27Z,GhX6QaWJucjTqApRFC4rBaJE8U5bSokgQXCB2HsLJzuA,3.564128932,2026-09-21T20:46:47Z,56740,3ihWAyfEw9YqAW76xW2DYtfNkvujvFLDk2cePdiUmcckyJndfh9kNFxZvNzv6xvYuM3ryKBBRzLEGkGZFqqJXi7n,4,1,False,False,False
3LUfv2u5yzsDtUzPdsSJ7ygPBuqwfycMkjpNreRR2Yww,HIDDEN_CANDIDATE,ASftCNtzPNmK3nMDvpQNvpLauKS45Vkq7kwTPutqUBL1,TIMUR,2026-09-22T12:32:27Z,GhX6QaWJucjTqApRFC4rBaJE8U5bSokgQXCB2HsLJzuA,3.5295986,2026-09-21T20:46:47Z,56740,CspbEwJoBhR2ibrzHJqcK6UvTMzoVsnuYBiMX4ULoATbbkwaqFrNHZ8hui48Dwr4ghNvcocrb9sUChTbXRttyxB,4,1,False,False,False
3LUfv2u5yzsDtUzPdsSJ7ygPBuqwfycMkjpNreRR2Yww,HIDDEN_CANDIDATE,ASftCNtzPNmK3nMDvpQNvpLauKS45Vkq7kwTPutqUBL1,TIMUR,2026-09-22T12:32:27Z,AxiomRXZAq1Jgjj9pHmNqVP7Lhu67wLXZJZbaK87TTSk,0.252704856,2026-09-21T20:57:15Z,56112,5c1anh1wMXtCHZo6qiTXEve3L4GMF8CLWyQ3L3mpmxTzNn5GRzsGodHk2hXADqruNQR5Usdvx3B7ftWyTMmKjMmP,21,2,False,False,False
3LUfv2u5yzsDtUzPdsSJ7ygPBuqwfycMkjpNreRR2Yww,HIDDEN_CANDIDATE,ASftCNtzPNmK3nMDvpQNvpLauKS45Vkq7kwTPutqUBL1,TIMUR,2026-09-22T12:32:27Z,5Q544fKrFoe6tsEbD7S8EmxGTJYAKtTVhAW5Q5pge4j1,2.27281992,2026-09-21T20:59:18Z,55989,2tT8zShTzgaWMLcWbtirnFwmvcAcUW9hVNS1ADZ2wbR1hWHy4NqwLx4wrdPM7PFHNYEwVYnN9wLhXNTETnx8T9X2,381,7,True,False,False
3LUfv2u5yzsDtUzPdsSJ7ygPBuqwfycMkjpNreRR2Yww,HIDDEN_CANDIDATE,ASftCNtzPNmK3nMDvpQNvpLauKS45Vkq7kwTPutqUBL1,TIMUR,2026-09-22T12:32:27Z,5Q544fKrFoe6tsEbD7S8EmxGTJYAKtTVhAW5Q5pge4j1,0.109670138,2026-09-21T20:59:22Z,55985,3yrTQMCEo1PueGxPBfcbwTAtM2rHx1XQqLv6H1BEBZkJgjAPhy3BGgRiXRS3rxC6aQCBMqJ9tnC3dybcmdYMq1XN,381,7,True,False,False
3LUfv2u5yzsDtUzPdsSJ7ygPBuqwfycMkjpNreRR2Yww,HIDDEN_CANDIDATE,ASftCNtzPNmK3nMDvpQNvpLauKS45Vkq7kwTPutqUBL1,TIMUR,2026-09-22T12:32:27Z,EdmJiYnhkQEL2aPLhq1AohqgpnsgbLRyoUfeJXPYoXVt,1.685925197,2026-09-21T21:09:03Z,55404,2KxiX5WTS875xzjdEa72ADgzPxUK9LTihE6MSGw5fKbqrC54zVx1HTG7jzSTduhRwxfbMHTWmUwBuMi1tJbskWcj,1,1,False,False,False
3LUfv2u5yzsDtUzPdsSJ7ygPBuqwfycMkjpNreRR2Yww,HIDDEN_CANDIDATE,ASftCNtzPNmK3nMDvpQNvpLauKS45Vkq7kwTPutqUBL1,TIMUR,2026-09-22T12:32:27Z,AxiomRXZAq1Jgjj9pHmNqVP7Lhu67wLXZJZbaK87TTSk,0.078915419,2026-09-21T21:09:08Z,55399,f5jCNsQFygMCEQG1MgDNrTfxEYeDZVfeA7auW1247zBM1vTFh4M8NsLpyjx6p5jgnianb1Axg356dedrigWerQy,21,2,False,False,False
3LUfv2u5yzsDtUzPdsSJ7ygPBuqwfycMkjpNreRR2Yww,HIDDEN_CANDIDATE,ASftCNtzPNmK3nMDvpQNvpLauKS45Vkq7kwTPutqUBL1,TIMUR,2026-09-22T12:32:27Z,DspKLbDyjKFbHzuCx2kRJY8owLHYMKAsvi2yXUPSboZF,2.927534631,2026-09-21T21:14:09Z,55098,QZSaPbSPgQdcRZofvGdu3taoy6KdM2BNJjvqxfNzeKtQ2omMMswMBngNzjXLvMHowDsjYWs8FG9vXdRViSh2o1C,1,1,False,False,False
3LUfv2u5yzsDtUzPdsSJ7ygPBuqwfycMkjpNreRR2Yww,HIDDEN_CANDIDATE,ASftCNtzPNmK3nMDvpQNvpLauKS45Vkq7kwTPutqUBL1,TIMUR,2026-09-22T12:32:27Z,5Q544fKrFoe6tsEbD7S8EmxGTJYAKtTVhAW5Q5pge4j1,1.881568652,2026-09-21T21:20:39Z,54708,W44Qqx287QotdDeo65UagCzEjLFUqtRK3AaLQ653bVXAEvzqmSzmGTKHiAcr8gauZE4NkRYtRwZWUu67DEenAdX,381,7,True,False,False
3LUfv2u5yzsDtUzPdsSJ7ygPBuqwfycMkjpNreRR2Yww,HIDDEN_CANDIDATE,ASftCNtzPNmK3nMDvpQNvpLauKS45Vkq7kwTPutqUBL1,TIMUR,2026-09-22T12:32:27Z,EHcege7dok1iYs7SxL2XzDPvhg6XzMVcx2V5SkMUurJP,1.40055,2026-09-22T05:32:43Z,25184,eDfTzcRKaBjjcufRLGhX5RGRvsVVAgjQMrMZYiQMsN3zWgo2VBkLob8WQddkEUXydhNntBmoTKkS97ft1yNRHYk,1,1,False,False,False
3LUfv2u5yzsDtUzPdsSJ7ygPBuqwfycMkjpNreRR2Yww,HIDDEN_CANDIDATE,ASftCNtzPNmK3nMDvpQNvpLauKS45Vkq7kwTPutqUBL1,TIMUR,2026-09-22T12:32:27Z,5Q544fKrFoe6tsEbD7S8EmxGTJYAKtTVhAW5Q5pge4j1,1.907633115,2026-09-22T06:10:59Z,22888,2jdKJfJFKY37suJ14Pid3SbzZb5wb1ihfbyPqWUhf5a9SpzpWZX6EX9R7fapjYPrBwPeL3RY9DmW9R62x5uD8FYm,381,7,True,False,False
3LUfv2u5yzsDtUzPdsSJ7ygPBuqwfycMkjpNreRR2Yww,HIDDEN_CANDIDATE,ASftCNtzPNmK3nMDvpQNvpLauKS45Vkq7kwTPutqUBL1,TIMUR,2026-09-22T12:32:27Z,5zpyutJu9ee6jFymDGoK7F6S5Kczqtc9FomP3ueKuyA9,1.540192047,2026-09-22T06:31:21Z,21666,3DhkVV9xuwZEjhN1s3uZAc5L9v4S3emMjAX2sMm317YdWX3mamn7iVZFGmnjfSpEthGmXU8pm7t31TQN1VNQSY6B,1,1,False,False,False
3LUfv2u5yzsDtUzPdsSJ7ygPBuqwfycMkjpNreRR2Yww,HIDDEN_CANDIDATE,ASftCNtzPNmK3nMDvpQNvpLauKS45Vkq7kwTPutqUBL1,TIMUR,2026-09-22T12:32:27Z,AxiomRXZAq1Jgjj9pHmNqVP7Lhu67wLXZJZbaK87TTSk,0.330233606,2026-09-22T06:31:36Z,21651,3xE4xdnoVrs7A5mDhScqp4qUFDK6dhkvSPWMkGEHZPHytrr4cZe4wAtHh1JskTAzWU6p1H8GJfkvYdYXmnyeRa5h,21,2,False,False,False
3LUfv2u5yzsDtUzPdsSJ7ygPBuqwfycMkjpNreRR2Yww,HIDDEN_CANDIDATE,ASftCNtzPNmK3nMDvpQNvpLauKS45Vkq7kwTPutqUBL1,TIMUR,2026-09-22T12:32:27Z,GpMZbSM2GgvTKHJirzeGfMFoaZ8UR2X7F4v8vHTvxFbL,2.075347721,2026-09-22T06:32:30Z,21597,4ui7p9HVL6wUJnjUTeuRQs8RBgWCH1S7rHGJcNHxAfLuLoN3bWHrmbzpgU7vFUGqMtuXatkBHvDYCQcQgGfznGUt,16,2,False,False,False
3LUfv2u5yzsDtUzPdsSJ7ygPBuqwfycMkjpNreRR2Yww,HIDDEN_CANDIDATE,ASftCNtzPNmK3nMDvpQNvpLauKS45Vkq7kwTPutqUBL1,TIMUR,2026-09-22T12:32:27Z,5Q544fKrFoe6tsEbD7S8EmxGTJYAKtTVhAW5Q5pge4j1,1.391521574,2026-09-22T06:38:27Z,21240,2YTtTT5PbEbSChrbfgiN5N5xzYCq8XYShiJHZF5Uejrxy3x6jcHNvGZKAaq3MhTY1sEAbMAS3yp5fiwZ8aQRzMxx,381,7,True,False,False
3LUfv2u5yzsDtUzPdsSJ7ygPBuqwfycMkjpNreRR2Yww,HIDDEN_CANDIDATE,ASftCNtzPNmK3nMDvpQNvpLauKS45Vkq7kwTPutqUBL1,TIMUR,2026-09-22T12:32:27Z,5Q544fKrFoe6tsEbD7S8EmxGTJYAKtTVhAW5Q5pge4j1,1.490349289,2026-09-22T06:44:02Z,20905,5LxTfefaGECDRoT8yzh7D86HbHh274k2Xew6uPXvs8PCiruYTRb8pm5dsAuqnoQ7mqzUVDCcGa8aE7vw82kjtsHe,381,7,True,False,False
3LUfv2u5yzsDtUzPdsSJ7ygPBuqwfycMkjpNreRR2Yww,HIDDEN_CANDIDATE,ASftCNtzPNmK3nMDvpQNvpLauKS45Vkq7kwTPutqUBL1,TIMUR,2026-09-22T12:32:27Z,5Q544fKrFoe6tsEbD7S8EmxGTJYAKtTVhAW5Q5pge4j1,0.212249906,2026-09-22T06:44:10Z,20897,5udc5EoZ8es149vnJK5no3irdh3YsBkPMpgarkh3BQeV5hXjqs4n5bKVFA8KxzSZmsMLCsag9q37v3QrDEernqDJ,381,7,True,False,False
3LUfv2u5yzsDtUzPdsSJ7ygPBuqwfycMkjpNreRR2Yww,HIDDEN_CANDIDATE,ASftCNtzPNmK3nMDvpQNvpLauKS45Vkq7kwTPutqUBL1,TIMUR,2026-09-22T12:32:27Z,5Q544fKrFoe6tsEbD7S8EmxGTJYAKtTVhAW5Q5pge4j1,1.951663089,2026-09-22T07:11:09Z,19278,5P5h5qs968uSyoKJ8dYJZTD11mwYXwqzAfkxVmtuHn6TCCWWsHg5nc6D9Ka2ogAMJAsup93WxNWFZzxv1noBrpKA,381,7,True,False,False
3LUfv2u5yzsDtUzPdsSJ7ygPBuqwfycMkjpNreRR2Yww,HIDDEN_CANDIDATE,ASftCNtzPNmK3nMDvpQNvpLauKS45Vkq7kwTPutqUBL1,TIMUR,2026-09-22T12:32:27Z,5Q544fKrFoe6tsEbD7S8EmxGTJYAKtTVhAW5Q5pge4j1,0.065934672,2026-09-22T07:13:10Z,19157,2sb4ibeXA4Wfh3KaAv9xwPdaPXdGK9zfhZ4wh9AqRqWmSv5KxXSEBtumo29Ypo3cZxoAn4U9xDPCA37HjWHRUU6Z,381,7,True,False,False
3LUfv2u5yzsDtUzPdsSJ7ygPBuqwfycMkjpNreRR2Yww,HIDDEN_CANDIDATE,ASftCNtzPNmK3nMDvpQNvpLauKS45Vkq7kwTPutqUBL1,TIMUR,2026-09-22T12:32:27Z,AxiomRXZAq1Jgjj9pHmNqVP7Lhu67wLXZJZbaK87TTSk,0.202718355,2026-09-22T08:59:31Z,12776,2gAAfRD8z6TmMLAZiXBqyNyMSugWHrTLawkQoDMB9mf1mnPv9DyCoVZ92qS1qBsDh551rfeMrnCqSVKF6g4N5bF6,21,2,False,False,False
3LUfv2u5yzsDtUzPdsSJ7ygPBuqwfycMkjpNreRR2Yww,HIDDEN_CANDIDATE,ASftCNtzPNmK3nMDvpQNvpLauKS45Vkq7kwTPutqUBL1,TIMUR,2026-09-22T12:32:27Z,B88yN79g5ykVv5AetupUdpXr6HEudyWDzrBRM2JkMCr3,0.050248575,2026-09-22T09:43:00Z,10167,9hj5ffR5kjVxaz8PDZgFXmitgvB6KG5UBgZFUi4A5RCEfLeFc9FajQYSc1ixtZnDc2pJLDUFPHC2aGv4fpceXx3,1,1,False,False,False
3LUfv2u5yzsDtUzPdsSJ7ygPBuqwfycMkjpNreRR2Yww,HIDDEN_CANDIDATE,ASftCNtzPNmK3nMDvpQNvpLauKS45Vkq7kwTPutqUBL1,TIMUR,2026-09-22T12:32:27Z,AxiomRXZAq1Jgjj9pHmNqVP7Lhu67wLXZJZbaK87TTSk,0.111834958,2026-09-22T09:45:06Z,10041,B8bKiMRko1j2b1yNqdaZCMWUyrtCbEAJd5LVUHXkbVoJ6oyF2p8fJ7fe9BBTcoPgbQRVpstWA3hoJ39XDBPzDyS,21,2,False,False,False
3LUfv2u5yzsDtUzPdsSJ7ygPBuqwfycMkjpNreRR2Yww,HIDDEN_CANDIDATE,ASftCNtzPNmK3nMDvpQNvpLauKS45Vkq7kwTPutqUBL1,TIMUR,2026-09-22T12:32:27Z,26UHN1rVZ74R6BJ73BMvbQXnnVaXEyaXXxBXVmTtivNY,4.986485129,2026-09-22T10:14:06Z,8301,2KwWviv1YHx8S8gKVtaHvbdbh42s7nBAfzb2k9s8n4fNijCVDaVcLc1nqLMfot3NKSEf3m9YhDWg6EMvd2wxsigi,6,1,False,False,False
3LUfv2u5yzsDtUzPdsSJ7ygPBuqwfycMkjpNreRR2Yww,HIDDEN_CANDIDATE,ASftCNtzPNmK3nMDvpQNvpLauKS45Vkq7kwTPutqUBL1,TIMUR,2026-09-22T12:32:27Z,26UHN1rVZ74R6BJ73BMvbQXnnVaXEyaXXxBXVmTtivNY,3.738800412,2026-09-22T10:14:07Z,8300,3qM6Xqyc7RiCHSjWD5mHGroPZ9FFNVGnUFbUVhgoewiNebbXnhRNyafHkW9dpRiGX8YdyR68LkJevHhnXdrseHw9,6,1,False,False,False
3LUfv2u5yzsDtUzPdsSJ7ygPBuqwfycMkjpNreRR2Yww,HIDDEN_CANDIDATE,ASftCNtzPNmK3nMDvpQNvpLauKS45Vkq7kwTPutqUBL1,TIMUR,2026-09-22T12:32:27Z,26UHN1rVZ74R6BJ73BMvbQXnnVaXEyaXXxBXVmTtivNY,2.30690484,2026-09-22T10:16:59Z,8128,CN2PGGYCFsACsLMyeYceGn9VPzZYB5NBgZdDKpJVAGBXEkHNy7NuVoe65WqDD79jvfmKxn5SffbokmBkQfYgXbP,6,1,False,False,False
3LUfv2u5yzsDtUzPdsSJ7ygPBuqwfycMkjpNreRR2Yww,HIDDEN_CANDIDATE,ASftCNtzPNmK3nMDvpQNvpLauKS45Vkq7kwTPutqUBL1,TIMUR,2026-09-22T12:32:27Z,26UHN1rVZ74R6BJ73BMvbQXnnVaXEyaXXxBXVmTtivNY,2.304620407,2026-09-22T10:16:59Z,8128,3prgWkwBUZzfcUoHmygqrUE7TayoNtE4ePXF4XYTgodQqcr3K6BNqeovoJZYZ6yHYyCvpPyBQ4nGoUw67vMe5AmQ,6,1,False,False,False
3LUfv2u5yzsDtUzPdsSJ7ygPBuqwfycMkjpNreRR2Yww,HIDDEN_CANDIDATE,ASftCNtzPNmK3nMDvpQNvpLauKS45Vkq7kwTPutqUBL1,TIMUR,2026-09-22T12:32:27Z,26UHN1rVZ74R6BJ73BMvbQXnnVaXEyaXXxBXVmTtivNY,1.615829751,2026-09-22T10:17:00Z,8127,3QV5iPt6auSik1r6a9hWTUDZztomoqLLA74Jk21WwmYiPFx2FtPNqXVmX6n93qiRHspHZSoETShs4JgLk4mNxmAd,6,1,False,False,False
3LUfv2u5yzsDtUzPdsSJ7ygPBuqwfycMkjpNreRR2Yww,HIDDEN_CANDIDATE,ASftCNtzPNmK3nMDvpQNvpLauKS45Vkq7kwTPutqUBL1,TIMUR,2026-09-22T12:32:27Z,26UHN1rVZ74R6BJ73BMvbQXnnVaXEyaXXxBXVmTtivNY,4.915636471,2026-09-22T10:18:28Z,8039,5e7wV81HG375xYD17yqLCeuq7Ts9UcdX5QuhCSSSNY629ki99j51dYRsLy4R9z1Y6nTxqHMLDwpX7aoxmN4ATvX5,6,1,False,False,False
3LUfv2u5yzsDtUzPdsSJ7ygPBuqwfycMkjpNreRR2Yww,HIDDEN_CANDIDATE,ASftCNtzPNmK3nMDvpQNvpLauKS45Vkq7kwTPutqUBL1,TIMUR,2026-09-22T12:32:27Z,Hp34goKgAhAYW6sw9iFAZofvDTr3DAhtkSKF1R9bAk2P,15.789593,2026-09-22T10:24:43Z,7664,41crUNrjGFdMgt4ej4J2JbiXxZhj6kWWt3kAuGc1xPSvQFVXLGAfgtAazbUieGKEJP39FTPivE5q9X2E8oQYm8q2,1,1,False,False,False
3LUfv2u5yzsDtUzPdsSJ7ygPBuqwfycMkjpNreRR2Yww,HIDDEN_CANDIDATE,ASftCNtzPNmK3nMDvpQNvpLauKS45Vkq7kwTPutqUBL1,TIMUR,2026-09-22T12:32:27Z,AxiomRXZAq1Jgjj9pHmNqVP7Lhu67wLXZJZbaK87TTSk,0.182870762,2026-09-22T10:26:22Z,7565,66HVmrz7o5BFgNBA4ho9RCr6TUuNtiZYQK652Mq5tun6tgrDv1cPCiR9LuvVD4f4GsD7oqc85b37LsyudRVKeig8,21,2,False,False,False
3LUfv2u5yzsDtUzPdsSJ7ygPBuqwfycMkjpNreRR2Yww,HIDDEN_CANDIDATE,ASftCNtzPNmK3nMDvpQNvpLauKS45Vkq7kwTPutqUBL1,TIMUR,2026-09-22T12:32:27Z,5Q544fKrFoe6tsEbD7S8EmxGTJYAKtTVhAW5Q5pge4j1,3.347528844,2026-09-22T10:54:51Z,5856,5215nz6NqwQ9qnkxjBqHcQjedsF7nooqmsaXZBpRz73Po3UKkFZYUQZafNCxcGJxaKuJXzH7dHnLci2F1hP8RSGi,381,7,True,False,False
3LUfv2u5yzsDtUzPdsSJ7ygPBuqwfycMkjpNreRR2Yww,HIDDEN_CANDIDATE,ASftCNtzPNmK3nMDvpQNvpLauKS45Vkq7kwTPutqUBL1,TIMUR,2026-09-22T12:32:27Z,AxiomRXZAq1Jgjj9pHmNqVP7Lhu67wLXZJZbaK87TTSk,0.161259032,2026-09-22T10:56:51Z,5736,4FwLJZePcQ76R3Ej2dKZN2KNoSfhPxnfr1MzVRM4vRhqKXwAdEHnk5285QuJmkCKwtdMX8fy6ZdanwU65HELEBi5,21,2,False,False,False
3LUfv2u5yzsDtUzPdsSJ7ygPBuqwfycMkjpNreRR2Yww,HIDDEN_CANDIDATE,ASftCNtzPNmK3nMDvpQNvpLauKS45Vkq7kwTPutqUBL1,TIMUR,2026-09-22T12:32:27Z,GuPTxpMY9Qu3QeN5BepTNs1T5NsMyWHjoBMudN53oq2G,0.063092278,2026-09-22T11:05:36Z,5211,3ZEbYwnsp29KjKpegKRyQqZudpDjDTmzj21A5zKLQ2kqAFS7qgADmqkPqnABxhkAKCVURgbuwfR8yfET11Q6t4Nq,1,1,False,False,False
3LUfv2u5yzsDtUzPdsSJ7ygPBuqwfycMkjpNreRR2Yww,HIDDEN_CANDIDATE,ASftCNtzPNmK3nMDvpQNvpLauKS45Vkq7kwTPutqUBL1,TIMUR,2026-09-22T12:32:27Z,5Q544fKrFoe6tsEbD7S8EmxGTJYAKtTVhAW5Q5pge4j1,0.05582286,2026-09-22T11:09:39Z,4968,4HY3SdnGcjZSCRbfzx1yDByfcm8JbrgrTuhAxCRHixpGFRcZsgWbZZerNDjB68WsuPzLoFD91SWwCjSzABcNmDZC,381,7,True,False,False
3LUfv2u5yzsDtUzPdsSJ7ygPBuqwfycMkjpNreRR2Yww,HIDDEN_CANDIDATE,ASftCNtzPNmK3nMDvpQNvpLauKS45Vkq7kwTPutqUBL1,TIMUR,2026-09-22T12:32:27Z,4Tsa98BnCsdsb3xjn87YsUq4bzhSn86nyZJi8t1ikwJg,0.052476293,2026-09-22T11:26:24Z,3963,3jpaGdFckXW62zCLVW5miXa8hY5rYv6f44GwTeuoWKXguCv6qoxbE4m4cW7apm6ueibyZMMD18WtLSKmG9THFtkq,1,1,False,False,False
3LUfv2u5yzsDtUzPdsSJ7ygPBuqwfycMkjpNreRR2Yww,HIDDEN_CANDIDATE,ASftCNtzPNmK3nMDvpQNvpLauKS45Vkq7kwTPutqUBL1,TIMUR,2026-09-22T12:32:27Z,5Q544fKrFoe6tsEbD7S8EmxGTJYAKtTVhAW5Q5pge4j1,3.487602312,2026-09-22T12:02:46Z,1781,3R6gZqrMfPBBtmdE3HYFYCcF3uJxqYUy8HKJtfb6FMFr1gfngVD5qAmDWsbrzEC9g9xqd7zj5NsNDAwcZqLwXRyC,381,7,True,False,False
89HbgWduLwoxcofWpmn1EiF9wEdpgkNDEyPjzZ72mkDi,HIDDEN_CANDIDATE,AgB5SxiP1DFZbW9uDAH7s8Mhv1HF21nJv67tnAAYpump,Drake,2026-09-16T13:53:18Z,5Q544fKrFoe6tsEbD7S8EmxGTJYAKtTVhAW5Q5pge4j1,2.643429852,2026-09-15T14:13:37Z,85181,4KydJZ4E9smUgNrFFSN6qewjhkxANvXMwqBRbJKjNKLW7PCcCnaT6HHaaTQwgPZTSuEKH17rTN5PEgxGPkPn9B5b,381,7,True,False,False
89HbgWduLwoxcofWpmn1EiF9wEdpgkNDEyPjzZ72mkDi,HIDDEN_CANDIDATE,AgB5SxiP1DFZbW9uDAH7s8Mhv1HF21nJv67tnAAYpump,Drake,2026-09-16T13:53:18Z,DoAsxPQgiyAxyaJNvpAAUb2ups6rbJRdYrCPyWxwRxBb,0.220937081,2026-09-15T14:15:35Z,85063,HroLWK16xYM1VsKFSEjg4R8XYLcrDp6aPqdozLaSe5QTn3EnDpUPvw4nBBixxbk4zsYoxwDDJu3zmDTXYaeJvYo,278,3,False,False,False
89HbgWduLwoxcofWpmn1EiF9wEdpgkNDEyPjzZ72mkDi,HIDDEN_CANDIDATE,AgB5SxiP1DFZbW9uDAH7s8Mhv1HF21nJv67tnAAYpump,Drake,2026-09-16T13:53:18Z,5Q544fKrFoe6tsEbD7S8EmxGTJYAKtTVhAW5Q5pge4j1,1.808983364,2026-09-15T14:24:45Z,84513,4jqNDRkddbw4bcmyqqrDJ9GftDFmYmUNmavuGzhFRyvFhSrhEKKAnC6EA29wsLJ9sLpJRf8hJPRcYoJ5hvTvsdwX,381,7,True,False,False
89HbgWduLwoxcofWpmn1EiF9wEdpgkNDEyPjzZ72mkDi,HIDDEN_CANDIDATE,AgB5SxiP1DFZbW9uDAH7s8Mhv1HF21nJv67tnAAYpump,Drake,2026-09-16T13:53:18Z,5Q544fKrFoe6tsEbD7S8EmxGTJYAKtTVhAW5Q5pge4j1,4.634608908,2026-09-15T14:41:48Z,83490,VztwX12fs1kdAZTmocN4QXuiQDF2DUvpGLAi1HgWGxFmdMuSRAPJUSw8eVRqYWd9mqhobocicXXiz7B1AZkVkS5,381,7,True,False,False
89HbgWduLwoxcofWpmn1EiF9wEdpgkNDEyPjzZ72mkDi,HIDDEN_CANDIDATE,AgB5SxiP1DFZbW9uDAH7s8Mhv1HF21nJv67tnAAYpump,Drake,2026-09-16T13:53:18Z,5Q544fKrFoe6tsEbD7S8EmxGTJYAKtTVhAW5Q5pge4j1,3.558815425,2026-09-15T14:43:11Z,83407,39fcBojmizUR6C31BhVstxZvn32y94Syco1sZb7p452PUg3PaqMJrV28g8rqFvC3arALNTk2oMHqF3JW8Gg8FShv,381,7,True,False,False
89HbgWduLwoxcofWpmn1EiF9wEdpgkNDEyPjzZ72mkDi,HIDDEN_CANDIDATE,AgB5SxiP1DFZbW9uDAH7s8Mhv1HF21nJv67tnAAYpump,Drake,2026-09-16T13:53:18Z,DoAsxPQgiyAxyaJNvpAAUb2ups6rbJRdYrCPyWxwRxBb,0.350623084,2026-09-15T14:43:25Z,83393,3gtGtiQvL2Uaqe9YWTLRxcivQXcGCKGEWFhSNPJG9iMMYqwuyjfZbkmdLi9D2AZvCCnfW6oJsDyfmd3eeWazoosQ,278,3,False,False,False
89HbgWduLwoxcofWpmn1EiF9wEdpgkNDEyPjzZ72mkDi,HIDDEN_CANDIDATE,AgB5SxiP1DFZbW9uDAH7s8Mhv1HF21nJv67tnAAYpump,Drake,2026-09-16T13:53:18Z,5Q544fKrFoe6tsEbD7S8EmxGTJYAKtTVhAW5Q5pge4j1,1.397657261,2026-09-15T15:10:35Z,81763,22qLRMY9hgAt6QsBNyLJ1GvXH5UVwpqE8mmw7PGXGitwY4dKgvjz2ZUDpK2myP5GPXgmsNFvMWsZSQ7cDnwAWfex,381,7,True,False,False
89HbgWduLwoxcofWpmn1EiF9wEdpgkNDEyPjzZ72mkDi,HIDDEN_CANDIDATE,AgB5SxiP1DFZbW9uDAH7s8Mhv1HF21nJv67tnAAYpump,Drake,2026-09-16T13:53:18Z,5Q544fKrFoe6tsEbD7S8EmxGTJYAKtTVhAW5Q5pge4j1,1.357105174,2026-09-15T15:28:26Z,80692,2RXR9LoVkq9bWWoiAAiZQdoq1SkQAA1sBSXvnicFNGXtJ6CEpyBBgMGKbZyYzJbGV8Bd1fMQDojbWNh7TTEVehAx,381,7,True,False,False
89HbgWduLwoxcofWpmn1EiF9wEdpgkNDEyPjzZ72mkDi,HIDDEN_CANDIDATE,AgB5SxiP1DFZbW9uDAH7s8Mhv1HF21nJv67tnAAYpump,Drake,2026-09-16T13:53:18Z,5Q544fKrFoe6tsEbD7S8EmxGTJYAKtTVhAW5Q5pge4j1,3.207267175,2026-09-15T15:28:53Z,80665,2LdnNbUgiJ32dku5vgGngZJRdikedn79NKBNTfN9hgwbxzx6C9BebUrrgXHS1BUCSoAUqbVuEGNyCqmo35fWHoso,381,7,True,False,False
89HbgWduLwoxcofWpmn1EiF9wEdpgkNDEyPjzZ72mkDi,HIDDEN_CANDIDATE,AgB5SxiP1DFZbW9uDAH7s8Mhv1HF21nJv67tnAAYpump,Drake,2026-09-16T13:53:18Z,DoAsxPQgiyAxyaJNvpAAUb2ups6rbJRdYrCPyWxwRxBb,0.240394838,2026-09-15T15:30:04Z,80594,4Xe33HzsAkw2PRjDDMqD4yzn9sDmjUd1qLxdZxRR7596TzbhEWc2jNcDdnRCGBk8R69xApSY4LVgTGX76U1jmQTp,278,3,False,False,False
89HbgWduLwoxcofWpmn1EiF9wEdpgkNDEyPjzZ72mkDi,HIDDEN_CANDIDATE,AgB5SxiP1DFZbW9uDAH7s8Mhv1HF21nJv67tnAAYpump,Drake,2026-09-16T13:53:18Z,5Q544fKrFoe6tsEbD7S8EmxGTJYAKtTVhAW5Q5pge4j1,1.621189701,2026-09-15T15:40:48Z,79950,46h962v2P7nXeyZNdwa4JvXSoLGZxAtu9hvXqTswfQPQ59HNPpM6NbAfRd6b4q7A7rnaKMSDTxDa1KQ4HzoL5h3h,381,7,True,False,False
89HbgWduLwoxcofWpmn1EiF9wEdpgkNDEyPjzZ72mkDi,HIDDEN_CANDIDATE,AgB5SxiP1DFZbW9uDAH7s8Mhv1HF21nJv67tnAAYpump,Drake,2026-09-16T13:53:18Z,DoAsxPQgiyAxyaJNvpAAUb2ups6rbJRdYrCPyWxwRxBb,0.093183153,2026-09-15T15:41:34Z,79904,5kffdb8F1ucSEkE5qACYZUMDEbCQXignrgzaCPj6Jo6zc6cB97KaEjiyUfG8nTxT5nX6XGHLoUoX3V7aPPdfYRZn,278,3,False,False,False
89HbgWduLwoxcofWpmn1EiF9wEdpgkNDEyPjzZ72mkDi,HIDDEN_CANDIDATE,AgB5SxiP1DFZbW9uDAH7s8Mhv1HF21nJv67tnAAYpump,Drake,2026-09-16T13:53:18Z,5Q544fKrFoe6tsEbD7S8EmxGTJYAKtTVhAW5Q5pge4j1,1.964929212,2026-09-15T15:47:59Z,79519,1mi1RzAgT81pcnSiRBG6aJws2MES5faDPeX8hqbaTTvy7zLHhDkqSnqzkHekwGE1na4L7Cnvm9n53vEK1MycWVj,381,7,True,False,False
89HbgWduLwoxcofWpmn1EiF9wEdpgkNDEyPjzZ72mkDi,HIDDEN_CANDIDATE,AgB5SxiP1DFZbW9uDAH7s8Mhv1HF21nJv67tnAAYpump,Drake,2026-09-16T13:53:18Z,B5EwJVDuAauzUEEdwvbuXzbFFgEYnUqqS37TUM1c4PQA,1.691692934,2026-09-15T15:52:00Z,79278,j3mVBE9eT7zbujnuwRNFu4jDjdYjzZdF2XVFPY7mJ4kAhUaqLtoXHmaRdsbDSKabE83APJKBv6TV1FAawxqHw7n,25,3,True,False,False
89HbgWduLwoxcofWpmn1EiF9wEdpgkNDEyPjzZ72mkDi,HIDDEN_CANDIDATE,AgB5SxiP1DFZbW9uDAH7s8Mhv1HF21nJv67tnAAYpump,Drake,2026-09-16T13:53:18Z,5Q544fKrFoe6tsEbD7S8EmxGTJYAKtTVhAW5Q5pge4j1,2.547517541,2026-09-15T15:53:31Z,79187,5K2g4qkJbWvN3GXT8qAdWamK2h9tkJ5qakkFauAEn5e9Pn3nkcG998Zy5iyuumVKjLcRiKK2LWZQPARCjjX4LEpn,381,7,True,False,False
89HbgWduLwoxcofWpmn1EiF9wEdpgkNDEyPjzZ72mkDi,HIDDEN_CANDIDATE,AgB5SxiP1DFZbW9uDAH7s8Mhv1HF21nJv67tnAAYpump,Drake,2026-09-16T13:53:18Z,DoAsxPQgiyAxyaJNvpAAUb2ups6rbJRdYrCPyWxwRxBb,0.269418835,2026-09-15T15:57:25Z,78953,5nhJHVHyCWeVSWKTTJ5edCJnUXYfwYLjhFNCJt5JERaRfxsBwzy176LNSaV2MCPb7eJr3WkZcmmgWZGFzBRL8Jnc,278,3,False,False,False
89HbgWduLwoxcofWpmn1EiF9wEdpgkNDEyPjzZ72mkDi,HIDDEN_CANDIDATE,AgB5SxiP1DFZbW9uDAH7s8Mhv1HF21nJv67tnAAYpump,Drake,2026-09-16T13:53:18Z,5Q544fKrFoe6tsEbD7S8EmxGTJYAKtTVhAW5Q5pge4j1,1.52543576,2026-09-15T16:08:39Z,78279,4fZjnRJWzgkFtMKUQn2FYtD8NUdCDVTkxUeeXrREqeQ6G4Xwh2o4tCPZFVcjeVcLH3FsW4YUq4p32DAfF1grkdSf,381,7,True,False,False
89HbgWduLwoxcofWpmn1EiF9wEdpgkNDEyPjzZ72mkDi,HIDDEN_CANDIDATE,AgB5SxiP1DFZbW9uDAH7s8Mhv1HF21nJv67tnAAYpump,Drake,2026-09-16T13:53:18Z,5Q544fKrFoe6tsEbD7S8EmxGTJYAKtTVhAW5Q5pge4j1,2.071904361,2026-09-15T16:09:59Z,78199,3Nv41NoLUZAZ1KmC9xEW6j9KQ5SL823jVNHTDqHhgLHdFpraocuuh1srHCC38ac61RMqACTqoiS84WnTJSex5ZW7,381,7,True,False,False
89HbgWduLwoxcofWpmn1EiF9wEdpgkNDEyPjzZ72mkDi,HIDDEN_CANDIDATE,AgB5SxiP1DFZbW9uDAH7s8Mhv1HF21nJv67tnAAYpump,Drake,2026-09-16T13:53:18Z,DoAsxPQgiyAxyaJNvpAAUb2ups6rbJRdYrCPyWxwRxBb,0.121539417,2026-09-15T16:10:16Z,78182,5BWTuM74pV2P2KB8zRfojpnZmzHwnjWbTUiXAjxeaABAf53oKwnYsB2j2w3cningT9jtozsfmmoDKpcqS2JxVrNw,278,3,False,False,False
89HbgWduLwoxcofWpmn1EiF9wEdpgkNDEyPjzZ72mkDi,HIDDEN_CANDIDATE,AgB5SxiP1DFZbW9uDAH7s8Mhv1HF21nJv67tnAAYpump,Drake,2026-09-16T13:53:18Z,5Q544fKrFoe6tsEbD7S8EmxGTJYAKtTVhAW5Q5pge4j1,1.542466615,2026-09-15T16:21:55Z,77483,57EyjLyQ8vmEEJeLdku8GyqubNghTPokyqwo5eYdnC46bDimkd3R1g7wf8FE8GjhhYtJNRdxutjAUWjV3UZ3qrWo,381,7,True,False,False
89HbgWduLwoxcofWpmn1EiF9wEdpgkNDEyPjzZ72mkDi,HIDDEN_CANDIDATE,AgB5SxiP1DFZbW9uDAH7s8Mhv1HF21nJv67tnAAYpump,Drake,2026-09-16T13:53:18Z,DoAsxPQgiyAxyaJNvpAAUb2ups6rbJRdYrCPyWxwRxBb,0.054322934,2026-09-15T16:22:44Z,77434,5PBMz911Zv5nS2a1TW72k6F99rgQUvxLNC77rpiH2Fq3qvMDnTSTEDH6FKBAuHpUCXUeF7rS2HBS3Le9gSt4Tdcn,278,3,False,False,False
89HbgWduLwoxcofWpmn1EiF9wEdpgkNDEyPjzZ72mkDi,HIDDEN_CANDIDATE,AgB5SxiP1DFZbW9uDAH7s8Mhv1HF21nJv67tnAAYpump,Drake,2026-09-16T13:53:18Z,5Q544fKrFoe6tsEbD7S8EmxGTJYAKtTVhAW5Q5pge4j1,2.262962085,2026-09-15T16:23:16Z,77402,5v9GS51irG6vvRfUvuDWC1uPm25sSvDhH1dZbrNtDWTETZeHPqDDin67DMf4YAkpMJVL8RDYLgj1EoNe3jf9dCct,381,7,True,False,False
89HbgWduLwoxcofWpmn1EiF9wEdpgkNDEyPjzZ72mkDi,HIDDEN_CANDIDATE,AgB5SxiP1DFZbW9uDAH7s8Mhv1HF21nJv67tnAAYpump,Drake,2026-09-16T13:53:18Z,DoAsxPQgiyAxyaJNvpAAUb2ups6rbJRdYrCPyWxwRxBb,0.156298496,2026-09-15T16:23:42Z,77376,TvG3ksRFFn6TTo9E3jdpWgSGUnSrWTc1FhLxojg2ZQv2ZSh9yZ1aqQMNaEx9TFkMrR6mRoCQXSfBCARdhPtM9uA,278,3,False,False,False
89HbgWduLwoxcofWpmn1EiF9wEdpgkNDEyPjzZ72mkDi,HIDDEN_CANDIDATE,AgB5SxiP1DFZbW9uDAH7s8Mhv1HF21nJv67tnAAYpump,Drake,2026-09-16T13:53:18Z,5Q544fKrFoe6tsEbD7S8EmxGTJYAKtTVhAW5Q5pge4j1,1.16682049,2026-09-15T16:46:12Z,76026,4PoWabXgcEPzfKJw9zpH2S3mPQqyYQcRNMQS9pNepMcA5w2GLSLwZpdhSr88gSLNadPzG34fbE91rH7Q3md9zyQJ,381,7,True,False,False
89HbgWduLwoxcofWpmn1EiF9wEdpgkNDEyPjzZ72mkDi,HIDDEN_CANDIDATE,AgB5SxiP1DFZbW9uDAH7s8Mhv1HF21nJv67tnAAYpump,Drake,2026-09-16T13:53:18Z,DoAsxPQgiyAxyaJNvpAAUb2ups6rbJRdYrCPyWxwRxBb,0.170942561,2026-09-15T16:48:17Z,75901,KuiiFXzpULFbYVtjCgjKE9oy5jU3EUkj2x5gDtq6RKrKzy46DewzewKzQ4rNrDfDXCMkjJmV6CAqH8ndk68xfbT,278,3,False,False,False
89HbgWduLwoxcofWpmn1EiF9wEdpgkNDEyPjzZ72mkDi,HIDDEN_CANDIDATE,AgB5SxiP1DFZbW9uDAH7s8Mhv1HF21nJv67tnAAYpump,Drake,2026-09-16T13:53:18Z,DoAsxPQgiyAxyaJNvpAAUb2ups6rbJRdYrCPyWxwRxBb,0.110056593,2026-09-15T16:58:10Z,75308,548yZZt6CUrxdMEHvkwiQwah287tgJwBiXz5Mmz3LWAUqMT3kEc5JHi8PmXiWdPq86xTBTXbWfKhjr8iqMJZ6xDp,278,3,False,False,False
89HbgWduLwoxcofWpmn1EiF9wEdpgkNDEyPjzZ72mkDi,HIDDEN_CANDIDATE,AgB5SxiP1DFZbW9uDAH7s8Mhv1HF21nJv67tnAAYpump,Drake,2026-09-16T13:53:18Z,5Q544fKrFoe6tsEbD7S8EmxGTJYAKtTVhAW5Q5pge4j1,3.539395103,2026-09-15T17:05:47Z,74851,5ye5ZXH3u8hWuYVr6KpyAeLEa8ekecdapYMBosty9novDa3CPzPdJn5xuSHkeC2Z6UPvEJNvLWYJrSj8jk9WnxpM,381,7,True,False,False
89HbgWduLwoxcofWpmn1EiF9wEdpgkNDEyPjzZ72mkDi,HIDDEN_CANDIDATE,AgB5SxiP1DFZbW9uDAH7s8Mhv1HF21nJv67tnAAYpump,Drake,2026-09-16T13:53:18Z,DoAsxPQgiyAxyaJNvpAAUb2ups6rbJRdYrCPyWxwRxBb,0.124102641,2026-09-15T17:06:04Z,74834,5KrjHw6bf2oukhkXd55bPH8y1fTT3gmXMZq275BwdBphbXGxAA2LVoqLBtZeujPUo8DoxyV4qa3Ck3gZnPQaAFrc,278,3,False,False,False
89HbgWduLwoxcofWpmn1EiF9wEdpgkNDEyPjzZ72mkDi,HIDDEN_CANDIDATE,AgB5SxiP1DFZbW9uDAH7s8Mhv1HF21nJv67tnAAYpump,Drake,2026-09-16T13:53:18Z,Gb385z9R99agdyoxMWxT2b1m5qpBxRv9jGxB6dBzrnM3,5.842415594,2026-09-15T17:13:22Z,74396,5cKRFBvwq4Unw2ZV3vcHeYfYyzkcUwqXEHXE78zNGq1EaEjthDyykFZPmfejc9kAc32kNZP6Csd4G2vkQo4orEpn,1,1,False,False,False
89HbgWduLwoxcofWpmn1EiF9wEdpgkNDEyPjzZ72mkDi,HIDDEN_CANDIDATE,AgB5SxiP1DFZbW9uDAH7s8Mhv1HF21nJv67tnAAYpump,Drake,2026-09-16T13:53:18Z,DoAsxPQgiyAxyaJNvpAAUb2ups6rbJRdYrCPyWxwRxBb,0.124139911,2026-09-15T17:13:42Z,74376,3U66jX1KtStqj8tUyvMQZwkTxBYJF4TF4CpJMCCmcpEGTnw51zwYScB3XLBLtWjEB1bbmp2MNRsxX1bk3mYv4EYA,278,3,False,False,False
89HbgWduLwoxcofWpmn1EiF9wEdpgkNDEyPjzZ72mkDi,HIDDEN_CANDIDATE,AgB5SxiP1DFZbW9uDAH7s8Mhv1HF21nJv67tnAAYpump,Drake,2026-09-16T13:53:18Z,B5EwJVDuAauzUEEdwvbuXzbFFgEYnUqqS37TUM1c4PQA,0.124623339,2026-09-15T17:19:13Z,74045,2aZ1qc8GHEYpVrQ9Ed5GVj5m3959ajjAzzzceLkKMvvdfhGSBFK8mHPrtXCMiSKFBhTouAKCLq3ta1R399ZcdAgW,25,3,True,False,False
89HbgWduLwoxcofWpmn1EiF9wEdpgkNDEyPjzZ72mkDi,HIDDEN_CANDIDATE,AgB5SxiP1DFZbW9uDAH7s8Mhv1HF21nJv67tnAAYpump,Drake,2026-09-16T13:53:18Z,DoAsxPQgiyAxyaJNvpAAUb2ups6rbJRdYrCPyWxwRxBb,0.089059207,2026-09-15T17:29:41Z,73417,5Hr2Ys3bWbmBGVZWh1E4uAKPjxcdduVPKfVtwk9MySYUSJ1jDeKYoVSdvpYmGaKFr7TDj6Ct7npPJkKPVHSC1CdA,278,3,False,False,False
89HbgWduLwoxcofWpmn1EiF9wEdpgkNDEyPjzZ72mkDi,HIDDEN_CANDIDATE,AgB5SxiP1DFZbW9uDAH7s8Mhv1HF21nJv67tnAAYpump,Drake,2026-09-16T13:53:18Z,B5EwJVDuAauzUEEdwvbuXzbFFgEYnUqqS37TUM1c4PQA,16.323475125,2026-09-15T17:34:39Z,73119,xQnDsnJA5zkV78XTNSzBdXLPuUuC2p7am18mL7wDfyLy1AUTTE79GWYhg3ArwMpkBqXv1PyrBaH8SXqAtd4ZEKx,25,3,True,False,False
89HbgWduLwoxcofWpmn1EiF9wEdpgkNDEyPjzZ72mkDi,HIDDEN_CANDIDATE,AgB5SxiP1DFZbW9uDAH7s8Mhv1HF21nJv67tnAAYpump,Drake,2026-09-16T13:53:18Z,B5EwJVDuAauzUEEdwvbuXzbFFgEYnUqqS37TUM1c4PQA,14.69203694,2026-09-15T17:43:46Z,72572,2j2tCWr8TaMfgWLTF4CnAs7fhUU7XzEHShzerVNwcqikpy4ZeBeJV6pum7anjSafZV6YmitNgEh2Dij5nb4PSZBM,25,3,True,False,False
89HbgWduLwoxcofWpmn1EiF9wEdpgkNDEyPjzZ72mkDi,HIDDEN_CANDIDATE,AgB5SxiP1DFZbW9uDAH7s8Mhv1HF21nJv67tnAAYpump,Drake,2026-09-16T13:53:18Z,DoAsxPQgiyAxyaJNvpAAUb2ups6rbJRdYrCPyWxwRxBb,0.176218571,2026-09-15T17:45:51Z,72447,65aY5UUqghH4fzoutdy8aje3Hw86npM6KBDj8mrLvKYc6TffDPA9jQHd8HvpQhnnQ88v2A5geL4wiVCGLoGeRcav,278,3,False,False,False
89HbgWduLwoxcofWpmn1EiF9wEdpgkNDEyPjzZ72mkDi,HIDDEN_CANDIDATE,AgB5SxiP1DFZbW9uDAH7s8Mhv1HF21nJv67tnAAYpump,Drake,2026-09-16T13:53:18Z,5Q544fKrFoe6tsEbD7S8EmxGTJYAKtTVhAW5Q5pge4j1,2.021931971,2026-09-15T17:57:20Z,71758,3V37Tn1VMex15rr6U5gaBLqCS7wf41P2e9pL7fFBcqMXvVVmDarRjAAj5egFQc4Y2w6p3QwVPT5tC87LjLDephoH,381,7,True,False,False
89HbgWduLwoxcofWpmn1EiF9wEdpgkNDEyPjzZ72mkDi,HIDDEN_CANDIDATE,AgB5SxiP1DFZbW9uDAH7s8Mhv1HF21nJv67tnAAYpump,Drake,2026-09-16T13:53:18Z,5Q544fKrFoe6tsEbD7S8EmxGTJYAKtTVhAW5Q5pge4j1,1.198050083,2026-09-15T18:00:52Z,71546,gdubBmJ1U8ky4tba4mYeqWaXKbi6mACdebWupmXKpMzTGtUdBzhV2JdsiGpB4pTttB3Rt2826twofVEXtJuSSqU,381,7,True,False,False
89HbgWduLwoxcofWpmn1EiF9wEdpgkNDEyPjzZ72mkDi,HIDDEN_CANDIDATE,AgB5SxiP1DFZbW9uDAH7s8Mhv1HF21nJv67tnAAYpump,Drake,2026-09-16T13:53:18Z,DoAsxPQgiyAxyaJNvpAAUb2ups6rbJRdYrCPyWxwRxBb,0.217500027,2026-09-15T18:01:21Z,71517,42QPv5uFsjpq2oc68WQX7ktDUEQu6iwkP7Nhi1mZ7tDUF9p6d7jYnxSZg7CPHURyZ5qnS1xWKQNGvfskwXNvCSXH,278,3,False,False,False
89HbgWduLwoxcofWpmn1EiF9wEdpgkNDEyPjzZ72mkDi,HIDDEN_CANDIDATE,AgB5SxiP1DFZbW9uDAH7s8Mhv1HF21nJv67tnAAYpump,Drake,2026-09-16T13:53:18Z,DoAsxPQgiyAxyaJNvpAAUb2ups6rbJRdYrCPyWxwRxBb,0.087469152,2026-09-15T18:13:29Z,70789,21XZ7ShqxwDqNoX9Zwiy4GCpFMcYPMaNS45ZuXa6kgpJqbzjFWucUv4Jv6g475M6zGHJN9Rks7ijPiA6zUQLpoVP,278,3,False,False,False
89HbgWduLwoxcofWpmn1EiF9wEdpgkNDEyPjzZ72mkDi,HIDDEN_CANDIDATE,AgB5SxiP1DFZbW9uDAH7s8Mhv1HF21nJv67tnAAYpump,Drake,2026-09-16T13:53:18Z,DoAsxPQgiyAxyaJNvpAAUb2ups6rbJRdYrCPyWxwRxBb,0.090815402,2026-09-15T18:22:35Z,70243,47oMmXy8NgtCtXi4scbKCjgW3czek16m1iWJ6XsHydPvEtU2AappkeAYpWEJW2qzAugkuagirRDWo6KtKTSzcbYM,278,3,False,False,False
89HbgWduLwoxcofWpmn1EiF9wEdpgkNDEyPjzZ72mkDi,HIDDEN_CANDIDATE,AgB5SxiP1DFZbW9uDAH7s8Mhv1HF21nJv67tnAAYpump,Drake,2026-09-16T13:53:18Z,6CwDaoyDQTDd3KG64dE4AG8wMf2UH1gx7cUJ97EVMsC1,1.745846,2026-09-15T18:42:27Z,69051,5H2pCTqYCbGvUZbzxCDmZtaEmFwtNThhaBKZUkwaZQCbdc4FSgqK8gkZVkoRuTQttHREDPSEDbYRTi8XurXRpXgZ,6,1,False,False,False
89HbgWduLwoxcofWpmn1EiF9wEdpgkNDEyPjzZ72mkDi,HIDDEN_CANDIDATE,AgB5SxiP1DFZbW9uDAH7s8Mhv1HF21nJv67tnAAYpump,Drake,2026-09-16T13:53:18Z,6CwDaoyDQTDd3KG64dE4AG8wMf2UH1gx7cUJ97EVMsC1,1.492942278,2026-09-15T18:42:28Z,69050,4w7nfJ3JWEwzu5ks4CXniZfg4W5EpzP9RdQy5GJXLNtgsBNtx5DFWoiyYDudf8Bw1diBhYBpiVWcjFq7RMGU7Kss,6,1,False,False,False
89HbgWduLwoxcofWpmn1EiF9wEdpgkNDEyPjzZ72mkDi,HIDDEN_CANDIDATE,AgB5SxiP1DFZbW9uDAH7s8Mhv1HF21nJv67tnAAYpump,Drake,2026-09-16T13:53:18Z,6CwDaoyDQTDd3KG64dE4AG8wMf2UH1gx7cUJ97EVMsC1,1.383933251,2026-09-15T18:42:29Z,69049,3952Eu1BhLXScP1ptfr8c3caEcY8YD8ntxFJvJLg9Jn6gLurYbYeGVQH6NMBusHZbSTpYzkXmVfGjjQLfow5VKoz,6,1,False,False,False
89HbgWduLwoxcofWpmn1EiF9wEdpgkNDEyPjzZ72mkDi,HIDDEN_CANDIDATE,AgB5SxiP1DFZbW9uDAH7s8Mhv1HF21nJv67tnAAYpump,Drake,2026-09-16T13:53:18Z,6CwDaoyDQTDd3KG64dE4AG8wMf2UH1gx7cUJ97EVMsC1,2.929345643,2026-09-15T18:42:31Z,69047,4GjRBQFoimf8vrF72nWzdcgZtnp2XMyAWNTYzBYNtn36BMb1WQx9s7puQnuLyLor9SNbsMNAawqfSvGLGuovvJfn,6,1,False,False,False
89HbgWduLwoxcofWpmn1EiF9wEdpgkNDEyPjzZ72mkDi,HIDDEN_CANDIDATE,AgB5SxiP1DFZbW9uDAH7s8Mhv1HF21nJv67tnAAYpump,Drake,2026-09-16T13:53:18Z,6CwDaoyDQTDd3KG64dE4AG8wMf2UH1gx7cUJ97EVMsC1,2.683518661,2026-09-15T18:42:35Z,69043,5k51KnJrgPRz2iKsT8cA5iN7ThvpztK3zaVHNrHsGCMwSFZHeocWzgfqyfFk5EPYjzXyvHhHzm4HErtRnBherbnP,6,1,False,False,False
89HbgWduLwoxcofWpmn1EiF9wEdpgkNDEyPjzZ72mkDi,HIDDEN_CANDIDATE,AgB5SxiP1DFZbW9uDAH7s8Mhv1HF21nJv67tnAAYpump,Drake,2026-09-16T13:53:18Z,6CwDaoyDQTDd3KG64dE4AG8wMf2UH1gx7cUJ97EVMsC1,4.395297972,2026-09-15T18:43:55Z,68963,3YffWoKmkB26t1PjfUjethqFGTctfi62Ki3VqxaqH5Z3NmbcUYsyXbvWNyxJ2R666LNAGW87KShG2htnPEHMTBgw,6,1,False,False,False
89HbgWduLwoxcofWpmn1EiF9wEdpgkNDEyPjzZ72mkDi,HIDDEN_CANDIDATE,AgB5SxiP1DFZbW9uDAH7s8Mhv1HF21nJv67tnAAYpump,Drake,2026-09-16T13:53:18Z,DoAsxPQgiyAxyaJNvpAAUb2ups6rbJRdYrCPyWxwRxBb,0.242210008,2026-09-15T18:44:10Z,68948,HrPbPcV7GCpJgXouqw8eyWp9Fmi9HpVvdGF3sN6P6nyFsYrhqCrGQB3bxXpY4jMdESg9TsYX9AJQZZHuYBp7vWX,278,3,False,False,False
89HbgWduLwoxcofWpmn1EiF9wEdpgkNDEyPjzZ72mkDi,HIDDEN_CANDIDATE,AgB5SxiP1DFZbW9uDAH7s8Mhv1HF21nJv67tnAAYpump,Drake,2026-09-16T13:53:18Z,5SZSXAEzHv86F6RgrH1KLvgPwDvvMPwBy8UcqWitZwxM,3.759002879,2026-09-15T18:47:50Z,68728,24kDq7VudSECcASNLyN6ZAz2mbK3bDCk3VZN3nnXup8tikpFLTzG9hEfazJCn8HjJU797c7YnnxpbLT2N3aYqpBW,1,1,False,False,False
89HbgWduLwoxcofWpmn1EiF9wEdpgkNDEyPjzZ72mkDi,HIDDEN_CANDIDATE,AgB5SxiP1DFZbW9uDAH7s8Mhv1HF21nJv67tnAAYpump,Drake,2026-09-16T13:53:18Z,DoAsxPQgiyAxyaJNvpAAUb2ups6rbJRdYrCPyWxwRxBb,0.051113675,2026-09-15T18:48:05Z,68713,oBzVVGjqFzobZGhY6owqPBCGe7umFCE1HVJp2MEDiy4WSyGz4BQgqPve7YVhkU1Ff18zC9imueyarbxiHtM8cLT,278,3,False,False,False
89HbgWduLwoxcofWpmn1EiF9wEdpgkNDEyPjzZ72mkDi,HIDDEN_CANDIDATE,AgB5SxiP1DFZbW9uDAH7s8Mhv1HF21nJv67tnAAYpump,Drake,2026-09-16T13:53:18Z,6u7gMhTXdDVEoL8U3Tu2VGUfqNxR8hLcveXQBUndbE2u,3.562282707,2026-09-15T18:53:14Z,68404,2VFgsGCdFJC4RXH8P4Tq6yJNN3o524267izx2vripYmTprQuNEVfnCR52QphGHxSFbavzyk1VzBZAXJu5TpHM71r,2,1,False,False,False
89HbgWduLwoxcofWpmn1EiF9wEdpgkNDEyPjzZ72mkDi,HIDDEN_CANDIDATE,AgB5SxiP1DFZbW9uDAH7s8Mhv1HF21nJv67tnAAYpump,Drake,2026-09-16T13:53:18Z,6u7gMhTXdDVEoL8U3Tu2VGUfqNxR8hLcveXQBUndbE2u,2.01052031,2026-09-15T18:53:37Z,68381,43R7E6ukwUN7TrPSj6WWoJ2f6fAfiHAE2CGfWFqrfgvqyyXZkzAWBHCzMX2X1EbbrK3Q7fKwGmHrbGev8ZtBtmXT,2,1,False,False,False
89HbgWduLwoxcofWpmn1EiF9wEdpgkNDEyPjzZ72mkDi,HIDDEN_CANDIDATE,AgB5SxiP1DFZbW9uDAH7s8Mhv1HF21nJv67tnAAYpump,Drake,2026-09-16T13:53:18Z,DoAsxPQgiyAxyaJNvpAAUb2ups6rbJRdYrCPyWxwRxBb,0.142795179,2026-09-15T18:53:50Z,68368,5hnywXHwcQgFu6hG3cps9dxwJuxrA13UD8hESp22dCJCmWNhCFFGNdcjwqJdXDWpqkS2uhPQqzJoyv8njfPhjma9,278,3,False,False,False
89HbgWduLwoxcofWpmn1EiF9wEdpgkNDEyPjzZ72mkDi,HIDDEN_CANDIDATE,AgB5SxiP1DFZbW9uDAH7s8Mhv1HF21nJv67tnAAYpump,Drake,2026-09-16T13:53:18Z,DoAsxPQgiyAxyaJNvpAAUb2ups6rbJRdYrCPyWxwRxBb,0.169265584,2026-09-15T18:57:50Z,68128,61Nt5nP4JrhhJGfzr3WdsnbB9u44mQwMWt7rp3CbimtiyCeTeiXFw6n5qJiYiUx7rBkd6nn6KNpor7Eem96nQ6bP,278,3,False,False,False
89HbgWduLwoxcofWpmn1EiF9wEdpgkNDEyPjzZ72mkDi,HIDDEN_CANDIDATE,AgB5SxiP1DFZbW9uDAH7s8Mhv1HF21nJv67tnAAYpump,Drake,2026-09-16T13:53:18Z,DoAsxPQgiyAxyaJNvpAAUb2ups6rbJRdYrCPyWxwRxBb,0.085555468,2026-09-15T19:08:34Z,67484,55g8k3qAm6TiBUpGmXbKidjhznT7wV3UsN7nGGiUEoiM8Y5gnLJgheqgGs3zvVVX3FJUnXyzXurAHKAf1tPW64Ve,278,3,False,False,False
89HbgWduLwoxcofWpmn1EiF9wEdpgkNDEyPjzZ72mkDi,HIDDEN_CANDIDATE,AgB5SxiP1DFZbW9uDAH7s8Mhv1HF21nJv67tnAAYpump,Drake,2026-09-16T13:53:18Z,B5EwJVDuAauzUEEdwvbuXzbFFgEYnUqqS37TUM1c4PQA,1.361989449,2026-09-15T19:09:04Z,67454,4XLzAwwTQH4PMSinmRnToVu2ofrvCJGje4GcJVS9w6QsZouAMGYyb2szZrxxpqD5WM47xMX56TGfN8vzHnWHea25,25,3,True,False,False
89HbgWduLwoxcofWpmn1EiF9wEdpgkNDEyPjzZ72mkDi,HIDDEN_CANDIDATE,AgB5SxiP1DFZbW9uDAH7s8Mhv1HF21nJv67tnAAYpump,Drake,2026-09-16T13:53:18Z,4RJp5TtPXEDtL2R6XRdmkJYK41nnptouTvE9WvLSF8RW,2.490813006,2026-09-15T19:10:20Z,67378,2LuciCxksv3sropy9FBi965uXLkfxnnP5ZPhCabSMDP9hDcicYYTRsvD4fAUqTWCNWsy6ckHnRLHyJWRtmGgVZHw,1,1,False,False,False
89HbgWduLwoxcofWpmn1EiF9wEdpgkNDEyPjzZ72mkDi,HIDDEN_CANDIDATE,AgB5SxiP1DFZbW9uDAH7s8Mhv1HF21nJv67tnAAYpump,Drake,2026-09-16T13:53:18Z,5Q544fKrFoe6tsEbD7S8EmxGTJYAKtTVhAW5Q5pge4j1,1.720221064,2026-09-15T19:21:50Z,66688,BB2vjZjDteW3Y1WvGffbgMqJBF5yzkSVgAV9huMTaoF764xnzMeqEMBreEhFyMLPefPTQDM3kYJVY86mPXrF2LR,381,7,True,False,False
89HbgWduLwoxcofWpmn1EiF9wEdpgkNDEyPjzZ72mkDi,HIDDEN_CANDIDATE,AgB5SxiP1DFZbW9uDAH7s8Mhv1HF21nJv67tnAAYpump,Drake,2026-09-16T13:53:18Z,DoAsxPQgiyAxyaJNvpAAUb2ups6rbJRdYrCPyWxwRxBb,0.188520357,2026-09-15T19:22:27Z,66651,2voWztPsj4XqRLWoXBSFb8kVtLxyVgXh8GgCXk8NapbU8ZWL3JeAHxrCLTZYP2btZhB9GWB9BUoctAabY2FpV4X6,278,3,False,False,False
89HbgWduLwoxcofWpmn1EiF9wEdpgkNDEyPjzZ72mkDi,HIDDEN_CANDIDATE,AgB5SxiP1DFZbW9uDAH7s8Mhv1HF21nJv67tnAAYpump,Drake,2026-09-16T13:53:18Z,5Q544fKrFoe6tsEbD7S8EmxGTJYAKtTVhAW5Q5pge4j1,2.169119618,2026-09-15T19:22:47Z,66631,2cL35TDhPBZBFeDmVRAy3kdzLwEkDDg9rkaSfjhwPizZV4nWYL3V2YPcARK85LsAvVZbyngXrHwMtGcY3eeo9B1f,381,7,True,False,False
89HbgWduLwoxcofWpmn1EiF9wEdpgkNDEyPjzZ72mkDi,HIDDEN_CANDIDATE,AgB5SxiP1DFZbW9uDAH7s8Mhv1HF21nJv67tnAAYpump,Drake,2026-09-16T13:53:18Z,DoAsxPQgiyAxyaJNvpAAUb2ups6rbJRdYrCPyWxwRxBb,0.067770462,2026-09-15T19:23:36Z,66582,3xas9v8SS7eP9iyJyPHjLgTsnZc9yuw5p5z3Z6S8j6FNWUGSh85msocG5Vw1uup1quwVDybgGxPrRfeEMA1MFnqY,278,3,False,False,False
89HbgWduLwoxcofWpmn1EiF9wEdpgkNDEyPjzZ72mkDi,HIDDEN_CANDIDATE,AgB5SxiP1DFZbW9uDAH7s8Mhv1HF21nJv67tnAAYpump,Drake,2026-09-16T13:53:18Z,5Q544fKrFoe6tsEbD7S8EmxGTJYAKtTVhAW5Q5pge4j1,2.239985448,2026-09-15T19:26:25Z,66413,65vWx6XEsjtLG1oAawscJaDFAdjt6KwrbjmKruWGcKKoSg3GtmSXUvMgwdXpbeZauq9FUigfhDhUSwaWkvXwU4eg,381,7,True,False,False
89HbgWduLwoxcofWpmn1EiF9wEdpgkNDEyPjzZ72mkDi,HIDDEN_CANDIDATE,AgB5SxiP1DFZbW9uDAH7s8Mhv1HF21nJv67tnAAYpump,Drake,2026-09-16T13:53:18Z,DoAsxPQgiyAxyaJNvpAAUb2ups6rbJRdYrCPyWxwRxBb,0.070799518,2026-09-15T19:27:08Z,66370,hnDwG3mqWtQYVK8kqpJ9Et1CRQrKQMFURhuz3ZTxPLWkn9cvy7DR41aAJct9SkYT65RssUYjoya1zb7tzJZMJKM,278,3,False,False,False
89HbgWduLwoxcofWpmn1EiF9wEdpgkNDEyPjzZ72mkDi,HIDDEN_CANDIDATE,AgB5SxiP1DFZbW9uDAH7s8Mhv1HF21nJv67tnAAYpump,Drake,2026-09-16T13:53:18Z,78VYrCSQYcUqzVZqD4zXUDtJbwjbd1ZDUFarCxZM5x2U,4.442082928,2026-09-15T19:47:28Z,65150,4yAdFg2i6JeDoWFPx4stfEozZTpCAq3DTNtcSTisLQC4tjmkUAqL1bjVDYwRCnY2Xn9PvVYFcNBkumzCydRVyYPh,2,1,False,False,False
89HbgWduLwoxcofWpmn1EiF9wEdpgkNDEyPjzZ72mkDi,HIDDEN_CANDIDATE,AgB5SxiP1DFZbW9uDAH7s8Mhv1HF21nJv67tnAAYpump,Drake,2026-09-16T13:53:18Z,78VYrCSQYcUqzVZqD4zXUDtJbwjbd1ZDUFarCxZM5x2U,4.142623009,2026-09-15T19:47:34Z,65144,X7zMGT4jsswvpKVbtKwpb2jQeCP7TCMQawA1fjBQPPqXUhrcDqcR4zA5weitpnqUcdK2GjGUKT67qAWUvnQvYAA,2,1,False,False,False
89HbgWduLwoxcofWpmn1EiF9wEdpgkNDEyPjzZ72mkDi,HIDDEN_CANDIDATE,AgB5SxiP1DFZbW9uDAH7s8Mhv1HF21nJv67tnAAYpump,Drake,2026-09-16T13:53:18Z,DoAsxPQgiyAxyaJNvpAAUb2ups6rbJRdYrCPyWxwRxBb,0.214857408,2026-09-15T19:47:47Z,65131,2tkVA6tBZeoBWQFiqfBVCF2jHy94j6RnvezHd3bPKJCc4nLvo1mo5W2CGwG4xduXam5mNWYCKb85b7uTDVhLniPD,278,3,False,False,False
89HbgWduLwoxcofWpmn1EiF9wEdpgkNDEyPjzZ72mkDi,HIDDEN_CANDIDATE,AgB5SxiP1DFZbW9uDAH7s8Mhv1HF21nJv67tnAAYpump,Drake,2026-09-16T13:53:18Z,51V5bAPGaz3vj4SiJeoLGNzAQNxGr4Vps8gSBKmSZx71,1.642397749,2026-09-15T19:53:31Z,64787,3umPQxSV4XCTgntcRk2YaDwxaf4EZZDxUeqzw696fMisMyitCND2vJipt7pzdLx4JStUWD5TKQSsj4ny9LSvURMy,1,1,False,False,False
89HbgWduLwoxcofWpmn1EiF9wEdpgkNDEyPjzZ72mkDi,HIDDEN_CANDIDATE,AgB5SxiP1DFZbW9uDAH7s8Mhv1HF21nJv67tnAAYpump,Drake,2026-09-16T13:53:18Z,DoAsxPQgiyAxyaJNvpAAUb2ups6rbJRdYrCPyWxwRxBb,0.072327961,2026-09-15T19:54:06Z,64752,EY9xh6qZvbELnEUVtmSdmJkNfFRe7c1YMS3dseAhNXKQcpDbtBwEXjUXpxjkGgFyEcPjKQdZKNGaxCjcNmP18e5,278,3,False,False,False
89HbgWduLwoxcofWpmn1EiF9wEdpgkNDEyPjzZ72mkDi,HIDDEN_CANDIDATE,AgB5SxiP1DFZbW9uDAH7s8Mhv1HF21nJv67tnAAYpump,Drake,2026-09-16T13:53:18Z,5Q544fKrFoe6tsEbD7S8EmxGTJYAKtTVhAW5Q5pge4j1,1.482964738,2026-09-15T20:01:42Z,64296,2gTKDTG8Wneji6f8qCFDvQxJzznGAzLn2X3guu6scN3nkfnpe9L7Wn1M6jE9FP6MBhhi8oWQNbLKh4fLMvJu5ysG,381,7,True,False,False
89HbgWduLwoxcofWpmn1EiF9wEdpgkNDEyPjzZ72mkDi,HIDDEN_CANDIDATE,AgB5SxiP1DFZbW9uDAH7s8Mhv1HF21nJv67tnAAYpump,Drake,2026-09-16T13:53:18Z,DoAsxPQgiyAxyaJNvpAAUb2ups6rbJRdYrCPyWxwRxBb,0.056581177,2026-09-15T20:03:19Z,64199,5KQMaiXW3rV6w58uUB4Cs2zzik7xcKACFrfgeJKAnuv4swNYgJniSgizyGhQc7mXXzoKzbxa6iheiE8wWSYzoqsJ,278,3,False,False,False
89HbgWduLwoxcofWpmn1EiF9wEdpgkNDEyPjzZ72mkDi,HIDDEN_CANDIDATE,AgB5SxiP1DFZbW9uDAH7s8Mhv1HF21nJv67tnAAYpump,Drake,2026-09-16T13:53:18Z,DoAsxPQgiyAxyaJNvpAAUb2ups6rbJRdYrCPyWxwRxBb,0.104547879,2026-09-15T20:09:46Z,63812,3qztY8XSY5md7Xhv3agi9RDUHCNy5KXB6TvSEQHBp1w3H2Q6qE4Ks1QBQkRR33sfWQHNddFDSmbbvqPUciW63tiC,278,3,False,False,False
89HbgWduLwoxcofWpmn1EiF9wEdpgkNDEyPjzZ72mkDi,HIDDEN_CANDIDATE,AgB5SxiP1DFZbW9uDAH7s8Mhv1HF21nJv67tnAAYpump,Drake,2026-09-16T13:53:18Z,5Q544fKrFoe6tsEbD7S8EmxGTJYAKtTVhAW5Q5pge4j1,1.187466852,2026-09-15T20:12:25Z,63653,5hGEZqDgaByAmUUoP1Ncda8L3bCvRUjSCKr38De3xAqVQ5j4Xj5gWLyoVLaattJAtketrnGD3HinuXJkooEMp6cg,381,7,True,False,False
89HbgWduLwoxcofWpmn1EiF9wEdpgkNDEyPjzZ72mkDi,HIDDEN_CANDIDATE,AgB5SxiP1DFZbW9uDAH7s8Mhv1HF21nJv67tnAAYpump,Drake,2026-09-16T13:53:18Z,DoAsxPQgiyAxyaJNvpAAUb2ups6rbJRdYrCPyWxwRxBb,0.056160238,2026-09-15T20:12:43Z,63635,D3sWRn6MVQY51g3kg8XVzv5Ci5uBrvgJXYzBpkJ96ZRuUK3bLc14rWRDB8tSxVS9Lkn7Y11tcquv1LUezMTszBD,278,3,False,False,False
89HbgWduLwoxcofWpmn1EiF9wEdpgkNDEyPjzZ72mkDi,HIDDEN_CANDIDATE,AgB5SxiP1DFZbW9uDAH7s8Mhv1HF21nJv67tnAAYpump,Drake,2026-09-16T13:53:18Z,DoAsxPQgiyAxyaJNvpAAUb2ups6rbJRdYrCPyWxwRxBb,0.057949722,2026-09-15T20:39:48Z,62010,2cCq85JEdQjSSdzwRjD64sT9oUGdRLwYmf5tjJbWmqtUJneR2SKnMRQF4nAnKJ4WqjX9tVTbkHHqEiW3jXiUFY8T,278,3,False,False,False
89HbgWduLwoxcofWpmn1EiF9wEdpgkNDEyPjzZ72mkDi,HIDDEN_CANDIDATE,AgB5SxiP1DFZbW9uDAH7s8Mhv1HF21nJv67tnAAYpump,Drake,2026-09-16T13:53:18Z,5Q544fKrFoe6tsEbD7S8EmxGTJYAKtTVhAW5Q5pge4j1,4.860013803,2026-09-15T20:40:39Z,61959,4vRAzhd2KnsfY26vQYG8AAeVDV5w9fyXmt97DpKf3XnJLRcrZtcjN8yYuHMGjpCavvuXD2kJEaGtF6Q5y33oAXX3,381,7,True,False,False
89HbgWduLwoxcofWpmn1EiF9wEdpgkNDEyPjzZ72mkDi,HIDDEN_CANDIDATE,AgB5SxiP1DFZbW9uDAH7s8Mhv1HF21nJv67tnAAYpump,Drake,2026-09-16T13:53:18Z,DoAsxPQgiyAxyaJNvpAAUb2ups6rbJRdYrCPyWxwRxBb,0.129655161,2026-09-15T20:41:20Z,61918,71mrc8syh7bbyRse5J2b2H2GAeckSPZ7yrdcZ8F6odoNx7BeeoNAdR8jJbSxznQgqdvViwsvpmwfaSDJCi35wDH,278,3,False,False,False
89HbgWduLwoxcofWpmn1EiF9wEdpgkNDEyPjzZ72mkDi,HIDDEN_CANDIDATE,AgB5SxiP1DFZbW9uDAH7s8Mhv1HF21nJv67tnAAYpump,Drake,2026-09-16T13:53:18Z,5Q544fKrFoe6tsEbD7S8EmxGTJYAKtTVhAW5Q5pge4j1,1.776385326,2026-09-15T20:42:08Z,61870,5sqcnXgqHTCqEjepfCp14fYMAk2UgyNuKzBFyidS3k4zD8rj42NMCstZzQMZUtaZokPdcvqDy4CQXDZ17g6b9GCf,381,7,True,False,False
89HbgWduLwoxcofWpmn1EiF9wEdpgkNDEyPjzZ72mkDi,HIDDEN_CANDIDATE,AgB5SxiP1DFZbW9uDAH7s8Mhv1HF21nJv67tnAAYpump,Drake,2026-09-16T13:53:18Z,DoAsxPQgiyAxyaJNvpAAUb2ups6rbJRdYrCPyWxwRxBb,0.070656132,2026-09-15T20:42:56Z,61822,5kUkMkVpakSaHMUsTWR39ftfSFeicd4Qtrby7WciCtPHfvvoaFkGwTcsFZbescPs3H33w5exQNdeWeVdc4SCuCfr,278,3,False,False,False
89HbgWduLwoxcofWpmn1EiF9wEdpgkNDEyPjzZ72mkDi,HIDDEN_CANDIDATE,AgB5SxiP1DFZbW9uDAH7s8Mhv1HF21nJv67tnAAYpump,Drake,2026-09-16T13:53:18Z,7XA6NCMKa8Vk5Y3gdaaNsvGhjAdkqUDsGHkUpYUZBwh3,1.952930051,2026-09-15T20:47:06Z,61572,5ET58N3C86vtzrML9pni6fD52sjHEZSj3js2iEAUiXmsofoCg1PeYSGbLCLqtVpSTowSkZqaacjvtS5eQ656ukUh,1,1,False,False,False
89HbgWduLwoxcofWpmn1EiF9wEdpgkNDEyPjzZ72mkDi,HIDDEN_CANDIDATE,AgB5SxiP1DFZbW9uDAH7s8Mhv1HF21nJv67tnAAYpump,Drake,2026-09-16T13:53:18Z,5Q544fKrFoe6tsEbD7S8EmxGTJYAKtTVhAW5Q5pge4j1,1.602461032,2026-09-15T20:49:20Z,61438,2PK2BVzo5cfhzYyWeRgfEWUjf3w9ytAswqLARe2i9m9cq3wMw5egjqGcKnkkMHmLU8ZZBrLszY32MDmpeUeayKs2,381,7,True,False,False
89HbgWduLwoxcofWpmn1EiF9wEdpgkNDEyPjzZ72mkDi,HIDDEN_CANDIDATE,AgB5SxiP1DFZbW9uDAH7s8Mhv1HF21nJv67tnAAYpump,Drake,2026-09-16T13:53:18Z,5Q544fKrFoe6tsEbD7S8EmxGTJYAKtTVhAW5Q5pge4j1,1.608070517,2026-09-15T20:59:34Z,60824,45R3PY5LrV6xPo2d4R4yzN1Y5WEkdntC4qQVC1kUxARDde59K3GMxH6Q929x5WdrTG84oj18cdi2Q1qkoRm548uG,381,7,True,False,False
89HbgWduLwoxcofWpmn1EiF9wEdpgkNDEyPjzZ72mkDi,HIDDEN_CANDIDATE,AgB5SxiP1DFZbW9uDAH7s8Mhv1HF21nJv67tnAAYpump,Drake,2026-09-16T13:53:18Z,DoAsxPQgiyAxyaJNvpAAUb2ups6rbJRdYrCPyWxwRxBb,0.122089575,2026-09-15T20:59:51Z,60807,25c2cPnU9Ub2rgH3fbu1hnXX8F8FEXx3rDjk7ruY4m4ewLS4xuyA6f6CjgWo8NUFDkRzvSKGvzQtNAVQ1t8zeAhv,278,3,False,False,False
89HbgWduLwoxcofWpmn1EiF9wEdpgkNDEyPjzZ72mkDi,HIDDEN_CANDIDATE,AgB5SxiP1DFZbW9uDAH7s8Mhv1HF21nJv67tnAAYpump,Drake,2026-09-16T13:53:18Z,GuAKE5EgK7Au7EARH81oHrWjJvvg2Axf9AVNMpt7yEzH,30.0,2026-09-15T21:09:08Z,60250,3C6zUbwL8Eg2gCJELCTfz74FPBLTTc9YjWvUyiJA7zs1vLy85HC5Fh8rwAk9SeAw4XXxf83JRcuY6b4DwoSAwdkV,2,1,False,False,False
89HbgWduLwoxcofWpmn1EiF9wEdpgkNDEyPjzZ72mkDi,HIDDEN_CANDIDATE,AgB5SxiP1DFZbW9uDAH7s8Mhv1HF21nJv67tnAAYpump,Drake,2026-09-16T13:53:18Z,5yQK7ctnXhKnmc7SATBVwoMvMbrX1gBvbVQoB4Qc3wsw,9.981840001,2026-09-15T21:09:15Z,60243,2wpYAyEiSsBXaJZ6Zjo9vSVpCXLUUdu2nnoC6jHniAKwK3vqKjnwNx8GQYfVzuwxnyeuwZQEaLQd7jfgDFdRaFFz,1,1,False,False,False
89HbgWduLwoxcofWpmn1EiF9wEdpgkNDEyPjzZ72mkDi,HIDDEN_CANDIDATE,AgB5SxiP1DFZbW9uDAH7s8Mhv1HF21nJv67tnAAYpump,Drake,2026-09-16T13:53:18Z,AmfPwSWpiYUfD4sGzQfhfAotsF7wH6Z9WwfLjowjCKUz,10.017749999,2026-09-15T21:09:15Z,60243,bH9onHgxUnJ42LfXMRGGEFTAYsMwwq89EsnpHVmRDhrKiqXpfytBJ3Rm8HjaHVpHXkVU4XL4LUZgERkMrns674v,1,1,False,False,False
89HbgWduLwoxcofWpmn1EiF9wEdpgkNDEyPjzZ72mkDi,HIDDEN_CANDIDATE,AgB5SxiP1DFZbW9uDAH7s8Mhv1HF21nJv67tnAAYpump,Drake,2026-09-16T13:53:18Z,5Q544fKrFoe6tsEbD7S8EmxGTJYAKtTVhAW5Q5pge4j1,1.738967338,2026-09-16T13:47:35Z,343,57uykLvXFpYLtyyq9binsrNiY9VrdTxCTqzjwKQ3PxLoptQpeXQPQoAFi6yMySiJ6L5RtgJUMn3ePhRUdgTptfkE,381,7,True,False,False
89HbgWduLwoxcofWpmn1EiF9wEdpgkNDEyPjzZ72mkDi,HIDDEN_CANDIDATE,AgB5SxiP1DFZbW9uDAH7s8Mhv1HF21nJv67tnAAYpump,Drake,2026-09-16T13:53:18Z,5Q544fKrFoe6tsEbD7S8EmxGTJYAKtTVhAW5Q5pge4j1,1.366466407,2026-09-16T13:51:45Z,93,5fEsfSKeb7qbJGmpSusQ6cxmsbM3hxs8vdyzYKa12xyyFUZ9WcgZdeU7RxTY672xkESTa45AnJDMeULnhDspnWpT,381,7,True,False,False
89HbgWduLwoxcofWpmn1EiF9wEdpgkNDEyPjzZ72mkDi,HIDDEN_CANDIDATE,AgB5SxiP1DFZbW9uDAH7s8Mhv1HF21nJv67tnAAYpump,Drake,2026-09-16T13:53:18Z,DoAsxPQgiyAxyaJNvpAAUb2ups6rbJRdYrCPyWxwRxBb,0.233879084,2026-09-16T13:52:21Z,57,AnwH56cGSQrEQrQcsqPRtzvZuUUab2EwJTSvKjQ637M9sLowq2o9WexYnTRstHzGALGN2uEzC9NG9i3qoA1Ui9W,278,3,False,False,False
FRbUNvGxYNC1eFngpn7AD3f14aKKTJVC6zSMtvj2dyCS,HIDDEN_CANDIDATE,AgB5SxiP1DFZbW9uDAH7s8Mhv1HF21nJv67tnAAYpump,Drake,2026-09-16T13:53:18Z,DoAsxPQgiyAxyaJNvpAAUb2ups6rbJRdYrCPyWxwRxBb,0.131737715,2026-09-15T13:59:16Z,86042,2CA9YWK8B5PBSLQDM8WDqtoEXqaCpZtJV6rVW9dRdvN1GjeXXjVDcCTQ1GLNEpPChk8Y4mcxa4LmRSqafSiVpJMe,278,3,False,False,False
FRbUNvGxYNC1eFngpn7AD3f14aKKTJVC6zSMtvj2dyCS,HIDDEN_CANDIDATE,AgB5SxiP1DFZbW9uDAH7s8Mhv1HF21nJv67tnAAYpump,Drake,2026-09-16T13:53:18Z,5Q544fKrFoe6tsEbD7S8EmxGTJYAKtTVhAW5Q5pge4j1,1.202212875,2026-09-15T14:05:30Z,85668,373X4sEHWYVG6hQ9CugXZ5Jugb8jcQAbtXsrb8ph5KHhNL2USWH5pStU4P5rNYdy6fDoX1j81x3JsbN41J1HVRC,381,7,True,False,False
FRbUNvGxYNC1eFngpn7AD3f14aKKTJVC6zSMtvj2dyCS,HIDDEN_CANDIDATE,AgB5SxiP1DFZbW9uDAH7s8Mhv1HF21nJv67tnAAYpump,Drake,2026-09-16T13:53:18Z,DoAsxPQgiyAxyaJNvpAAUb2ups6rbJRdYrCPyWxwRxBb,0.193614549,2026-09-15T14:25:30Z,84468,3zp2NRZEFWWgitwc7DBprQ73nJK3GqvBm7ZeSZvQzbEQ8ccMKjJPFwUphJ8gLBKwbHAan3YJKDoxAw9LW8zhBukJ,278,3,False,False,False
FRbUNvGxYNC1eFngpn7AD3f14aKKTJVC6zSMtvj2dyCS,HIDDEN_CANDIDATE,AgB5SxiP1DFZbW9uDAH7s8Mhv1HF21nJv67tnAAYpump,Drake,2026-09-16T13:53:18Z,DoAsxPQgiyAxyaJNvpAAUb2ups6rbJRdYrCPyWxwRxBb,0.068158313,2026-09-15T14:28:02Z,84316,441yncNS1x6auLCnyQwQxRz5pBMsjVBCQ6LztYWQWYReEeoj2FNtRz6hXkA4BSVHG1mjdaGX5XFHUaDUai8ZLnME,278,3,False,False,False
FRbUNvGxYNC1eFngpn7AD3f14aKKTJVC6zSMtvj2dyCS,HIDDEN_CANDIDATE,AgB5SxiP1DFZbW9uDAH7s8Mhv1HF21nJv67tnAAYpump,Drake,2026-09-16T13:53:18Z,DoAsxPQgiyAxyaJNvpAAUb2ups6rbJRdYrCPyWxwRxBb,0.081196647,2026-09-15T15:16:30Z,81408,4hnYq4suSU96sVkmN6JaW3smazpCs1kYQiRtdFfQAmfNGAkz2Ly9fAhqgCgfj13nVT71BuEAJMhk1ZacRWPAzRF7,278,3,False,False,False
FRbUNvGxYNC1eFngpn7AD3f14aKKTJVC6zSMtvj2dyCS,HIDDEN_CANDIDATE,AgB5SxiP1DFZbW9uDAH7s8Mhv1HF21nJv67tnAAYpump,Drake,2026-09-16T13:53:18Z,5Q544fKrFoe6tsEbD7S8EmxGTJYAKtTVhAW5Q5pge4j1,0.053187072,2026-09-15T16:53:08Z,75610,4j4a1pmZwM98S9UMLjuoiAbYf2Xgq5A24vJ6PFiSbCJmVJRNQqBJZAU5EBjeEqzdYgzSLv8KcZdQKok9g81bJrcq,381,7,True,False,False
FRbUNvGxYNC1eFngpn7AD3f14aKKTJVC6zSMtvj2dyCS,HIDDEN_CANDIDATE,AgB5SxiP1DFZbW9uDAH7s8Mhv1HF21nJv67tnAAYpump,Drake,2026-09-16T13:53:18Z,DoAsxPQgiyAxyaJNvpAAUb2ups6rbJRdYrCPyWxwRxBb,0.25990279,2026-09-16T08:35:51Z,19047,4VgQhvtMVQ9H4JFZ28TK74ow6paypcPWExKYpRcNWP24HZyGXiDXrbH12UEwZ2BrnPF9dPxVyXj6R15iLtNngmeq,278,3,False,False,False
FRbUNvGxYNC1eFngpn7AD3f14aKKTJVC6zSMtvj2dyCS,HIDDEN_CANDIDATE,AgB5SxiP1DFZbW9uDAH7s8Mhv1HF21nJv67tnAAYpump,Drake,2026-09-16T13:53:18Z,4rJggoVMajEUtipev1XhSMjESYk8Zibz6CDHPtUe1mem,0.400822232,2026-09-16T08:41:36Z,18702,afE9XZfhPEpQthmJu9huV6bocD5pb9zPzVQNA6BKWsAobMZMQnGMY6xfTQFxySK3mLdZYYieepyYeXBFLkjVBTc,1,1,False,False,False
FRbUNvGxYNC1eFngpn7AD3f14aKKTJVC6zSMtvj2dyCS,HIDDEN_CANDIDATE,AgB5SxiP1DFZbW9uDAH7s8Mhv1HF21nJv67tnAAYpump,Drake,2026-09-16T13:53:18Z,DoAsxPQgiyAxyaJNvpAAUb2ups6rbJRdYrCPyWxwRxBb,0.128056664,2026-09-16T08:54:08Z,17950,31xPMZ7Wuau8zKR3uh3iTS5ReR6Egt7KiziR9c1Dowb2xXZ1XW6zH7FJcVjNcY3hg7FnVAhBob3kx4AqZJ9GXP1D,278,3,False,False,False
FRbUNvGxYNC1eFngpn7AD3f14aKKTJVC6zSMtvj2dyCS,HIDDEN_CANDIDATE,AgB5SxiP1DFZbW9uDAH7s8Mhv1HF21nJv67tnAAYpump,Drake,2026-09-16T13:53:18Z,DoAsxPQgiyAxyaJNvpAAUb2ups6rbJRdYrCPyWxwRxBb,0.098154435,2026-09-16T09:00:02Z,17596,3dwBg58PHWNYpmTQG7aNUSagoXaJSR1BEJE6Y54YdPK2S7EUNrkXv165Jd5twpDeLWzaTYs66ks4sMNSzsdeU7hR,278,3,False,False,False
FRbUNvGxYNC1eFngpn7AD3f14aKKTJVC6zSMtvj2dyCS,HIDDEN_CANDIDATE,AgB5SxiP1DFZbW9uDAH7s8Mhv1HF21nJv67tnAAYpump,Drake,2026-09-16T13:53:18Z,5Q544fKrFoe6tsEbD7S8EmxGTJYAKtTVhAW5Q5pge4j1,0.83453321,2026-09-16T09:02:50Z,17428,4YUAftFPKEuwwEDwvP3VNbrTPCigtrzrYnBf9KpZUZC7US2o5JEjdTQdcJJHF7Ld2nRGKoJhD6NQhybgooNZD5un,381,7,True,False,False
FRbUNvGxYNC1eFngpn7AD3f14aKKTJVC6zSMtvj2dyCS,HIDDEN_CANDIDATE,AgB5SxiP1DFZbW9uDAH7s8Mhv1HF21nJv67tnAAYpump,Drake,2026-09-16T13:53:18Z,DoAsxPQgiyAxyaJNvpAAUb2ups6rbJRdYrCPyWxwRxBb,0.251862204,2026-09-16T09:17:26Z,16552,5FZs9ykCSHrouXpmo4rwVj73LgXZ1xsMn7o6eqoD5gWmoLM6ADgPXzyJ8Va1JcRwu1To6jVme8TYozMP5Do8jF6h,278,3,False,False,False
FRbUNvGxYNC1eFngpn7AD3f14aKKTJVC6zSMtvj2dyCS,HIDDEN_CANDIDATE,AgB5SxiP1DFZbW9uDAH7s8Mhv1HF21nJv67tnAAYpump,Drake,2026-09-16T13:53:18Z,DoAsxPQgiyAxyaJNvpAAUb2ups6rbJRdYrCPyWxwRxBb,0.054688102,2026-09-16T09:24:34Z,16124,3FVxCSLWdMpAWXP3QL3WzuWHMV69sRaMCUegiZfFUMrQobbjEw6XaS7SNeCV9arkb7qaayfjW1PNmbiP5wknucX8,278,3,False,False,False
FRbUNvGxYNC1eFngpn7AD3f14aKKTJVC6zSMtvj2dyCS,HIDDEN_CANDIDATE,AgB5SxiP1DFZbW9uDAH7s8Mhv1HF21nJv67tnAAYpump,Drake,2026-09-16T13:53:18Z,6gAgy3F1tLxeBWb8UhGEnmXYVRoaz3w1Lzv6APyhfoHk,7.267889399,2026-09-16T09:24:38Z,16120,4PJwkJm9phmqaRbv1E1qsyb6tqkNWevyisqvMo9jnGH92vRbiurfUhEVRr9wfmxbPXt9RutuMFjSU28iktm1fevY,1,1,False,False,False
FRbUNvGxYNC1eFngpn7AD3f14aKKTJVC6zSMtvj2dyCS,HIDDEN_CANDIDATE,AgB5SxiP1DFZbW9uDAH7s8Mhv1HF21nJv67tnAAYpump,Drake,2026-09-16T13:53:18Z,DoAsxPQgiyAxyaJNvpAAUb2ups6rbJRdYrCPyWxwRxBb,0.130186624,2026-09-16T09:34:33Z,15525,5bDGBoEqSPRDXWm3kHTS1nTNubqTj35XFMYti5fojaow5jFRHyEv6UgWi3D94wzXR86hkUSskq7gDWDXtDsqUiB3,278,3,False,False,False
FRbUNvGxYNC1eFngpn7AD3f14aKKTJVC6zSMtvj2dyCS,HIDDEN_CANDIDATE,AgB5SxiP1DFZbW9uDAH7s8Mhv1HF21nJv67tnAAYpump,Drake,2026-09-16T13:53:18Z,5Q544fKrFoe6tsEbD7S8EmxGTJYAKtTVhAW5Q5pge4j1,5.283733741,2026-09-16T09:44:18Z,14940,3oMBKugmEhhj9GuztYTbYFqqYwkTGuh2Akbwrxt4vzjEGe1cVdc7GFfKbVZBsc2b6LVnikoVNiaR7DRopiupbDDW,381,7,True,False,False
FRbUNvGxYNC1eFngpn7AD3f14aKKTJVC6zSMtvj2dyCS,HIDDEN_CANDIDATE,AgB5SxiP1DFZbW9uDAH7s8Mhv1HF21nJv67tnAAYpump,Drake,2026-09-16T13:53:18Z,DoAsxPQgiyAxyaJNvpAAUb2ups6rbJRdYrCPyWxwRxBb,0.082472989,2026-09-16T09:45:24Z,14874,5GZfqgAbGqa7DyFjfhUjKhihmT5tVqZavqD7rLt5WLEruw23ssGmApXMmF6x7aAhKx8mHeYb1nwGieswYPC2bqTi,278,3,False,False,False
FRbUNvGxYNC1eFngpn7AD3f14aKKTJVC6zSMtvj2dyCS,HIDDEN_CANDIDATE,AgB5SxiP1DFZbW9uDAH7s8Mhv1HF21nJv67tnAAYpump,Drake,2026-09-16T13:53:18Z,DoAsxPQgiyAxyaJNvpAAUb2ups6rbJRdYrCPyWxwRxBb,0.094009415,2026-09-16T09:48:40Z,14678,3wWbA4txir1VXc6V2iPUVQ4t8Fc8YQQRWuWeigxF3hfrxjhLF2i7MSAeUru8LGSr6xPSAyfX7GoQ7ni6r3nCaNr1,278,3,False,False,False
FRbUNvGxYNC1eFngpn7AD3f14aKKTJVC6zSMtvj2dyCS,HIDDEN_CANDIDATE,AgB5SxiP1DFZbW9uDAH7s8Mhv1HF21nJv67tnAAYpump,Drake,2026-09-16T13:53:18Z,2sXA5dVoje7k4aPNGTAZ3v7ux8RmEt1RtFEhXeapeGmt,3.696192604,2026-09-16T09:51:33Z,14505,4xCnqV5s5PZqUFeoH9B6sWSfpkp9ii6xE9ygj3PgfcB8uaDEA9bNkHyzPtw3jwVs6ZkdJphZquwbWK1r7jJyz8GZ,1,1,False,False,False
FRbUNvGxYNC1eFngpn7AD3f14aKKTJVC6zSMtvj2dyCS,HIDDEN_CANDIDATE,AgB5SxiP1DFZbW9uDAH7s8Mhv1HF21nJv67tnAAYpump,Drake,2026-09-16T13:53:18Z,DoAsxPQgiyAxyaJNvpAAUb2ups6rbJRdYrCPyWxwRxBb,0.131323054,2026-09-16T09:59:22Z,14036,2RNRrrwJyNcVWUzpKdtBMs6Niouqtj2m5Uc5tvkbP4VcT6asV2UTfMBKx8P9oJZ81fHHttNZu3vFH4a4Beeh2z9s,278,3,False,False,False
FRbUNvGxYNC1eFngpn7AD3f14aKKTJVC6zSMtvj2dyCS,HIDDEN_CANDIDATE,AgB5SxiP1DFZbW9uDAH7s8Mhv1HF21nJv67tnAAYpump,Drake,2026-09-16T13:53:18Z,DoAsxPQgiyAxyaJNvpAAUb2ups6rbJRdYrCPyWxwRxBb,0.185172254,2026-09-16T10:15:53Z,13045,4UyR1Fr17LaeH2KLxStZ3tV1WfEzdvVWw9hnT3i138UwqNKhShXu5FLz3H4nCedUCqXTZe91YCVrwb4MVj9T8CUX,278,3,False,False,False
FRbUNvGxYNC1eFngpn7AD3f14aKKTJVC6zSMtvj2dyCS,HIDDEN_CANDIDATE,AgB5SxiP1DFZbW9uDAH7s8Mhv1HF21nJv67tnAAYpump,Drake,2026-09-16T13:53:18Z,DoAsxPQgiyAxyaJNvpAAUb2ups6rbJRdYrCPyWxwRxBb,0.091605983,2026-09-16T10:20:43Z,12755,o2WwSSQHQZBykLaR79pULiKVoLocR5Z8ExzdDabg1jAhXAw2vrp48L4vj6TLBKnqrEQAxCvQ2XKQryapFPjuUSQ,278,3,False,False,False
FRbUNvGxYNC1eFngpn7AD3f14aKKTJVC6zSMtvj2dyCS,HIDDEN_CANDIDATE,AgB5SxiP1DFZbW9uDAH7s8Mhv1HF21nJv67tnAAYpump,Drake,2026-09-16T13:53:18Z,5Q544fKrFoe6tsEbD7S8EmxGTJYAKtTVhAW5Q5pge4j1,1.233193516,2026-09-16T10:29:28Z,12230,4b3fJHowwpBq9Uo7VU6RWo1sQYBBVMZg8xJRC2YsQS7En2XWBTXdpbwYQjhUhHvAqjWgjx3j6A8bbAk5NyWPtw7V,381,7,True,False,False
FRbUNvGxYNC1eFngpn7AD3f14aKKTJVC6zSMtvj2dyCS,HIDDEN_CANDIDATE,AgB5SxiP1DFZbW9uDAH7s8Mhv1HF21nJv67tnAAYpump,Drake,2026-09-16T13:53:18Z,DoAsxPQgiyAxyaJNvpAAUb2ups6rbJRdYrCPyWxwRxBb,0.085676109,2026-09-16T10:30:33Z,12165,2w7sfWV6aFP8qp351iHb8ADNJPDLrggUci3VSfh8852BpfYbhRb4q37yoRsSupeDgf7gePk5tF4U4DstkDQoKdeA,278,3,False,False,False
FRbUNvGxYNC1eFngpn7AD3f14aKKTJVC6zSMtvj2dyCS,HIDDEN_CANDIDATE,AgB5SxiP1DFZbW9uDAH7s8Mhv1HF21nJv67tnAAYpump,Drake,2026-09-16T13:53:18Z,5Q544fKrFoe6tsEbD7S8EmxGTJYAKtTVhAW5Q5pge4j1,0.907472563,2026-09-16T10:42:21Z,11457,3b5AZod6DEeEKgVAydV2KHYob7wjd5iuohY2SJBBakcoW15mjujRVZLLxVDnfdqC8BZtqydocZzQzZL358HS6pwK,381,7,True,False,False
FRbUNvGxYNC1eFngpn7AD3f14aKKTJVC6zSMtvj2dyCS,HIDDEN_CANDIDATE,AgB5SxiP1DFZbW9uDAH7s8Mhv1HF21nJv67tnAAYpump,Drake,2026-09-16T13:53:18Z,DoAsxPQgiyAxyaJNvpAAUb2ups6rbJRdYrCPyWxwRxBb,0.124663244,2026-09-16T10:42:49Z,11429,231vV54RaCMM7QTs97miGM6B1b1GYoogjNoAFM2h1ivw18RYsB7y5BmJoUhHAXKchWR9Kv8pKkvodNQaqSZELEvb,278,3,False,False,False
FRbUNvGxYNC1eFngpn7AD3f14aKKTJVC6zSMtvj2dyCS,HIDDEN_CANDIDATE,AgB5SxiP1DFZbW9uDAH7s8Mhv1HF21nJv67tnAAYpump,Drake,2026-09-16T13:53:18Z,DoAsxPQgiyAxyaJNvpAAUb2ups6rbJRdYrCPyWxwRxBb,0.127574002,2026-09-16T10:49:03Z,11055,4mq8tBcxevq2RRbuk85BvHWy1HP9qXAYZYHzWxHq4Fn8YpGs85r5e9gPQKNaaNVKfRXj5Hr8aSqTDr347JASGfby,278,3,False,False,False
FRbUNvGxYNC1eFngpn7AD3f14aKKTJVC6zSMtvj2dyCS,HIDDEN_CANDIDATE,AgB5SxiP1DFZbW9uDAH7s8Mhv1HF21nJv67tnAAYpump,Drake,2026-09-16T13:53:18Z,DoAsxPQgiyAxyaJNvpAAUb2ups6rbJRdYrCPyWxwRxBb,0.240148106,2026-09-16T11:08:49Z,9869,2GtgB4aPLoyW7Q671VQm5GNqWYFFqnufeZ1rVpxkdcjvRfhDu6NCvT9oSwXRbKNkfs1FSbDru2pu92gejRGZHyUf,278,3,False,False,False
FRbUNvGxYNC1eFngpn7AD3f14aKKTJVC6zSMtvj2dyCS,HIDDEN_CANDIDATE,AgB5SxiP1DFZbW9uDAH7s8Mhv1HF21nJv67tnAAYpump,Drake,2026-09-16T13:53:18Z,DoAsxPQgiyAxyaJNvpAAUb2ups6rbJRdYrCPyWxwRxBb,0.113492241,2026-09-16T11:18:06Z,9312,3afPDg4wxhuPhVrwzRBKfK5p4RpZgrG9xe3K8HmRWuJukBDtu62FJF8bLVsQkcxbcwojrQwLNV9GbwKPicWkqu1m,278,3,False,False,False
FRbUNvGxYNC1eFngpn7AD3f14aKKTJVC6zSMtvj2dyCS,HIDDEN_CANDIDATE,AgB5SxiP1DFZbW9uDAH7s8Mhv1HF21nJv67tnAAYpump,Drake,2026-09-16T13:53:18Z,DoAsxPQgiyAxyaJNvpAAUb2ups6rbJRdYrCPyWxwRxBb,0.155254146,2026-09-16T11:29:02Z,8656,3jW9sVXVCVoifuykAjRcF8yy6jBuqiXxGMpYDZqgUd5viDA8VpwvED6yg3CPnJLiqYFfWyJVMMDDebs9jsHyjVCB,278,3,False,False,False
FRbUNvGxYNC1eFngpn7AD3f14aKKTJVC6zSMtvj2dyCS,HIDDEN_CANDIDATE,AgB5SxiP1DFZbW9uDAH7s8Mhv1HF21nJv67tnAAYpump,Drake,2026-09-16T13:53:18Z,5Q544fKrFoe6tsEbD7S8EmxGTJYAKtTVhAW5Q5pge4j1,4.470897881,2026-09-16T11:29:38Z,8620,4qkUQhGzuc2AjWxQMqPDv4KFxGrxbpS4NkrKuGb7j25Tq9YiZrHP3m4c4k5XYeBfoHdhKz3GS2zm6GcfLhNj9UyD,381,7,True,False,False
FRbUNvGxYNC1eFngpn7AD3f14aKKTJVC6zSMtvj2dyCS,HIDDEN_CANDIDATE,AgB5SxiP1DFZbW9uDAH7s8Mhv1HF21nJv67tnAAYpump,Drake,2026-09-16T13:53:18Z,DoAsxPQgiyAxyaJNvpAAUb2ups6rbJRdYrCPyWxwRxBb,0.067794088,2026-09-16T11:29:59Z,8599,nitmtXw2ZPr5SpD7JtRnzTtMPFvqUmwFErn9K1xFvyTaisxR7aKVFsXvKT7oyQY5R7EHMnRbU6Eiu2w5J21EyZ2,278,3,False,False,False
FRbUNvGxYNC1eFngpn7AD3f14aKKTJVC6zSMtvj2dyCS,HIDDEN_CANDIDATE,AgB5SxiP1DFZbW9uDAH7s8Mhv1HF21nJv67tnAAYpump,Drake,2026-09-16T13:53:18Z,DoAsxPQgiyAxyaJNvpAAUb2ups6rbJRdYrCPyWxwRxBb,0.082378619,2026-09-16T11:42:39Z,7839,5wqekKQ55uy6PEbCJjHo2ycKZhz6TU6j98LwyCzt8M5RowAtqg6vyvGNBr77GUEXyT6SqXJrWexrPuVyAGxNDk1j,278,3,False,False,False
FRbUNvGxYNC1eFngpn7AD3f14aKKTJVC6zSMtvj2dyCS,HIDDEN_CANDIDATE,AgB5SxiP1DFZbW9uDAH7s8Mhv1HF21nJv67tnAAYpump,Drake,2026-09-16T13:53:18Z,5Q544fKrFoe6tsEbD7S8EmxGTJYAKtTVhAW5Q5pge4j1,6.07483075,2026-09-16T11:46:10Z,7628,3qzNDUhLReeV8bFX2DbvfyPf7j83zFfwnWGwo2VC1MjtCTpPmMLxmhVFri6d99SYQAwnSrMJpf4CvQApN7p8zH5i,381,7,True,False,False
FRbUNvGxYNC1eFngpn7AD3f14aKKTJVC6zSMtvj2dyCS,HIDDEN_CANDIDATE,AgB5SxiP1DFZbW9uDAH7s8Mhv1HF21nJv67tnAAYpump,Drake,2026-09-16T13:53:18Z,DoAsxPQgiyAxyaJNvpAAUb2ups6rbJRdYrCPyWxwRxBb,0.07383748,2026-09-16T11:46:28Z,7610,4dUtetyKCTMjsSkRaX1woSW8udSZmFkbSbaarZGiB7cTed9vznYkJNt72D6BUcSpUbAFDus12rBbRgMkHAv99KFz,278,3,False,False,False
FRbUNvGxYNC1eFngpn7AD3f14aKKTJVC6zSMtvj2dyCS,HIDDEN_CANDIDATE,AgB5SxiP1DFZbW9uDAH7s8Mhv1HF21nJv67tnAAYpump,Drake,2026-09-16T13:53:18Z,5Q544fKrFoe6tsEbD7S8EmxGTJYAKtTVhAW5Q5pge4j1,1.105701253,2026-09-16T11:54:27Z,7131,3vzgq8LRPpUsLSkHypn42r6gmeKnFz4arLxQpvx1gJH2Va2Q5goj6Q6g4eP2tWDE8wbG5K6LkX9x7nvZAXVedjHB,381,7,True,False,False
FRbUNvGxYNC1eFngpn7AD3f14aKKTJVC6zSMtvj2dyCS,HIDDEN_CANDIDATE,AgB5SxiP1DFZbW9uDAH7s8Mhv1HF21nJv67tnAAYpump,Drake,2026-09-16T13:53:18Z,DoAsxPQgiyAxyaJNvpAAUb2ups6rbJRdYrCPyWxwRxBb,0.229652903,2026-09-16T11:54:47Z,7111,2UCp4QXLH2Y7BXyLHMuwyMg8stSBCt2UEwVd81p1asugaskwiUgjmtZNvajJgVuVqYVo1Zpq23aEefz4GUMxcuTi,278,3,False,False,False
FRbUNvGxYNC1eFngpn7AD3f14aKKTJVC6zSMtvj2dyCS,HIDDEN_CANDIDATE,AgB5SxiP1DFZbW9uDAH7s8Mhv1HF21nJv67tnAAYpump,Drake,2026-09-16T13:53:18Z,5Q544fKrFoe6tsEbD7S8EmxGTJYAKtTVhAW5Q5pge4j1,1.592471904,2026-09-16T12:00:56Z,6742,3wGSAp47s3i4p7gVBscCtHsy1XVWZPbskqFTnZ1GgEeBtJFTbwe9e68PQySDNjBA5MqqXdroPfvyiMU62VJSibUG,381,7,True,False,False
FRbUNvGxYNC1eFngpn7AD3f14aKKTJVC6zSMtvj2dyCS,HIDDEN_CANDIDATE,AgB5SxiP1DFZbW9uDAH7s8Mhv1HF21nJv67tnAAYpump,Drake,2026-09-16T13:53:18Z,DL3cnprJB2aE6FcTrcDsRhiM5sC1dSXoPeGkqaqzHNQC,4.669191244,2026-09-16T12:03:27Z,6591,ZaNDYxpoELEEKGQ1abbNMyGkN4smZvMs6qd34YffkzsCA7qX877CZ9DMBCSSTkQG5R62uzQXMymPrgpnhHe26Zc,1,1,False,False,False
FRbUNvGxYNC1eFngpn7AD3f14aKKTJVC6zSMtvj2dyCS,HIDDEN_CANDIDATE,AgB5SxiP1DFZbW9uDAH7s8Mhv1HF21nJv67tnAAYpump,Drake,2026-09-16T13:53:18Z,DoAsxPQgiyAxyaJNvpAAUb2ups6rbJRdYrCPyWxwRxBb,0.242529598,2026-09-16T12:04:21Z,6537,5HxH4KaqrYww61Ywe3SKHcWxPtNKzYwKstAJ7BNoEwhqTU9f6JwHxYPn227QRYGH98Fb97TYvH74mv7a4Zo8injH,278,3,False,False,False
FRbUNvGxYNC1eFngpn7AD3f14aKKTJVC6zSMtvj2dyCS,HIDDEN_CANDIDATE,AgB5SxiP1DFZbW9uDAH7s8Mhv1HF21nJv67tnAAYpump,Drake,2026-09-16T13:53:18Z,DoAsxPQgiyAxyaJNvpAAUb2ups6rbJRdYrCPyWxwRxBb,0.141373588,2026-09-16T12:09:07Z,6251,5cZ25MroaA3F4ykAfjHCi9UrT1B5aH1G1yFC3sw3cp4MSiGrnZbZJasD2V5dZH4FEZfWcMh9gqtnBM64qz7duN8Z,278,3,False,False,False
FRbUNvGxYNC1eFngpn7AD3f14aKKTJVC6zSMtvj2dyCS,HIDDEN_CANDIDATE,AgB5SxiP1DFZbW9uDAH7s8Mhv1HF21nJv67tnAAYpump,Drake,2026-09-16T13:53:18Z,DoAsxPQgiyAxyaJNvpAAUb2ups6rbJRdYrCPyWxwRxBb,0.093882904,2026-09-16T12:15:41Z,5857,61bLqEkpzVQkV9pz1Bou8QFExxzvXyfxNsYoVgBUMCf4Z1QbAUcfKucbrMkssmQdSLmwNZ6qS79o1W7FBqyTAaBL,278,3,False,False,False
FRbUNvGxYNC1eFngpn7AD3f14aKKTJVC6zSMtvj2dyCS,HIDDEN_CANDIDATE,AgB5SxiP1DFZbW9uDAH7s8Mhv1HF21nJv67tnAAYpump,Drake,2026-09-16T13:53:18Z,B4YzE9d1mhCsphcJfUmaEfscQdpcqE2vwaix8qXiSZzk,3.421371136,2026-09-16T12:37:04Z,4574,3R9RMfGbK8x97f3NGhwmAnDNgwW7njvtLzRb7n1b54ugGvgLv3zoyvYAJasGjprsXZUSm3NYs2inpFvJyobqkAQF,1,1,False,False,False
FRbUNvGxYNC1eFngpn7AD3f14aKKTJVC6zSMtvj2dyCS,HIDDEN_CANDIDATE,AgB5SxiP1DFZbW9uDAH7s8Mhv1HF21nJv67tnAAYpump,Drake,2026-09-16T13:53:18Z,DoAsxPQgiyAxyaJNvpAAUb2ups6rbJRdYrCPyWxwRxBb,0.190142581,2026-09-16T12:37:35Z,4543,b7BVZny3smCBmaGM2c2bBb2nj8bPDUsbUaAmHBQ8Y7NNd4V3fpRSrKrB4twT4s4XLabCveBX4VcwMCgoGckdH4q,278,3,False,False,False
FRbUNvGxYNC1eFngpn7AD3f14aKKTJVC6zSMtvj2dyCS,HIDDEN_CANDIDATE,AgB5SxiP1DFZbW9uDAH7s8Mhv1HF21nJv67tnAAYpump,Drake,2026-09-16T13:53:18Z,EZyszDEx1LZDt7TsSFV8xdPi49sDKC3mdfv2MVMEQLtU,1.575649239,2026-09-16T12:47:31Z,3947,393Dz1nVfSnXgbA1ARS6PVv76qDEwf4fpEJZpzn9EgRkUm7mf1sFBVQHfE2dRm3DhQyWGUDZz3QL2UDZwEco3yyZ,3,3,False,False,False
FRbUNvGxYNC1eFngpn7AD3f14aKKTJVC6zSMtvj2dyCS,HIDDEN_CANDIDATE,AgB5SxiP1DFZbW9uDAH7s8Mhv1HF21nJv67tnAAYpump,Drake,2026-09-16T13:53:18Z,DoAsxPQgiyAxyaJNvpAAUb2ups6rbJRdYrCPyWxwRxBb,0.09507286,2026-09-16T12:49:09Z,3849,3F15qPaoPCzxk9AJ3tjNajPnrjpRsJNnw4g1hJiSbrRqKLfSfAg6Quaidw3jKw4Svp1THnDa4ojRDEiHxGFr1EUD,278,3,False,False,False
FRbUNvGxYNC1eFngpn7AD3f14aKKTJVC6zSMtvj2dyCS,HIDDEN_CANDIDATE,AgB5SxiP1DFZbW9uDAH7s8Mhv1HF21nJv67tnAAYpump,Drake,2026-09-16T13:53:18Z,DoAsxPQgiyAxyaJNvpAAUb2ups6rbJRdYrCPyWxwRxBb,0.126726694,2026-09-16T12:53:34Z,3584,2bg672wxsgjYV2mPLtkAhs9hqm9WidBsAwQWKiMn1gZukdsvC2v561wHE7tdEHHJETaRrbs9LZGEuTkCmQL3ufWz,278,3,False,False,False
FRbUNvGxYNC1eFngpn7AD3f14aKKTJVC6zSMtvj2dyCS,HIDDEN_CANDIDATE,AgB5SxiP1DFZbW9uDAH7s8Mhv1HF21nJv67tnAAYpump,Drake,2026-09-16T13:53:18Z,DoAsxPQgiyAxyaJNvpAAUb2ups6rbJRdYrCPyWxwRxBb,0.122848432,2026-09-16T12:58:12Z,3306,5EdSJ6DwhCVkbpLQnrdkZ5D2K2knd6DPtnQfNUrgrRic8PNMuM91kTnzzFfaVfqU8zVaB6Z8cMaT87AKqBqiFP3x,278,3,False,False,False
FRbUNvGxYNC1eFngpn7AD3f14aKKTJVC6zSMtvj2dyCS,HIDDEN_CANDIDATE,AgB5SxiP1DFZbW9uDAH7s8Mhv1HF21nJv67tnAAYpump,Drake,2026-09-16T13:53:18Z,GWbYXptCM4Liehm2BwQKk8pfQfamWKeSC6yYmMpBDyxP,0.090031672,2026-09-16T13:04:18Z,2940,3ZoxHMMFcWvanDhZgVmt868TAJSaqYSXYpx6wxmg8fYD5z7PDXoEkeB1Q479RNh2xEvuetjiRUvhJadPLNUtWYFn,1,1,False,False,False
FRbUNvGxYNC1eFngpn7AD3f14aKKTJVC6zSMtvj2dyCS,HIDDEN_CANDIDATE,AgB5SxiP1DFZbW9uDAH7s8Mhv1HF21nJv67tnAAYpump,Drake,2026-09-16T13:53:18Z,DoAsxPQgiyAxyaJNvpAAUb2ups6rbJRdYrCPyWxwRxBb,0.244939812,2026-09-16T13:06:54Z,2784,Sxn4DRLaoN4EpJdkkp53wnsXaDYsmgVK1WXHTev11HY16tEQsYXpF78bcQFo1JzosujKwZGcdwoPVjYmovbHZFV,278,3,False,False,False
FRbUNvGxYNC1eFngpn7AD3f14aKKTJVC6zSMtvj2dyCS,HIDDEN_CANDIDATE,AgB5SxiP1DFZbW9uDAH7s8Mhv1HF21nJv67tnAAYpump,Drake,2026-09-16T13:53:18Z,DoAsxPQgiyAxyaJNvpAAUb2ups6rbJRdYrCPyWxwRxBb,0.160851579,2026-09-16T13:15:26Z,2272,57SACPJQKE2143TPdR33AAttTcxq8eJwWHQyaf5s8pvh25akPhhnmSmCoVcJATrh6GSsvzUvW98EBP3WQoTsY33G,278,3,False,False,False
FRbUNvGxYNC1eFngpn7AD3f14aKKTJVC6zSMtvj2dyCS,HIDDEN_CANDIDATE,AgB5SxiP1DFZbW9uDAH7s8Mhv1HF21nJv67tnAAYpump,Drake,2026-09-16T13:53:18Z,DoAsxPQgiyAxyaJNvpAAUb2ups6rbJRdYrCPyWxwRxBb,0.090513066,2026-09-16T13:21:40Z,1898,3n7vPdkTxFAJoptudMedkuaGLepofUDQXHs9oJwnDwaUF7esGNnmafLmWChTJ41BAy93sNkQSf3hc5ooyuLeuHR6,278,3,False,False,False
FRbUNvGxYNC1eFngpn7AD3f14aKKTJVC6zSMtvj2dyCS,HIDDEN_CANDIDATE,AgB5SxiP1DFZbW9uDAH7s8Mhv1HF21nJv67tnAAYpump,Drake,2026-09-16T13:53:18Z,5Q544fKrFoe6tsEbD7S8EmxGTJYAKtTVhAW5Q5pge4j1,3.778580266,2026-09-16T13:37:07Z,971,xthKSiZ9U65ckRt9T5rVLaUFKAkvkGJ9YP1wCFQGL5tGTJEgRMAQmKxJbcntejL8Yp5BEVbLCEwC1uQi4unvM2X,381,7,True,False,False
FRbUNvGxYNC1eFngpn7AD3f14aKKTJVC6zSMtvj2dyCS,HIDDEN_CANDIDATE,AgB5SxiP1DFZbW9uDAH7s8Mhv1HF21nJv67tnAAYpump,Drake,2026-09-16T13:53:18Z,DoAsxPQgiyAxyaJNvpAAUb2ups6rbJRdYrCPyWxwRxBb,0.101045423,2026-09-16T13:37:41Z,937,4SsoKS1Bk7eHtwB32URTLH1uotnM7pQvXCoak8jqakkuGkJ6cwGufffwNrZsKxxm8tqnf2u8xurCeuP3hzT4VeHX,278,3,False,False,False
FRbUNvGxYNC1eFngpn7AD3f14aKKTJVC6zSMtvj2dyCS,HIDDEN_CANDIDATE,AgB5SxiP1DFZbW9uDAH7s8Mhv1HF21nJv67tnAAYpump,Drake,2026-09-16T13:53:18Z,DoAsxPQgiyAxyaJNvpAAUb2ups6rbJRdYrCPyWxwRxBb,0.1549713,2026-09-16T13:44:50Z,508,3jTKEZHBJGhFc1Jw7ZiH5n3A4AttECMw7TCfdcxDMM63jVLvC6v2qersR3YZhNdRAjy8f8mosq9BmSjyaXyxbFZK,278,3,False,False,False
FRbUNvGxYNC1eFngpn7AD3f14aKKTJVC6zSMtvj2dyCS,HIDDEN_CANDIDATE,AgB5SxiP1DFZbW9uDAH7s8Mhv1HF21nJv67tnAAYpump,Drake,2026-09-16T13:53:18Z,5Q544fKrFoe6tsEbD7S8EmxGTJYAKtTVhAW5Q5pge4j1,1.171598162,2026-09-16T13:48:09Z,309,32d84sXSZFfsMTxon4T8PMCsiXjcrLL2aPhthzVnyhck872BmZjqfCRE3Nfk54RZjLJQazGY2pb9injzFRZRoYkx,381,7,True,False,False
FRbUNvGxYNC1eFngpn7AD3f14aKKTJVC6zSMtvj2dyCS,HIDDEN_CANDIDATE,AgB5SxiP1DFZbW9uDAH7s8Mhv1HF21nJv67tnAAYpump,Drake,2026-09-16T13:53:18Z,DoAsxPQgiyAxyaJNvpAAUb2ups6rbJRdYrCPyWxwRxBb,0.076359844,2026-09-16T13:48:33Z,285,43CJTuETEhAwofb2pGAguvGzmNN9UmbbSpoj5V7CWyyDdSuAXZuHtH3zs2uvxJSu36BRTSJpiu4Lvvpha4WuTgSn,278,3,False,False,False
Bi4rd5FH5bYEN8scZ7wevxNZyNmKHdaBcvewdPFxYdLt,HIDDEN_CANDIDATE,B3xU49SW3khA7m5Lgata2fmPxZeQRuaJbCruPsVDpump,POKE,2026-09-03T18:43:59Z,8a2iRDFS88YuxXxJXZj1H6WZ17NNQTZ8eas6iHimuZNJ,0.186267462,2026-09-02T18:44:30Z,86369,4nAqHJxXxSukC5841NcQqGWRVyGPMGKayaCfCtottxW29JzKQXCKMNYcH4MZHGGSFh3TaSNCykGc89dQSmKoLeFC,10,1,False,False,False
Bi4rd5FH5bYEN8scZ7wevxNZyNmKHdaBcvewdPFxYdLt,HIDDEN_CANDIDATE,B3xU49SW3khA7m5Lgata2fmPxZeQRuaJbCruPsVDpump,POKE,2026-09-03T18:43:59Z,GnBzQYvEiWLxb9ep1WEgdCAihjvz493szLTt8bj1SxFD,0.052974913,2026-09-02T18:44:30Z,86369,2h2vcS554hufE7Avy95dzgzCou2onGS5sEK2DXumxjiJBui2nBYF2XVF7a7fNX2w1AT7yVH7SXPE7pTAUjM2Xa5w,5,1,False,False,False
Bi4rd5FH5bYEN8scZ7wevxNZyNmKHdaBcvewdPFxYdLt,HIDDEN_CANDIDATE,B3xU49SW3khA7m5Lgata2fmPxZeQRuaJbCruPsVDpump,POKE,2026-09-03T18:43:59Z,GTnbqqrYg8tv9gsievtfDGxMi9FVGikNu3HiSxb4Wukr,0.279727364,2026-09-02T18:44:30Z,86369,3QNWsD26585ULXYRKv7Wz8xgnZjtsjxqjjjnx6moq6MwnhSVkokCRVG656aX4H67AnxiXEJ4tysKfdZo8NtgqYvW,12,1,False,False,False
Bi4rd5FH5bYEN8scZ7wevxNZyNmKHdaBcvewdPFxYdLt,HIDDEN_CANDIDATE,B3xU49SW3khA7m5Lgata2fmPxZeQRuaJbCruPsVDpump,POKE,2026-09-03T18:43:59Z,29yFzeBZgxf5zqrAkKXwgZtQehRf4pL8WbV2nRJikbw8,0.537453764,2026-09-02T18:44:30Z,86369,wkPWRUAEbuYGEbeAxYNuiannRiWMNJLEqCk67ju7hSWvhyd4hCZXsYewofszqge1ywvRMieN1wdwBziJmZMZdUK,12,1,False,False,False
Bi4rd5FH5bYEN8scZ7wevxNZyNmKHdaBcvewdPFxYdLt,HIDDEN_CANDIDATE,B3xU49SW3khA7m5Lgata2fmPxZeQRuaJbCruPsVDpump,POKE,2026-09-03T18:43:59Z,Gg3ska7ScdMZX5nPgsM7wBfprRhNp6cuS2zuG7UFXcDv,0.235383947,2026-09-02T18:44:30Z,86369,2s8UfHKhLsLnUNiQL4Gc4LsQQHFiM4fGsaH78L7vYvZmiG6GEtbpFxmzPKSGRv8pY34UoZbmqMP9jFMhyLesqmL6,11,1,False,False,False
Bi4rd5FH5bYEN8scZ7wevxNZyNmKHdaBcvewdPFxYdLt,HIDDEN_CANDIDATE,B3xU49SW3khA7m5Lgata2fmPxZeQRuaJbCruPsVDpump,POKE,2026-09-03T18:43:59Z,69SNcRC8NqjHBSXEcugCN5oFKRQoKmddmWzZYc3tqtxk,0.112679026,2026-09-02T18:59:34Z,85465,615bsYoqoD9W5FdUDLLMhfsqcLNdjMhVZGaQ2DMKoSLAZ7V2VFzxFrrZoUaTn2UqkYW648XBjXm4E6fYsHXHzyRQ,104,1,False,False,False
Bi4rd5FH5bYEN8scZ7wevxNZyNmKHdaBcvewdPFxYdLt,HIDDEN_CANDIDATE,B3xU49SW3khA7m5Lgata2fmPxZeQRuaJbCruPsVDpump,POKE,2026-09-03T18:43:59Z,9jF9jaXCgQreXtPXqzDWxWu6YGomJ5Rv8bb7NNXoRMds,4.304447747,2026-09-02T19:28:10Z,83749,2GvSomarvNmgcK1U8QUDTq87mvDBw1qo3R98fX8P3KAzkUP4DCmgDQsYZh3PdSrLni5CrvBYgWCtyrn36fuxyevV,2,1,False,False,False
Bi4rd5FH5bYEN8scZ7wevxNZyNmKHdaBcvewdPFxYdLt,HIDDEN_CANDIDATE,B3xU49SW3khA7m5Lgata2fmPxZeQRuaJbCruPsVDpump,POKE,2026-09-03T18:43:59Z,FXLxdZyX2ZQXqzqggiyxQHA3yc6jAKCcnYrpm89VFiKH,3.335801599,2026-09-02T19:41:48Z,82931,42Uf3t1sQRMeQDF7QTpB7FYpRautoQxk2yR7BfYFJRGfmeYrg3gHZYrvKV4sZbTLt3mSawztpKGKisTWxm5jZ6tj,4,1,False,False,False
Bi4rd5FH5bYEN8scZ7wevxNZyNmKHdaBcvewdPFxYdLt,HIDDEN_CANDIDATE,B3xU49SW3khA7m5Lgata2fmPxZeQRuaJbCruPsVDpump,POKE,2026-09-03T18:43:59Z,FXLxdZyX2ZQXqzqggiyxQHA3yc6jAKCcnYrpm89VFiKH,3.127118941,2026-09-02T19:41:48Z,82931,3RjLWpEioxgkv35vpq7AHYBDzVT463sfARoZkQdaoQGqAhJmFHPmgpbPjKkJws2wiSr7DwKEoVuwvEJfpY7zS2LS,4,1,False,False,False
Bi4rd5FH5bYEN8scZ7wevxNZyNmKHdaBcvewdPFxYdLt,HIDDEN_CANDIDATE,B3xU49SW3khA7m5Lgata2fmPxZeQRuaJbCruPsVDpump,POKE,2026-09-03T18:43:59Z,69SNcRC8NqjHBSXEcugCN5oFKRQoKmddmWzZYc3tqtxk,0.342617742,2026-09-02T19:43:34Z,82825,MThyTyoYYYruhavmDAT27nxmrh5jbj27irFo97ZMUYbUqCgAPhQ3NKrdQZrqLjMePCrYqzrEuWttWLbcmS1h2a3,104,1,False,False,False
Bi4rd5FH5bYEN8scZ7wevxNZyNmKHdaBcvewdPFxYdLt,HIDDEN_CANDIDATE,B3xU49SW3khA7m5Lgata2fmPxZeQRuaJbCruPsVDpump,POKE,2026-09-03T18:43:59Z,69SNcRC8NqjHBSXEcugCN5oFKRQoKmddmWzZYc3tqtxk,0.164630107,2026-09-02T19:56:04Z,82075,22mrJvUBMojoBiebydGWpAQpKnUFvQYrCHUdZjDJHc9R6MUJB8tC8zju43THDmPTytDTr6sHa3ZV3NZ8vfQQQPxD,104,1,False,False,False
Bi4rd5FH5bYEN8scZ7wevxNZyNmKHdaBcvewdPFxYdLt,HIDDEN_CANDIDATE,B3xU49SW3khA7m5Lgata2fmPxZeQRuaJbCruPsVDpump,POKE,2026-09-03T18:43:59Z,69SNcRC8NqjHBSXEcugCN5oFKRQoKmddmWzZYc3tqtxk,0.343402923,2026-09-02T20:15:04Z,80935,5ysAsnayWXqDoD1S6rgfeQaAfwroeZnp1aAdN1Am91DxvRpFQj8Zm5zgWj3ZEG3zNraT23kYMzzs54veGBC5JU34,104,1,False,False,False
Bi4rd5FH5bYEN8scZ7wevxNZyNmKHdaBcvewdPFxYdLt,HIDDEN_CANDIDATE,B3xU49SW3khA7m5Lgata2fmPxZeQRuaJbCruPsVDpump,POKE,2026-09-03T18:43:59Z,BQNcZ5spqSeQ6Wnm9MgkfC9PbSjoVa1Peh6bUmS4eESR,0.336533802,2026-09-02T20:26:27Z,80252,228D6QCfHChS7oFAUeUBWZaFnVy98Fq4jAfeMsyWttMHJha2xjioupXzng2mi3MGAqvVdud33fdJmGzN8xxJieSS,4,1,False,False,False
Bi4rd5FH5bYEN8scZ7wevxNZyNmKHdaBcvewdPFxYdLt,HIDDEN_CANDIDATE,B3xU49SW3khA7m5Lgata2fmPxZeQRuaJbCruPsVDpump,POKE,2026-09-03T18:43:59Z,BQNcZ5spqSeQ6Wnm9MgkfC9PbSjoVa1Peh6bUmS4eESR,2.240923216,2026-09-02T20:26:48Z,80231,2Bo3y4bPJ7RYbhhg1qAx6nJGrL3Dx8W96mDVZdwtW7Vk4nbuwhK38q7TQenTC8Ng4CQuFVZ9UXUWC6C9Q38y3uee,4,1,False,False,False
Bi4rd5FH5bYEN8scZ7wevxNZyNmKHdaBcvewdPFxYdLt,HIDDEN_CANDIDATE,B3xU49SW3khA7m5Lgata2fmPxZeQRuaJbCruPsVDpump,POKE,2026-09-03T18:43:59Z,69SNcRC8NqjHBSXEcugCN5oFKRQoKmddmWzZYc3tqtxk,0.112883425,2026-09-02T20:27:35Z,80184,3Dcs4VUdXT7D7uSqWH8HBYKrSfjbyXMg5CYBDWRVJXYsCHdxLFmsd2rzpXYKuSEwxCnp2YPo7UGN14XB34M7EEGa,104,1,False,False,False
Bi4rd5FH5bYEN8scZ7wevxNZyNmKHdaBcvewdPFxYdLt,HIDDEN_CANDIDATE,B3xU49SW3khA7m5Lgata2fmPxZeQRuaJbCruPsVDpump,POKE,2026-09-03T18:43:59Z,69SNcRC8NqjHBSXEcugCN5oFKRQoKmddmWzZYc3tqtxk,0.32493107,2026-09-02T20:41:33Z,79346,3h3WYiiEEVMAf4VjqvbCWN3GZHNAtRLKq41yQ9LHJkXxhCfGWGvQEJ7vsWE5ZPeaQngpnab3ZfqUaDVSXpZBWshG,104,1,False,False,False
Bi4rd5FH5bYEN8scZ7wevxNZyNmKHdaBcvewdPFxYdLt,HIDDEN_CANDIDATE,B3xU49SW3khA7m5Lgata2fmPxZeQRuaJbCruPsVDpump,POKE,2026-09-03T18:43:59Z,5y33FmRhEMsyPww9vUSvGjhGAwmDyWZ2ULCYKtueB45p,3.106420098,2026-09-02T21:10:29Z,77610,3NVyedQuod8qQYat4vWgLjaymfzZPSPvrAfheXG3AEUVUheohz6V9uYahcKLd54Kf3SgdFQXpuxoucinvRnJrQ36,4,1,False,False,False
Bi4rd5FH5bYEN8scZ7wevxNZyNmKHdaBcvewdPFxYdLt,HIDDEN_CANDIDATE,B3xU49SW3khA7m5Lgata2fmPxZeQRuaJbCruPsVDpump,POKE,2026-09-03T18:43:59Z,5y33FmRhEMsyPww9vUSvGjhGAwmDyWZ2ULCYKtueB45p,2.609907037,2026-09-02T21:10:30Z,77609,2S2a5WAz25P2xkXbDhBADJ1U25jWu7Ja2ARnidVhapkyd5Stm5kpMN3DJ5Ri5845Vphg4W9kD3sZ6L6M9cKdVC4t,4,1,False,False,False
Bi4rd5FH5bYEN8scZ7wevxNZyNmKHdaBcvewdPFxYdLt,HIDDEN_CANDIDATE,B3xU49SW3khA7m5Lgata2fmPxZeQRuaJbCruPsVDpump,POKE,2026-09-03T18:43:59Z,GnBzQYvEiWLxb9ep1WEgdCAihjvz493szLTt8bj1SxFD,0.069442163,2026-09-02T21:17:38Z,77181,22CJLURpKZvi1MaNZr9Xm61dAGPi9u8SXZZrK56J6v1WNoN9pjutGiYDmq1jZnUcNeHjo2gw4V6yrUtXaL3dKn1g,5,1,False,False,False
Bi4rd5FH5bYEN8scZ7wevxNZyNmKHdaBcvewdPFxYdLt,HIDDEN_CANDIDATE,B3xU49SW3khA7m5Lgata2fmPxZeQRuaJbCruPsVDpump,POKE,2026-09-03T18:43:59Z,Gg3ska7ScdMZX5nPgsM7wBfprRhNp6cuS2zuG7UFXcDv,0.109750385,2026-09-02T21:17:38Z,77181,JGjYh5HydSrwr1wqhWUT39eVQmeMUpBAfMmjSW9ug2SJ7nQQvC9Brcs1qWgK1G9wvkve5vXqgXtG3TpHbJDy176,11,1,False,False,False
Bi4rd5FH5bYEN8scZ7wevxNZyNmKHdaBcvewdPFxYdLt,HIDDEN_CANDIDATE,B3xU49SW3khA7m5Lgata2fmPxZeQRuaJbCruPsVDpump,POKE,2026-09-03T18:43:59Z,29yFzeBZgxf5zqrAkKXwgZtQehRf4pL8WbV2nRJikbw8,0.253139885,2026-09-02T21:17:38Z,77181,2cdFwu2YEFZNfGFoa5czJqefqp339aNyeCnCUnaEEuyRmc6ms7JQPcxhS5PN1J4yA7SpX3chD3z3yoTcjjXVfLBp,12,1,False,False,False
Bi4rd5FH5bYEN8scZ7wevxNZyNmKHdaBcvewdPFxYdLt,HIDDEN_CANDIDATE,B3xU49SW3khA7m5Lgata2fmPxZeQRuaJbCruPsVDpump,POKE,2026-09-03T18:43:59Z,GTnbqqrYg8tv9gsievtfDGxMi9FVGikNu3HiSxb4Wukr,0.131827595,2026-09-02T21:17:38Z,77181,2Prh7q2eevGSoYYgyQ2StpEkePJ86B3yCyFEttpwEeE647ryP5TfF86jteXRVihhUUADRLSKDVYJCyxQMwvpCUTA,12,1,False,False,False
Bi4rd5FH5bYEN8scZ7wevxNZyNmKHdaBcvewdPFxYdLt,HIDDEN_CANDIDATE,B3xU49SW3khA7m5Lgata2fmPxZeQRuaJbCruPsVDpump,POKE,2026-09-03T18:43:59Z,69SNcRC8NqjHBSXEcugCN5oFKRQoKmddmWzZYc3tqtxk,0.789983969,2026-09-02T21:54:33Z,74966,5nENfNWrq4Fei75noQXPdW4S6Zf99FtHu9fa3td7XbtJ6FF5JwbSgGqPHUawh64KoKADWS5YMj8zgx6BRexNMbrM,104,1,False,False,False
Bi4rd5FH5bYEN8scZ7wevxNZyNmKHdaBcvewdPFxYdLt,HIDDEN_CANDIDATE,B3xU49SW3khA7m5Lgata2fmPxZeQRuaJbCruPsVDpump,POKE,2026-09-03T18:43:59Z,69SNcRC8NqjHBSXEcugCN5oFKRQoKmddmWzZYc3tqtxk,0.482444987,2026-09-02T22:05:34Z,74305,43Kyo6DwFnk33ye7DS49GrkVjaMFnzTikQN888Gj7hawpxrZjnJdqUEtsdbsbVqJF658DhDEvReTthuU1e6U8fj4,104,1,False,False,False
Bi4rd5FH5bYEN8scZ7wevxNZyNmKHdaBcvewdPFxYdLt,HIDDEN_CANDIDATE,B3xU49SW3khA7m5Lgata2fmPxZeQRuaJbCruPsVDpump,POKE,2026-09-03T18:43:59Z,69SNcRC8NqjHBSXEcugCN5oFKRQoKmddmWzZYc3tqtxk,0.484638751,2026-09-02T22:36:04Z,72475,3JMjSZZJtb4sYdbuugbNyprFFi21uzFH1GwHjMeL5EnBnfEGtwUTVheRnXrh8PjxQ7DGUgKEH8XJAMKKx27BFtaL,104,1,False,False,False
Bi4rd5FH5bYEN8scZ7wevxNZyNmKHdaBcvewdPFxYdLt,HIDDEN_CANDIDATE,B3xU49SW3khA7m5Lgata2fmPxZeQRuaJbCruPsVDpump,POKE,2026-09-03T18:43:59Z,69SNcRC8NqjHBSXEcugCN5oFKRQoKmddmWzZYc3tqtxk,0.566272326,2026-09-03T00:30:03Z,65636,51RSWEnWwLxHKwd8Vskwcu1pRYWq2C5g4kPv7xH3q5J1w3rWx8MirZQNXSJbpb2i1R7pfw6wrKXkEZBEs8UKCBd6,104,1,False,False,False
Bi4rd5FH5bYEN8scZ7wevxNZyNmKHdaBcvewdPFxYdLt,HIDDEN_CANDIDATE,B3xU49SW3khA7m5Lgata2fmPxZeQRuaJbCruPsVDpump,POKE,2026-09-03T18:43:59Z,69SNcRC8NqjHBSXEcugCN5oFKRQoKmddmWzZYc3tqtxk,0.302226502,2026-09-03T00:39:06Z,65093,TjrQ7rnhAeRuVdueG8spy4yKJBmHaxDE9eyLFov7exug9jKoBP4xDga6424Lvtwr4qbC525LijG4Z1CBzPfTg5m,104,1,False,False,False
Bi4rd5FH5bYEN8scZ7wevxNZyNmKHdaBcvewdPFxYdLt,HIDDEN_CANDIDATE,B3xU49SW3khA7m5Lgata2fmPxZeQRuaJbCruPsVDpump,POKE,2026-09-03T18:43:59Z,3ucNos4NbumPLZNWztqGHNFFgkHeRMBQAVemeeomsUxv,0.402718181,2026-09-03T00:55:13Z,64126,2rjhUgLtNjsqJtyMtEdiKrv1tioRFHQ6Z5qb2BEomF6zzZbMKbYMkPiejaASiWHDPPEehKjGZAkq34kcaujPf5LP,3,1,False,False,False
Bi4rd5FH5bYEN8scZ7wevxNZyNmKHdaBcvewdPFxYdLt,HIDDEN_CANDIDATE,B3xU49SW3khA7m5Lgata2fmPxZeQRuaJbCruPsVDpump,POKE,2026-09-03T18:43:59Z,GTnbqqrYg8tv9gsievtfDGxMi9FVGikNu3HiSxb4Wukr,0.16251094,2026-09-03T00:55:28Z,64111,VAkHdESFLUv3GBjgXMCpeeViEu6C4acpeFLXsWEmCMmfy57rzwVgFFtzCFU9p5CcRaYvVP3LRCyYzEJX936aaf9,12,1,False,False,False
Bi4rd5FH5bYEN8scZ7wevxNZyNmKHdaBcvewdPFxYdLt,HIDDEN_CANDIDATE,B3xU49SW3khA7m5Lgata2fmPxZeQRuaJbCruPsVDpump,POKE,2026-09-03T18:43:59Z,Gg3ska7ScdMZX5nPgsM7wBfprRhNp6cuS2zuG7UFXcDv,0.133338809,2026-09-03T00:55:28Z,64111,yGREyKypzsE6kCPt832p2VtT3Nog7917Ehh4zcWLTr515ee7RSKqnzMLZ4MTzNW4nuVRDV5NJzBCi5dEQxNMpwW,11,1,False,False,False
Bi4rd5FH5bYEN8scZ7wevxNZyNmKHdaBcvewdPFxYdLt,HIDDEN_CANDIDATE,B3xU49SW3khA7m5Lgata2fmPxZeQRuaJbCruPsVDpump,POKE,2026-09-03T18:43:59Z,29yFzeBZgxf5zqrAkKXwgZtQehRf4pL8WbV2nRJikbw8,0.303105596,2026-09-03T00:55:28Z,64111,65jbvYbBQiKEECFDzDbaUd2gWsuD8pRi4EEknxC7NVVrpFaxZ1DvWA49XmncBBMPEENSswuPu21yHs3BBtUcgpeT,12,1,False,False,False
Bi4rd5FH5bYEN8scZ7wevxNZyNmKHdaBcvewdPFxYdLt,HIDDEN_CANDIDATE,B3xU49SW3khA7m5Lgata2fmPxZeQRuaJbCruPsVDpump,POKE,2026-09-03T18:43:59Z,8a2iRDFS88YuxXxJXZj1H6WZ17NNQTZ8eas6iHimuZNJ,0.205550656,2026-09-03T00:55:28Z,64111,29vHepPVt6wcRhpBpSBGcpqu2ZoiWWsfjLJi1zJbujfVr1n5hFvmVHQWZSUBUUCCnXbWsCj3r81vtLj5wzKUUw18,10,1,False,False,False
Bi4rd5FH5bYEN8scZ7wevxNZyNmKHdaBcvewdPFxYdLt,HIDDEN_CANDIDATE,B3xU49SW3khA7m5Lgata2fmPxZeQRuaJbCruPsVDpump,POKE,2026-09-03T18:43:59Z,69SNcRC8NqjHBSXEcugCN5oFKRQoKmddmWzZYc3tqtxk,0.235258053,2026-09-03T00:55:34Z,64105,32N56dUacUCZaTVioEcNSeZDx2sdUcStPhL4dZqjTdYX3LJ2LMCrfV7cHmHHxr92NNKgFbmmNMEeFRomTovoeusZ,104,1,False,False,False
Bi4rd5FH5bYEN8scZ7wevxNZyNmKHdaBcvewdPFxYdLt,HIDDEN_CANDIDATE,B3xU49SW3khA7m5Lgata2fmPxZeQRuaJbCruPsVDpump,POKE,2026-09-03T18:43:59Z,69SNcRC8NqjHBSXEcugCN5oFKRQoKmddmWzZYc3tqtxk,0.372240345,2026-09-03T01:24:34Z,62365,3nuBZbUCTUS386k25Hty4wp2YdkhnZSTjBo1wgMLodEgmdCU9gm9qaZokTo4y9NUqzPeSBW7Sbo973Whbfo4Xsbr,104,1,False,False,False
Bi4rd5FH5bYEN8scZ7wevxNZyNmKHdaBcvewdPFxYdLt,HIDDEN_CANDIDATE,B3xU49SW3khA7m5Lgata2fmPxZeQRuaJbCruPsVDpump,POKE,2026-09-03T18:43:59Z,69SNcRC8NqjHBSXEcugCN5oFKRQoKmddmWzZYc3tqtxk,0.237843736,2026-09-03T01:46:04Z,61075,5XxmHDZceQ8As1Vp5KeHq7jcdau9XtAzKgqvgJa4Z3xRNJxaSQkEchy3kRk2iUtvb2UizYVNwC5YnwuVu5DGErCn,104,1,False,False,False
Bi4rd5FH5bYEN8scZ7wevxNZyNmKHdaBcvewdPFxYdLt,HIDDEN_CANDIDATE,B3xU49SW3khA7m5Lgata2fmPxZeQRuaJbCruPsVDpump,POKE,2026-09-03T18:43:59Z,69SNcRC8NqjHBSXEcugCN5oFKRQoKmddmWzZYc3tqtxk,0.251017668,2026-09-03T02:00:04Z,60235,4aXYGKmDJeTzz27rNzQpP3pLG7VWqpTeBeUM7VaXCEZhGfHxsNGzH77oot4iK91gKeQQmbSNXaL1xhuC1j2kSptZ,104,1,False,False,False
Bi4rd5FH5bYEN8scZ7wevxNZyNmKHdaBcvewdPFxYdLt,HIDDEN_CANDIDATE,B3xU49SW3khA7m5Lgata2fmPxZeQRuaJbCruPsVDpump,POKE,2026-09-03T18:43:59Z,69SNcRC8NqjHBSXEcugCN5oFKRQoKmddmWzZYc3tqtxk,0.086131628,2026-09-03T02:09:04Z,59695,2T7whaLtAh3Dvj4weQNHbJEFSykyG84Rr2wh8k6fNMghqRn2QHbt9bKjJo9cRG31gnjEdQ2NcaW7kiw8rcfCLi3d,104,1,False,False,False
Bi4rd5FH5bYEN8scZ7wevxNZyNmKHdaBcvewdPFxYdLt,HIDDEN_CANDIDATE,B3xU49SW3khA7m5Lgata2fmPxZeQRuaJbCruPsVDpump,POKE,2026-09-03T18:43:59Z,8a2iRDFS88YuxXxJXZj1H6WZ17NNQTZ8eas6iHimuZNJ,0.055222234,2026-09-03T02:15:34Z,59305,BTrcwaAbtZfwcDDP2qYpqXKjc2CwXujXUov6ffpXxN4zYrnaMeQEMV1j9sEHauMR119q9H8ByAkvoikbKhuWd3u,10,1,False,False,False
Bi4rd5FH5bYEN8scZ7wevxNZyNmKHdaBcvewdPFxYdLt,HIDDEN_CANDIDATE,B3xU49SW3khA7m5Lgata2fmPxZeQRuaJbCruPsVDpump,POKE,2026-09-03T18:43:59Z,8tSctNJ7ehwmuK7PX8BKbtRWjaNxfuHGNuM4HFraxftQ,2.846023535,2026-09-03T02:39:50Z,57849,EyUPnFupkyxcpXoe4xjXwP4BNCgqNDoFyhf822M9mTVHwfpPAvAyX4TDUg8gbNmTLFqXtpHMQNhG1VDQiAy5sx6,2,1,False,False,False
Bi4rd5FH5bYEN8scZ7wevxNZyNmKHdaBcvewdPFxYdLt,HIDDEN_CANDIDATE,B3xU49SW3khA7m5Lgata2fmPxZeQRuaJbCruPsVDpump,POKE,2026-09-03T18:43:59Z,69SNcRC8NqjHBSXEcugCN5oFKRQoKmddmWzZYc3tqtxk,0.221013227,2026-09-03T02:50:04Z,57235,3VT7r5nqMP61Fxz9aTRKmuLwkfUg77FRDzcLZRLe6i2Jffx8sbSY8c5SG5wFB1SoXBkwrRHsSoWeurJVKRp5ytxB,104,1,False,False,False
Bi4rd5FH5bYEN8scZ7wevxNZyNmKHdaBcvewdPFxYdLt,HIDDEN_CANDIDATE,B3xU49SW3khA7m5Lgata2fmPxZeQRuaJbCruPsVDpump,POKE,2026-09-03T18:43:59Z,69SNcRC8NqjHBSXEcugCN5oFKRQoKmddmWzZYc3tqtxk,0.095051602,2026-09-03T12:47:23Z,21396,27mqn3SdYoEYqJh6t7PJPK83RgSBTeF5Pzxrqy5XHr6AFrnNtDGtG26DGDxRj2YpQSc9QTzLYyCXqN2H4H5gBpib,104,1,False,False,False
Bi4rd5FH5bYEN8scZ7wevxNZyNmKHdaBcvewdPFxYdLt,HIDDEN_CANDIDATE,B3xU49SW3khA7m5Lgata2fmPxZeQRuaJbCruPsVDpump,POKE,2026-09-03T18:43:59Z,69SNcRC8NqjHBSXEcugCN5oFKRQoKmddmWzZYc3tqtxk,1.080956432,2026-09-03T15:27:53Z,11766,4NKiUgyPEdk6DwuP5Fquav9U9NX12raJq3gb5qZMsVzeiTi2iDX9SnUpHcGb5yLtn7VDcwYmm1nvyZNosw2kenck,104,1,False,False,False
Bi4rd5FH5bYEN8scZ7wevxNZyNmKHdaBcvewdPFxYdLt,HIDDEN_CANDIDATE,B3xU49SW3khA7m5Lgata2fmPxZeQRuaJbCruPsVDpump,POKE,2026-09-03T18:43:59Z,69SNcRC8NqjHBSXEcugCN5oFKRQoKmddmWzZYc3tqtxk,0.058848494,2026-09-03T15:31:04Z,11575,2P3uaVXR6RSsDZGGMvJTqYE5KNwJuTfvZNmjFwY4xawcaKaCAkYiwwhhm59hhJbRfQWRDLFvRkzJVF3EaGNZwQ11,104,1,False,False,False
Bi4rd5FH5bYEN8scZ7wevxNZyNmKHdaBcvewdPFxYdLt,HIDDEN_CANDIDATE,B3xU49SW3khA7m5Lgata2fmPxZeQRuaJbCruPsVDpump,POKE,2026-09-03T18:43:59Z,69SNcRC8NqjHBSXEcugCN5oFKRQoKmddmWzZYc3tqtxk,0.280536184,2026-09-03T15:40:04Z,11035,48bi7z1mBRfZ9CeNwkuxVrfbZ9tEHpzaVX5nsYL3udSmMxioSHYX5135AYtubGHoqHeYhoUpBJWj8JKmMXtoFFCW,104,1,False,False,False
Bi4rd5FH5bYEN8scZ7wevxNZyNmKHdaBcvewdPFxYdLt,HIDDEN_CANDIDATE,B3xU49SW3khA7m5Lgata2fmPxZeQRuaJbCruPsVDpump,POKE,2026-09-03T18:43:59Z,69SNcRC8NqjHBSXEcugCN5oFKRQoKmddmWzZYc3tqtxk,0.185898886,2026-09-03T15:46:04Z,10675,5RSGtj1GvM8ABoEHrBWZ53pfZjy4Ert6mY94skgVRveQ6EECgnARCicALsPddffaGJfnmcZjAJtGgrgX4JAmLyPE,104,1,False,False,False
Bi4rd5FH5bYEN8scZ7wevxNZyNmKHdaBcvewdPFxYdLt,HIDDEN_CANDIDATE,B3xU49SW3khA7m5Lgata2fmPxZeQRuaJbCruPsVDpump,POKE,2026-09-03T18:43:59Z,69SNcRC8NqjHBSXEcugCN5oFKRQoKmddmWzZYc3tqtxk,0.393430896,2026-09-03T16:14:04Z,8995,3T7BqyVKU636yVmcLDRPjrEQQsMmeotS15cyK1Cg2d3ZoJLRdzd6NcMQ529ndfBtZJpizs7DD2inoXGiUcBbtRTg,104,1,False,False,False
Bi4rd5FH5bYEN8scZ7wevxNZyNmKHdaBcvewdPFxYdLt,HIDDEN_CANDIDATE,B3xU49SW3khA7m5Lgata2fmPxZeQRuaJbCruPsVDpump,POKE,2026-09-03T18:43:59Z,8a2iRDFS88YuxXxJXZj1H6WZ17NNQTZ8eas6iHimuZNJ,0.058534334,2026-09-03T16:40:49Z,7390,2ncbyWRF4KkniKz6rZ4R4EneoWC5GtuarMDRTwY5XLNCjWHgvfYjkWpqdWthzBNgGySEM73JCt9dp2WXjN8WDH35,10,1,False,False,False
Bi4rd5FH5bYEN8scZ7wevxNZyNmKHdaBcvewdPFxYdLt,HIDDEN_CANDIDATE,B3xU49SW3khA7m5Lgata2fmPxZeQRuaJbCruPsVDpump,POKE,2026-09-03T18:43:59Z,GTnbqqrYg8tv9gsievtfDGxMi9FVGikNu3HiSxb4Wukr,0.289994336,2026-09-03T16:40:49Z,7390,2Zpf642RhS8cr1JPzqZjUhQtmox8d1CbbLqXfXmg5BvBKnpLQPPY2e6pBqrDiQZZP8uTVBQ4WMArTk3P3ns8isjf,12,1,False,False,False
Bi4rd5FH5bYEN8scZ7wevxNZyNmKHdaBcvewdPFxYdLt,HIDDEN_CANDIDATE,B3xU49SW3khA7m5Lgata2fmPxZeQRuaJbCruPsVDpump,POKE,2026-09-03T18:43:59Z,29yFzeBZgxf5zqrAkKXwgZtQehRf4pL8WbV2nRJikbw8,0.503104618,2026-09-03T16:40:49Z,7390,RUftJ2dVtb6tmGuD2LkpqJrxzqbJKXgE8PNjC8CGjTi2wD8fP6HnXa9znrguucdHq6pgcYzJ78QGb96aDXPk7J2,12,1,False,False,False
Bi4rd5FH5bYEN8scZ7wevxNZyNmKHdaBcvewdPFxYdLt,HIDDEN_CANDIDATE,B3xU49SW3khA7m5Lgata2fmPxZeQRuaJbCruPsVDpump,POKE,2026-09-03T18:43:59Z,Gg3ska7ScdMZX5nPgsM7wBfprRhNp6cuS2zuG7UFXcDv,0.268963492,2026-09-03T16:40:49Z,7390,5471H1dc2Gwnezg8QJS48Jr3wia46PRAeznwHM2Huc9NJK2GVmQkbcsThQYLDg1RMqB38sPf3odzEXqCjD7iMQFk,11,1,False,False,False
Bi4rd5FH5bYEN8scZ7wevxNZyNmKHdaBcvewdPFxYdLt,HIDDEN_CANDIDATE,B3xU49SW3khA7m5Lgata2fmPxZeQRuaJbCruPsVDpump,POKE,2026-09-03T18:43:59Z,69SNcRC8NqjHBSXEcugCN5oFKRQoKmddmWzZYc3tqtxk,0.280431749,2026-09-03T16:48:03Z,6956,66JVt6dfVSYafnJV64ZE1QK2imgT66rAbnuNBV3WXFq3AnynpLveRG6D6yFquuWb1izoQ2czm6FP5stSuBe1M318,104,1,False,False,False
Bi4rd5FH5bYEN8scZ7wevxNZyNmKHdaBcvewdPFxYdLt,HIDDEN_CANDIDATE,B3xU49SW3khA7m5Lgata2fmPxZeQRuaJbCruPsVDpump,POKE,2026-09-03T18:43:59Z,7ZYHhe5h8YHnc56iER5LiXoUzhdyZ5s6ehwJET9KzNKd,2.811424424,2026-09-03T17:10:33Z,5606,3tAWQj4NLB4KvgbfeejyHm8PA5YnjJdKvSspWxEVy8Lt4eN9mpgYCgfAzh7GvofZNftyszms2exZZdhrSUQGM3vD,2,1,False,False,False
Bi4rd5FH5bYEN8scZ7wevxNZyNmKHdaBcvewdPFxYdLt,HIDDEN_CANDIDATE,B3xU49SW3khA7m5Lgata2fmPxZeQRuaJbCruPsVDpump,POKE,2026-09-03T18:43:59Z,7ZYHhe5h8YHnc56iER5LiXoUzhdyZ5s6ehwJET9KzNKd,2.357095668,2026-09-03T17:10:34Z,5605,5kqhz3eAsCXD7H3mNXiGUoWocH2u55sw7P1FPzbtcz5aMfSWMpPAakVKAhjnA3XZdx1P5FMpNbGWUjKDrhbddSq9,2,1,False,False,False
Bi4rd5FH5bYEN8scZ7wevxNZyNmKHdaBcvewdPFxYdLt,HIDDEN_CANDIDATE,B3xU49SW3khA7m5Lgata2fmPxZeQRuaJbCruPsVDpump,POKE,2026-09-03T18:43:59Z,GTnbqqrYg8tv9gsievtfDGxMi9FVGikNu3HiSxb4Wukr,0.060637826,2026-09-03T17:21:33Z,4946,2RVztxEFyM8hUmffeSD42t7zLxZRotyA8yGx8t5VSv8vXNo1MR9XJWmS85KhYjvLeTr2gX6XyGpKyyTmueSK9AxA,12,1,False,False,False
Bi4rd5FH5bYEN8scZ7wevxNZyNmKHdaBcvewdPFxYdLt,HIDDEN_CANDIDATE,B3xU49SW3khA7m5Lgata2fmPxZeQRuaJbCruPsVDpump,POKE,2026-09-03T18:43:59Z,29yFzeBZgxf5zqrAkKXwgZtQehRf4pL8WbV2nRJikbw8,0.089698769,2026-09-03T17:21:33Z,4946,2BakXm7v7wg5JTZ2FB71tKMBbrcFDxnR6wd8WWy96ssXYWoBwdT8d6Mv6Qp9P7R1UYHomsDhd1kNbaWeCRJBZ5SA,12,1,False,False,False
Bi4rd5FH5bYEN8scZ7wevxNZyNmKHdaBcvewdPFxYdLt,HIDDEN_CANDIDATE,B3xU49SW3khA7m5Lgata2fmPxZeQRuaJbCruPsVDpump,POKE,2026-09-03T18:43:59Z,69SNcRC8NqjHBSXEcugCN5oFKRQoKmddmWzZYc3tqtxk,0.483790571,2026-09-03T17:21:33Z,4946,JcXCQdiVx3nwpFUhF9ksK6bFg2RKT1bSzc7kt11K7p4Da8dp6yxjs8heLTDocoHrDf6GfPNEUnRRdDjhnpGq5iW,104,1,False,False,False
Bi4rd5FH5bYEN8scZ7wevxNZyNmKHdaBcvewdPFxYdLt,HIDDEN_CANDIDATE,B3xU49SW3khA7m5Lgata2fmPxZeQRuaJbCruPsVDpump,POKE,2026-09-03T18:43:59Z,69SNcRC8NqjHBSXEcugCN5oFKRQoKmddmWzZYc3tqtxk,0.820749759,2026-09-03T17:39:04Z,3895,3nky5GL7aG9k1ztCURVYSQRsMFPdppD5EaD22WsArpUyvWWJcTukBRhVBNvzTMtJZvsqbVv269tVhR7f14WGtgk2,104,1,False,False,False
Bi4rd5FH5bYEN8scZ7wevxNZyNmKHdaBcvewdPFxYdLt,HIDDEN_CANDIDATE,B3xU49SW3khA7m5Lgata2fmPxZeQRuaJbCruPsVDpump,POKE,2026-09-03T18:43:59Z,69SNcRC8NqjHBSXEcugCN5oFKRQoKmddmWzZYc3tqtxk,0.319976718,2026-09-03T18:01:04Z,2575,cS1Gm3nXExDQeyhjTjdCfPDXxWnuHPtcQEGYXXcvVTh8HteHBFXYfQyt54c4Lro3FwacbitjKKR6dokBqyVMec3,104,1,False,False,False
Bi4rd5FH5bYEN8scZ7wevxNZyNmKHdaBcvewdPFxYdLt,HIDDEN_CANDIDATE,B3xU49SW3khA7m5Lgata2fmPxZeQRuaJbCruPsVDpump,POKE,2026-09-03T18:43:59Z,69SNcRC8NqjHBSXEcugCN5oFKRQoKmddmWzZYc3tqtxk,0.260495032,2026-09-03T18:03:08Z,2451,2vbmoyxkxm65Nuv3jSZHWhUMF6Gn53fKZocsiQvPd62N5q9iu5GSxppzN1jhqQgpx676NT4JdcZYX2nukisEV245,104,1,False,False,False
Bi4rd5FH5bYEN8scZ7wevxNZyNmKHdaBcvewdPFxYdLt,HIDDEN_CANDIDATE,B3xU49SW3khA7m5Lgata2fmPxZeQRuaJbCruPsVDpump,POKE,2026-09-03T18:43:59Z,Gg3ska7ScdMZX5nPgsM7wBfprRhNp6cuS2zuG7UFXcDv,0.100482867,2026-09-03T18:07:47Z,2172,38hrXFVurYdiYwpHRuZxgW1AumoyYG1SVAvtBGraFrB5CCuBGrXwFLfYSvM9m1NarZSb1VrvmEGbPxtDnEKo83yH,11,1,False,False,False
Bi4rd5FH5bYEN8scZ7wevxNZyNmKHdaBcvewdPFxYdLt,HIDDEN_CANDIDATE,B3xU49SW3khA7m5Lgata2fmPxZeQRuaJbCruPsVDpump,POKE,2026-09-03T18:43:59Z,GTnbqqrYg8tv9gsievtfDGxMi9FVGikNu3HiSxb4Wukr,0.112418021,2026-09-03T18:07:47Z,2172,3KWdj3CXzENAjxVJNVisegr9vJoge2KyXtYwYTbi9UbSAxaAGU3V4ncwMxy3R6PDa16qiBPVnTNQ51uabw6fVYFf,12,1,False,False,False
Bi4rd5FH5bYEN8scZ7wevxNZyNmKHdaBcvewdPFxYdLt,HIDDEN_CANDIDATE,B3xU49SW3khA7m5Lgata2fmPxZeQRuaJbCruPsVDpump,POKE,2026-09-03T18:43:59Z,8a2iRDFS88YuxXxJXZj1H6WZ17NNQTZ8eas6iHimuZNJ,0.054006625,2026-09-03T18:07:47Z,2172,eT1dkxC4YYTxLymYXxvHry1Zs3SSq4RfCXFd6GfUAcfpie4okNqntv1mTDTv4QSUrDCZvgQ9fwu8dYG1W8JGtuD,10,1,False,False,False
Bi4rd5FH5bYEN8scZ7wevxNZyNmKHdaBcvewdPFxYdLt,HIDDEN_CANDIDATE,B3xU49SW3khA7m5Lgata2fmPxZeQRuaJbCruPsVDpump,POKE,2026-09-03T18:43:59Z,29yFzeBZgxf5zqrAkKXwgZtQehRf4pL8WbV2nRJikbw8,0.248137303,2026-09-03T18:07:47Z,2172,uWSBhSWxShMVwaQgHtQhoJrPu6sEVUsr97QXkdtxSLjsBsJnsk9hMjkzEDssNN4BSdfbiAFErp7HTX7kAF9D9Y8,12,1,False,False,False
Bi4rd5FH5bYEN8scZ7wevxNZyNmKHdaBcvewdPFxYdLt,HIDDEN_CANDIDATE,B3xU49SW3khA7m5Lgata2fmPxZeQRuaJbCruPsVDpump,POKE,2026-09-03T18:43:59Z,69SNcRC8NqjHBSXEcugCN5oFKRQoKmddmWzZYc3tqtxk,0.081515587,2026-09-03T18:10:07Z,2032,yupco2hmcZBdNBPYg3StV2XYSj859g7tXi1nfB9gH3pGRF5JfYjKSDPpiJZyVvEMKLroJAia9QdtzeiR8Zu89kB,104,1,False,False,False
Bi4rd5FH5bYEN8scZ7wevxNZyNmKHdaBcvewdPFxYdLt,HIDDEN_CANDIDATE,B3xU49SW3khA7m5Lgata2fmPxZeQRuaJbCruPsVDpump,POKE,2026-09-03T18:43:59Z,69SNcRC8NqjHBSXEcugCN5oFKRQoKmddmWzZYc3tqtxk,0.283183554,2026-09-03T18:19:03Z,1496,2otqG9XGzsYpN7J7ykybxy8J5smeVJErMZRbba8MpyDoLJVr95g199URgnhKMDtpn5BGt4u8j2C6z5dZ4gDU3Vrx,104,1,False,False,False
Bi4rd5FH5bYEN8scZ7wevxNZyNmKHdaBcvewdPFxYdLt,HIDDEN_CANDIDATE,B3xU49SW3khA7m5Lgata2fmPxZeQRuaJbCruPsVDpump,POKE,2026-09-03T18:43:59Z,EPYjxXHPRx9rmYPrvC58NQ9vAi3k1n5svp2bK5SoW6nS,6.209268834,2026-09-03T18:28:13Z,946,4qcw5jzhuDUMGyuLaowujx5G8MCDS7wj47b5bFy8XR178f6bSRRoA5TRw9DrHN5bB7NSsaBgVqT4oKae4AzXoVjc,1,1,False,False,False
Bi4rd5FH5bYEN8scZ7wevxNZyNmKHdaBcvewdPFxYdLt,HIDDEN_CANDIDATE,B3xU49SW3khA7m5Lgata2fmPxZeQRuaJbCruPsVDpump,POKE,2026-09-03T18:43:59Z,69SNcRC8NqjHBSXEcugCN5oFKRQoKmddmWzZYc3tqtxk,0.174246109,2026-09-03T18:32:33Z,686,3JGGULKp1U5a6TXeuymzyUBerbWvrVfweyTHJu7WcbEKV4gbhjbvS69n5wkRaiwpRBLdjWcxeQv7fEzQJ8LdvcLg,104,1,False,False,False
6yVb4pxNwDfr6rovwNnBg3SyKSvDcHGD4WdFPN1JJBqm,CALLER,BE5ciZmcADAX78u2a1GrFiPMPC3rNXtdPGUrhzWB4k5d,SI,2026-10-01T13:05:49Z,GKMJwv2AEWVcfFXUMtxokMYy5ADkjwJa89DtP8LzoA61,9.518366752,2026-09-30T14:06:10Z,82779,4349QLRziP77FvFXEsYEo1RAVkgjvrB6efNNvE5BUgKNfgzP18BCjekN2JuGAvr2Vuv3wFRTxH6yKpjWMzmvjeYr,49,1,False,False,False
6yVb4pxNwDfr6rovwNnBg3SyKSvDcHGD4WdFPN1JJBqm,CALLER,BE5ciZmcADAX78u2a1GrFiPMPC3rNXtdPGUrhzWB4k5d,SI,2026-10-01T13:05:49Z,1chdHBRNu9dB7E5McJKFDsbPvfpmANdmeR7BHavhi56,6.734809273,2026-09-30T14:06:10Z,82779,rhwUSTdWoAYhZZjTBCwctFwJhNctjNX8vfWwoxvj447NaSJRFMMy1Dkq3oqiKCDdW3thdHC9apVPrvtPzj2j9ty,16,1,False,False,False
6yVb4pxNwDfr6rovwNnBg3SyKSvDcHGD4WdFPN1JJBqm,CALLER,BE5ciZmcADAX78u2a1GrFiPMPC3rNXtdPGUrhzWB4k5d,SI,2026-10-01T13:05:49Z,CLiXvfYSJtG5SJTCWyLvXKtDag9pJiA4vSWZGgSKP19X,6.879846194,2026-09-30T14:06:11Z,82778,2DHAW9Lk6cF2TK1StWxWeEvn51sewUAzHk8pMyzxCCGrZeGScXFjc3V9TVm94aKKM4BjunJyC3GnqFXeqWajWgCC,17,1,False,False,False
6yVb4pxNwDfr6rovwNnBg3SyKSvDcHGD4WdFPN1JJBqm,CALLER,BE5ciZmcADAX78u2a1GrFiPMPC3rNXtdPGUrhzWB4k5d,SI,2026-10-01T13:05:49Z,HvZwXKakSprc6EA3qiDqjy89DPYNuuXFPFZQ6GE8mBoy,0.186948268,2026-09-30T14:10:51Z,82498,3JnbL5zS5TiFw15M9JnaNkcvoTcGTCHB5NudMzPxbT6cybq1T1fKNjf5s9AkHk23r9dJrceyvY1kVx88KuGbnn6F,2,1,False,False,False
6yVb4pxNwDfr6rovwNnBg3SyKSvDcHGD4WdFPN1JJBqm,CALLER,BE5ciZmcADAX78u2a1GrFiPMPC3rNXtdPGUrhzWB4k5d,SI,2026-10-01T13:05:49Z,GKMJwv2AEWVcfFXUMtxokMYy5ADkjwJa89DtP8LzoA61,6.874934175,2026-09-30T14:50:49Z,80100,4HwsN3LNz5LfZTnTRdWaeVqZtYAro6hjP3CikQDLNtXcUHszfssPHjS6AhmHMhr1KMud4PETdFjHq6z1LowndgFs,49,1,False,False,False
6yVb4pxNwDfr6rovwNnBg3SyKSvDcHGD4WdFPN1JJBqm,CALLER,BE5ciZmcADAX78u2a1GrFiPMPC3rNXtdPGUrhzWB4k5d,SI,2026-10-01T13:05:49Z,CLiXvfYSJtG5SJTCWyLvXKtDag9pJiA4vSWZGgSKP19X,3.0,2026-09-30T14:51:01Z,80088,52oBQ7ZHDV8FcTrNGY6jfeer6CaQTZwAfnGAKDAF1hc57wQUHg6X1vLNEY2Tpd5JtaW9qcGU4DcyYJZNum8VK5C8,17,1,False,False,False
6yVb4pxNwDfr6rovwNnBg3SyKSvDcHGD4WdFPN1JJBqm,CALLER,BE5ciZmcADAX78u2a1GrFiPMPC3rNXtdPGUrhzWB4k5d,SI,2026-10-01T13:05:49Z,1chdHBRNu9dB7E5McJKFDsbPvfpmANdmeR7BHavhi56,2.04,2026-09-30T14:51:13Z,80076,4nLT5cymck4fL8YTrXuitcT6zAPeaypWaYgPXT1pWz9wKugD5eqpug5oQLfZeV9Jqz8YLjZrcr6hhQvGYqciJrxR,16,1,False,False,False
89HbgWduLwoxcofWpmn1EiF9wEdpgkNDEyPjzZ72mkDi,HIDDEN_CANDIDATE,BZYpLHhui3qRNokWFg2JcX8CYtMqzWHR5R4xowjcbPqh,honse,2026-09-19T14:35:36Z,DoAsxPQgiyAxyaJNvpAAUb2ups6rbJRdYrCPyWxwRxBb,0.491576412,2026-09-18T15:38:15Z,82641,JkP7bsmUSSEcx6uKed1NWsSqja7iXtxEj4GHFE7Htn51xXX2zSpkfaP214F8GxPxUAEWWVjCuSJbzTXFNj3YAnU,278,3,False,False,False
89HbgWduLwoxcofWpmn1EiF9wEdpgkNDEyPjzZ72mkDi,HIDDEN_CANDIDATE,BZYpLHhui3qRNokWFg2JcX8CYtMqzWHR5R4xowjcbPqh,honse,2026-09-19T14:35:36Z,8ztFxjFPfVUtEf4SLSapcFj8GW2dxyUA9no2bLPq7H7V,2.005775105,2026-09-18T15:48:42Z,82014,4cG5PUksuB65Y4cBkxnUn9Ayu5YwNnKre6Yk3uwLt8Cpz6P9SL1TgjRvwRVkaaEz5Jrx5FgzfsB2vpmaHV5rPBxk,1,1,False,False,False
89HbgWduLwoxcofWpmn1EiF9wEdpgkNDEyPjzZ72mkDi,HIDDEN_CANDIDATE,BZYpLHhui3qRNokWFg2JcX8CYtMqzWHR5R4xowjcbPqh,honse,2026-09-19T14:35:36Z,DoAsxPQgiyAxyaJNvpAAUb2ups6rbJRdYrCPyWxwRxBb,0.061735757,2026-09-18T15:49:08Z,81988,oUxuTWQiWmPaazSGfGHGCZgsrSSeVuVdmxPxA19RujZ32sZiC7unfrSMDN3a33aHzfWkxncmmRjN4FVLUtWWFVz,278,3,False,False,False
89HbgWduLwoxcofWpmn1EiF9wEdpgkNDEyPjzZ72mkDi,HIDDEN_CANDIDATE,BZYpLHhui3qRNokWFg2JcX8CYtMqzWHR5R4xowjcbPqh,honse,2026-09-19T14:35:36Z,9PchrQYJHzRuCh9BQhPWXpjo4vHYF9sGjiA27cExetSr,1.099442021,2026-09-18T16:04:46Z,81050,45KcwYkJfot3sLiQrUJKmRsUm9jWpQUogBCKHww24AGkCCHDCHcEVkQMZL3rEbovNtTMD696AzKWhBG2qAPtrk5y,1,1,False,False,False
89HbgWduLwoxcofWpmn1EiF9wEdpgkNDEyPjzZ72mkDi,HIDDEN_CANDIDATE,BZYpLHhui3qRNokWFg2JcX8CYtMqzWHR5R4xowjcbPqh,honse,2026-09-19T14:35:36Z,DoAsxPQgiyAxyaJNvpAAUb2ups6rbJRdYrCPyWxwRxBb,0.190763391,2026-09-18T16:25:33Z,79803,2Ut1FFZq6KY9zakuGDpHdpEjVH5EW9hXuGuBX3FFduyd8gsaTwD5T6BSn2ANLBWz9VVbFB2yGaSueMJGT5cXXPRH,278,3,False,False,False
89HbgWduLwoxcofWpmn1EiF9wEdpgkNDEyPjzZ72mkDi,HIDDEN_CANDIDATE,BZYpLHhui3qRNokWFg2JcX8CYtMqzWHR5R4xowjcbPqh,honse,2026-09-19T14:35:36Z,CWrskHKh3FrDKvqvHjdVLhwkT2jvELYgz5pSPCJcguM7,155.0,2026-09-18T17:31:28Z,75848,56zzEfMMder27CdNT5sKawNDiKNBbCwew8xFr8KDRoKoPNa5ro2K8VrscU76AXRCUrAU3LjvbuCNzEyGLCJhi3zK,1,1,False,False,False
89HbgWduLwoxcofWpmn1EiF9wEdpgkNDEyPjzZ72mkDi,HIDDEN_CANDIDATE,BZYpLHhui3qRNokWFg2JcX8CYtMqzWHR5R4xowjcbPqh,honse,2026-09-19T14:35:36Z,GuAKE5EgK7Au7EARH81oHrWjJvvg2Axf9AVNMpt7yEzH,150.0,2026-09-18T17:33:23Z,75733,3K2KjnxyzD3B52UTJrjoWNpohSmqHAvUfMLbd1DfupG6x5CHnA3BMUvkTJ6NMT7ncW7bbgWYxM8wY3usjetmeiW5,2,1,False,False,False
89HbgWduLwoxcofWpmn1EiF9wEdpgkNDEyPjzZ72mkDi,HIDDEN_CANDIDATE,BZYpLHhui3qRNokWFg2JcX8CYtMqzWHR5R4xowjcbPqh,honse,2026-09-19T14:35:36Z,5Q544fKrFoe6tsEbD7S8EmxGTJYAKtTVhAW5Q5pge4j1,1.640710248,2026-09-19T12:29:45Z,7551,5AzUivQXBuATyKDELY3A1y7TSoFwYGNEhfwtB6bM6pvAah6GEQuB96ReGnvfXZDACRQBWL6ASz82Ed3qGCq3z5hS,381,7,True,False,False
89HbgWduLwoxcofWpmn1EiF9wEdpgkNDEyPjzZ72mkDi,HIDDEN_CANDIDATE,BZYpLHhui3qRNokWFg2JcX8CYtMqzWHR5R4xowjcbPqh,honse,2026-09-19T14:35:36Z,DoAsxPQgiyAxyaJNvpAAUb2ups6rbJRdYrCPyWxwRxBb,0.520881444,2026-09-19T12:30:38Z,7498,4cfPWZDK31iEjqkrbEvNWSaj6aUdMmH3ocVJqyEQLp14NjiBHSJPecdkyFWL2NFavizzRVVfKRJxdS6L85sW8RNx,278,3,False,False,False
89HbgWduLwoxcofWpmn1EiF9wEdpgkNDEyPjzZ72mkDi,HIDDEN_CANDIDATE,BZYpLHhui3qRNokWFg2JcX8CYtMqzWHR5R4xowjcbPqh,honse,2026-09-19T14:35:36Z,GuPbekwP9MqB23CghhiMQZTaigPdUJooovo1neCErhM8,2.549313184,2026-09-19T12:35:23Z,7213,4hPHaaq5VXLEEXvvPSSgDGobeDWks7gpZohSkTTBXtu9mjCbvJajkwTi4ddTKdRKWXSpe3fNFXEP39qAPb2Rs69S,2,1,False,False,False
89HbgWduLwoxcofWpmn1EiF9wEdpgkNDEyPjzZ72mkDi,HIDDEN_CANDIDATE,BZYpLHhui3qRNokWFg2JcX8CYtMqzWHR5R4xowjcbPqh,honse,2026-09-19T14:35:36Z,DoAsxPQgiyAxyaJNvpAAUb2ups6rbJRdYrCPyWxwRxBb,0.088906647,2026-09-19T12:35:38Z,7198,NoVgDuGdK5PFb3sbBh61KinPYSpziqbi4m2qvAZopZ4q4SEB2nyNosUQRV1w9rJTHyd4sui4STTRvqCKREZdgpm,278,3,False,False,False
89HbgWduLwoxcofWpmn1EiF9wEdpgkNDEyPjzZ72mkDi,HIDDEN_CANDIDATE,BZYpLHhui3qRNokWFg2JcX8CYtMqzWHR5R4xowjcbPqh,honse,2026-09-19T14:35:36Z,GuPbekwP9MqB23CghhiMQZTaigPdUJooovo1neCErhM8,2.620742024,2026-09-19T12:36:47Z,7129,36oFrJGYmx4ELisr5C4AtQ37kBR5hZFf5L9k933GwU9ogZasE1SqeWAHXpEdWTPvCBZuLVseeRUUdBcD54zifFn5,2,1,False,False,False
89HbgWduLwoxcofWpmn1EiF9wEdpgkNDEyPjzZ72mkDi,HIDDEN_CANDIDATE,BZYpLHhui3qRNokWFg2JcX8CYtMqzWHR5R4xowjcbPqh,honse,2026-09-19T14:35:36Z,DoAsxPQgiyAxyaJNvpAAUb2ups6rbJRdYrCPyWxwRxBb,0.08757442,2026-09-19T12:37:14Z,7102,3aMcyXyEbQRo8nwczCfxWDr9CPDLQApCRsZnLNWKDNckHniM9bBQVBqCJdGkkeR4dLVyb8DYy9KsMNzjc3rUdfyD,278,3,False,False,False
89HbgWduLwoxcofWpmn1EiF9wEdpgkNDEyPjzZ72mkDi,HIDDEN_CANDIDATE,BZYpLHhui3qRNokWFg2JcX8CYtMqzWHR5R4xowjcbPqh,honse,2026-09-19T14:35:36Z,DoAsxPQgiyAxyaJNvpAAUb2ups6rbJRdYrCPyWxwRxBb,0.078689103,2026-09-19T12:39:38Z,6958,Xergy8xrUJW1uqKmgMJ4oESEq2fwC164NyHzjDvw4L9Kj24NESVGj6ntkSKJwddek8K7SV7zBZEJ63sT8woFH6M,278,3,False,False,False
89HbgWduLwoxcofWpmn1EiF9wEdpgkNDEyPjzZ72mkDi,HIDDEN_CANDIDATE,BZYpLHhui3qRNokWFg2JcX8CYtMqzWHR5R4xowjcbPqh,honse,2026-09-19T14:35:36Z,5Q544fKrFoe6tsEbD7S8EmxGTJYAKtTVhAW5Q5pge4j1,3.175276815,2026-09-19T12:43:50Z,6706,han8aAbHcXGb5uPqHAr2AQkD1aRbnwGYuYUkAZr8SQs2H28zXSWZEmzC3ck4Crc2esQm3vbunT1S8ttn5v32HuH,381,7,True,False,False
89HbgWduLwoxcofWpmn1EiF9wEdpgkNDEyPjzZ72mkDi,HIDDEN_CANDIDATE,BZYpLHhui3qRNokWFg2JcX8CYtMqzWHR5R4xowjcbPqh,honse,2026-09-19T14:35:36Z,DoAsxPQgiyAxyaJNvpAAUb2ups6rbJRdYrCPyWxwRxBb,0.321641862,2026-09-19T12:44:11Z,6685,5eisqXtEn1c7mLSPvmVPY8SSjeSzaQfoz9M3ryrvD12hmgU6qfTWPHSmhr86r8bZstJXvRUVNGsGQsxskkuNcWsJ,278,3,False,False,False
89HbgWduLwoxcofWpmn1EiF9wEdpgkNDEyPjzZ72mkDi,HIDDEN_CANDIDATE,BZYpLHhui3qRNokWFg2JcX8CYtMqzWHR5R4xowjcbPqh,honse,2026-09-19T14:35:36Z,5Q544fKrFoe6tsEbD7S8EmxGTJYAKtTVhAW5Q5pge4j1,9.483934523,2026-09-19T12:49:40Z,6356,3rnGeLU7QDTjoRMNaemti1A9Cmmb9xKi2U4wcsFBGbFSdNV2BMJnNZ3ijpdTKYaxAH919xu5XrVxTSHoeyAVmpRy,381,7,True,False,False
89HbgWduLwoxcofWpmn1EiF9wEdpgkNDEyPjzZ72mkDi,HIDDEN_CANDIDATE,BZYpLHhui3qRNokWFg2JcX8CYtMqzWHR5R4xowjcbPqh,honse,2026-09-19T14:35:36Z,DoAsxPQgiyAxyaJNvpAAUb2ups6rbJRdYrCPyWxwRxBb,0.173540649,2026-09-19T12:50:26Z,6310,4k9md8g8Cgaz1EthLdrotdbo82J71dkmuPc6mhmSMbd9swd2p2VkznsVQwxQpJJjvYW3zuvHAynYPtgCJeQUyJYN,278,3,False,False,False
89HbgWduLwoxcofWpmn1EiF9wEdpgkNDEyPjzZ72mkDi,HIDDEN_CANDIDATE,BZYpLHhui3qRNokWFg2JcX8CYtMqzWHR5R4xowjcbPqh,honse,2026-09-19T14:35:36Z,5Q544fKrFoe6tsEbD7S8EmxGTJYAKtTVhAW5Q5pge4j1,2.306582438,2026-09-19T12:58:32Z,5824,2ouT8WVjvnBHf5WkuXfYGQfEXripi6JhpeVK3K57d9b3822VZeS2AJZJzRQeCNDbUaLTj2bJb35Xi7LB4UbXwFnA,381,7,True,False,False
89HbgWduLwoxcofWpmn1EiF9wEdpgkNDEyPjzZ72mkDi,HIDDEN_CANDIDATE,BZYpLHhui3qRNokWFg2JcX8CYtMqzWHR5R4xowjcbPqh,honse,2026-09-19T14:35:36Z,DoAsxPQgiyAxyaJNvpAAUb2ups6rbJRdYrCPyWxwRxBb,0.265654751,2026-09-19T12:58:47Z,5809,2NvjEBsD5zq4rXke7QFDYLEdSMaMxoaDVABCxSkWSLGub32x8ki4z3VSFDqRKBJB3tcVCAetT4K5DNCf4QhN6LXr,278,3,False,False,False
89HbgWduLwoxcofWpmn1EiF9wEdpgkNDEyPjzZ72mkDi,HIDDEN_CANDIDATE,BZYpLHhui3qRNokWFg2JcX8CYtMqzWHR5R4xowjcbPqh,honse,2026-09-19T14:35:36Z,DoAsxPQgiyAxyaJNvpAAUb2ups6rbJRdYrCPyWxwRxBb,0.066723735,2026-09-19T13:02:40Z,5576,4dgFy41xvGUNoFHcSfgsZw1opvhkvwocFNVq4ZYuebxXj1GYZX4AS1qYGya66Z5rjePvGfd93pRSwr3iZ5MX2PVP,278,3,False,False,False
89HbgWduLwoxcofWpmn1EiF9wEdpgkNDEyPjzZ72mkDi,HIDDEN_CANDIDATE,BZYpLHhui3qRNokWFg2JcX8CYtMqzWHR5R4xowjcbPqh,honse,2026-09-19T14:35:36Z,5Q544fKrFoe6tsEbD7S8EmxGTJYAKtTVhAW5Q5pge4j1,2.302548049,2026-09-19T13:03:35Z,5521,eN9GX6fJ65WiXktKFKeH1PWdRvAPPRys3FLaysWdSHE2K3sx7CVnmZ52jSUYDPa2ipzRsytN1YKTy7t6vNmdjT3,381,7,True,False,False
89HbgWduLwoxcofWpmn1EiF9wEdpgkNDEyPjzZ72mkDi,HIDDEN_CANDIDATE,BZYpLHhui3qRNokWFg2JcX8CYtMqzWHR5R4xowjcbPqh,honse,2026-09-19T14:35:36Z,DoAsxPQgiyAxyaJNvpAAUb2ups6rbJRdYrCPyWxwRxBb,0.087121617,2026-09-19T13:03:54Z,5502,2MMgWmFKGbZR6njhE62FKojbCPYcRC2WXY9Yc732C2gQyPLYFKBJo1HFg7UJ2nWyPfZ7fW9LwTZ776e2KTZhK95p,278,3,False,False,False
89HbgWduLwoxcofWpmn1EiF9wEdpgkNDEyPjzZ72mkDi,HIDDEN_CANDIDATE,BZYpLHhui3qRNokWFg2JcX8CYtMqzWHR5R4xowjcbPqh,honse,2026-09-19T14:35:36Z,DoAsxPQgiyAxyaJNvpAAUb2ups6rbJRdYrCPyWxwRxBb,0.087374844,2026-09-19T13:05:22Z,5414,2evXMfM5wiMKmNYt1oL9qhKarnuqq9E5KnDrzbKgf963zVBaA95Muw3zpJHGe3yDv5Xdnn1AXY2tspLvU1Cm8HGb,278,3,False,False,False
89HbgWduLwoxcofWpmn1EiF9wEdpgkNDEyPjzZ72mkDi,HIDDEN_CANDIDATE,BZYpLHhui3qRNokWFg2JcX8CYtMqzWHR5R4xowjcbPqh,honse,2026-09-19T14:35:36Z,DoAsxPQgiyAxyaJNvpAAUb2ups6rbJRdYrCPyWxwRxBb,0.111682983,2026-09-19T13:16:34Z,4742,45T5LWTWH7UUiJLMGNtx9HfqcEtG48pKmmPBRfPePWNkbuEumDaeK3KVRktZP4QkKs6HrAhSZecnZyTDJmGZsmU7,278,3,False,False,False
89HbgWduLwoxcofWpmn1EiF9wEdpgkNDEyPjzZ72mkDi,HIDDEN_CANDIDATE,BZYpLHhui3qRNokWFg2JcX8CYtMqzWHR5R4xowjcbPqh,honse,2026-09-19T14:35:36Z,DoAsxPQgiyAxyaJNvpAAUb2ups6rbJRdYrCPyWxwRxBb,0.062771985,2026-09-19T13:18:41Z,4615,4MvBdBCg8pPXsUiYCZReTC6HJ6iWMQbUMGdLdzTXPUawa65bvoQRDLiqAMkihD587iKPuQc8tSQpKjxTa5yaTBm4,278,3,False,False,False
89HbgWduLwoxcofWpmn1EiF9wEdpgkNDEyPjzZ72mkDi,HIDDEN_CANDIDATE,BZYpLHhui3qRNokWFg2JcX8CYtMqzWHR5R4xowjcbPqh,honse,2026-09-19T14:35:36Z,DoAsxPQgiyAxyaJNvpAAUb2ups6rbJRdYrCPyWxwRxBb,0.187978757,2026-09-19T13:26:11Z,4165,51uGnxbfoSLcH5GEENLHCFqukchjheDrmCHeUgiLxjjY2tEqiPmwLwhs6FjX6mjwxFKjWg5R6NvLumqNxiijf8mi,278,3,False,False,False
89HbgWduLwoxcofWpmn1EiF9wEdpgkNDEyPjzZ72mkDi,HIDDEN_CANDIDATE,BZYpLHhui3qRNokWFg2JcX8CYtMqzWHR5R4xowjcbPqh,honse,2026-09-19T14:35:36Z,41rzTMB7JHPTyMXzrYwdqnBecJRhkb8KHYAjrQ9cYxJx,2.917786841,2026-09-19T13:28:07Z,4049,4eAScxJWjHapT336MoD2fK2Z4gpaBABFa98b2FuchzzS6ZWPcQKZJfHiyhjVtLghaXUbU8QEFP1fTwobdmZxaL8k,1,1,False,False,False
89HbgWduLwoxcofWpmn1EiF9wEdpgkNDEyPjzZ72mkDi,HIDDEN_CANDIDATE,BZYpLHhui3qRNokWFg2JcX8CYtMqzWHR5R4xowjcbPqh,honse,2026-09-19T14:35:36Z,DoAsxPQgiyAxyaJNvpAAUb2ups6rbJRdYrCPyWxwRxBb,0.080685048,2026-09-19T13:28:50Z,4006,5rLAwUbf8yCwVeuL4R62LzvCdAGcSXSPhcHdXP7hivB26nEqYC6eZVQdUDLinwCrBXhc2WLxNe54ESiTmjq9FSwN,278,3,False,False,False
89HbgWduLwoxcofWpmn1EiF9wEdpgkNDEyPjzZ72mkDi,HIDDEN_CANDIDATE,BZYpLHhui3qRNokWFg2JcX8CYtMqzWHR5R4xowjcbPqh,honse,2026-09-19T14:35:36Z,5Q544fKrFoe6tsEbD7S8EmxGTJYAKtTVhAW5Q5pge4j1,2.260654404,2026-09-19T13:30:48Z,3888,2CBrcmvYY3pUSbVP4jQdpHi6rXVwqR2R3698f16wBLiBWwfSCak8eF5r8LDAcn9dmGtsAwLxEH7AwxLb51T3PFnM,381,7,True,False,False
89HbgWduLwoxcofWpmn1EiF9wEdpgkNDEyPjzZ72mkDi,HIDDEN_CANDIDATE,BZYpLHhui3qRNokWFg2JcX8CYtMqzWHR5R4xowjcbPqh,honse,2026-09-19T14:35:36Z,DoAsxPQgiyAxyaJNvpAAUb2ups6rbJRdYrCPyWxwRxBb,0.07122016,2026-09-19T13:31:10Z,3866,4mJjsevzg57SQfb259pPHqrr7FNdkiE381TfNG8BkBsJBkudEZhKki5hXhggHbPu7pL1af1Ct4GucF9XpnZbC3AV,278,3,False,False,False
89HbgWduLwoxcofWpmn1EiF9wEdpgkNDEyPjzZ72mkDi,HIDDEN_CANDIDATE,BZYpLHhui3qRNokWFg2JcX8CYtMqzWHR5R4xowjcbPqh,honse,2026-09-19T14:35:36Z,5Q544fKrFoe6tsEbD7S8EmxGTJYAKtTVhAW5Q5pge4j1,0.766440356,2026-09-19T13:33:29Z,3727,2oEpMzZmpPvum85vWJ1JhMzMUyiB8PHXKsrKKeUP91nNFBaNqwHqtWdMbrxK4tdQkj83T18gKbiP1UsnJkamxkyQ,381,7,True,False,False
89HbgWduLwoxcofWpmn1EiF9wEdpgkNDEyPjzZ72mkDi,HIDDEN_CANDIDATE,BZYpLHhui3qRNokWFg2JcX8CYtMqzWHR5R4xowjcbPqh,honse,2026-09-19T14:35:36Z,5Q544fKrFoe6tsEbD7S8EmxGTJYAKtTVhAW5Q5pge4j1,0.962342717,2026-09-19T13:33:32Z,3724,5Htd438ZgDtkBfUgBRisAyUG8msEJoizGZCjn9w5XKR4NYVMCcFCtgoXL7v2mGMTSG9GJbUNZ4nU2mVCqhygQRRh,381,7,True,False,False
89HbgWduLwoxcofWpmn1EiF9wEdpgkNDEyPjzZ72mkDi,HIDDEN_CANDIDATE,BZYpLHhui3qRNokWFg2JcX8CYtMqzWHR5R4xowjcbPqh,honse,2026-09-19T14:35:36Z,DoAsxPQgiyAxyaJNvpAAUb2ups6rbJRdYrCPyWxwRxBb,0.057555329,2026-09-19T13:33:53Z,3703,2E1PE5rjDRUWjeWGRWytkYdsSEKUBLzbqnArC3E21ogFmRjV9VEzJ7batEJ3kAtmvD8KcGbgqrGwpoWmY9Fcwu97,278,3,False,False,False
89HbgWduLwoxcofWpmn1EiF9wEdpgkNDEyPjzZ72mkDi,HIDDEN_CANDIDATE,BZYpLHhui3qRNokWFg2JcX8CYtMqzWHR5R4xowjcbPqh,honse,2026-09-19T14:35:36Z,5Q544fKrFoe6tsEbD7S8EmxGTJYAKtTVhAW5Q5pge4j1,3.571882037,2026-09-19T13:35:00Z,3636,5VUNn5P49fySvVZnFAJUqbdGthXTjthCfFkEGJd9GuMhtC2ydNEcFPfhG9ZtEjVjG2KKinQ2ZLKS8No2MQnn5Q7g,381,7,True,False,False
89HbgWduLwoxcofWpmn1EiF9wEdpgkNDEyPjzZ72mkDi,HIDDEN_CANDIDATE,BZYpLHhui3qRNokWFg2JcX8CYtMqzWHR5R4xowjcbPqh,honse,2026-09-19T14:35:36Z,DoAsxPQgiyAxyaJNvpAAUb2ups6rbJRdYrCPyWxwRxBb,0.173822342,2026-09-19T13:35:16Z,3620,23eGmx6TfFVGgS44WjPR62g8hFE2hkDWwv1hvJCp514fguk1hngzq34eXJSwxz3V1niD8mWuDAiP47E5WLDyuKmp,278,3,False,False,False
89HbgWduLwoxcofWpmn1EiF9wEdpgkNDEyPjzZ72mkDi,HIDDEN_CANDIDATE,BZYpLHhui3qRNokWFg2JcX8CYtMqzWHR5R4xowjcbPqh,honse,2026-09-19T14:35:36Z,5Q544fKrFoe6tsEbD7S8EmxGTJYAKtTVhAW5Q5pge4j1,1.691579018,2026-09-19T13:37:39Z,3477,2cmuE3y8BTRKFf1Dzz2iDFZFUwNbrMEQpfb7X6JRuZvciiaX3XrinvSurhijtz3tiFa1mJaqrzh2423ULHk9ZGzY,381,7,True,False,False
89HbgWduLwoxcofWpmn1EiF9wEdpgkNDEyPjzZ72mkDi,HIDDEN_CANDIDATE,BZYpLHhui3qRNokWFg2JcX8CYtMqzWHR5R4xowjcbPqh,honse,2026-09-19T14:35:36Z,5Q544fKrFoe6tsEbD7S8EmxGTJYAKtTVhAW5Q5pge4j1,1.961541358,2026-09-19T13:41:10Z,3266,3Edi6XkYJBYvBQ8AN4inVuKPL5Cy3yGM7ML2EtDeTuTtqBJ3fNiKtsFMiYzvdVTWbQVjQAC3UpsNRLEvcv29tjKn,381,7,True,False,False
89HbgWduLwoxcofWpmn1EiF9wEdpgkNDEyPjzZ72mkDi,HIDDEN_CANDIDATE,BZYpLHhui3qRNokWFg2JcX8CYtMqzWHR5R4xowjcbPqh,honse,2026-09-19T14:35:36Z,DoAsxPQgiyAxyaJNvpAAUb2ups6rbJRdYrCPyWxwRxBb,0.126439359,2026-09-19T13:41:46Z,3230,2r2RSL2H1F48jVnu5HLFftkJDYv8UygnAgCMxn5dfMw5T4hqbTRrdauXuEVaWj4FjJfP9mtU3M9ca8stwfVCPpQG,278,3,False,False,False
89HbgWduLwoxcofWpmn1EiF9wEdpgkNDEyPjzZ72mkDi,HIDDEN_CANDIDATE,BZYpLHhui3qRNokWFg2JcX8CYtMqzWHR5R4xowjcbPqh,honse,2026-09-19T14:35:36Z,5Q544fKrFoe6tsEbD7S8EmxGTJYAKtTVhAW5Q5pge4j1,1.915021029,2026-09-19T13:47:54Z,2862,TuDHNTcaiSbUR1dsBDZCPUfo4KvBCsDEJ2DGGy2VoCPHJFoajEaH1ZwvftDLBN7mTcegrzfqasH2CQaQR3Fcs51,381,7,True,False,False
89HbgWduLwoxcofWpmn1EiF9wEdpgkNDEyPjzZ72mkDi,HIDDEN_CANDIDATE,BZYpLHhui3qRNokWFg2JcX8CYtMqzWHR5R4xowjcbPqh,honse,2026-09-19T14:35:36Z,DoAsxPQgiyAxyaJNvpAAUb2ups6rbJRdYrCPyWxwRxBb,0.248009969,2026-09-19T13:49:59Z,2737,rtXGzVdnszQ3uTePkVkXxJG2TVeX56QpNTgtwTVhXiyLLeNFVhAvjDKkPiiphmKn9hpDUGbDZJpTFBubg8ugtG5,278,3,False,False,False
89HbgWduLwoxcofWpmn1EiF9wEdpgkNDEyPjzZ72mkDi,HIDDEN_CANDIDATE,BZYpLHhui3qRNokWFg2JcX8CYtMqzWHR5R4xowjcbPqh,honse,2026-09-19T14:35:36Z,DoAsxPQgiyAxyaJNvpAAUb2ups6rbJRdYrCPyWxwRxBb,0.14016104,2026-09-19T13:54:24Z,2472,5HjoA9BMkYx2ZRZGT5hLmkCmM9kB2oseNtKioNZKB4WZpqxGAHAJSdFisz1GDvNRYiNzEJiiRWptJovQ6Kx5q5dp,278,3,False,False,False
89HbgWduLwoxcofWpmn1EiF9wEdpgkNDEyPjzZ72mkDi,HIDDEN_CANDIDATE,BZYpLHhui3qRNokWFg2JcX8CYtMqzWHR5R4xowjcbPqh,honse,2026-09-19T14:35:36Z,5Q544fKrFoe6tsEbD7S8EmxGTJYAKtTVhAW5Q5pge4j1,2.146887346,2026-09-19T13:55:14Z,2422,4BuZAyYc7qUdvPkGLxGvgQAVtY7RzsNH2QkB3cHRKq1vSweZzmvP91Tratsn5PE5vxJ9Q6d3PScTazxskMiDZkKA,381,7,True,False,False
89HbgWduLwoxcofWpmn1EiF9wEdpgkNDEyPjzZ72mkDi,HIDDEN_CANDIDATE,BZYpLHhui3qRNokWFg2JcX8CYtMqzWHR5R4xowjcbPqh,honse,2026-09-19T14:35:36Z,5Q544fKrFoe6tsEbD7S8EmxGTJYAKtTVhAW5Q5pge4j1,1.317746168,2026-09-19T13:55:38Z,2398,5USAdUPo3UxaJbW1AuGVRnSvFb87iHtLCh6PuBLhkBFCHLPvaQaVys4bNK6GWE7kAEQ8LUrEziLA42K6UUtqAiyJ,381,7,True,False,False
89HbgWduLwoxcofWpmn1EiF9wEdpgkNDEyPjzZ72mkDi,HIDDEN_CANDIDATE,BZYpLHhui3qRNokWFg2JcX8CYtMqzWHR5R4xowjcbPqh,honse,2026-09-19T14:35:36Z,DoAsxPQgiyAxyaJNvpAAUb2ups6rbJRdYrCPyWxwRxBb,0.178282019,2026-09-19T13:56:27Z,2349,25s7NDTViYsfJjCvbpiJu2MegjvUg8pxQqj99NjdUqb5L2yKUws2kHF5kAHC26EhatKQRvAFoFcVcgnMqKwbDVJ2,278,3,False,False,False
89HbgWduLwoxcofWpmn1EiF9wEdpgkNDEyPjzZ72mkDi,HIDDEN_CANDIDATE,BZYpLHhui3qRNokWFg2JcX8CYtMqzWHR5R4xowjcbPqh,honse,2026-09-19T14:35:36Z,DoAsxPQgiyAxyaJNvpAAUb2ups6rbJRdYrCPyWxwRxBb,0.066695278,2026-09-19T13:57:16Z,2300,3jtvX6b5t2hczr7d3Evz6AQCkkBZz43Zi7S6Vxb83L92NheJDcj83U7J3qfbja5db38pk8NVHbjqc4PFTFqp6HxS,278,3,False,False,False
89HbgWduLwoxcofWpmn1EiF9wEdpgkNDEyPjzZ72mkDi,HIDDEN_CANDIDATE,BZYpLHhui3qRNokWFg2JcX8CYtMqzWHR5R4xowjcbPqh,honse,2026-09-19T14:35:36Z,5Q544fKrFoe6tsEbD7S8EmxGTJYAKtTVhAW5Q5pge4j1,0.063872442,2026-09-19T13:58:29Z,2227,5kzmQmeKzKgrV8KyjH9sq3XDZ3m6DhyXr5LSWndD2NwuaACGCLVJ1VXfzcVA8DALUDg3GpKURLbYT5o7AyjnGrYu,381,7,True,False,False
89HbgWduLwoxcofWpmn1EiF9wEdpgkNDEyPjzZ72mkDi,HIDDEN_CANDIDATE,BZYpLHhui3qRNokWFg2JcX8CYtMqzWHR5R4xowjcbPqh,honse,2026-09-19T14:35:36Z,5Q544fKrFoe6tsEbD7S8EmxGTJYAKtTVhAW5Q5pge4j1,1.807974547,2026-09-19T13:58:59Z,2197,nouqiHjM4NPhe5nzpw75dCnTU6pmc7GxvD7d49GrVcsKhiL8Jtyx9AeYHBWvoqWJhM35C97P4UxzgtameMWE7aV,381,7,True,False,False
89HbgWduLwoxcofWpmn1EiF9wEdpgkNDEyPjzZ72mkDi,HIDDEN_CANDIDATE,BZYpLHhui3qRNokWFg2JcX8CYtMqzWHR5R4xowjcbPqh,honse,2026-09-19T14:35:36Z,5Q544fKrFoe6tsEbD7S8EmxGTJYAKtTVhAW5Q5pge4j1,2.885047048,2026-09-19T13:59:20Z,2176,48D6AfXHLPTuPiYPDd8keNjzgsw58VEN7nnvvvbE4mfcpuXP4f6p41qjWUuXzDgo4zgAnFBAorqtbYVyaB3rMdLz,381,7,True,False,False
89HbgWduLwoxcofWpmn1EiF9wEdpgkNDEyPjzZ72mkDi,HIDDEN_CANDIDATE,BZYpLHhui3qRNokWFg2JcX8CYtMqzWHR5R4xowjcbPqh,honse,2026-09-19T14:35:36Z,5Q544fKrFoe6tsEbD7S8EmxGTJYAKtTVhAW5Q5pge4j1,1.147133756,2026-09-19T13:59:50Z,2146,2oYjbH3xK2kjynzAo97SepntwxRnTn1cFWwko4pcsdeHeZhaHUNvQ7GeinZVVhnMH5dU1GnLGMyrDhb2MDNvua4n,381,7,True,False,False
89HbgWduLwoxcofWpmn1EiF9wEdpgkNDEyPjzZ72mkDi,HIDDEN_CANDIDATE,BZYpLHhui3qRNokWFg2JcX8CYtMqzWHR5R4xowjcbPqh,honse,2026-09-19T14:35:36Z,5Q544fKrFoe6tsEbD7S8EmxGTJYAKtTVhAW5Q5pge4j1,0.774084864,2026-09-19T13:59:51Z,2145,2KWmdcNFJ7t7CRzbbd4btcBwdLxt5dmMVBmvAXohpDViAneoVd5in3gs28bYLBqhRQXXpv6GGP8GsZr9wp7i6Ybg,381,7,True,False,False
89HbgWduLwoxcofWpmn1EiF9wEdpgkNDEyPjzZ72mkDi,HIDDEN_CANDIDATE,BZYpLHhui3qRNokWFg2JcX8CYtMqzWHR5R4xowjcbPqh,honse,2026-09-19T14:35:36Z,DoAsxPQgiyAxyaJNvpAAUb2ups6rbJRdYrCPyWxwRxBb,0.592087437,2026-09-19T14:05:33Z,1803,3LMBHYCcDg3V39mBb2ezG417k1QTmZZAe4sdkg89TRhA82DBjW6RDkEPAPZoecuR3mggtNBiCeJtzcL64v77cBnF,278,3,False,False,False
89HbgWduLwoxcofWpmn1EiF9wEdpgkNDEyPjzZ72mkDi,HIDDEN_CANDIDATE,BZYpLHhui3qRNokWFg2JcX8CYtMqzWHR5R4xowjcbPqh,honse,2026-09-19T14:35:36Z,5Q544fKrFoe6tsEbD7S8EmxGTJYAKtTVhAW5Q5pge4j1,4.947551915,2026-09-19T14:16:49Z,1127,2Pqni2wbC5WJox95x5SzSBrXxjDT4mDDrggrBgxbgKyg559sm1JkMJtJRzQdJpekJa3V3jUJuKHXPYThfHmurKEi,381,7,True,False,False
89HbgWduLwoxcofWpmn1EiF9wEdpgkNDEyPjzZ72mkDi,HIDDEN_CANDIDATE,BZYpLHhui3qRNokWFg2JcX8CYtMqzWHR5R4xowjcbPqh,honse,2026-09-19T14:35:36Z,5Q544fKrFoe6tsEbD7S8EmxGTJYAKtTVhAW5Q5pge4j1,4.94768593,2026-09-19T14:16:53Z,1123,3jGaXyeuT2HPKGZkj9ovK3TuAkioVyHowgMSVoZxxGg1xyQXz8NoxhQgtCvDnredKJZ7mGg2Qquusy8ieYvDQTCe,381,7,True,False,False
89HbgWduLwoxcofWpmn1EiF9wEdpgkNDEyPjzZ72mkDi,HIDDEN_CANDIDATE,BZYpLHhui3qRNokWFg2JcX8CYtMqzWHR5R4xowjcbPqh,honse,2026-09-19T14:35:36Z,5Q544fKrFoe6tsEbD7S8EmxGTJYAKtTVhAW5Q5pge4j1,1.741908378,2026-09-19T14:23:52Z,704,3zHtUMwBskck6Z3svQTaKmuHDK5Yugs3hz3NSamNbH4TqyAswdPFgBHsZoXd4y7b8isKA5Z7pE4tJLHtGimwYABC,381,7,True,False,False
89HbgWduLwoxcofWpmn1EiF9wEdpgkNDEyPjzZ72mkDi,HIDDEN_CANDIDATE,BZYpLHhui3qRNokWFg2JcX8CYtMqzWHR5R4xowjcbPqh,honse,2026-09-19T14:35:36Z,5Q544fKrFoe6tsEbD7S8EmxGTJYAKtTVhAW5Q5pge4j1,0.444987773,2026-09-19T14:25:47Z,589,5eMwP3RppnS5tzEaHafqyyYgVQchbeGtKUrLAxa5Pvk3m29RQJviUVwxJmDFkqrktTt8z1fBP5TP346vkvGS2vHa,381,7,True,False,False
89HbgWduLwoxcofWpmn1EiF9wEdpgkNDEyPjzZ72mkDi,HIDDEN_CANDIDATE,BZYpLHhui3qRNokWFg2JcX8CYtMqzWHR5R4xowjcbPqh,honse,2026-09-19T14:35:36Z,5Q544fKrFoe6tsEbD7S8EmxGTJYAKtTVhAW5Q5pge4j1,4.947604137,2026-09-19T14:27:35Z,481,2KbGF1asnmgRSSRgztFJNkKjWCkFpFZqcMzsgeckkGDQCuFQKBCQBRfzo9WShg2avNbGagFm6c5s51MrMSs174U8,381,7,True,False,False
89HbgWduLwoxcofWpmn1EiF9wEdpgkNDEyPjzZ72mkDi,HIDDEN_CANDIDATE,BZYpLHhui3qRNokWFg2JcX8CYtMqzWHR5R4xowjcbPqh,honse,2026-09-19T14:35:36Z,5Q544fKrFoe6tsEbD7S8EmxGTJYAKtTVhAW5Q5pge4j1,4.947881542,2026-09-19T14:27:41Z,475,2ELQ6mwN9erFZco43XjvUiV82oLJURZdB5EprZw2yzxnWFWsEhoHXPeS7dZ2SiJJVh7weksQjGYrYmJZZmqaDPPB,381,7,True,False,False
89HbgWduLwoxcofWpmn1EiF9wEdpgkNDEyPjzZ72mkDi,HIDDEN_CANDIDATE,BZYpLHhui3qRNokWFg2JcX8CYtMqzWHR5R4xowjcbPqh,honse,2026-09-19T14:35:36Z,5Q544fKrFoe6tsEbD7S8EmxGTJYAKtTVhAW5Q5pge4j1,2.968280574,2026-09-19T14:27:46Z,470,9yfPwvU8Ta5nQa28EbG9d4DvNSknzx2qxwRRLwhhLLnyUze4HnN71zEm4mgXKkrZqf2XL6DYQ7mzqtDgk7R44aq,381,7,True,False,False
89HbgWduLwoxcofWpmn1EiF9wEdpgkNDEyPjzZ72mkDi,HIDDEN_CANDIDATE,BZYpLHhui3qRNokWFg2JcX8CYtMqzWHR5R4xowjcbPqh,honse,2026-09-19T14:35:36Z,DoAsxPQgiyAxyaJNvpAAUb2ups6rbJRdYrCPyWxwRxBb,0.283597237,2026-09-19T14:28:31Z,425,5YuXqDbQbfP2DQiw9bq7di5YrLGUR2Hj4LDWyGzcXyShgrw6sT8PmSvm8nuZ5FrNLFUDmEMj42LdyVfiSu2Cm454,278,3,False,False,False
89HbgWduLwoxcofWpmn1EiF9wEdpgkNDEyPjzZ72mkDi,HIDDEN_CANDIDATE,BZYpLHhui3qRNokWFg2JcX8CYtMqzWHR5R4xowjcbPqh,honse,2026-09-19T14:35:36Z,DoAsxPQgiyAxyaJNvpAAUb2ups6rbJRdYrCPyWxwRxBb,0.106125261,2026-09-19T14:33:01Z,155,3ianZ8pF2AUnKtHxhxQFhwWHZ11SYCeYGKQwvxPtNkhmrJpjhXoNZmk6isaPQmQWewzfse7Z7jxLibL3HmnRDYvq,278,3,False,False,False
6yVb4pxNwDfr6rovwNnBg3SyKSvDcHGD4WdFPN1JJBqm,CALLER,BZYpLHhui3qRNokWFg2JcX8CYtMqzWHR5R4xowjcbPqh,honse,2026-09-19T14:35:40Z,5Q544fKrFoe6tsEbD7S8EmxGTJYAKtTVhAW5Q5pge4j1,1.723813873,2026-09-18T15:04:37Z,84663,2TebuwTi66RKbyVLUGQqH7G3rksmu1PBdey3mcG5j8bGZs5GawJbMbAsVQ4xqN7WEuDq5TX8Ck99st9mwsUSrHYc,381,7,True,False,False
6yVb4pxNwDfr6rovwNnBg3SyKSvDcHGD4WdFPN1JJBqm,CALLER,BZYpLHhui3qRNokWFg2JcX8CYtMqzWHR5R4xowjcbPqh,honse,2026-09-19T14:35:40Z,5Q544fKrFoe6tsEbD7S8EmxGTJYAKtTVhAW5Q5pge4j1,1.551428724,2026-09-18T15:07:53Z,84467,2rT7iFVtQbA25EtRm6jhVJk3WaLfVk32rgcvBGHydbWKiJNfhNtZGkSRVkS9kDXKmJHQmHz988vUVJoVprGd1BAy,381,7,True,False,False
6yVb4pxNwDfr6rovwNnBg3SyKSvDcHGD4WdFPN1JJBqm,CALLER,BZYpLHhui3qRNokWFg2JcX8CYtMqzWHR5R4xowjcbPqh,honse,2026-09-19T14:35:40Z,GKMJwv2AEWVcfFXUMtxokMYy5ADkjwJa89DtP8LzoA61,8.181880628,2026-09-18T15:10:44Z,84296,3PkkABeWBcsfr3upTdHSwLePUdMJjaTb4SGEqtSwxoxGuWc98Xd8Bc82eDEGU61pescCRrLS5ynM8DF7ZMi3khz7,49,1,False,False,False
6yVb4pxNwDfr6rovwNnBg3SyKSvDcHGD4WdFPN1JJBqm,CALLER,BZYpLHhui3qRNokWFg2JcX8CYtMqzWHR5R4xowjcbPqh,honse,2026-09-19T14:35:40Z,5Q544fKrFoe6tsEbD7S8EmxGTJYAKtTVhAW5Q5pge4j1,1.763948029,2026-09-19T10:43:14Z,13946,3dBFeUqsUZ2CydufhnUhLCSh7sMPNUfS31uBzuj1VEq7yvGS7mUUzYxp99CkCPeVrZxi9fVmmxsgK3inF4EuMsyP,381,7,True,False,False
6yVb4pxNwDfr6rovwNnBg3SyKSvDcHGD4WdFPN1JJBqm,CALLER,BZYpLHhui3qRNokWFg2JcX8CYtMqzWHR5R4xowjcbPqh,honse,2026-09-19T14:35:40Z,5Q544fKrFoe6tsEbD7S8EmxGTJYAKtTVhAW5Q5pge4j1,2.26776134,2026-09-19T11:26:19Z,11361,4uax3y7PmkJYLju1bJ1d9doyWPFgP3MTEJ8VNLww7S9Po6oLyXSyvY6sEoirUJusPRWeLogdk9e5BJATPa7uj7du,381,7,True,False,False
6yVb4pxNwDfr6rovwNnBg3SyKSvDcHGD4WdFPN1JJBqm,CALLER,BZYpLHhui3qRNokWFg2JcX8CYtMqzWHR5R4xowjcbPqh,honse,2026-09-19T14:35:40Z,8ekCy2jHHUbW2yeNGFWYJT9Hm9FW7SvZcZK66dSZCDiF,0.226740884,2026-09-19T11:28:39Z,11221,yktD9hzqAFn4RbAQmS9DCSogm7VhRqpfnRWYmy9d2iv5UdixW9RhgKfiFJb5F68LKKvf39qiL4QWguxqoCdvRbJ,14,3,True,False,False
6yVb4pxNwDfr6rovwNnBg3SyKSvDcHGD4WdFPN1JJBqm,CALLER,BZYpLHhui3qRNokWFg2JcX8CYtMqzWHR5R4xowjcbPqh,honse,2026-09-19T14:35:40Z,5Q544fKrFoe6tsEbD7S8EmxGTJYAKtTVhAW5Q5pge4j1,2.272590152,2026-09-19T11:32:30Z,10990,28QAqXiEJdf5XqjaB7guQ9mqTRDXnuEkdC7BdB4CWD5NAyUCqmAa8wQ9AdBTAa81JSN5Jd2TvgR6L3gcbAuf1hrr,381,7,True,False,False
6yVb4pxNwDfr6rovwNnBg3SyKSvDcHGD4WdFPN1JJBqm,CALLER,BZYpLHhui3qRNokWFg2JcX8CYtMqzWHR5R4xowjcbPqh,honse,2026-09-19T14:35:40Z,5Q544fKrFoe6tsEbD7S8EmxGTJYAKtTVhAW5Q5pge4j1,3.368116082,2026-09-19T11:39:23Z,10577,5Qpeo54RbQbqN3GaFZpjE8vpvKnE82uv2BsbWJ66UJaDATHjxhhckcGbfQyr8b6mfEmr7YeRRpnfNwJC6jcPAKg1,381,7,True,False,False
6yVb4pxNwDfr6rovwNnBg3SyKSvDcHGD4WdFPN1JJBqm,CALLER,BZYpLHhui3qRNokWFg2JcX8CYtMqzWHR5R4xowjcbPqh,honse,2026-09-19T14:35:40Z,HU23r7UoZbqTUuh3vA7emAGztFtqwTeVips789vqxxBw,0.12125342,2026-09-19T11:39:49Z,10551,nT5sGKiJ6AFnNkyinCrnbC3a8282XkiFHGJfYNVqevb7Wwt6BwGySxT6Pz5ZqMjiLzr4CM6pEVwXktjjRQvQKhh,1,1,False,False,False
6yVb4pxNwDfr6rovwNnBg3SyKSvDcHGD4WdFPN1JJBqm,CALLER,BZYpLHhui3qRNokWFg2JcX8CYtMqzWHR5R4xowjcbPqh,honse,2026-09-19T14:35:40Z,GKMJwv2AEWVcfFXUMtxokMYy5ADkjwJa89DtP8LzoA61,8.811751581,2026-09-19T11:48:22Z,10038,ke3LjEQZRsngGrz9nwNFxCjdiBPBRzwDj1UHCcnZ3vjrdEk25xsQMYwrW3y3mCrayqX4ZK6mJUwHNBhnqEyWJcN,49,1,False,False,False
6yVb4pxNwDfr6rovwNnBg3SyKSvDcHGD4WdFPN1JJBqm,CALLER,BZYpLHhui3qRNokWFg2JcX8CYtMqzWHR5R4xowjcbPqh,honse,2026-09-19T14:35:40Z,5Q544fKrFoe6tsEbD7S8EmxGTJYAKtTVhAW5Q5pge4j1,8.280225405,2026-09-19T12:20:00Z,8140,3ob71DW4BnXLRFgDWqAcCdbXgk4xnUYTM7k2rnqSRKt95tpfKS3nsHjspvUSuapiNZ9vNvgYgGZb1W2re1gJPacP,381,7,True,False,False
6yVb4pxNwDfr6rovwNnBg3SyKSvDcHGD4WdFPN1JJBqm,CALLER,BZYpLHhui3qRNokWFg2JcX8CYtMqzWHR5R4xowjcbPqh,honse,2026-09-19T14:35:40Z,5Q544fKrFoe6tsEbD7S8EmxGTJYAKtTVhAW5Q5pge4j1,2.825248948,2026-09-19T12:30:56Z,7484,2Nc65AgiB2dMmS8Bqh6V3rzQaXiXPqAtSpM9v9o7nAB1UYfpKqbbcy5DNL1n5knKfKbHm9djuPkKY3DyixpSPSbi,381,7,True,False,False
6yVb4pxNwDfr6rovwNnBg3SyKSvDcHGD4WdFPN1JJBqm,CALLER,BZYpLHhui3qRNokWFg2JcX8CYtMqzWHR5R4xowjcbPqh,honse,2026-09-19T14:35:40Z,5Q544fKrFoe6tsEbD7S8EmxGTJYAKtTVhAW5Q5pge4j1,2.092300476,2026-09-19T12:34:04Z,7296,2jz25qdzfgNZMEtwe4vo1UJzpAYjZ767vF4uV7DMQfTsYJtQyU632DZUADnTWvrFj99arfie1QQhJiEuq4mg4fxM,381,7,True,False,False
6yVb4pxNwDfr6rovwNnBg3SyKSvDcHGD4WdFPN1JJBqm,CALLER,BZYpLHhui3qRNokWFg2JcX8CYtMqzWHR5R4xowjcbPqh,honse,2026-09-19T14:35:40Z,5Q544fKrFoe6tsEbD7S8EmxGTJYAKtTVhAW5Q5pge4j1,1.461956746,2026-09-19T12:43:30Z,6730,5hCT8cwCiaRTCeZVk2NEozCjXzeeAYAavZnEY9s4cA2XgF8AiB1kNdFUYTT9oLBPizgxrAZQwtNpc26L4Q1RXfUX,381,7,True,False,False
6yVb4pxNwDfr6rovwNnBg3SyKSvDcHGD4WdFPN1JJBqm,CALLER,BZYpLHhui3qRNokWFg2JcX8CYtMqzWHR5R4xowjcbPqh,honse,2026-09-19T14:35:40Z,B5EwJVDuAauzUEEdwvbuXzbFFgEYnUqqS37TUM1c4PQA,1.647275442,2026-09-19T13:04:33Z,5467,2g6jbTbZ2NR5SbCkrB5PXPac3XtTQwrZ1ayeiN9wUiP1ckneDX5wyygfcyoP4ZNgEbLypBH1gpZtx6wnzE2toqRQ,25,3,True,False,False
6yVb4pxNwDfr6rovwNnBg3SyKSvDcHGD4WdFPN1JJBqm,CALLER,BZYpLHhui3qRNokWFg2JcX8CYtMqzWHR5R4xowjcbPqh,honse,2026-09-19T14:35:40Z,E47cyxNsL4dbo49aksagpnqvcMSeTKKJEwRkTePftvUg,0.067903922,2026-09-19T13:08:39Z,5221,5nbpM7f4i8KXu6XXhYcZJp9UvdrFYGbvtQu5JMWwemRo6F2GzgKYHHaFuk6yGqZojpMTmkbaL2tDEwGmznjJwJvh,1,1,False,False,False
6yVb4pxNwDfr6rovwNnBg3SyKSvDcHGD4WdFPN1JJBqm,CALLER,BZYpLHhui3qRNokWFg2JcX8CYtMqzWHR5R4xowjcbPqh,honse,2026-09-19T14:35:40Z,GKMJwv2AEWVcfFXUMtxokMYy5ADkjwJa89DtP8LzoA61,9.244267084,2026-09-19T13:27:12Z,4108,5FUh8EYgMUWCAEEUci9JyUdpctX2RiSTcrQzNtRLRDDfsvAesGnLrpK5khBQEkw6p1CKhTopoWd2gZ6NDtGRX8Wg,49,1,False,False,False
6yVb4pxNwDfr6rovwNnBg3SyKSvDcHGD4WdFPN1JJBqm,CALLER,BZYpLHhui3qRNokWFg2JcX8CYtMqzWHR5R4xowjcbPqh,honse,2026-09-19T14:35:40Z,5Q544fKrFoe6tsEbD7S8EmxGTJYAKtTVhAW5Q5pge4j1,1.40477847,2026-09-19T13:35:16Z,3624,5ZHX92fYqsqwrozAEurh3jb6caS6TbMUiuzbe6jBhdesccRzuLwZVew4hJhVJFKNTj2MZtjQ8ccyWamYpJaZCSG1,381,7,True,False,False
6yVb4pxNwDfr6rovwNnBg3SyKSvDcHGD4WdFPN1JJBqm,CALLER,BZYpLHhui3qRNokWFg2JcX8CYtMqzWHR5R4xowjcbPqh,honse,2026-09-19T14:35:40Z,5Q544fKrFoe6tsEbD7S8EmxGTJYAKtTVhAW5Q5pge4j1,3.180940827,2026-09-19T13:41:24Z,3256,5BF3BKcEFEmi8behdfVwuJo6Bt2P37hMxKmLksZ54sryFKHgKRzKuUELgWE4JYQCPMm3PgA9QLf6SWNYjJ4HwPf,381,7,True,False,False
6yVb4pxNwDfr6rovwNnBg3SyKSvDcHGD4WdFPN1JJBqm,CALLER,BZYpLHhui3qRNokWFg2JcX8CYtMqzWHR5R4xowjcbPqh,honse,2026-09-19T14:35:40Z,5Q544fKrFoe6tsEbD7S8EmxGTJYAKtTVhAW5Q5pge4j1,1.309874295,2026-09-19T14:00:27Z,2113,maPorsmk4qL6sVrEaStDkDQ5oNkNUN2KsXJhvhaByLfUvGNic6LsCvVPXxvd8FdAt6SUvh49duYS5uv1hjWNVy9,381,7,True,False,False
6yVb4pxNwDfr6rovwNnBg3SyKSvDcHGD4WdFPN1JJBqm,CALLER,BZYpLHhui3qRNokWFg2JcX8CYtMqzWHR5R4xowjcbPqh,honse,2026-09-19T14:35:40Z,5Q544fKrFoe6tsEbD7S8EmxGTJYAKtTVhAW5Q5pge4j1,1.219156212,2026-09-19T14:04:44Z,1856,4SvK32z3R63U9Umjb2w8VWViC2uQTVry1ZdpnnrKWoEyDxBDmgK2ikTT8PJyjyx89PbZaV2ZAgELmwCfbETDEGos,381,7,True,False,False
6yVb4pxNwDfr6rovwNnBg3SyKSvDcHGD4WdFPN1JJBqm,CALLER,BZYpLHhui3qRNokWFg2JcX8CYtMqzWHR5R4xowjcbPqh,honse,2026-09-19T14:35:40Z,5Q544fKrFoe6tsEbD7S8EmxGTJYAKtTVhAW5Q5pge4j1,1.084102017,2026-09-19T14:08:17Z,1643,2nu7fU6S7Sg6c1g99kid5qb78g73a2Uz3aXWHNbsMF1YqwQoJFaVfncfLTHC1PLbSwwXuWZVcZNKZ9Do4h5CV9DT,381,7,True,False,False
6yVb4pxNwDfr6rovwNnBg3SyKSvDcHGD4WdFPN1JJBqm,CALLER,BZYpLHhui3qRNokWFg2JcX8CYtMqzWHR5R4xowjcbPqh,honse,2026-09-19T14:35:40Z,5Q544fKrFoe6tsEbD7S8EmxGTJYAKtTVhAW5Q5pge4j1,0.875669228,2026-09-19T14:23:49Z,711,5i9KcYQSFjvWce1xXUGEVGLuzeQyxcvLRny14tCyqjZ62wP1usiR7uVqvHfvH8LayuVf3ZcndnQYSk7KmGgeaouh,381,7,True,False,False
6yVb4pxNwDfr6rovwNnBg3SyKSvDcHGD4WdFPN1JJBqm,CALLER,BZYpLHhui3qRNokWFg2JcX8CYtMqzWHR5R4xowjcbPqh,honse,2026-09-19T14:35:40Z,5Q544fKrFoe6tsEbD7S8EmxGTJYAKtTVhAW5Q5pge4j1,0.979545721,2026-09-19T14:30:09Z,331,4UPk3GHTZmehAaS1CvyPtYAP5C6LMGA8ywNCvLi7MudpSRLjQN4XuXKpvXD1q5h2x2JxLRwUPcZzmm2bA2BPq34n,381,7,True,False,False
6yVb4pxNwDfr6rovwNnBg3SyKSvDcHGD4WdFPN1JJBqm,CALLER,CziyAr14UNUrfkxpioWSumkLXMwWnDWN2bu2WR5ao7kc,ACHIEVEMENTS,2026-09-17T13:44:53Z,5Q544fKrFoe6tsEbD7S8EmxGTJYAKtTVhAW5Q5pge4j1,3.135059908,2026-09-16T13:48:09Z,86204,HCEg7z6SQUMCWufizHZGSEMpunB2owJy68qKy6ucp93V5ncfjp2kbLhyvp5kwDkPtMmobpGzWUp6asZMd1M8Mbr,381,7,True,False,False
6yVb4pxNwDfr6rovwNnBg3SyKSvDcHGD4WdFPN1JJBqm,CALLER,CziyAr14UNUrfkxpioWSumkLXMwWnDWN2bu2WR5ao7kc,ACHIEVEMENTS,2026-09-17T13:44:53Z,ADC1kSN66ds48244KaFPf69iPhxbC88bD8mmSLu5opwg,0.126000054,2026-09-16T13:55:47Z,85746,2e58BkNHeCLWRmnRScrQ62UdCofCjC7ew9NyzURYp5kVoPNNEUYMH7bQhAG2bEDiSihMUHnCh72v7DBTsWG4cPWG,2,1,False,False,False
6yVb4pxNwDfr6rovwNnBg3SyKSvDcHGD4WdFPN1JJBqm,CALLER,CziyAr14UNUrfkxpioWSumkLXMwWnDWN2bu2WR5ao7kc,ACHIEVEMENTS,2026-09-17T13:44:53Z,8Tjtfy5jy41KvDjCcU4Kjx878VxjWaHF2hNPvfS6vqFE,2.971425774,2026-09-16T14:03:45Z,85268,441FgDw6HfhuB7gF4QKWYfDV5ELR2jFd57U7fDXkN8mGdbMYBvAZ7hfqu1UpRpay8yYmxdhgEnRrkHu5GLEf4spW,10,1,False,False,False
6yVb4pxNwDfr6rovwNnBg3SyKSvDcHGD4WdFPN1JJBqm,CALLER,CziyAr14UNUrfkxpioWSumkLXMwWnDWN2bu2WR5ao7kc,ACHIEVEMENTS,2026-09-17T13:44:53Z,8Tjtfy5jy41KvDjCcU4Kjx878VxjWaHF2hNPvfS6vqFE,2.295544978,2026-09-16T14:03:51Z,85262,63GDU8HYT49VPjNPNzSHyeJPAqmf6rk5VUR6xezjtLs3YCoWnu4XHHXVFvPBUK6ejq55V558rDSjXLH5C7f2P3Vc,10,1,False,False,False
6yVb4pxNwDfr6rovwNnBg3SyKSvDcHGD4WdFPN1JJBqm,CALLER,CziyAr14UNUrfkxpioWSumkLXMwWnDWN2bu2WR5ao7kc,ACHIEVEMENTS,2026-09-17T13:44:53Z,8Tjtfy5jy41KvDjCcU4Kjx878VxjWaHF2hNPvfS6vqFE,3.395551163,2026-09-16T14:04:28Z,85225,PofMLFggui5Qw7UJHmgsnD4JKFr2xNHfuvzWphbRydoczt12UuLNVxsKUSVFzBgMJQyRWhJB8apvh87nw9iy4rs,10,1,False,False,False
6yVb4pxNwDfr6rovwNnBg3SyKSvDcHGD4WdFPN1JJBqm,CALLER,CziyAr14UNUrfkxpioWSumkLXMwWnDWN2bu2WR5ao7kc,ACHIEVEMENTS,2026-09-17T13:44:53Z,8Tjtfy5jy41KvDjCcU4Kjx878VxjWaHF2hNPvfS6vqFE,2.785360233,2026-09-16T14:05:13Z,85180,4UXmj1QJ1PpF66yKuNj6zmvtw5R9wBLhUfUFxwsqcjKurMvSjKjy1wjdrQfnhNutmaKvkSGuBoWg6VpqMjn9yzAX,10,1,False,False,False
6yVb4pxNwDfr6rovwNnBg3SyKSvDcHGD4WdFPN1JJBqm,CALLER,CziyAr14UNUrfkxpioWSumkLXMwWnDWN2bu2WR5ao7kc,ACHIEVEMENTS,2026-09-17T13:44:53Z,8Tjtfy5jy41KvDjCcU4Kjx878VxjWaHF2hNPvfS6vqFE,2.484336076,2026-09-16T14:06:55Z,85078,3SpaW7a8MJCKHot7Msz93Lko8pcfR82aDoAbmrfBZY7nHApxjXjFtfpPUjtF5Fwu4rMWbAmMMkCiBiSKyKQ6dAcC,10,1,False,False,False
6yVb4pxNwDfr6rovwNnBg3SyKSvDcHGD4WdFPN1JJBqm,CALLER,CziyAr14UNUrfkxpioWSumkLXMwWnDWN2bu2WR5ao7kc,ACHIEVEMENTS,2026-09-17T13:44:53Z,8FnX3xo2yYw3EUE6w3nQA4GfXGS9wpK6oj3veJpbFzLo,0.551064529,2026-09-16T14:07:24Z,85049,2ZGE5hGWkLMcuyz76ABrG2v1GBR11PsZxsXMybJFgRBY3apJ6eMEe5vk4UZ5gTGaFAS6cPBP6TLNQ8TiMWj7Wig7,50,4,True,False,False
6yVb4pxNwDfr6rovwNnBg3SyKSvDcHGD4WdFPN1JJBqm,CALLER,CziyAr14UNUrfkxpioWSumkLXMwWnDWN2bu2WR5ao7kc,ACHIEVEMENTS,2026-09-17T13:44:53Z,GKMJwv2AEWVcfFXUMtxokMYy5ADkjwJa89DtP8LzoA61,5.22797479,2026-09-16T14:11:28Z,84805,2wrJENx3JrrNwX9KaZ7MrmXFZYWToSrxCi9cbYnVXJpir7XSRHtds1hSV4zPbPUpQXRABgPv8qpmfNJtuRE7ixQf,49,1,False,False,False
6yVb4pxNwDfr6rovwNnBg3SyKSvDcHGD4WdFPN1JJBqm,CALLER,CziyAr14UNUrfkxpioWSumkLXMwWnDWN2bu2WR5ao7kc,ACHIEVEMENTS,2026-09-17T13:44:53Z,GKMJwv2AEWVcfFXUMtxokMYy5ADkjwJa89DtP8LzoA61,3.600316478,2026-09-16T14:26:56Z,83877,5dezGdLkUNYM3tXBkRssu1t2m6JwQmVxz6VeVzKVBgA7eedsdxRV1hVKWnmbbeMvoCd7yiSa4pcBh7o4btWWfyaC,49,1,False,False,False
6yVb4pxNwDfr6rovwNnBg3SyKSvDcHGD4WdFPN1JJBqm,CALLER,CziyAr14UNUrfkxpioWSumkLXMwWnDWN2bu2WR5ao7kc,ACHIEVEMENTS,2026-09-17T13:44:53Z,2iv78s7PkLbbtzswAdvM1BpZNGvHykHgtnQYAjh3FQMF,4.002563968,2026-09-16T15:21:19Z,80614,51hVxRrBNzCFnuXvJnrtvmracWmarwtwRrcpRLRyXP31DLFYYt36ESBJMq81CfigiVJP5Awd9Vi7W3HEkxX63W2Q,3,2,True,False,False
6yVb4pxNwDfr6rovwNnBg3SyKSvDcHGD4WdFPN1JJBqm,CALLER,CziyAr14UNUrfkxpioWSumkLXMwWnDWN2bu2WR5ao7kc,ACHIEVEMENTS,2026-09-17T13:44:53Z,5Q544fKrFoe6tsEbD7S8EmxGTJYAKtTVhAW5Q5pge4j1,2.669034066,2026-09-16T15:41:27Z,79406,37YXDuavznzn8vLgeT7SAYRZ2CJfJvTKmZ7213CAZkpmUCTVob8Qc35PQk2tsVDQszXJoMaRAjvgL8ns15BAqeVs,381,7,True,False,False
6yVb4pxNwDfr6rovwNnBg3SyKSvDcHGD4WdFPN1JJBqm,CALLER,CziyAr14UNUrfkxpioWSumkLXMwWnDWN2bu2WR5ao7kc,ACHIEVEMENTS,2026-09-17T13:44:53Z,GCBkkA6FUvTiJZjwRBMZoyzHvd9H24uq8F59idhZsvb,4.201493825,2026-09-16T16:53:12Z,75101,3axSg6Pr89QxW1qpscQyaayySQLcWjuXAMxSaDRxhPvDXfpGY2KrGNTYTHpMWtdJzUveeohuEFEi6Zx4L28JFSKN,6,2,True,False,False
6yVb4pxNwDfr6rovwNnBg3SyKSvDcHGD4WdFPN1JJBqm,CALLER,CziyAr14UNUrfkxpioWSumkLXMwWnDWN2bu2WR5ao7kc,ACHIEVEMENTS,2026-09-17T13:44:53Z,5Q544fKrFoe6tsEbD7S8EmxGTJYAKtTVhAW5Q5pge4j1,2.438365571,2026-09-16T17:37:53Z,72420,56k86NuGHYjdnfB5VBw5U3eVGAfDrQ5TgcjTuohv8Zs5QzTAqXnbjeBLJxu73BHoTQfbgT1T32VN6pRibKATHe85,381,7,True,False,False
6yVb4pxNwDfr6rovwNnBg3SyKSvDcHGD4WdFPN1JJBqm,CALLER,CziyAr14UNUrfkxpioWSumkLXMwWnDWN2bu2WR5ao7kc,ACHIEVEMENTS,2026-09-17T13:44:53Z,5Q544fKrFoe6tsEbD7S8EmxGTJYAKtTVhAW5Q5pge4j1,3.96766691,2026-09-17T12:08:31Z,5782,4s82UvbMttkpFkRYLu4hEgvPN7srCeMYZwRKUtb5E4CuYCnny8KYJioWfh3eywWkKQsUWUDnCLP5AhgzmSHQ2JpZ,381,7,True,False,False
6yVb4pxNwDfr6rovwNnBg3SyKSvDcHGD4WdFPN1JJBqm,CALLER,CziyAr14UNUrfkxpioWSumkLXMwWnDWN2bu2WR5ao7kc,ACHIEVEMENTS,2026-09-17T13:44:53Z,5Q544fKrFoe6tsEbD7S8EmxGTJYAKtTVhAW5Q5pge4j1,5.211159574,2026-09-17T12:11:38Z,5595,4TMZhLps5hbxRedoFjJQZet4HKtsARZUTdcm7ERmcAELPeTmuHh2ib3mefym6BC41fE1Mre2p7J3gEpg2AWy7e3N,381,7,True,False,False
6yVb4pxNwDfr6rovwNnBg3SyKSvDcHGD4WdFPN1JJBqm,CALLER,CziyAr14UNUrfkxpioWSumkLXMwWnDWN2bu2WR5ao7kc,ACHIEVEMENTS,2026-09-17T13:44:53Z,5Q544fKrFoe6tsEbD7S8EmxGTJYAKtTVhAW5Q5pge4j1,3.874445243,2026-09-17T13:06:21Z,2312,LgNeiLTYAxUvdY6KqHnex6GjWdLxorZxiHvg2i2onAaKdzEBxQSNduZ3v5r2SfmmVnNMhMjmQKfNu62iWvm7S9f,381,7,True,False,False
6yVb4pxNwDfr6rovwNnBg3SyKSvDcHGD4WdFPN1JJBqm,CALLER,CziyAr14UNUrfkxpioWSumkLXMwWnDWN2bu2WR5ao7kc,ACHIEVEMENTS,2026-09-17T13:44:53Z,5Q544fKrFoe6tsEbD7S8EmxGTJYAKtTVhAW5Q5pge4j1,3.119000498,2026-09-17T13:06:33Z,2300,52ib4fdENRrMftEXo4LqH5H9tGyuL7dBt1NDe4tZmiGNhwgUCHAc5eJn8gbSi7WAWnbSs4rQPmCy6KyrLR3trLpY,381,7,True,False,False
6yVb4pxNwDfr6rovwNnBg3SyKSvDcHGD4WdFPN1JJBqm,CALLER,CziyAr14UNUrfkxpioWSumkLXMwWnDWN2bu2WR5ao7kc,ACHIEVEMENTS,2026-09-17T13:44:53Z,5Q544fKrFoe6tsEbD7S8EmxGTJYAKtTVhAW5Q5pge4j1,1.606381112,2026-09-17T13:07:17Z,2256,2R5qLTbi4XbTa4djh4RCBvzuoacPajrAmHAmZNfec7haR8MDafnhfD8zeJbmVzyLrAKRiL7T9b9QQajmLQ5ZZJgH,381,7,True,False,False
6yVb4pxNwDfr6rovwNnBg3SyKSvDcHGD4WdFPN1JJBqm,CALLER,CziyAr14UNUrfkxpioWSumkLXMwWnDWN2bu2WR5ao7kc,ACHIEVEMENTS,2026-09-17T13:44:53Z,5Q544fKrFoe6tsEbD7S8EmxGTJYAKtTVhAW5Q5pge4j1,1.508170804,2026-09-17T13:07:24Z,2249,WFD1NaUL3p749Fn5kdEnGXVAT1nFhj2MSQD6umpY2Rej65HSQUtZmagUeBnBvpbFmX17xTXk9hxptqkmVSWi1rL,381,7,True,False,False
6yVb4pxNwDfr6rovwNnBg3SyKSvDcHGD4WdFPN1JJBqm,CALLER,CziyAr14UNUrfkxpioWSumkLXMwWnDWN2bu2WR5ao7kc,ACHIEVEMENTS,2026-09-17T13:44:53Z,5Q544fKrFoe6tsEbD7S8EmxGTJYAKtTVhAW5Q5pge4j1,1.292189366,2026-09-17T13:07:29Z,2244,2f9F8tgmcUSQWFCafp3r7hTGY9UzwUQxJq8iSkFXfViVouZorqF75qY8TqvBfCkoeNZb3epLYTJimDdnoN1HuaTT,381,7,True,False,False
6yVb4pxNwDfr6rovwNnBg3SyKSvDcHGD4WdFPN1JJBqm,CALLER,CziyAr14UNUrfkxpioWSumkLXMwWnDWN2bu2WR5ao7kc,ACHIEVEMENTS,2026-09-17T13:44:53Z,5Q544fKrFoe6tsEbD7S8EmxGTJYAKtTVhAW5Q5pge4j1,1.467174906,2026-09-17T13:07:32Z,2241,pWZBqUuZongQoTw12ujUSEwghjdWxH6gouEfQb2K5cqUdvb9B8S4MsqTr4HBeP2eZx9FtSxuSs7c8rqvDvg7Wur,381,7,True,False,False
6yVb4pxNwDfr6rovwNnBg3SyKSvDcHGD4WdFPN1JJBqm,CALLER,CziyAr14UNUrfkxpioWSumkLXMwWnDWN2bu2WR5ao7kc,ACHIEVEMENTS,2026-09-17T13:44:53Z,5Q544fKrFoe6tsEbD7S8EmxGTJYAKtTVhAW5Q5pge4j1,2.625169668,2026-09-17T13:07:47Z,2226,3SZTwvbB1mmEPqZhoCMNYYv1S8GHEAh7xe3BsYoKjYtQBBtMEnYJPKJmPJXAWbJXwXiVHVQYoJ6LqQCAw3io6jwX,381,7,True,False,False
6yVb4pxNwDfr6rovwNnBg3SyKSvDcHGD4WdFPN1JJBqm,CALLER,CziyAr14UNUrfkxpioWSumkLXMwWnDWN2bu2WR5ao7kc,ACHIEVEMENTS,2026-09-17T13:44:53Z,5Q544fKrFoe6tsEbD7S8EmxGTJYAKtTVhAW5Q5pge4j1,2.621261844,2026-09-17T13:43:57Z,56,23TmDMA5uKSFQfoFu397ZGAak2BVA9S3hFuwVLfwUvoupDBAg1FraBFFPZGu2UqrTs4EX1EcKc2u6AoFbCgmHp9v,381,7,True,False,False
14onpqnhGahiwPK3PDyr1vrVNNvk6Bdasps15DQxvYuC,HIDDEN_CANDIDATE,D4aEpQLW45YnWrBmztcpJHqabbPtFe9F9PTv8Umvpump,LOOONG,2026-09-05T16:04:25Z,EZxRj6nRAu1AanGEkKPc6Ztui7GHgqFmJZcAMmxrGTRi,3.047054421,2026-09-04T18:34:55Z,77370,5g4rVUzZUoDsysurGF8gXtZ36TWJBZbZD2ka9vRStMForZ4gVfJWAyttfCacxU5dGPeEcQFveYLtQY4pDFgjJw2A,2,1,False,False,False
14onpqnhGahiwPK3PDyr1vrVNNvk6Bdasps15DQxvYuC,HIDDEN_CANDIDATE,D4aEpQLW45YnWrBmztcpJHqabbPtFe9F9PTv8Umvpump,LOOONG,2026-09-05T16:04:25Z,EZxRj6nRAu1AanGEkKPc6Ztui7GHgqFmJZcAMmxrGTRi,1.854385244,2026-09-04T18:44:13Z,76812,4WSfgssyXrZiuP2TZQRcpJ8QhNXNDeXi8mUzeJ8ubqt6zBzGzkcVrZpTFVhtpaW4ELjtZH8D4wZDXdDKN56gaXM9,2,1,False,False,False
14onpqnhGahiwPK3PDyr1vrVNNvk6Bdasps15DQxvYuC,HIDDEN_CANDIDATE,D4aEpQLW45YnWrBmztcpJHqabbPtFe9F9PTv8Umvpump,LOOONG,2026-09-05T16:04:25Z,6LY1JzAFVZsP2a2xKrtU6znQMQ5h4i7tocWdgrkZzkzF,5.0,2026-09-05T15:17:01Z,2844,3B5V1WUnPxeLgUReryUKcmAaw5mVs7YypS6DWMjVaFhUib7FQz9MfVDsus4npLEZjST5DKxPWMEfczKAAzmggnV,1,1,False,False,False
6yVb4pxNwDfr6rovwNnBg3SyKSvDcHGD4WdFPN1JJBqm,CALLER,DJejJn1iJntJVTAixy4VRgqJFF3NMKPEMgVzbJFmpump,JADOODOO,2026-09-30T15:43:06Z,89KzBPsRxM2JiHMzrUqTaqSS8nAeqpft9mX4ZaH7uSKi,0.414322931,2026-09-29T16:18:39Z,84267,4F5Wg8kLwBaGKZcbeNWPpqi7qg3CQX1cyBKz8BkJz5F8TB2G2wbuQHFnPDVLvpSxs4o5ht4ecojZ2qtkTzkyQXVz,1,1,False,False,False
6yVb4pxNwDfr6rovwNnBg3SyKSvDcHGD4WdFPN1JJBqm,CALLER,DJejJn1iJntJVTAixy4VRgqJFF3NMKPEMgVzbJFmpump,JADOODOO,2026-09-30T15:43:06Z,GKMJwv2AEWVcfFXUMtxokMYy5ADkjwJa89DtP8LzoA61,8.973979734,2026-09-29T16:19:40Z,84206,CyrFTVTYBZRXNuukbyY6qzdbYK8U1P6XTmdNSiExRNU8cRUUbnbBoccMMqGoPpZ7BM1MvqHPgEJ15YtmHhkCTgZ,49,1,False,False,False
6yVb4pxNwDfr6rovwNnBg3SyKSvDcHGD4WdFPN1JJBqm,CALLER,DJejJn1iJntJVTAixy4VRgqJFF3NMKPEMgVzbJFmpump,JADOODOO,2026-09-30T15:43:06Z,1chdHBRNu9dB7E5McJKFDsbPvfpmANdmeR7BHavhi56,6.368690192,2026-09-29T16:19:40Z,84206,fdJjwcJW4Be9tE5JVqXE8ZR9GrapRrumVjL34YAVtWmTHfB6MCze2uULH3xei4XEAumy5Y6EpDYKFtXH6prFsYK,16,1,False,False,False
6yVb4pxNwDfr6rovwNnBg3SyKSvDcHGD4WdFPN1JJBqm,CALLER,DJejJn1iJntJVTAixy4VRgqJFF3NMKPEMgVzbJFmpump,JADOODOO,2026-09-30T15:43:06Z,CLiXvfYSJtG5SJTCWyLvXKtDag9pJiA4vSWZGgSKP19X,5.628020382,2026-09-29T16:19:40Z,84206,25x63cnFHt7ArXtwaDPaJnF6WtqG4JwCkgywvLJsxnzU91yng8GjpWTrEmuzbT2Vu6d7S8eMjkCp3n9kJqnn1nQB,17,1,False,False,False
6yVb4pxNwDfr6rovwNnBg3SyKSvDcHGD4WdFPN1JJBqm,CALLER,DJejJn1iJntJVTAixy4VRgqJFF3NMKPEMgVzbJFmpump,JADOODOO,2026-09-30T15:43:06Z,BofA2ViUSudPBTUms2KRuG6AHNeMawjNfwqTJDgx5BKW,1.287143229,2026-09-29T17:17:28Z,80738,2m1c1wvWZiqZbmnU9RzXMqdiaehe987KbYuW3u1noZ58RgMPLaU8yhM7ZskLZmngLmGExAHeD7Bh3FAAsnYts7aU,12,2,True,False,False
6yVb4pxNwDfr6rovwNnBg3SyKSvDcHGD4WdFPN1JJBqm,CALLER,DJejJn1iJntJVTAixy4VRgqJFF3NMKPEMgVzbJFmpump,JADOODOO,2026-09-30T15:43:06Z,GKMJwv2AEWVcfFXUMtxokMYy5ADkjwJa89DtP8LzoA61,9.518366752,2026-09-30T14:06:10Z,5816,4349QLRziP77FvFXEsYEo1RAVkgjvrB6efNNvE5BUgKNfgzP18BCjekN2JuGAvr2Vuv3wFRTxH6yKpjWMzmvjeYr,49,1,False,False,False
6yVb4pxNwDfr6rovwNnBg3SyKSvDcHGD4WdFPN1JJBqm,CALLER,DJejJn1iJntJVTAixy4VRgqJFF3NMKPEMgVzbJFmpump,JADOODOO,2026-09-30T15:43:06Z,1chdHBRNu9dB7E5McJKFDsbPvfpmANdmeR7BHavhi56,6.734809273,2026-09-30T14:06:10Z,5816,rhwUSTdWoAYhZZjTBCwctFwJhNctjNX8vfWwoxvj447NaSJRFMMy1Dkq3oqiKCDdW3thdHC9apVPrvtPzj2j9ty,16,1,False,False,False
6yVb4pxNwDfr6rovwNnBg3SyKSvDcHGD4WdFPN1JJBqm,CALLER,DJejJn1iJntJVTAixy4VRgqJFF3NMKPEMgVzbJFmpump,JADOODOO,2026-09-30T15:43:06Z,CLiXvfYSJtG5SJTCWyLvXKtDag9pJiA4vSWZGgSKP19X,6.879846194,2026-09-30T14:06:11Z,5815,2DHAW9Lk6cF2TK1StWxWeEvn51sewUAzHk8pMyzxCCGrZeGScXFjc3V9TVm94aKKM4BjunJyC3GnqFXeqWajWgCC,17,1,False,False,False
6yVb4pxNwDfr6rovwNnBg3SyKSvDcHGD4WdFPN1JJBqm,CALLER,DJejJn1iJntJVTAixy4VRgqJFF3NMKPEMgVzbJFmpump,JADOODOO,2026-09-30T15:43:06Z,HvZwXKakSprc6EA3qiDqjy89DPYNuuXFPFZQ6GE8mBoy,0.186948268,2026-09-30T14:10:51Z,5535,3JnbL5zS5TiFw15M9JnaNkcvoTcGTCHB5NudMzPxbT6cybq1T1fKNjf5s9AkHk23r9dJrceyvY1kVx88KuGbnn6F,2,1,False,False,False
6yVb4pxNwDfr6rovwNnBg3SyKSvDcHGD4WdFPN1JJBqm,CALLER,DJejJn1iJntJVTAixy4VRgqJFF3NMKPEMgVzbJFmpump,JADOODOO,2026-09-30T15:43:06Z,GKMJwv2AEWVcfFXUMtxokMYy5ADkjwJa89DtP8LzoA61,6.874934175,2026-09-30T14:50:49Z,3137,4HwsN3LNz5LfZTnTRdWaeVqZtYAro6hjP3CikQDLNtXcUHszfssPHjS6AhmHMhr1KMud4PETdFjHq6z1LowndgFs,49,1,False,False,False
6yVb4pxNwDfr6rovwNnBg3SyKSvDcHGD4WdFPN1JJBqm,CALLER,DJejJn1iJntJVTAixy4VRgqJFF3NMKPEMgVzbJFmpump,JADOODOO,2026-09-30T15:43:06Z,CLiXvfYSJtG5SJTCWyLvXKtDag9pJiA4vSWZGgSKP19X,3.0,2026-09-30T14:51:01Z,3125,52oBQ7ZHDV8FcTrNGY6jfeer6CaQTZwAfnGAKDAF1hc57wQUHg6X1vLNEY2Tpd5JtaW9qcGU4DcyYJZNum8VK5C8,17,1,False,False,False
6yVb4pxNwDfr6rovwNnBg3SyKSvDcHGD4WdFPN1JJBqm,CALLER,DJejJn1iJntJVTAixy4VRgqJFF3NMKPEMgVzbJFmpump,JADOODOO,2026-09-30T15:43:06Z,1chdHBRNu9dB7E5McJKFDsbPvfpmANdmeR7BHavhi56,2.04,2026-09-30T14:51:13Z,3113,4nLT5cymck4fL8YTrXuitcT6zAPeaypWaYgPXT1pWz9wKugD5eqpug5oQLfZeV9Jqz8YLjZrcr6hhQvGYqciJrxR,16,1,False,False,False
6yVb4pxNwDfr6rovwNnBg3SyKSvDcHGD4WdFPN1JJBqm,CALLER,DkDwxjD5JFK7hd7qUNHqNaTeqDGcZ1ia3Y6E7EUiehEn,clockinu,2026-09-16T13:39:12Z,GKMJwv2AEWVcfFXUMtxokMYy5ADkjwJa89DtP8LzoA61,2.908581989,2026-09-15T13:51:14Z,85678,5GvZPga7CR1krCRrMRupuUAEYZsqmwj5XjjiYbyEA9b12dsSq9PP8WoB1Z6py1JQrgizKNR2FRRUfhen9yrAcAK7,49,1,False,False,False
6yVb4pxNwDfr6rovwNnBg3SyKSvDcHGD4WdFPN1JJBqm,CALLER,DkDwxjD5JFK7hd7qUNHqNaTeqDGcZ1ia3Y6E7EUiehEn,clockinu,2026-09-16T13:39:12Z,5Q544fKrFoe6tsEbD7S8EmxGTJYAKtTVhAW5Q5pge4j1,3.621467941,2026-09-15T14:35:55Z,82997,2Q9jsqWuyh1Hdmb7vYsAwTmQsMrfKg9cYn8q6FV4xNwfU5rMZeZCkYN5otex8hLNkzPqTDrDNgAsR34KNtf4zbd2,381,7,True,False,False
6yVb4pxNwDfr6rovwNnBg3SyKSvDcHGD4WdFPN1JJBqm,CALLER,DkDwxjD5JFK7hd7qUNHqNaTeqDGcZ1ia3Y6E7EUiehEn,clockinu,2026-09-16T13:39:12Z,5Q544fKrFoe6tsEbD7S8EmxGTJYAKtTVhAW5Q5pge4j1,0.13657848,2026-09-15T14:42:54Z,82578,4mp3Rf5NoFzkVkMhcUNky1rg7jwJqR1qCcDfkrcwU5myWEWygddGBK74M82mnRoiY26HC8nt3vDqqr7rRJW9LpRj,381,7,True,False,False
6yVb4pxNwDfr6rovwNnBg3SyKSvDcHGD4WdFPN1JJBqm,CALLER,DkDwxjD5JFK7hd7qUNHqNaTeqDGcZ1ia3Y6E7EUiehEn,clockinu,2026-09-16T13:39:12Z,B5EwJVDuAauzUEEdwvbuXzbFFgEYnUqqS37TUM1c4PQA,3.578328506,2026-09-15T15:15:33Z,80619,2ZqLpYmKVLdhcgSBhSkLyhvkKx3KaRGwKtWMjqom3DUFmVco4hAqNqYinSBBo2szFMnXVLaSv8wkqxcCx9SSGa2d,25,3,True,False,False
6yVb4pxNwDfr6rovwNnBg3SyKSvDcHGD4WdFPN1JJBqm,CALLER,DkDwxjD5JFK7hd7qUNHqNaTeqDGcZ1ia3Y6E7EUiehEn,clockinu,2026-09-16T13:39:12Z,5Q544fKrFoe6tsEbD7S8EmxGTJYAKtTVhAW5Q5pge4j1,2.082560529,2026-09-15T15:21:59Z,80233,3kwno1ZexBexjQpH5y493CwxPKhSa2uqVWCnAKY13LHywFGWmZWUmhB5jbmkWDDGgYjXY62CNkaMRnBbzLXnFub2,381,7,True,False,False
6yVb4pxNwDfr6rovwNnBg3SyKSvDcHGD4WdFPN1JJBqm,CALLER,DkDwxjD5JFK7hd7qUNHqNaTeqDGcZ1ia3Y6E7EUiehEn,clockinu,2026-09-16T13:39:12Z,845j4ocrvExdiwbvpf74LBGXsnhqDw1BD5u8PoQCuEbg,0.061124865,2026-09-15T15:27:16Z,79916,2TVhdLx9oNfmpn2Z3uSV7QF3EFCnwGFCgrApDiptk9PFewyATXHXWV3NEvi77kMwyWpsjUDb2mBwtt6CgHSdXNcU,8,1,False,False,False
6yVb4pxNwDfr6rovwNnBg3SyKSvDcHGD4WdFPN1JJBqm,CALLER,DkDwxjD5JFK7hd7qUNHqNaTeqDGcZ1ia3Y6E7EUiehEn,clockinu,2026-09-16T13:39:12Z,GP8StUXNYSZjPikyRsvkTbvRV1GBxMErb59cpeCJnDf1,0.095069358,2026-09-15T15:31:17Z,79675,Yz7WUJeS7SRFweaXFg4mA88DyX5jw4i8a6VExvDs1AXTiGYwg6NFRgL1nxSZQeWkxkjH895AAkGP94af4t9HsFy,7,1,False,False,False
6yVb4pxNwDfr6rovwNnBg3SyKSvDcHGD4WdFPN1JJBqm,CALLER,DkDwxjD5JFK7hd7qUNHqNaTeqDGcZ1ia3Y6E7EUiehEn,clockinu,2026-09-16T13:39:12Z,845j4ocrvExdiwbvpf74LBGXsnhqDw1BD5u8PoQCuEbg,0.099346248,2026-09-15T15:32:57Z,79575,4EdVUK7ivRU4gbAUtaVhnErN3sG3F1tPmReSn3qTAWxKJfpRQLv56wNVeGqpE9BHL8ALNaE5E2PtRzQ8ALUYVHiM,8,1,False,False,False
6yVb4pxNwDfr6rovwNnBg3SyKSvDcHGD4WdFPN1JJBqm,CALLER,DkDwxjD5JFK7hd7qUNHqNaTeqDGcZ1ia3Y6E7EUiehEn,clockinu,2026-09-16T13:39:12Z,GKMJwv2AEWVcfFXUMtxokMYy5ADkjwJa89DtP8LzoA61,4.436886849,2026-09-15T15:42:30Z,79002,sBtRAivuhVy4gE4NJTUmbrMBZgfCueCizJknjnhCkyUcUPwAjd9LeRSCXQANERpDJKWZ8uBc7AoWMEPf62Bp4bB,49,1,False,False,False
6yVb4pxNwDfr6rovwNnBg3SyKSvDcHGD4WdFPN1JJBqm,CALLER,DkDwxjD5JFK7hd7qUNHqNaTeqDGcZ1ia3Y6E7EUiehEn,clockinu,2026-09-16T13:39:12Z,5Q544fKrFoe6tsEbD7S8EmxGTJYAKtTVhAW5Q5pge4j1,2.611586515,2026-09-15T15:51:43Z,78449,RzY6KzQ3Bb2qtcLiExoGPbe5L32fsHnpdtxYfNeNt1TZHzqBC3AFi6gHa655gouMbycN36mQMrJLdiZhX9xJFC1,381,7,True,False,False
6yVb4pxNwDfr6rovwNnBg3SyKSvDcHGD4WdFPN1JJBqm,CALLER,DkDwxjD5JFK7hd7qUNHqNaTeqDGcZ1ia3Y6E7EUiehEn,clockinu,2026-09-16T13:39:12Z,5Q544fKrFoe6tsEbD7S8EmxGTJYAKtTVhAW5Q5pge4j1,3.114106364,2026-09-15T15:58:14Z,78058,Jmq6U9KYwkrJoKtB8DJhTSXqLfeqpow8A7U3Z6JqRj7TvVLHWer148ZYvLg7V61GaHurYAsgLqk4F84D1gt9Dei,381,7,True,False,False
6yVb4pxNwDfr6rovwNnBg3SyKSvDcHGD4WdFPN1JJBqm,CALLER,DkDwxjD5JFK7hd7qUNHqNaTeqDGcZ1ia3Y6E7EUiehEn,clockinu,2026-09-16T13:39:12Z,5Q544fKrFoe6tsEbD7S8EmxGTJYAKtTVhAW5Q5pge4j1,3.217499439,2026-09-15T16:01:08Z,77884,3hw7cDkCQd5dVfADJ83BizTN2PeTCkHoZDFJouyMyszAxLshuhApTe7JRyTj7bYqtYGTNu1ZeQGdaNaQzMcpchWF,381,7,True,False,False
6yVb4pxNwDfr6rovwNnBg3SyKSvDcHGD4WdFPN1JJBqm,CALLER,DkDwxjD5JFK7hd7qUNHqNaTeqDGcZ1ia3Y6E7EUiehEn,clockinu,2026-09-16T13:39:12Z,5Q544fKrFoe6tsEbD7S8EmxGTJYAKtTVhAW5Q5pge4j1,2.810569044,2026-09-15T16:17:50Z,76882,3LeptuuM21y4jypdQV3NkiD19ZyEeTrAHVJJctXq1KZRLDJuWrw5KHQzc4W1GRpw5WP39ycZAUfGYtPLsgMSwvUp,381,7,True,False,False
6yVb4pxNwDfr6rovwNnBg3SyKSvDcHGD4WdFPN1JJBqm,CALLER,DkDwxjD5JFK7hd7qUNHqNaTeqDGcZ1ia3Y6E7EUiehEn,clockinu,2026-09-16T13:39:12Z,5Q544fKrFoe6tsEbD7S8EmxGTJYAKtTVhAW5Q5pge4j1,4.079936473,2026-09-15T16:24:30Z,76482,5GGSTisMBmDXtAne36E6c12MdL9vpVPjQkCbfBpRAgqM1wYzUdih6ntuEGtSTiGqQrQzZQTweA9SZGQcdBWoUs6Z,381,7,True,False,False
6yVb4pxNwDfr6rovwNnBg3SyKSvDcHGD4WdFPN1JJBqm,CALLER,DkDwxjD5JFK7hd7qUNHqNaTeqDGcZ1ia3Y6E7EUiehEn,clockinu,2026-09-16T13:39:12Z,GKMJwv2AEWVcfFXUMtxokMYy5ADkjwJa89DtP8LzoA61,3.247965828,2026-09-15T16:25:10Z,76442,NstbH7b9L7K9tDzRgCZSLB6SYmy3JwK3x63GG7rDt8vMaT4ii9VY5yWYeQrnPwddx5AiRDMXQM7c7ErJvqrNnom,49,1,False,False,False
6yVb4pxNwDfr6rovwNnBg3SyKSvDcHGD4WdFPN1JJBqm,CALLER,DkDwxjD5JFK7hd7qUNHqNaTeqDGcZ1ia3Y6E7EUiehEn,clockinu,2026-09-16T13:39:12Z,HFqp6ErWHY6Uzhj8rFyjYuDya2mXUpYEk8VW75K9PSiY,1.065301042,2026-09-15T16:25:24Z,76428,Wtq7GmFHq6MpxBBznHUaji5nAwGDnUuzhyQo1TMdEsn2sfxSfem1aeEFNy2RFNccevrJzzhZ7uuTseCXoGV5vne,4,1,False,False,False
6yVb4pxNwDfr6rovwNnBg3SyKSvDcHGD4WdFPN1JJBqm,CALLER,DkDwxjD5JFK7hd7qUNHqNaTeqDGcZ1ia3Y6E7EUiehEn,clockinu,2026-09-16T13:39:12Z,FGkNCczbbBv2CGzSjM4q4EQNnFvQRB3i4wsfvUwArW1E,0.086299851,2026-09-15T16:37:16Z,75716,2BEP8Vk97r7HWuxMdHRaTFcGC5aB9RnCUPpGSzyDB7n26ecTRCjQCcE59Cajf9jhg4gFkJ7314mzNqoRz8ac6MZY,3,1,False,False,False
6yVb4pxNwDfr6rovwNnBg3SyKSvDcHGD4WdFPN1JJBqm,CALLER,DkDwxjD5JFK7hd7qUNHqNaTeqDGcZ1ia3Y6E7EUiehEn,clockinu,2026-09-16T13:39:12Z,8FnX3xo2yYw3EUE6w3nQA4GfXGS9wpK6oj3veJpbFzLo,20.483685895,2026-09-15T17:27:25Z,72707,2h1zTwxQRa6sGBDBTdvTCnM314QTVKYYrMqnodkUEMVEV7ttZT9VuiEgScZkqfvp13ENosfqYENLogbNmGxe9t6D,50,4,True,False,False
6yVb4pxNwDfr6rovwNnBg3SyKSvDcHGD4WdFPN1JJBqm,CALLER,DkDwxjD5JFK7hd7qUNHqNaTeqDGcZ1ia3Y6E7EUiehEn,clockinu,2026-09-16T13:39:12Z,5Q544fKrFoe6tsEbD7S8EmxGTJYAKtTVhAW5Q5pge4j1,0.311783767,2026-09-15T18:05:34Z,70418,2M7KuFUDLEhkTjdEMHsUnC9wM2SJoESn3Jbe4npFYPbaMzi642ia6QN7bczKPwqW5THxZAHWu7Ytgcd4rb3uLeQj,381,7,True,False,False
6yVb4pxNwDfr6rovwNnBg3SyKSvDcHGD4WdFPN1JJBqm,CALLER,DkDwxjD5JFK7hd7qUNHqNaTeqDGcZ1ia3Y6E7EUiehEn,clockinu,2026-09-16T13:39:12Z,5Q544fKrFoe6tsEbD7S8EmxGTJYAKtTVhAW5Q5pge4j1,3.871973728,2026-09-15T19:21:46Z,65846,2pGEXhWFMYDycxmDfUVM2DP6GCH1oPhd59E1dRjcXJcW9H2UccWnbH19NmSLyFvDkjJGi4Yve6n5FcWvzDvQUdfS,381,7,True,False,False
6yVb4pxNwDfr6rovwNnBg3SyKSvDcHGD4WdFPN1JJBqm,CALLER,DkDwxjD5JFK7hd7qUNHqNaTeqDGcZ1ia3Y6E7EUiehEn,clockinu,2026-09-16T13:39:12Z,5Q544fKrFoe6tsEbD7S8EmxGTJYAKtTVhAW5Q5pge4j1,1.478567986,2026-09-15T19:26:32Z,65560,5KZTQohjRbgk96EdMPq57iLQZTm3tavcH69nCEjA2gAvr6YKeFXg6pPVDqsxxGzBTqoKhuE1YAm3qnwdfX6ryvKN,381,7,True,False,False
6yVb4pxNwDfr6rovwNnBg3SyKSvDcHGD4WdFPN1JJBqm,CALLER,DkDwxjD5JFK7hd7qUNHqNaTeqDGcZ1ia3Y6E7EUiehEn,clockinu,2026-09-16T13:39:12Z,9khTzHeKLDo27q3gVozPHLjbhKgkh5UCty4gwGsg4dSH,0.088133709,2026-09-15T20:05:29Z,63223,4T4keK9k43n9Z9fLWSBKPiB7X8gmtrbESXfXk12d993cPnzxtardbcGHjLfMivy1fscXuzk1LrdPXyrhqvpe748m,2,1,False,False,False
6yVb4pxNwDfr6rovwNnBg3SyKSvDcHGD4WdFPN1JJBqm,CALLER,DkDwxjD5JFK7hd7qUNHqNaTeqDGcZ1ia3Y6E7EUiehEn,clockinu,2026-09-16T13:39:12Z,9khTzHeKLDo27q3gVozPHLjbhKgkh5UCty4gwGsg4dSH,0.059248978,2026-09-15T20:11:09Z,62883,3MBSgYRD2uj81LfrEASTsaKXLVUxukYZ1iExnPbdmrUrkRpNrQCgeu9LZroNyYLuDYFusWuHGLXcC1L6KT6n74FA,2,1,False,False,False
6yVb4pxNwDfr6rovwNnBg3SyKSvDcHGD4WdFPN1JJBqm,CALLER,DkDwxjD5JFK7hd7qUNHqNaTeqDGcZ1ia3Y6E7EUiehEn,clockinu,2026-09-16T13:39:12Z,F7D2PD8S4Gchj52KNStWLCV3fJiMfyGczmAWi4jtR5QK,2.513030443,2026-09-15T20:11:57Z,62835,vrZ5BVAjTEqi4UJpivyPmxYtHaLxs3Gq7CCwd77FKNs9zAKUtkSo7qdyxozmqqd5pLZmdCpjoCPFsiK7CCZaeEX,10,1,False,False,False
6yVb4pxNwDfr6rovwNnBg3SyKSvDcHGD4WdFPN1JJBqm,CALLER,DkDwxjD5JFK7hd7qUNHqNaTeqDGcZ1ia3Y6E7EUiehEn,clockinu,2026-09-16T13:39:12Z,F7D2PD8S4Gchj52KNStWLCV3fJiMfyGczmAWi4jtR5QK,2.223041998,2026-09-15T20:12:01Z,62831,2fKG4zf7k5ZJNMNEGwA3o9qREuQYsMp5DAK1tDkJ7PQn2kBzWgFyU1NsranvWxkNd4MWtjbLkkB7cAtofhtATGsV,10,1,False,False,False
6yVb4pxNwDfr6rovwNnBg3SyKSvDcHGD4WdFPN1JJBqm,CALLER,DkDwxjD5JFK7hd7qUNHqNaTeqDGcZ1ia3Y6E7EUiehEn,clockinu,2026-09-16T13:39:12Z,F7D2PD8S4Gchj52KNStWLCV3fJiMfyGczmAWi4jtR5QK,1.701432606,2026-09-15T20:12:07Z,62825,2PXapzkto9TuJHy9Wt6mgnpTxJsubuKoJpH8MRzMwmmEKvfVjBoUF6H2v24QkWzFx8dDE6LizQi6gkSKfWUoL3Hm,10,1,False,False,False
6yVb4pxNwDfr6rovwNnBg3SyKSvDcHGD4WdFPN1JJBqm,CALLER,DkDwxjD5JFK7hd7qUNHqNaTeqDGcZ1ia3Y6E7EUiehEn,clockinu,2026-09-16T13:39:12Z,F7D2PD8S4Gchj52KNStWLCV3fJiMfyGczmAWi4jtR5QK,1.229092218,2026-09-15T20:12:31Z,62801,23xP2bPCrsygu6AZtKboP4qahWB9f65aapKdBF7NQiCeBUDTDNxvgiVzyJRfhSKhJX3Vmfymx7E6XgdyNgjSxppU,10,1,False,False,False
6yVb4pxNwDfr6rovwNnBg3SyKSvDcHGD4WdFPN1JJBqm,CALLER,DkDwxjD5JFK7hd7qUNHqNaTeqDGcZ1ia3Y6E7EUiehEn,clockinu,2026-09-16T13:39:12Z,F7D2PD8S4Gchj52KNStWLCV3fJiMfyGczmAWi4jtR5QK,0.967584161,2026-09-15T20:13:11Z,62761,3CSxNW7c7h8RNsxeeyjjkWrQD6Bv6aV8EyPYevmviUU6zD9mNA5RwVdLH93nv2SYZvD35DBXbsVYjWGb2hFeRvrk,10,1,False,False,False
6yVb4pxNwDfr6rovwNnBg3SyKSvDcHGD4WdFPN1JJBqm,CALLER,DkDwxjD5JFK7hd7qUNHqNaTeqDGcZ1ia3Y6E7EUiehEn,clockinu,2026-09-16T13:39:12Z,F7D2PD8S4Gchj52KNStWLCV3fJiMfyGczmAWi4jtR5QK,1.106670438,2026-09-15T20:13:15Z,62757,4qzoZL8cEcGq78yyuqMWBT3pisba8FeTqsmKP86wUNoFGvbezhpuXHgTe8656ByuPrzfegkkrBe7VcfsteojLFqX,10,1,False,False,False
6yVb4pxNwDfr6rovwNnBg3SyKSvDcHGD4WdFPN1JJBqm,CALLER,DkDwxjD5JFK7hd7qUNHqNaTeqDGcZ1ia3Y6E7EUiehEn,clockinu,2026-09-16T13:39:12Z,F7D2PD8S4Gchj52KNStWLCV3fJiMfyGczmAWi4jtR5QK,0.527409836,2026-09-15T20:13:59Z,62713,5BPVUxvbC9C49mSaCQWd9DwL1XREKM2eiGzDnBpU3kLQ5SHxztqJVtavEA9pfM624ZZeKdvk8PDrqfcXAjAAgQa9,10,1,False,False,False
6yVb4pxNwDfr6rovwNnBg3SyKSvDcHGD4WdFPN1JJBqm,CALLER,DkDwxjD5JFK7hd7qUNHqNaTeqDGcZ1ia3Y6E7EUiehEn,clockinu,2026-09-16T13:39:12Z,F7D2PD8S4Gchj52KNStWLCV3fJiMfyGczmAWi4jtR5QK,0.329952179,2026-09-15T20:14:53Z,62659,5wswZFWmySdounSHMDAn3NqtLRjsdr9mGU6Sb62Ae2bKCvytfH1931xN3tePTi9VwmyyAu5Ak5LMH9UiZ9Y2BUrf,10,1,False,False,False
6yVb4pxNwDfr6rovwNnBg3SyKSvDcHGD4WdFPN1JJBqm,CALLER,DkDwxjD5JFK7hd7qUNHqNaTeqDGcZ1ia3Y6E7EUiehEn,clockinu,2026-09-16T13:39:12Z,F7D2PD8S4Gchj52KNStWLCV3fJiMfyGczmAWi4jtR5QK,0.183729841,2026-09-15T20:17:04Z,62528,4WvzGWdJF1L1vejKfQPbivNqSEX32QLCcPEAgu5a7E6JWGu21uB5mwsL5byyw9j1uRiCcVaQMvaWPJHyoW4EqDgG,10,1,False,False,False
6yVb4pxNwDfr6rovwNnBg3SyKSvDcHGD4WdFPN1JJBqm,CALLER,DkDwxjD5JFK7hd7qUNHqNaTeqDGcZ1ia3Y6E7EUiehEn,clockinu,2026-09-16T13:39:12Z,F7D2PD8S4Gchj52KNStWLCV3fJiMfyGczmAWi4jtR5QK,0.448563588,2026-09-15T20:20:22Z,62330,5qix8haFCUVYbTfdrWQ6T64LkwVKJhx2HsrdrUgqtLBpMf9Zcvv2woBHNuEk2RN1gB4cyJkSGGoSyum1VhyYHCEL,10,1,False,False,False
6yVb4pxNwDfr6rovwNnBg3SyKSvDcHGD4WdFPN1JJBqm,CALLER,DkDwxjD5JFK7hd7qUNHqNaTeqDGcZ1ia3Y6E7EUiehEn,clockinu,2026-09-16T13:39:12Z,GKMJwv2AEWVcfFXUMtxokMYy5ADkjwJa89DtP8LzoA61,2.421212275,2026-09-15T20:29:10Z,61802,vLUnJmnYztr2cCF1si1fZtRbrRybMjBjxvk36mWhVcBXD533F98wKYAwjFpwkHkp5iwjjCMgsHAgCSPRxQH1D23,49,1,False,False,False
6yVb4pxNwDfr6rovwNnBg3SyKSvDcHGD4WdFPN1JJBqm,CALLER,DkDwxjD5JFK7hd7qUNHqNaTeqDGcZ1ia3Y6E7EUiehEn,clockinu,2026-09-16T13:39:12Z,5Q544fKrFoe6tsEbD7S8EmxGTJYAKtTVhAW5Q5pge4j1,1.192727981,2026-09-16T11:49:05Z,6607,287mx3c8inLLJ9AH3FNkLRddEhXBFbPwgGH7afJqfVmRNxyFnikHcYz7cTJJP8PmmWNCTURViNra7GCHHfCKF9w1,381,7,True,False,False
6yVb4pxNwDfr6rovwNnBg3SyKSvDcHGD4WdFPN1JJBqm,CALLER,DkDwxjD5JFK7hd7qUNHqNaTeqDGcZ1ia3Y6E7EUiehEn,clockinu,2026-09-16T13:39:12Z,5Q544fKrFoe6tsEbD7S8EmxGTJYAKtTVhAW5Q5pge4j1,2.89535224,2026-09-16T13:20:43Z,1109,3mKEb5CFQzto71Zqv2iXrJ5vf8ridRrjS9hTyb8xAxq9Ux7MetSEg14WGNvJghz44Rt1BqHJtn7EVzFkoe4cQDif,381,7,True,False,False
Bi4rd5FH5bYEN8scZ7wevxNZyNmKHdaBcvewdPFxYdLt,HIDDEN_CANDIDATE,EkTkjVEfhvgkoCwheMTnr8mhEmJ6Q7ZR8q7ZMCcnpump,groinbase,2026-09-09T19:19:05Z,3ucNos4NbumPLZNWztqGHNFFgkHeRMBQAVemeeomsUxv,7.617222859,2026-09-08T19:19:52Z,86353,511KaZKKyZkCNao1C1EWKWujFs2ASmn5rtx8ZtGXi9QcgKjrrxs3qg4UtPZW8soLG6UZkaCg8NNSxBbTkCe4296B,3,1,False,False,False
Bi4rd5FH5bYEN8scZ7wevxNZyNmKHdaBcvewdPFxYdLt,HIDDEN_CANDIDATE,EkTkjVEfhvgkoCwheMTnr8mhEmJ6Q7ZR8q7ZMCcnpump,groinbase,2026-09-09T19:19:05Z,B6NR5XYLroBdAnKjcF2o1raKqgSdi68yGZm4jtPMmQbQ,3.363925488,2026-09-08T19:27:49Z,85876,53oiVQHMfMF9bhnxV2dAes2d6xH6zJjikqooAhmAgt7uGgUXDCUQMFvnr1gDji8TvPDujBrUXpj3MnXRVcYbj21K,1,1,False,False,False
Bi4rd5FH5bYEN8scZ7wevxNZyNmKHdaBcvewdPFxYdLt,HIDDEN_CANDIDATE,EkTkjVEfhvgkoCwheMTnr8mhEmJ6Q7ZR8q7ZMCcnpump,groinbase,2026-09-09T19:19:05Z,HLnpSz9h2S4hiLQ43rnSD9XkcUThA7B8hQMKmDaiTLcC,2.97012757,2026-09-08T19:29:17Z,85788,HJxYECzTv9S6UwPsjrKQDeMjJuwHDScn9FobsqjH4qaV3SWZLdrZBEzprKhTjWixTDv6U6wyytHZernwzc8VuDC,2,1,False,False,False
Bi4rd5FH5bYEN8scZ7wevxNZyNmKHdaBcvewdPFxYdLt,HIDDEN_CANDIDATE,EkTkjVEfhvgkoCwheMTnr8mhEmJ6Q7ZR8q7ZMCcnpump,groinbase,2026-09-09T19:19:05Z,HLnpSz9h2S4hiLQ43rnSD9XkcUThA7B8hQMKmDaiTLcC,2.983518566,2026-09-08T19:31:36Z,85649,2PFdVTKv5e5wZ4dUYp62mXvHnY68JuuvqQ2aV4VLL5WRxWZiRENPFfFLTq54cGLZCvf4K64TGEWDtmPXRGbVgn9K,2,1,False,False,False
Bi4rd5FH5bYEN8scZ7wevxNZyNmKHdaBcvewdPFxYdLt,HIDDEN_CANDIDATE,EkTkjVEfhvgkoCwheMTnr8mhEmJ6Q7ZR8q7ZMCcnpump,groinbase,2026-09-09T19:19:05Z,EwGhoopqiijrQJQykZq2EZbUggibaEkiA54GMLt3LvGG,2.724973801,2026-09-08T19:46:22Z,84763,4E6nuvW87CFzTjyNssVaCNtRVZdgbAy6U4rHJs36FV3qjcswfaYdCZ3GrjzKhcx5dEznmqmmXbYd6WhAvoQyq5Tq,2,1,False,False,False
Bi4rd5FH5bYEN8scZ7wevxNZyNmKHdaBcvewdPFxYdLt,HIDDEN_CANDIDATE,EkTkjVEfhvgkoCwheMTnr8mhEmJ6Q7ZR8q7ZMCcnpump,groinbase,2026-09-09T19:19:05Z,69SNcRC8NqjHBSXEcugCN5oFKRQoKmddmWzZYc3tqtxk,0.34400577,2026-09-08T19:50:04Z,84541,ExoznnoB26EayciRSCU62YqYfNQPcKb9n2vpkJpeCYj9qM2s1kHy1CU4mPq8sPhrKT7jzEypraRTYNWixZkgtNL,104,1,False,False,False
Bi4rd5FH5bYEN8scZ7wevxNZyNmKHdaBcvewdPFxYdLt,HIDDEN_CANDIDATE,EkTkjVEfhvgkoCwheMTnr8mhEmJ6Q7ZR8q7ZMCcnpump,groinbase,2026-09-09T19:19:05Z,2AXXcN6oN9bBT5owwmTH53C7QHUXvhLeu718Kqt8rvY2,5.784826326,2026-09-09T13:22:11Z,21414,3F31BhEBUe3WyJxd1Dfcy4pJRCPSfG7Roz9h4uZ3p8Z1GeQRdwLxMPu1Q6skfW8WTRMWsynXfk6LydxFjJv6tYY5,10,1,False,False,False
Bi4rd5FH5bYEN8scZ7wevxNZyNmKHdaBcvewdPFxYdLt,HIDDEN_CANDIDATE,EkTkjVEfhvgkoCwheMTnr8mhEmJ6Q7ZR8q7ZMCcnpump,groinbase,2026-09-09T19:19:05Z,WLHv2UAZm6z4KyaaELi5pjdbJh6RESMva1Rnn8pJVVh,3.71851341,2026-09-09T13:31:21Z,20864,fxxdCsWpVo6iAExZXgmu75HBdu1324FRbfG8VittKTqcKrAGqbVeChNnTMxGmGVN8EhoHnm1HfAUcmvRUs7a7HB,3,1,False,False,False
Bi4rd5FH5bYEN8scZ7wevxNZyNmKHdaBcvewdPFxYdLt,HIDDEN_CANDIDATE,EkTkjVEfhvgkoCwheMTnr8mhEmJ6Q7ZR8q7ZMCcnpump,groinbase,2026-09-09T19:19:05Z,69SNcRC8NqjHBSXEcugCN5oFKRQoKmddmWzZYc3tqtxk,0.185193499,2026-09-09T13:36:57Z,20528,2Wy5FQ2vDdyCVShiogTy23NiUv8qK85bERiPVhQS5369ZR5GRL5kzswZ5XfV3CSByptgfUUp8xzsXVqk8q29FXgn,104,1,False,False,False
Bi4rd5FH5bYEN8scZ7wevxNZyNmKHdaBcvewdPFxYdLt,HIDDEN_CANDIDATE,EkTkjVEfhvgkoCwheMTnr8mhEmJ6Q7ZR8q7ZMCcnpump,groinbase,2026-09-09T19:19:05Z,2TAgfogn8JRwwTnsGKUa6WUT5Xdv1iMEzfEDMor68X9C,2.143611385,2026-09-09T13:42:05Z,20220,66LDzV4GvP4vo4HoQ3L5Kn94Gg58QUMhq6gC2DQw3mv5RuDygyui3h6pxaZL3Q6CNfvbXPTUQW3WMfG5hF2Csd2b,10,2,False,False,False
Bi4rd5FH5bYEN8scZ7wevxNZyNmKHdaBcvewdPFxYdLt,HIDDEN_CANDIDATE,EkTkjVEfhvgkoCwheMTnr8mhEmJ6Q7ZR8q7ZMCcnpump,groinbase,2026-09-09T19:19:05Z,69SNcRC8NqjHBSXEcugCN5oFKRQoKmddmWzZYc3tqtxk,0.30196989,2026-09-09T14:23:15Z,17750,2WxVbdyk19zsKMRLKzkt8FyEEg5eBvtfiaCxmuofSEJzA3nERj6LpyX3Q33gbi2mK7VxwyZ823tC2813DZNiwfM4,104,1,False,False,False
Bi4rd5FH5bYEN8scZ7wevxNZyNmKHdaBcvewdPFxYdLt,HIDDEN_CANDIDATE,EkTkjVEfhvgkoCwheMTnr8mhEmJ6Q7ZR8q7ZMCcnpump,groinbase,2026-09-09T19:19:05Z,GpGBjcjhQ8hrPeviHLqw8SU3qZompmTizqaYhkxRpPTN,3.308077922,2026-09-09T14:24:48Z,17657,3c8fG7wmfnehGVJDMHwQdrwuMnyiyNr9ksBkQK3qCgYgyHzJg9ZfuXoR2LniWyr7VDZxktbhLZQRC1TGiChMMmn7,2,1,False,False,False
Bi4rd5FH5bYEN8scZ7wevxNZyNmKHdaBcvewdPFxYdLt,HIDDEN_CANDIDATE,EkTkjVEfhvgkoCwheMTnr8mhEmJ6Q7ZR8q7ZMCcnpump,groinbase,2026-09-09T19:19:05Z,GpGBjcjhQ8hrPeviHLqw8SU3qZompmTizqaYhkxRpPTN,2.973357734,2026-09-09T14:24:49Z,17656,3xBabQKro5qaq85j8euKg8cVa9G4GPzEBtL7jPvx8GcWsd2ECPwPLHcxC4YWmF1Tm9rUZpGuRBU2dAQT1Fk29o4q,2,1,False,False,False
Bi4rd5FH5bYEN8scZ7wevxNZyNmKHdaBcvewdPFxYdLt,HIDDEN_CANDIDATE,EkTkjVEfhvgkoCwheMTnr8mhEmJ6Q7ZR8q7ZMCcnpump,groinbase,2026-09-09T19:19:05Z,69SNcRC8NqjHBSXEcugCN5oFKRQoKmddmWzZYc3tqtxk,0.255402314,2026-09-09T14:36:34Z,16951,mYc9j7Q19o6ayWNWsQUfCLdQVSVNK5cYgpjpg9ZjxV6N5mC96nKhU7kygvcTFq8ZSdWvadcQSod8jh1kh1J9v8h,104,1,False,False,False
Bi4rd5FH5bYEN8scZ7wevxNZyNmKHdaBcvewdPFxYdLt,HIDDEN_CANDIDATE,EkTkjVEfhvgkoCwheMTnr8mhEmJ6Q7ZR8q7ZMCcnpump,groinbase,2026-09-09T19:19:05Z,2AXXcN6oN9bBT5owwmTH53C7QHUXvhLeu718Kqt8rvY2,3.121629598,2026-09-09T15:05:28Z,15217,55CcNzRdWxMxRd3RXem9qebR5PsHNabP3QCqsW6gQXDDdPvhQfeLPQRkGVkWmqHaXogkbgxB2BZSLPmU9SGT1Xj7,10,1,False,False,False
Bi4rd5FH5bYEN8scZ7wevxNZyNmKHdaBcvewdPFxYdLt,HIDDEN_CANDIDATE,EkTkjVEfhvgkoCwheMTnr8mhEmJ6Q7ZR8q7ZMCcnpump,groinbase,2026-09-09T19:19:05Z,EwGhoopqiijrQJQykZq2EZbUggibaEkiA54GMLt3LvGG,2.188296469,2026-09-09T15:12:14Z,14811,3JZs9dzbhXpQjDGr3tvWYZZXby22qoWYbKhBVd6LBLjVMUCp54RMDTCTiCmHoWvwZCKhCFRhYk5Df8HBSFhhgfme,2,1,False,False,False
Bi4rd5FH5bYEN8scZ7wevxNZyNmKHdaBcvewdPFxYdLt,HIDDEN_CANDIDATE,EkTkjVEfhvgkoCwheMTnr8mhEmJ6Q7ZR8q7ZMCcnpump,groinbase,2026-09-09T19:19:05Z,5gwmcjXMy6jmWHAXS4rTcPSRbgkm92RnyYBRtMQJsREw,3.192818155,2026-09-09T15:21:02Z,14283,3NWiFzsHZRKdUX9MTTbgnLtCekLYctVoBNKFs4xStCwzJy4UGdjQTNMj8wLNxLny3z8J4ChEkoVXMWYMtYWpL8DE,3,1,False,False,False
Bi4rd5FH5bYEN8scZ7wevxNZyNmKHdaBcvewdPFxYdLt,HIDDEN_CANDIDATE,EkTkjVEfhvgkoCwheMTnr8mhEmJ6Q7ZR8q7ZMCcnpump,groinbase,2026-09-09T19:19:05Z,5gwmcjXMy6jmWHAXS4rTcPSRbgkm92RnyYBRtMQJsREw,4.474096222,2026-09-09T15:21:55Z,14230,58fV82aGNHtMwJv4SxewBd6NAYM7m9GJeYr8H1AkML9MUHWoTbhjnrgupkWEqb2xbTo3naj3URngyjqvPh7Mjayb,3,1,False,False,False
Bi4rd5FH5bYEN8scZ7wevxNZyNmKHdaBcvewdPFxYdLt,HIDDEN_CANDIDATE,EkTkjVEfhvgkoCwheMTnr8mhEmJ6Q7ZR8q7ZMCcnpump,groinbase,2026-09-09T19:19:05Z,5Q544fKrFoe6tsEbD7S8EmxGTJYAKtTVhAW5Q5pge4j1,4.438043978,2026-09-09T15:26:49Z,13936,3sYKzNpfnZT5bK8w8DErujXWxRacsLsrsHs93isk85A7L5CgLnh5nCohMTkWrsNvUWRjJw76KKWz4sGMwb3NgU5g,381,7,True,False,False
Bi4rd5FH5bYEN8scZ7wevxNZyNmKHdaBcvewdPFxYdLt,HIDDEN_CANDIDATE,EkTkjVEfhvgkoCwheMTnr8mhEmJ6Q7ZR8q7ZMCcnpump,groinbase,2026-09-09T19:19:05Z,5gwmcjXMy6jmWHAXS4rTcPSRbgkm92RnyYBRtMQJsREw,2.028175921,2026-09-09T15:27:34Z,13891,ze5xg54AsCRk2CwoNkeNtWVx19UDCVTB2QqfTCXZiLUqt26xuvqGVBUzfeCMhLPMS76bNiS85EGPACEsrQp7gES,3,1,False,False,False
Bi4rd5FH5bYEN8scZ7wevxNZyNmKHdaBcvewdPFxYdLt,HIDDEN_CANDIDATE,EkTkjVEfhvgkoCwheMTnr8mhEmJ6Q7ZR8q7ZMCcnpump,groinbase,2026-09-09T19:19:05Z,69SNcRC8NqjHBSXEcugCN5oFKRQoKmddmWzZYc3tqtxk,0.792196368,2026-09-09T16:24:34Z,10471,56SYogYwFWP5cJBKUDJe5yuySebjBcDd7SXPZAqjejEBnWt8iit6N2S5uSuV1A2EjVFCWqRA5deBpF72YWWPun2U,104,1,False,False,False
Bi4rd5FH5bYEN8scZ7wevxNZyNmKHdaBcvewdPFxYdLt,HIDDEN_CANDIDATE,EkTkjVEfhvgkoCwheMTnr8mhEmJ6Q7ZR8q7ZMCcnpump,groinbase,2026-09-09T19:19:05Z,3oJpVmbKATLWbKg4G3o1VBfDSMXQJwMv9VqgnS7yXf4R,3.244608245,2026-09-09T18:29:14Z,2991,5HFGCWs8XuxQyGg7Tw6SjQ2Z1PetL7tSMLtqk1mbxPgyQcGPGRMrYyHMYCGLWDTo93TWm7B1Npmt5RBPousRaS3d,1,1,False,False,False
Bi4rd5FH5bYEN8scZ7wevxNZyNmKHdaBcvewdPFxYdLt,HIDDEN_CANDIDATE,EkTkjVEfhvgkoCwheMTnr8mhEmJ6Q7ZR8q7ZMCcnpump,groinbase,2026-09-09T19:19:05Z,8FnX3xo2yYw3EUE6w3nQA4GfXGS9wpK6oj3veJpbFzLo,2.363059212,2026-09-09T18:32:10Z,2815,8Wbrp787Lrciz6iCR9vgHDAHHAw4yjjqgJaExLrMJDUEWxpqbht4BFJhiVmXKPDinRkhH751BNsJDUuFu3gwYxM,50,4,True,False,False
Bi4rd5FH5bYEN8scZ7wevxNZyNmKHdaBcvewdPFxYdLt,HIDDEN_CANDIDATE,EkTkjVEfhvgkoCwheMTnr8mhEmJ6Q7ZR8q7ZMCcnpump,groinbase,2026-09-09T19:19:05Z,8ekCy2jHHUbW2yeNGFWYJT9Hm9FW7SvZcZK66dSZCDiF,2.889898764,2026-09-09T18:33:11Z,2754,4HBXMZUgxNFeYCdjP88SrvKWWq5fTJ8TAPwVgdi5drMrid84rsTFMjoPP1j8xp67QnLq59XmSo67R8HoJUCvDGjP,14,3,True,False,False
Bi4rd5FH5bYEN8scZ7wevxNZyNmKHdaBcvewdPFxYdLt,HIDDEN_CANDIDATE,EkTkjVEfhvgkoCwheMTnr8mhEmJ6Q7ZR8q7ZMCcnpump,groinbase,2026-09-09T19:19:05Z,69SNcRC8NqjHBSXEcugCN5oFKRQoKmddmWzZYc3tqtxk,0.190751671,2026-09-09T18:35:34Z,2611,1v2kEh7V2BpWBYnhZrbgyUA1wgfhVehjLHoi9h3gnVFYwtZNb7tKb49Sp6AcVbpSQgrAGvXee5Y93w6e78GKJsj,104,1,False,False,False
Bi4rd5FH5bYEN8scZ7wevxNZyNmKHdaBcvewdPFxYdLt,HIDDEN_CANDIDATE,EkTkjVEfhvgkoCwheMTnr8mhEmJ6Q7ZR8q7ZMCcnpump,groinbase,2026-09-09T19:19:05Z,8FnX3xo2yYw3EUE6w3nQA4GfXGS9wpK6oj3veJpbFzLo,2.782032839,2026-09-09T19:15:41Z,204,5PJ8EqHr4nrGNMCgBjhQgzVTYii382UCJSBHL8jLKYhzxLMceNj7pUpjoHeCc15grTsF8dd4xkB3MvYSUGzKvN8r,50,4,True,False,False
89HbgWduLwoxcofWpmn1EiF9wEdpgkNDEyPjzZ72mkDi,HIDDEN_CANDIDATE,Er5RuNhTEwJH5dHv9c3YGATjgkLCETH4dKazntyWEtXY,spy,2026-09-17T12:59:49Z,5Q544fKrFoe6tsEbD7S8EmxGTJYAKtTVhAW5Q5pge4j1,1.738967338,2026-09-16T13:47:35Z,83534,57uykLvXFpYLtyyq9binsrNiY9VrdTxCTqzjwKQ3PxLoptQpeXQPQoAFi6yMySiJ6L5RtgJUMn3ePhRUdgTptfkE,381,7,True,False,False
89HbgWduLwoxcofWpmn1EiF9wEdpgkNDEyPjzZ72mkDi,HIDDEN_CANDIDATE,Er5RuNhTEwJH5dHv9c3YGATjgkLCETH4dKazntyWEtXY,spy,2026-09-17T12:59:49Z,5Q544fKrFoe6tsEbD7S8EmxGTJYAKtTVhAW5Q5pge4j1,1.366466407,2026-09-16T13:51:45Z,83284,5fEsfSKeb7qbJGmpSusQ6cxmsbM3hxs8vdyzYKa12xyyFUZ9WcgZdeU7RxTY672xkESTa45AnJDMeULnhDspnWpT,381,7,True,False,False
89HbgWduLwoxcofWpmn1EiF9wEdpgkNDEyPjzZ72mkDi,HIDDEN_CANDIDATE,Er5RuNhTEwJH5dHv9c3YGATjgkLCETH4dKazntyWEtXY,spy,2026-09-17T12:59:49Z,DoAsxPQgiyAxyaJNvpAAUb2ups6rbJRdYrCPyWxwRxBb,0.233879084,2026-09-16T13:52:21Z,83248,AnwH56cGSQrEQrQcsqPRtzvZuUUab2EwJTSvKjQ637M9sLowq2o9WexYnTRstHzGALGN2uEzC9NG9i3qoA1Ui9W,278,3,False,False,False
89HbgWduLwoxcofWpmn1EiF9wEdpgkNDEyPjzZ72mkDi,HIDDEN_CANDIDATE,Er5RuNhTEwJH5dHv9c3YGATjgkLCETH4dKazntyWEtXY,spy,2026-09-17T12:59:49Z,5Q544fKrFoe6tsEbD7S8EmxGTJYAKtTVhAW5Q5pge4j1,1.559386806,2026-09-16T13:54:56Z,83093,VyhwQMuzvHaPgMYZDTnieK5xMGVhAiokKqDhhp9Q5RBS48mVNmru81VxDy9yg77yHp6gobnAACMkZgLZq5jEZdr,381,7,True,False,False
89HbgWduLwoxcofWpmn1EiF9wEdpgkNDEyPjzZ72mkDi,HIDDEN_CANDIDATE,Er5RuNhTEwJH5dHv9c3YGATjgkLCETH4dKazntyWEtXY,spy,2026-09-17T12:59:49Z,5Q544fKrFoe6tsEbD7S8EmxGTJYAKtTVhAW5Q5pge4j1,2.79357009,2026-09-16T13:56:52Z,82977,3cMVHyMMq8XA51rQqRXp7nfrt11cnX3cvuyLV6Rn3fHfJrx4bsrfchzqHekfev5WDkfTJ8Up7hkDCqqpbgboeT8h,381,7,True,False,False
89HbgWduLwoxcofWpmn1EiF9wEdpgkNDEyPjzZ72mkDi,HIDDEN_CANDIDATE,Er5RuNhTEwJH5dHv9c3YGATjgkLCETH4dKazntyWEtXY,spy,2026-09-17T12:59:49Z,5Q544fKrFoe6tsEbD7S8EmxGTJYAKtTVhAW5Q5pge4j1,2.623952565,2026-09-16T13:56:54Z,82975,5RNqQzWeRXrLRfyPKYyD53TTBb7K8r2VL1PDkgFCqQD6Cff9qPXw3FYVm43j1fgQaSy8Yw2XuujxKPurPF2Ap7F3,381,7,True,False,False
89HbgWduLwoxcofWpmn1EiF9wEdpgkNDEyPjzZ72mkDi,HIDDEN_CANDIDATE,Er5RuNhTEwJH5dHv9c3YGATjgkLCETH4dKazntyWEtXY,spy,2026-09-17T12:59:49Z,DoAsxPQgiyAxyaJNvpAAUb2ups6rbJRdYrCPyWxwRxBb,0.296748668,2026-09-16T13:57:10Z,82959,XX2eEnZafq2vpSQqoV96GhzL9MM4JhtD9Z4PkcrhQk1ST9h9BB8z2aAJDn1ryBXpxqGMg2yWsiTcNhbqfTgiJcc,278,3,False,False,False
89HbgWduLwoxcofWpmn1EiF9wEdpgkNDEyPjzZ72mkDi,HIDDEN_CANDIDATE,Er5RuNhTEwJH5dHv9c3YGATjgkLCETH4dKazntyWEtXY,spy,2026-09-17T12:59:49Z,71vTKx58uYPJe57GUZB98Q8rAdGSYcukzwRuxAXEmcwt,0.054347157,2026-09-16T14:27:54Z,81115,B4TQzoGp9CXmhqbjRjjsWRUcADnMTYsdR2SoxXLB17sHttKW67pD1QytqPztTG5CjiNYTZTGVoMjeEbAQjBTPk3,1,1,False,False,False
89HbgWduLwoxcofWpmn1EiF9wEdpgkNDEyPjzZ72mkDi,HIDDEN_CANDIDATE,Er5RuNhTEwJH5dHv9c3YGATjgkLCETH4dKazntyWEtXY,spy,2026-09-17T12:59:49Z,5Q544fKrFoe6tsEbD7S8EmxGTJYAKtTVhAW5Q5pge4j1,1.337916709,2026-09-16T14:34:02Z,80747,4KWrwG9vR4JVj3pYThcbrw8HffooWmcLEvt4YGjW8Nnb5AaqMkhYTvRg2meGe6DAcXCTfbN9t84yTEW8MwNcsmAg,381,7,True,False,False
89HbgWduLwoxcofWpmn1EiF9wEdpgkNDEyPjzZ72mkDi,HIDDEN_CANDIDATE,Er5RuNhTEwJH5dHv9c3YGATjgkLCETH4dKazntyWEtXY,spy,2026-09-17T12:59:49Z,DoAsxPQgiyAxyaJNvpAAUb2ups6rbJRdYrCPyWxwRxBb,0.188374998,2026-09-16T14:34:38Z,80711,2vLYzPwezKHnJTKQBhR7PqxeG5BSDGU6xKqaNQ569FFMpVpTamV6c5aZQvx9RGRLCfXbq5osbJfCF1kca4bUC4SF,278,3,False,False,False
89HbgWduLwoxcofWpmn1EiF9wEdpgkNDEyPjzZ72mkDi,HIDDEN_CANDIDATE,Er5RuNhTEwJH5dHv9c3YGATjgkLCETH4dKazntyWEtXY,spy,2026-09-17T12:59:49Z,DoAsxPQgiyAxyaJNvpAAUb2ups6rbJRdYrCPyWxwRxBb,0.061917895,2026-09-16T14:37:56Z,80513,3wHfMbAjyy6gTuz7VuYvag4X9C65RaCLoErsPrEqnd2LuTYtERUS7q5iW4i2qtkpAKSFEuQcRH8S8KMDTgha4mGk,278,3,False,False,False
89HbgWduLwoxcofWpmn1EiF9wEdpgkNDEyPjzZ72mkDi,HIDDEN_CANDIDATE,Er5RuNhTEwJH5dHv9c3YGATjgkLCETH4dKazntyWEtXY,spy,2026-09-17T12:59:49Z,DxfurJJThHpSzoHUFCUAm2NKA8Y9kjTXpVhman1Eq8wN,1.204076486,2026-09-16T15:03:11Z,78998,qrjz3ue4aosepoVkn81NSTXwrxqJiVCNpENjwCVBApqvibGt28exPd2dggofT9u4R9GS6K1fgjHVShxoJyDm6Zz,4,1,False,False,False
89HbgWduLwoxcofWpmn1EiF9wEdpgkNDEyPjzZ72mkDi,HIDDEN_CANDIDATE,Er5RuNhTEwJH5dHv9c3YGATjgkLCETH4dKazntyWEtXY,spy,2026-09-17T12:59:49Z,DoAsxPQgiyAxyaJNvpAAUb2ups6rbJRdYrCPyWxwRxBb,0.29253162,2026-09-16T15:03:35Z,78974,34iWRnTTXaigeQUktg73C6W3c1VrydYKP5RZVTwuEmg7CvcGoQhJtqCEzUEdZkQwjwrYDkG3JPRUTqXr6RYcLjEe,278,3,False,False,False
89HbgWduLwoxcofWpmn1EiF9wEdpgkNDEyPjzZ72mkDi,HIDDEN_CANDIDATE,Er5RuNhTEwJH5dHv9c3YGATjgkLCETH4dKazntyWEtXY,spy,2026-09-17T12:59:49Z,DxfurJJThHpSzoHUFCUAm2NKA8Y9kjTXpVhman1Eq8wN,1.151508238,2026-09-16T15:11:42Z,78487,5aMf7VEDghKpo57eE1LeUvxjGyC9n4mqu4ZijqBuMEPwhEydJhgufm4gJMQcupngAWcm9AibVEKyBSVPDf1zdJqL,4,1,False,False,False
89HbgWduLwoxcofWpmn1EiF9wEdpgkNDEyPjzZ72mkDi,HIDDEN_CANDIDATE,Er5RuNhTEwJH5dHv9c3YGATjgkLCETH4dKazntyWEtXY,spy,2026-09-17T12:59:49Z,DxfurJJThHpSzoHUFCUAm2NKA8Y9kjTXpVhman1Eq8wN,0.923821849,2026-09-16T15:11:44Z,78485,2kCsHqWCE5Ux1HmC8bSUdvQGjUiaVEfutSV49qixm28c1ibjFsVcPWmXpXd1BFXmiyJYvhbjPRJeHaXRapN1p8BE,4,1,False,False,False
89HbgWduLwoxcofWpmn1EiF9wEdpgkNDEyPjzZ72mkDi,HIDDEN_CANDIDATE,Er5RuNhTEwJH5dHv9c3YGATjgkLCETH4dKazntyWEtXY,spy,2026-09-17T12:59:49Z,DxfurJJThHpSzoHUFCUAm2NKA8Y9kjTXpVhman1Eq8wN,1.597938531,2026-09-16T15:11:57Z,78472,2pJptx4f3YTfVejy844qmbzmhr5PKfsGLS6djhRjtdTTTFxcrwTd9cuse6yjpNhKXzpSbARft9Hf8LBxrWz1FCY,4,1,False,False,False
89HbgWduLwoxcofWpmn1EiF9wEdpgkNDEyPjzZ72mkDi,HIDDEN_CANDIDATE,Er5RuNhTEwJH5dHv9c3YGATjgkLCETH4dKazntyWEtXY,spy,2026-09-17T12:59:49Z,DoAsxPQgiyAxyaJNvpAAUb2ups6rbJRdYrCPyWxwRxBb,0.125889648,2026-09-16T15:12:33Z,78436,EekQcnK3qHxVBTDQr3srGgkLLyr5HQ1zt6msHh39Hs6bUShxA17h1AfokiRoDMqQ6parHywDPHES4oTycCoydWd,278,3,False,False,False
89HbgWduLwoxcofWpmn1EiF9wEdpgkNDEyPjzZ72mkDi,HIDDEN_CANDIDATE,Er5RuNhTEwJH5dHv9c3YGATjgkLCETH4dKazntyWEtXY,spy,2026-09-17T12:59:49Z,5gzTXoZd62pbxJNbQhC5C6t5MDBYsfgn7PwKb7vvRXTX,1.695254122,2026-09-16T15:21:33Z,77896,4NRufeJCuE2Mi8iD5zMhZqZ8eggZp1tqriXmy4VTquaYtdhobiVFTq7PNiwFhqCe8d2RvdJFwhHAQc5dS5dWVPty,1,1,False,False,False
89HbgWduLwoxcofWpmn1EiF9wEdpgkNDEyPjzZ72mkDi,HIDDEN_CANDIDATE,Er5RuNhTEwJH5dHv9c3YGATjgkLCETH4dKazntyWEtXY,spy,2026-09-17T12:59:49Z,2iv78s7PkLbbtzswAdvM1BpZNGvHykHgtnQYAjh3FQMF,0.963122063,2026-09-16T15:21:44Z,77885,3Z7AF4EbUrTeD1aYm17NY4UHgySk3HbE9VQYF2TGfh1eydUeXxEMFaPLf4k2zLVX59Xrhdyzqz4WNKgc9S9hwneU,3,2,True,False,False
89HbgWduLwoxcofWpmn1EiF9wEdpgkNDEyPjzZ72mkDi,HIDDEN_CANDIDATE,Er5RuNhTEwJH5dHv9c3YGATjgkLCETH4dKazntyWEtXY,spy,2026-09-17T12:59:49Z,DoAsxPQgiyAxyaJNvpAAUb2ups6rbJRdYrCPyWxwRxBb,0.172446241,2026-09-16T15:23:39Z,77770,saHj3Fsh6GoV2R3msDxWXmKueAZiFT8xj8tAocjNRtZgNfcTPbnQtTMk43nQr21PXgnhxpE8H7NaAGTQaQ72JmB,278,3,False,False,False
89HbgWduLwoxcofWpmn1EiF9wEdpgkNDEyPjzZ72mkDi,HIDDEN_CANDIDATE,Er5RuNhTEwJH5dHv9c3YGATjgkLCETH4dKazntyWEtXY,spy,2026-09-17T12:59:49Z,DoAsxPQgiyAxyaJNvpAAUb2ups6rbJRdYrCPyWxwRxBb,0.187168093,2026-09-16T16:30:30Z,73759,3bp8LCQXB8QWyMCot5DxLBW9Vs8tY1pRKgagnkV4z7792QSb8E2Kwj1YnTCmCiRH4xnnVMAebuVJi5A1kNts6Ymk,278,3,False,False,False
89HbgWduLwoxcofWpmn1EiF9wEdpgkNDEyPjzZ72mkDi,HIDDEN_CANDIDATE,Er5RuNhTEwJH5dHv9c3YGATjgkLCETH4dKazntyWEtXY,spy,2026-09-17T12:59:49Z,BrsmtTPAJVr6gd8AfGF3JRUdFtrcKiqm98cSKmH1rF9c,1.533452745,2026-09-16T16:50:24Z,72565,3jjo6jYZRcowzPXtjdBryGzyKFu5bBFPXio5orzZhkMBatcUv3qxfyHkPKsSYWKAwheBij2qf6QE16eeEE6eMa5i,2,1,False,False,False
89HbgWduLwoxcofWpmn1EiF9wEdpgkNDEyPjzZ72mkDi,HIDDEN_CANDIDATE,Er5RuNhTEwJH5dHv9c3YGATjgkLCETH4dKazntyWEtXY,spy,2026-09-17T12:59:49Z,DoAsxPQgiyAxyaJNvpAAUb2ups6rbJRdYrCPyWxwRxBb,0.189260171,2026-09-16T16:51:29Z,72500,4pmvDKRevqHKeiNvnNDWRMNxRNh2EqumhXrMB76pHzcoY5Vpyu5wpQuqjSbSTX5x6bsPaZ4kwCkYfKABdFkZWWqd,278,3,False,False,False
89HbgWduLwoxcofWpmn1EiF9wEdpgkNDEyPjzZ72mkDi,HIDDEN_CANDIDATE,Er5RuNhTEwJH5dHv9c3YGATjgkLCETH4dKazntyWEtXY,spy,2026-09-17T12:59:49Z,GCBkkA6FUvTiJZjwRBMZoyzHvd9H24uq8F59idhZsvb,0.72317605,2026-09-16T16:53:19Z,72390,47bcR3zR1yW5fb16NeZT5SLFpmux6rEvBNrBknRSxWSQj78hXkMCGavxzEERBGVMBZoSfqcEGyzz7hULjHQCky6z,6,2,True,False,False
89HbgWduLwoxcofWpmn1EiF9wEdpgkNDEyPjzZ72mkDi,HIDDEN_CANDIDATE,Er5RuNhTEwJH5dHv9c3YGATjgkLCETH4dKazntyWEtXY,spy,2026-09-17T12:59:49Z,GCBkkA6FUvTiJZjwRBMZoyzHvd9H24uq8F59idhZsvb,0.45013929,2026-09-16T16:53:21Z,72388,3CiGpjbuhkYGtCbeLjoDQCLZDa9Bit86GQHh6NbyqTNKy8vgdQU22Jy8SdCwN6ZSGAnveZ1Jd2SR8x5RnMTKWiyg,6,2,True,False,False
89HbgWduLwoxcofWpmn1EiF9wEdpgkNDEyPjzZ72mkDi,HIDDEN_CANDIDATE,Er5RuNhTEwJH5dHv9c3YGATjgkLCETH4dKazntyWEtXY,spy,2026-09-17T12:59:49Z,GCBkkA6FUvTiJZjwRBMZoyzHvd9H24uq8F59idhZsvb,0.418890171,2026-09-16T16:54:01Z,72348,4KiDmrqcvP5KfYN9WHs9BdrqSoJpKksYerbdddyfsXATc34DHFytTbVX3aHfqbKmeWpDa18VjZpziVhmz3QsV2ux,6,2,True,False,False
89HbgWduLwoxcofWpmn1EiF9wEdpgkNDEyPjzZ72mkDi,HIDDEN_CANDIDATE,Er5RuNhTEwJH5dHv9c3YGATjgkLCETH4dKazntyWEtXY,spy,2026-09-17T12:59:49Z,DoAsxPQgiyAxyaJNvpAAUb2ups6rbJRdYrCPyWxwRxBb,0.11800937,2026-09-16T16:54:45Z,72304,2Ybfif9PJmmVyK3VDp8h4B7BKErDjB7PutsNU6FXtenH9tvtng53rG2eXQy2maofiPKnsgmMLweS9KgrSjfMKbig,278,3,False,False,False
89HbgWduLwoxcofWpmn1EiF9wEdpgkNDEyPjzZ72mkDi,HIDDEN_CANDIDATE,Er5RuNhTEwJH5dHv9c3YGATjgkLCETH4dKazntyWEtXY,spy,2026-09-17T12:59:49Z,DoAsxPQgiyAxyaJNvpAAUb2ups6rbJRdYrCPyWxwRxBb,0.110626042,2026-09-16T18:31:23Z,66506,4Kco7Crwa4tZo4Ua9rJ74tSKpJzQGUcXThxX5Rrx4MFAV69T4dCcMetAi9WEhkReR5qQDzZ84hxco5Uoygt3DA1a,278,3,False,False,False
89HbgWduLwoxcofWpmn1EiF9wEdpgkNDEyPjzZ72mkDi,HIDDEN_CANDIDATE,Er5RuNhTEwJH5dHv9c3YGATjgkLCETH4dKazntyWEtXY,spy,2026-09-17T12:59:49Z,2AFmeNoK5zrwnUWFstzg2YyvARD6nddYDe6stZDGfZYn,3.829414237,2026-09-16T19:52:18Z,61651,63AVzu3ss8urPGHsJqen6D8topd8i5SiNrQ2CJ3ckYDG8JLc6ovGPmi689nFG9C3mGcKEPNvxJx8Q8zMrjJCNw4i,1,1,False,False,False
89HbgWduLwoxcofWpmn1EiF9wEdpgkNDEyPjzZ72mkDi,HIDDEN_CANDIDATE,Er5RuNhTEwJH5dHv9c3YGATjgkLCETH4dKazntyWEtXY,spy,2026-09-17T12:59:49Z,DoAsxPQgiyAxyaJNvpAAUb2ups6rbJRdYrCPyWxwRxBb,0.21514574,2026-09-16T19:52:33Z,61636,23xD2NEuKjoR1r7CGEFnWrtTs6BJo1JaFHpniSEPVsqAE2FDQzjj8aJSTvp3G2UvDx9fSduJDxkwYBDtdUVXo4di,278,3,False,False,False
89HbgWduLwoxcofWpmn1EiF9wEdpgkNDEyPjzZ72mkDi,HIDDEN_CANDIDATE,Er5RuNhTEwJH5dHv9c3YGATjgkLCETH4dKazntyWEtXY,spy,2026-09-17T12:59:49Z,5Q544fKrFoe6tsEbD7S8EmxGTJYAKtTVhAW5Q5pge4j1,1.273504105,2026-09-16T20:14:56Z,60293,36vzBVLDuxLESq9XeojUBwRVSVunkbaq82eqahYbvgMK7ah3FWji2fe2Mxaquh9WtVX7LisyEKGgt2omeiXY1unU,381,7,True,False,False
89HbgWduLwoxcofWpmn1EiF9wEdpgkNDEyPjzZ72mkDi,HIDDEN_CANDIDATE,Er5RuNhTEwJH5dHv9c3YGATjgkLCETH4dKazntyWEtXY,spy,2026-09-17T12:59:49Z,5Q544fKrFoe6tsEbD7S8EmxGTJYAKtTVhAW5Q5pge4j1,2.035739378,2026-09-16T20:39:51Z,58798,23LVaFMouN52yxLBoA9fRoJaJvdSTUiLDyK6mtbJdxtm8j3MKQy3g3vhi6FebZiCwyohkQ7cCDrJop8yohtfVf5b,381,7,True,False,False
89HbgWduLwoxcofWpmn1EiF9wEdpgkNDEyPjzZ72mkDi,HIDDEN_CANDIDATE,Er5RuNhTEwJH5dHv9c3YGATjgkLCETH4dKazntyWEtXY,spy,2026-09-17T12:59:49Z,DoAsxPQgiyAxyaJNvpAAUb2ups6rbJRdYrCPyWxwRxBb,0.205420783,2026-09-16T20:52:01Z,58068,4YrhAXeD4YokzoyUNH2S8dxnFAv9Br1eD9kRUEAMuWsXEe8mDHTcKZVutRyZwGfH4qP7rAS5TvD4UeyyFaySdkxG,278,3,False,False,False
89HbgWduLwoxcofWpmn1EiF9wEdpgkNDEyPjzZ72mkDi,HIDDEN_CANDIDATE,Er5RuNhTEwJH5dHv9c3YGATjgkLCETH4dKazntyWEtXY,spy,2026-09-17T12:59:49Z,DoAsxPQgiyAxyaJNvpAAUb2ups6rbJRdYrCPyWxwRxBb,0.140211071,2026-09-16T20:57:51Z,57718,3oX52Yo3S5QiWABi5CQFeV7EWnSBcWDEswdf8h8wmHD98ouNNanYsqAaZct9h3Lf3ex51BdvQVbU4dqpJ9hLu2zf,278,3,False,False,False
89HbgWduLwoxcofWpmn1EiF9wEdpgkNDEyPjzZ72mkDi,HIDDEN_CANDIDATE,Er5RuNhTEwJH5dHv9c3YGATjgkLCETH4dKazntyWEtXY,spy,2026-09-17T12:59:49Z,5Q544fKrFoe6tsEbD7S8EmxGTJYAKtTVhAW5Q5pge4j1,1.86613633,2026-09-16T20:59:24Z,57625,22axvSeJEZT7GP6jv8z64nfFFRkwhJjqkEyQvnycwegnEEnJSghurziv4NhVXUKybhd6v7LV2HCw5deMJ4Y3WRFp,381,7,True,False,False
89HbgWduLwoxcofWpmn1EiF9wEdpgkNDEyPjzZ72mkDi,HIDDEN_CANDIDATE,Er5RuNhTEwJH5dHv9c3YGATjgkLCETH4dKazntyWEtXY,spy,2026-09-17T12:59:49Z,5Q544fKrFoe6tsEbD7S8EmxGTJYAKtTVhAW5Q5pge4j1,1.802836137,2026-09-16T21:01:50Z,57479,292RyvbaZFMZKzJoHjJaQ7M8XAZ3fj3uwScy3eQWggsh8wLtB6sSgsuzmVLBy43ntCqDELg9Th33sgs8DL7DsYes,381,7,True,False,False
89HbgWduLwoxcofWpmn1EiF9wEdpgkNDEyPjzZ72mkDi,HIDDEN_CANDIDATE,Er5RuNhTEwJH5dHv9c3YGATjgkLCETH4dKazntyWEtXY,spy,2026-09-17T12:59:49Z,5Q544fKrFoe6tsEbD7S8EmxGTJYAKtTVhAW5Q5pge4j1,4.753781257,2026-09-16T21:02:19Z,57450,8oJwfQ9jLWu575gQDcgteXf9XVRuf4okNtSQ6QU9MET9CowQjUvL7o1ijxPw8XvuEETXEKMjdX28VVaPDhnJ5Xx,381,7,True,False,False
89HbgWduLwoxcofWpmn1EiF9wEdpgkNDEyPjzZ72mkDi,HIDDEN_CANDIDATE,Er5RuNhTEwJH5dHv9c3YGATjgkLCETH4dKazntyWEtXY,spy,2026-09-17T12:59:49Z,5Q544fKrFoe6tsEbD7S8EmxGTJYAKtTVhAW5Q5pge4j1,3.01808694,2026-09-16T21:02:21Z,57448,5e1bdMpdTnL5j5bhUj5kLmkER9aMs5gR8keaTieWp7r9C9YKznm1EX7MDmY6uvVQcge4fccqtin5cMooMSDWwkJV,381,7,True,False,False
89HbgWduLwoxcofWpmn1EiF9wEdpgkNDEyPjzZ72mkDi,HIDDEN_CANDIDATE,Er5RuNhTEwJH5dHv9c3YGATjgkLCETH4dKazntyWEtXY,spy,2026-09-17T12:59:49Z,5Q544fKrFoe6tsEbD7S8EmxGTJYAKtTVhAW5Q5pge4j1,3.206794284,2026-09-16T21:02:40Z,57429,s99zAmwudpD1N2rpxVSdWwTdQJ3yMnD94TXr7m3f2gX3QUqgviWzXVjwgPYrSkswV2QguYpknRdbBdrgjmh59dX,381,7,True,False,False
89HbgWduLwoxcofWpmn1EiF9wEdpgkNDEyPjzZ72mkDi,HIDDEN_CANDIDATE,Er5RuNhTEwJH5dHv9c3YGATjgkLCETH4dKazntyWEtXY,spy,2026-09-17T12:59:49Z,5Q544fKrFoe6tsEbD7S8EmxGTJYAKtTVhAW5Q5pge4j1,3.516502152,2026-09-16T21:03:25Z,57384,FgnEhQYZmcysYKHhePPAXmkQkedF4RhuUu8tmZT3xMR1fQEPyC33irvc2vp1md4aebyXEBMfV3ZMkxy2Vh1JNz8,381,7,True,False,False
89HbgWduLwoxcofWpmn1EiF9wEdpgkNDEyPjzZ72mkDi,HIDDEN_CANDIDATE,Er5RuNhTEwJH5dHv9c3YGATjgkLCETH4dKazntyWEtXY,spy,2026-09-17T12:59:49Z,DoAsxPQgiyAxyaJNvpAAUb2ups6rbJRdYrCPyWxwRxBb,0.241842249,2026-09-16T21:03:41Z,57368,3Vt8JVYvVpGZMos66r37HSe1Vw5HmU7A2ZCud631AfiGe7CW9dQUN9wKdmUsTUzpXNyC3jiDB4gr8BVtRbs71qF4,278,3,False,False,False
89HbgWduLwoxcofWpmn1EiF9wEdpgkNDEyPjzZ72mkDi,HIDDEN_CANDIDATE,Er5RuNhTEwJH5dHv9c3YGATjgkLCETH4dKazntyWEtXY,spy,2026-09-17T12:59:49Z,5Q544fKrFoe6tsEbD7S8EmxGTJYAKtTVhAW5Q5pge4j1,1.584888527,2026-09-16T21:30:08Z,55781,JjYyfFue1VcTFKMmLbXPQ5fczsYqrhBzYFPLCERug6ZxtLs6muZUPCqwLcYnukQhBQZLu3beDyRNphNsD7fMxA1,381,7,True,False,False
89HbgWduLwoxcofWpmn1EiF9wEdpgkNDEyPjzZ72mkDi,HIDDEN_CANDIDATE,Er5RuNhTEwJH5dHv9c3YGATjgkLCETH4dKazntyWEtXY,spy,2026-09-17T12:59:49Z,B5EwJVDuAauzUEEdwvbuXzbFFgEYnUqqS37TUM1c4PQA,1.018573486,2026-09-16T21:31:51Z,55678,4Mw2WjSkgYqW4awa6EWQeSeCnE2NGG5gAb8Az2cY5wU7rDj8NHAtjhi4v1PyNe5owiXuFuDFKm5ezwpBqgmmHpXS,25,3,True,False,False
89HbgWduLwoxcofWpmn1EiF9wEdpgkNDEyPjzZ72mkDi,HIDDEN_CANDIDATE,Er5RuNhTEwJH5dHv9c3YGATjgkLCETH4dKazntyWEtXY,spy,2026-09-17T12:59:49Z,B5EwJVDuAauzUEEdwvbuXzbFFgEYnUqqS37TUM1c4PQA,1.366623033,2026-09-16T21:32:04Z,55665,38Fec6oHyG2hk2g2czTCsU6JzNkhoeab7EQC9ozTErieKDhmR7mwe2DQsYNS2vy8PnqpFKw7yP1c4UKK64BKKDyt,25,3,True,False,False
89HbgWduLwoxcofWpmn1EiF9wEdpgkNDEyPjzZ72mkDi,HIDDEN_CANDIDATE,Er5RuNhTEwJH5dHv9c3YGATjgkLCETH4dKazntyWEtXY,spy,2026-09-17T12:59:49Z,5Q544fKrFoe6tsEbD7S8EmxGTJYAKtTVhAW5Q5pge4j1,2.23698813,2026-09-16T21:33:52Z,55557,23rKp96LmoHR39uGRaDGQTfeJ2pQt1LQhrTrCzsb2Pas2AaQexmCGrBUjhJePREnE3FoUBi2MS4zjFDd29uijtfS,381,7,True,False,False
89HbgWduLwoxcofWpmn1EiF9wEdpgkNDEyPjzZ72mkDi,HIDDEN_CANDIDATE,Er5RuNhTEwJH5dHv9c3YGATjgkLCETH4dKazntyWEtXY,spy,2026-09-17T12:59:49Z,B5EwJVDuAauzUEEdwvbuXzbFFgEYnUqqS37TUM1c4PQA,3.153739775,2026-09-16T21:40:38Z,55151,pHesjfUeaZ7HvV6gaCNpRpcXVQZCgT63FYqqAR6VQK5aXdtDhpn3WCdtWpvFSS2BLmxZf44odyxox2PGmZBpMMq,25,3,True,False,False
89HbgWduLwoxcofWpmn1EiF9wEdpgkNDEyPjzZ72mkDi,HIDDEN_CANDIDATE,Er5RuNhTEwJH5dHv9c3YGATjgkLCETH4dKazntyWEtXY,spy,2026-09-17T12:59:49Z,B5EwJVDuAauzUEEdwvbuXzbFFgEYnUqqS37TUM1c4PQA,3.081373565,2026-09-16T21:40:39Z,55150,WxwCmfKJme3veyvBZ9Dh6nEQFCmGTE2kF5DgD1htUSV8Y5evdqTJ3Wpdb5ZFcXdBD88JU78nHfra9F1nXsaNQAq,25,3,True,False,False
89HbgWduLwoxcofWpmn1EiF9wEdpgkNDEyPjzZ72mkDi,HIDDEN_CANDIDATE,Er5RuNhTEwJH5dHv9c3YGATjgkLCETH4dKazntyWEtXY,spy,2026-09-17T12:59:49Z,B5EwJVDuAauzUEEdwvbuXzbFFgEYnUqqS37TUM1c4PQA,2.518479807,2026-09-16T21:40:39Z,55150,4ZAqYSZEaWgCaxoz8joKmwHQeaCos6tdi6xDJ7WBJ5Mw14xpHgLyNHUwYgUtF9sUBBdKTLbNbG3PBvWbKsYx9pDf,25,3,True,False,False
89HbgWduLwoxcofWpmn1EiF9wEdpgkNDEyPjzZ72mkDi,HIDDEN_CANDIDATE,Er5RuNhTEwJH5dHv9c3YGATjgkLCETH4dKazntyWEtXY,spy,2026-09-17T12:59:49Z,B5EwJVDuAauzUEEdwvbuXzbFFgEYnUqqS37TUM1c4PQA,2.176779052,2026-09-16T21:40:39Z,55150,5uWyMqo25swXUyowpMpYMLfakaUCxmn6kJiQmEBvCukqikHur2LpSSyFXHbhWcxujRZoW842FHj9STKDKoaecVrQ,25,3,True,False,False
89HbgWduLwoxcofWpmn1EiF9wEdpgkNDEyPjzZ72mkDi,HIDDEN_CANDIDATE,Er5RuNhTEwJH5dHv9c3YGATjgkLCETH4dKazntyWEtXY,spy,2026-09-17T12:59:49Z,B5EwJVDuAauzUEEdwvbuXzbFFgEYnUqqS37TUM1c4PQA,1.484477425,2026-09-16T21:40:40Z,55149,3eUHcnnQXcvvd4HxaT7GZaiPfaiCsMM9VCCeorqmbzfEcJzJ7KQAWbUWzWtpfE7M9237qXARHFUhuV5gQ56a6kLo,25,3,True,False,False
89HbgWduLwoxcofWpmn1EiF9wEdpgkNDEyPjzZ72mkDi,HIDDEN_CANDIDATE,Er5RuNhTEwJH5dHv9c3YGATjgkLCETH4dKazntyWEtXY,spy,2026-09-17T12:59:49Z,B5EwJVDuAauzUEEdwvbuXzbFFgEYnUqqS37TUM1c4PQA,5.414620939,2026-09-16T21:41:09Z,55120,5VdmhbY1doPM3sZnEHfCRdZwHqzVwWM75dwe8cgX6e3cVgK7fxXwf9hbaQkZ2DiYFVWGDhMRHiobmKUddL2QSFdv,25,3,True,False,False
89HbgWduLwoxcofWpmn1EiF9wEdpgkNDEyPjzZ72mkDi,HIDDEN_CANDIDATE,Er5RuNhTEwJH5dHv9c3YGATjgkLCETH4dKazntyWEtXY,spy,2026-09-17T12:59:49Z,B5EwJVDuAauzUEEdwvbuXzbFFgEYnUqqS37TUM1c4PQA,3.754470228,2026-09-16T21:41:10Z,55119,5WrJoTJ77BRppFo23mEFnnBVqwQ9hqVsabDVskpSbkv8ZxSqjtMzhbvbCbSBR6ucKDKWR6eCPtsWbYqCrETz3woe,25,3,True,False,False
89HbgWduLwoxcofWpmn1EiF9wEdpgkNDEyPjzZ72mkDi,HIDDEN_CANDIDATE,Er5RuNhTEwJH5dHv9c3YGATjgkLCETH4dKazntyWEtXY,spy,2026-09-17T12:59:49Z,B5EwJVDuAauzUEEdwvbuXzbFFgEYnUqqS37TUM1c4PQA,3.750348917,2026-09-16T21:41:10Z,55119,36UodPu5xDxoEqazs2ArapNVAAJsQvtsbEo5BFRHCUe4rXCGf2ko4zBzLKUSei2PiP28uzCbArRLmawaGh41Yz92,25,3,True,False,False
89HbgWduLwoxcofWpmn1EiF9wEdpgkNDEyPjzZ72mkDi,HIDDEN_CANDIDATE,Er5RuNhTEwJH5dHv9c3YGATjgkLCETH4dKazntyWEtXY,spy,2026-09-17T12:59:49Z,B5EwJVDuAauzUEEdwvbuXzbFFgEYnUqqS37TUM1c4PQA,3.094453483,2026-09-16T21:41:14Z,55115,3PwmhmY7t5bzVZcwPv62p2S9jMCH3PVorqZvaZ88hbKGyM1ycXyWeDWtxusqcoJC3wZ8y1obTdmj1HHrxfTSfDoe,25,3,True,False,False
89HbgWduLwoxcofWpmn1EiF9wEdpgkNDEyPjzZ72mkDi,HIDDEN_CANDIDATE,Er5RuNhTEwJH5dHv9c3YGATjgkLCETH4dKazntyWEtXY,spy,2026-09-17T12:59:49Z,B5EwJVDuAauzUEEdwvbuXzbFFgEYnUqqS37TUM1c4PQA,4.062529447,2026-09-16T21:41:25Z,55104,3zqJCfRAEfTCtPy4ZbLUu624ojvyRETNc5t7ps7rF86FWmKjA9m2Y3uCrfAD8YPRKD41APbLQpzuQjaKh6SeKZt2,25,3,True,False,False
89HbgWduLwoxcofWpmn1EiF9wEdpgkNDEyPjzZ72mkDi,HIDDEN_CANDIDATE,Er5RuNhTEwJH5dHv9c3YGATjgkLCETH4dKazntyWEtXY,spy,2026-09-17T12:59:49Z,B5EwJVDuAauzUEEdwvbuXzbFFgEYnUqqS37TUM1c4PQA,3.774301058,2026-09-16T21:43:15Z,54994,2vyox2rDoXHvnK2LgGDQTt7UxuMNdwugg8TDMHXwAxkdg4zosZu1M7JVpeAztXdMfYtt2HRQW2hNyijT8pjNt2Ek,25,3,True,False,False
89HbgWduLwoxcofWpmn1EiF9wEdpgkNDEyPjzZ72mkDi,HIDDEN_CANDIDATE,Er5RuNhTEwJH5dHv9c3YGATjgkLCETH4dKazntyWEtXY,spy,2026-09-17T12:59:49Z,DoAsxPQgiyAxyaJNvpAAUb2ups6rbJRdYrCPyWxwRxBb,0.533693101,2026-09-16T21:43:35Z,54974,53gWAE2v7ixFkfSGxeWKCyVsXAXubsh2b7ZJV55fWqz3TzNNboKWHmiwnAomvcuXPXZdqvZ97uHgEu382BoLak4y,278,3,False,False,False
89HbgWduLwoxcofWpmn1EiF9wEdpgkNDEyPjzZ72mkDi,HIDDEN_CANDIDATE,Er5RuNhTEwJH5dHv9c3YGATjgkLCETH4dKazntyWEtXY,spy,2026-09-17T12:59:49Z,DoAsxPQgiyAxyaJNvpAAUb2ups6rbJRdYrCPyWxwRxBb,0.070732881,2026-09-16T21:46:21Z,54808,2ajpDrtuMjP89GH4r2ufRh7cnXrAS49GDgvYiejfB4eQgqmkuHCdL1418o7inpun1VLKSd3zDzZRCatYNBX3buxJ,278,3,False,False,False
89HbgWduLwoxcofWpmn1EiF9wEdpgkNDEyPjzZ72mkDi,HIDDEN_CANDIDATE,Er5RuNhTEwJH5dHv9c3YGATjgkLCETH4dKazntyWEtXY,spy,2026-09-17T12:59:49Z,5Q544fKrFoe6tsEbD7S8EmxGTJYAKtTVhAW5Q5pge4j1,1.752327935,2026-09-16T21:56:28Z,54201,2Co8c8VaM62RoXUyaV1NWmRVosjPqVqT6MHAU9BRUgAmTQoiSCkSU3szcMiT8NaAFWFKo4ZBNxE244UyUWVCpBFg,381,7,True,False,False
89HbgWduLwoxcofWpmn1EiF9wEdpgkNDEyPjzZ72mkDi,HIDDEN_CANDIDATE,Er5RuNhTEwJH5dHv9c3YGATjgkLCETH4dKazntyWEtXY,spy,2026-09-17T12:59:49Z,5Q544fKrFoe6tsEbD7S8EmxGTJYAKtTVhAW5Q5pge4j1,1.622174587,2026-09-16T22:00:28Z,53961,4qejdKRWyywuchwDJGxMASfbY3BrtLLs67rvZ8ZWoVCiePRve3yGhkMzmo2QxFyyiHeZcZja8AzHcuB4e3SLbxhR,381,7,True,False,False
89HbgWduLwoxcofWpmn1EiF9wEdpgkNDEyPjzZ72mkDi,HIDDEN_CANDIDATE,Er5RuNhTEwJH5dHv9c3YGATjgkLCETH4dKazntyWEtXY,spy,2026-09-17T12:59:49Z,DoAsxPQgiyAxyaJNvpAAUb2ups6rbJRdYrCPyWxwRxBb,0.265962945,2026-09-16T22:02:57Z,53812,3Ctb2f59GxgXQJ7E3SczLCuEhxvqxc4KpBVD952qUKHtqDTbk78WyH1cmj6PUH6feaTtJz6MBw2nb3bBtWHVTtFS,278,3,False,False,False
89HbgWduLwoxcofWpmn1EiF9wEdpgkNDEyPjzZ72mkDi,HIDDEN_CANDIDATE,Er5RuNhTEwJH5dHv9c3YGATjgkLCETH4dKazntyWEtXY,spy,2026-09-17T12:59:49Z,5Q544fKrFoe6tsEbD7S8EmxGTJYAKtTVhAW5Q5pge4j1,4.60743378,2026-09-16T22:35:22Z,51867,7vD57cQC74qudc2A3d8NUC61HE9AZPbzmqvxhZMF78xtm1DJde2Gd4754pfmivRnbEj9mGUgEW7BEUtqrhXkxwq,381,7,True,False,False
89HbgWduLwoxcofWpmn1EiF9wEdpgkNDEyPjzZ72mkDi,HIDDEN_CANDIDATE,Er5RuNhTEwJH5dHv9c3YGATjgkLCETH4dKazntyWEtXY,spy,2026-09-17T12:59:49Z,DoAsxPQgiyAxyaJNvpAAUb2ups6rbJRdYrCPyWxwRxBb,0.253318918,2026-09-16T22:35:50Z,51839,49rTxFqfAKE5VZKu4ztVhKwtLRWrhKwm5MqG98m68YQ7gijbcaxwBVqJRVAsaxL8WEF764cAtga38K7eYkR7Ujw5,278,3,False,False,False
89HbgWduLwoxcofWpmn1EiF9wEdpgkNDEyPjzZ72mkDi,HIDDEN_CANDIDATE,Er5RuNhTEwJH5dHv9c3YGATjgkLCETH4dKazntyWEtXY,spy,2026-09-17T12:59:49Z,5Q544fKrFoe6tsEbD7S8EmxGTJYAKtTVhAW5Q5pge4j1,2.441487776,2026-09-16T22:49:23Z,51026,2SCaUtdVMDGxrwDoGTDo3EnVaCp6j8mUVwbxK2MGdwpUjZESnCLw9Hy1z8sxy3525ZXTRQJDqCSHkxqJU7xE6vac,381,7,True,False,False
89HbgWduLwoxcofWpmn1EiF9wEdpgkNDEyPjzZ72mkDi,HIDDEN_CANDIDATE,Er5RuNhTEwJH5dHv9c3YGATjgkLCETH4dKazntyWEtXY,spy,2026-09-17T12:59:49Z,DoAsxPQgiyAxyaJNvpAAUb2ups6rbJRdYrCPyWxwRxBb,0.316176175,2026-09-16T23:00:26Z,50363,ha34jVG79dAgQo7MLxqYE3nbD6ABUKUGLpvWspKCT1ayhnBiFCE95yanW236J1bvtHh3eTWHVNTsRPPzQcJazpE,278,3,False,False,False
89HbgWduLwoxcofWpmn1EiF9wEdpgkNDEyPjzZ72mkDi,HIDDEN_CANDIDATE,Er5RuNhTEwJH5dHv9c3YGATjgkLCETH4dKazntyWEtXY,spy,2026-09-17T12:59:49Z,5Q544fKrFoe6tsEbD7S8EmxGTJYAKtTVhAW5Q5pge4j1,1.876448721,2026-09-16T23:01:20Z,50309,Rtq5oqrDsJnn6WmSvbfUrH18vKYkxSLuyx7qyxFwN2ocbTVWd735KXGX9VuUR7Wnm2zkqxjf8HgXmEU2XwAEKEr,381,7,True,False,False
89HbgWduLwoxcofWpmn1EiF9wEdpgkNDEyPjzZ72mkDi,HIDDEN_CANDIDATE,Er5RuNhTEwJH5dHv9c3YGATjgkLCETH4dKazntyWEtXY,spy,2026-09-17T12:59:49Z,DoAsxPQgiyAxyaJNvpAAUb2ups6rbJRdYrCPyWxwRxBb,0.166223159,2026-09-16T23:05:21Z,50068,2oeY9WMeUY3ZasviPdtwF37zntt1Yr8ALmvj8R4iiXmeQW3qAS4MzfnG1HtvYhHusfTisCpyntdF1R2Ddh3i8TLr,278,3,False,False,False
89HbgWduLwoxcofWpmn1EiF9wEdpgkNDEyPjzZ72mkDi,HIDDEN_CANDIDATE,Er5RuNhTEwJH5dHv9c3YGATjgkLCETH4dKazntyWEtXY,spy,2026-09-17T12:59:49Z,5Q544fKrFoe6tsEbD7S8EmxGTJYAKtTVhAW5Q5pge4j1,2.327167111,2026-09-16T23:14:52Z,49497,564peWKHrgaMKQNeNjw5K5EUjH6NQgSaYN2XK3ctkaBH9RnKi2fHR55TfnAch6SGYtgb2Sh8ggKoBZ1Yjeu2hXfX,381,7,True,False,False
89HbgWduLwoxcofWpmn1EiF9wEdpgkNDEyPjzZ72mkDi,HIDDEN_CANDIDATE,Er5RuNhTEwJH5dHv9c3YGATjgkLCETH4dKazntyWEtXY,spy,2026-09-17T12:59:49Z,DoAsxPQgiyAxyaJNvpAAUb2ups6rbJRdYrCPyWxwRxBb,0.077111956,2026-09-16T23:15:17Z,49472,32HfQPGLgUumkQJ66qSNJNB1bS917NsVRz3sGyp3N5m9ydbtMKW88CgTxzk8DejAmeTmvtcHrCb5qeuTyRDbfB1G,278,3,False,False,False
89HbgWduLwoxcofWpmn1EiF9wEdpgkNDEyPjzZ72mkDi,HIDDEN_CANDIDATE,Er5RuNhTEwJH5dHv9c3YGATjgkLCETH4dKazntyWEtXY,spy,2026-09-17T12:59:49Z,DoAsxPQgiyAxyaJNvpAAUb2ups6rbJRdYrCPyWxwRxBb,0.103011752,2026-09-16T23:23:37Z,48972,4kRhPPth5c6nCjoyxuBWzAuD9Ur1z1eVvgkfnMdb6q8MfghTiosq5vKh6H1mf6BMyGwfvF61ZdDWxCxuhBc6zhbW,278,3,False,False,False
89HbgWduLwoxcofWpmn1EiF9wEdpgkNDEyPjzZ72mkDi,HIDDEN_CANDIDATE,Er5RuNhTEwJH5dHv9c3YGATjgkLCETH4dKazntyWEtXY,spy,2026-09-17T12:59:49Z,DoAsxPQgiyAxyaJNvpAAUb2ups6rbJRdYrCPyWxwRxBb,0.101261983,2026-09-16T23:25:19Z,48870,178N1EkV3qRhMnT9Qth4QkN8gKHRtvB4UXyzVGTfQyRWWVhZ3eLECBLzBv5URXFYqHWwL7udbEH231bHjzUM2Xn,278,3,False,False,False
89HbgWduLwoxcofWpmn1EiF9wEdpgkNDEyPjzZ72mkDi,HIDDEN_CANDIDATE,Er5RuNhTEwJH5dHv9c3YGATjgkLCETH4dKazntyWEtXY,spy,2026-09-17T12:59:49Z,5Q544fKrFoe6tsEbD7S8EmxGTJYAKtTVhAW5Q5pge4j1,1.910153669,2026-09-16T23:27:58Z,48711,3eQRTwv4tQXtJanRKKz89juBD37hZ9Lctf7Wzshu6aGgjSufmbVBdhAueL4TQ69qEGDwu9PTHWmd1GJ8DBnh9pcb,381,7,True,False,False
89HbgWduLwoxcofWpmn1EiF9wEdpgkNDEyPjzZ72mkDi,HIDDEN_CANDIDATE,Er5RuNhTEwJH5dHv9c3YGATjgkLCETH4dKazntyWEtXY,spy,2026-09-17T12:59:49Z,DoAsxPQgiyAxyaJNvpAAUb2ups6rbJRdYrCPyWxwRxBb,0.247580445,2026-09-16T23:29:47Z,48602,3m33tTc28EfVYVntb5tYxtcr4zPoviVXTRZVvce3Vu3CvJGzSztzoSnqWVPsZNpz8Zfv3igRpS8EbUK3WGPNRrYD,278,3,False,False,False
89HbgWduLwoxcofWpmn1EiF9wEdpgkNDEyPjzZ72mkDi,HIDDEN_CANDIDATE,Er5RuNhTEwJH5dHv9c3YGATjgkLCETH4dKazntyWEtXY,spy,2026-09-17T12:59:49Z,FRSUcaNGp4Pipjb9yHgqPS5grL8YSCE5C6NjFSLqJNZe,0.097952719,2026-09-17T10:04:07Z,10542,4F5z3KgUUBMcK4jKp6VT383o7sHM1XGLExbx7BQqFDbV2uHNKYiSnWW4RorpC6GmxJzedzCA6E5Pw5WaGQNqTBUJ,1,1,False,False,False
89HbgWduLwoxcofWpmn1EiF9wEdpgkNDEyPjzZ72mkDi,HIDDEN_CANDIDATE,Er5RuNhTEwJH5dHv9c3YGATjgkLCETH4dKazntyWEtXY,spy,2026-09-17T12:59:49Z,71bNusfTUM43KTEBviyGwxG815snsVn4QTZhX6QkmYJ1,0.391712702,2026-09-17T10:04:08Z,10541,3YAGP8nBRFYQUQxiHuU2b7XrY9aDYQcdPUxsSXFNaEYY11R2DBvmPrVwLfwRVURG1DSBfywA7mEqih4BZg2omxPk,1,1,False,False,False
89HbgWduLwoxcofWpmn1EiF9wEdpgkNDEyPjzZ72mkDi,HIDDEN_CANDIDATE,Er5RuNhTEwJH5dHv9c3YGATjgkLCETH4dKazntyWEtXY,spy,2026-09-17T12:59:49Z,BrsmtTPAJVr6gd8AfGF3JRUdFtrcKiqm98cSKmH1rF9c,0.053522792,2026-09-17T10:04:09Z,10540,zXz72onXLRAdbjsPkjoJd9LPnVoZvL6f21kuWaqmqAjJRzByJZdTGEeNAaChPmrxnHwX2VbN7KcSsBSTF8N5aoc,2,1,False,False,False
89HbgWduLwoxcofWpmn1EiF9wEdpgkNDEyPjzZ72mkDi,HIDDEN_CANDIDATE,Er5RuNhTEwJH5dHv9c3YGATjgkLCETH4dKazntyWEtXY,spy,2026-09-17T12:59:49Z,APm19rDBcNMCDptTUCR6TLHx8BYJ9BkihnhjycyLNU3S,0.150386137,2026-09-17T10:05:04Z,10485,2ZBJETfKiDmiiTcG6Hy2bXetDYHFnGwNmLzPUejqCvbWU3kGcqeQWpudWgKnCjnfG65xgKANXZo9jLchtsdhy1w7,1,1,False,False,False
89HbgWduLwoxcofWpmn1EiF9wEdpgkNDEyPjzZ72mkDi,HIDDEN_CANDIDATE,Er5RuNhTEwJH5dHv9c3YGATjgkLCETH4dKazntyWEtXY,spy,2026-09-17T12:59:49Z,DoAsxPQgiyAxyaJNvpAAUb2ups6rbJRdYrCPyWxwRxBb,0.245198129,2026-09-17T11:58:19Z,3690,3ExjSBskoPZ6p4XY4C1n32uWNhSDRPZuy66YhKfX5yvLZ2uTVfC3snAPw2pEd6pvVN4hgrZCGJmGScAzNP5g8LFj,278,3,False,False,False
89HbgWduLwoxcofWpmn1EiF9wEdpgkNDEyPjzZ72mkDi,HIDDEN_CANDIDATE,Er5RuNhTEwJH5dHv9c3YGATjgkLCETH4dKazntyWEtXY,spy,2026-09-17T12:59:49Z,5Q544fKrFoe6tsEbD7S8EmxGTJYAKtTVhAW5Q5pge4j1,2.758441634,2026-09-17T12:14:07Z,2742,fybWmFKFtoaWBEYcnaiHBGp7D6hKowv9Sdd7zkjNWK8ZTWGchF5PwrGdnUT8ePvGjb9TXkzryLCFVbEdPKsNusu,381,7,True,False,False
89HbgWduLwoxcofWpmn1EiF9wEdpgkNDEyPjzZ72mkDi,HIDDEN_CANDIDATE,Er5RuNhTEwJH5dHv9c3YGATjgkLCETH4dKazntyWEtXY,spy,2026-09-17T12:59:49Z,DoAsxPQgiyAxyaJNvpAAUb2ups6rbJRdYrCPyWxwRxBb,0.096135126,2026-09-17T12:14:23Z,2726,5QMjoiZgkM4FaD72AdPPa6dWS33dHZz5wz8AxeX1rEcNGp3T1nyk6UUXXPRPMRdGi6jsVoWTMnbBqU12R1Xo627R,278,3,False,False,False
89HbgWduLwoxcofWpmn1EiF9wEdpgkNDEyPjzZ72mkDi,HIDDEN_CANDIDATE,Er5RuNhTEwJH5dHv9c3YGATjgkLCETH4dKazntyWEtXY,spy,2026-09-17T12:59:49Z,5Q544fKrFoe6tsEbD7S8EmxGTJYAKtTVhAW5Q5pge4j1,0.095857379,2026-09-17T12:14:41Z,2708,3fK4aFH4Gw93qnmkforJZ94tfWJtXa1cvUpbVua66T81rJpoYpjLAsMfhmYnNANnt6dnkXVi4cy1qiG8tPWVzKMo,381,7,True,False,False
89HbgWduLwoxcofWpmn1EiF9wEdpgkNDEyPjzZ72mkDi,HIDDEN_CANDIDATE,Er5RuNhTEwJH5dHv9c3YGATjgkLCETH4dKazntyWEtXY,spy,2026-09-17T12:59:49Z,5Q544fKrFoe6tsEbD7S8EmxGTJYAKtTVhAW5Q5pge4j1,1.700017768,2026-09-17T12:17:48Z,2521,63nmQSdr1Z4Wt8GELVYAdfHcebKUzFDpDd5wYok7tmvJK2vkB8b6Ro4WZsPTNJZu7gxbDCya7dHXBciRAMkfCyMh,381,7,True,False,False
89HbgWduLwoxcofWpmn1EiF9wEdpgkNDEyPjzZ72mkDi,HIDDEN_CANDIDATE,Er5RuNhTEwJH5dHv9c3YGATjgkLCETH4dKazntyWEtXY,spy,2026-09-17T12:59:49Z,DoAsxPQgiyAxyaJNvpAAUb2ups6rbJRdYrCPyWxwRxBb,0.109471772,2026-09-17T12:18:13Z,2496,2mpZ9ZVqLecHK29SxgNAi2cS4AuwNjcN43Lgoq4Mi8JSxy6TYFEV5fhje2tTfSP6C55NvSx48q14YuwnqveZWpis,278,3,False,False,False
89HbgWduLwoxcofWpmn1EiF9wEdpgkNDEyPjzZ72mkDi,HIDDEN_CANDIDATE,Er5RuNhTEwJH5dHv9c3YGATjgkLCETH4dKazntyWEtXY,spy,2026-09-17T12:59:49Z,5Q544fKrFoe6tsEbD7S8EmxGTJYAKtTVhAW5Q5pge4j1,1.653893164,2026-09-17T12:22:42Z,2227,5zZFDX1asr4vGaDYXk6Zk6X2uJJA4bM96WbgjLZLzcTfZX6rXvBdfTZbrRYk73PR1dF3YvA75PuWvZszMdaKLxCJ,381,7,True,False,False
89HbgWduLwoxcofWpmn1EiF9wEdpgkNDEyPjzZ72mkDi,HIDDEN_CANDIDATE,Er5RuNhTEwJH5dHv9c3YGATjgkLCETH4dKazntyWEtXY,spy,2026-09-17T12:59:49Z,DoAsxPQgiyAxyaJNvpAAUb2ups6rbJRdYrCPyWxwRxBb,0.176430569,2026-09-17T12:23:46Z,2163,3Ybfx2JeNUyFwwpSkqcx6okYt18RZetU44WBmTZwP4kS7TNsguCWkAvpBrrKryHqjzmfLJ3BF8QikK5351ozZJ2X,278,3,False,False,False
89HbgWduLwoxcofWpmn1EiF9wEdpgkNDEyPjzZ72mkDi,HIDDEN_CANDIDATE,Er5RuNhTEwJH5dHv9c3YGATjgkLCETH4dKazntyWEtXY,spy,2026-09-17T12:59:49Z,5Q544fKrFoe6tsEbD7S8EmxGTJYAKtTVhAW5Q5pge4j1,1.076091701,2026-09-17T12:24:59Z,2090,4EPs3xbdv7b4Z3JX5KTx4jebwPd8UQT8MKvmvoPBuTKSgDsypu4JhJEWhw6dTEgefDwkjbgCJUDhw31WfsYcgJVi,381,7,True,False,False
89HbgWduLwoxcofWpmn1EiF9wEdpgkNDEyPjzZ72mkDi,HIDDEN_CANDIDATE,Er5RuNhTEwJH5dHv9c3YGATjgkLCETH4dKazntyWEtXY,spy,2026-09-17T12:59:49Z,5Q544fKrFoe6tsEbD7S8EmxGTJYAKtTVhAW5Q5pge4j1,0.859439307,2026-09-17T12:25:04Z,2085,3zQ1iDmgrFz5zLqGstLHgieBgwcz3yR9ugccwJ24G8TfLj4rLHqKv83NH9xodtJs8iTVmibSCTR4jfpEfzoFQ4rJ,381,7,True,False,False
89HbgWduLwoxcofWpmn1EiF9wEdpgkNDEyPjzZ72mkDi,HIDDEN_CANDIDATE,Er5RuNhTEwJH5dHv9c3YGATjgkLCETH4dKazntyWEtXY,spy,2026-09-17T12:59:49Z,B5EwJVDuAauzUEEdwvbuXzbFFgEYnUqqS37TUM1c4PQA,2.683367098,2026-09-17T12:28:05Z,1904,3keNPBAmy2EhKJGJPwNwJoE6HRRWZQqVLySmtongvCWDSWn76g7TsswwSAVKJz8gkgb5AwWf9p7P1dnqnwCdqcGS,25,3,True,False,False
89HbgWduLwoxcofWpmn1EiF9wEdpgkNDEyPjzZ72mkDi,HIDDEN_CANDIDATE,Er5RuNhTEwJH5dHv9c3YGATjgkLCETH4dKazntyWEtXY,spy,2026-09-17T12:59:49Z,DoAsxPQgiyAxyaJNvpAAUb2ups6rbJRdYrCPyWxwRxBb,0.211508388,2026-09-17T12:28:29Z,1880,4zid9fG9mtY17Wb5DjAe6X9vqmQXr1vZEMSG8JStsk7uz2RjnLBPd1RhKv51TrHDqHiDgKZuaET7Yx594WUo7MSZ,278,3,False,False,False
89HbgWduLwoxcofWpmn1EiF9wEdpgkNDEyPjzZ72mkDi,HIDDEN_CANDIDATE,Er5RuNhTEwJH5dHv9c3YGATjgkLCETH4dKazntyWEtXY,spy,2026-09-17T12:59:49Z,DoAsxPQgiyAxyaJNvpAAUb2ups6rbJRdYrCPyWxwRxBb,0.134295008,2026-09-17T12:34:45Z,1504,4eRJgyK1eJiL5gqLndfJHgiL371PjVBt2VAUY8utrnFNZytXYxwVuKNCKGt7EoKy7UmwqUExqptFWUxvVhbKfp1V,278,3,False,False,False
89HbgWduLwoxcofWpmn1EiF9wEdpgkNDEyPjzZ72mkDi,HIDDEN_CANDIDATE,Er5RuNhTEwJH5dHv9c3YGATjgkLCETH4dKazntyWEtXY,spy,2026-09-17T12:59:49Z,DoAsxPQgiyAxyaJNvpAAUb2ups6rbJRdYrCPyWxwRxBb,0.071687314,2026-09-17T12:35:45Z,1444,zMLytpo9k9xkXXLzzsnmdSfXKHCLahS1qhfAu9AnNwXeiiwgbQkdoZfrNQDFinAXQ373jqSyYPUSEWB2KZ5CJar,278,3,False,False,False
89HbgWduLwoxcofWpmn1EiF9wEdpgkNDEyPjzZ72mkDi,HIDDEN_CANDIDATE,Er5RuNhTEwJH5dHv9c3YGATjgkLCETH4dKazntyWEtXY,spy,2026-09-17T12:59:49Z,DoAsxPQgiyAxyaJNvpAAUb2ups6rbJRdYrCPyWxwRxBb,0.141438973,2026-09-17T12:39:21Z,1228,567ndQv5irWmU5wgW1qETJ5rwmG9mQzQfFr1ZqHqtpKE6Hi4guuNyRD7XHdq47jVbkQqscR2JwDEqtZAjFEYWR3P,278,3,False,False,False
89HbgWduLwoxcofWpmn1EiF9wEdpgkNDEyPjzZ72mkDi,HIDDEN_CANDIDATE,Er5RuNhTEwJH5dHv9c3YGATjgkLCETH4dKazntyWEtXY,spy,2026-09-17T12:59:49Z,DoAsxPQgiyAxyaJNvpAAUb2ups6rbJRdYrCPyWxwRxBb,0.104983955,2026-09-17T12:41:19Z,1110,5FdbGnEvuqLpAAJaE4gBMafTbroPcJhfaZxnWcBqaLD2jm3ZpjzS2MoxFhLRUsKNqMJyYPiSoUQ6QbjL6nbJVxpy,278,3,False,False,False
89HbgWduLwoxcofWpmn1EiF9wEdpgkNDEyPjzZ72mkDi,HIDDEN_CANDIDATE,Er5RuNhTEwJH5dHv9c3YGATjgkLCETH4dKazntyWEtXY,spy,2026-09-17T12:59:49Z,DoAsxPQgiyAxyaJNvpAAUb2ups6rbJRdYrCPyWxwRxBb,0.24456435,2026-09-17T12:51:12Z,517,63EL6wHAcUsVBQXsXaU4vF1wk4EiErpL7LQCN9fFmpafboaNBZ3BNRxrT5cfLucLoCcmH1q7dVh8fL6dik8MqvFE,278,3,False,False,False
6yVb4pxNwDfr6rovwNnBg3SyKSvDcHGD4WdFPN1JJBqm,CALLER,Er5RuNhTEwJH5dHv9c3YGATjgkLCETH4dKazntyWEtXY,spy,2026-09-17T13:00:01Z,5Q544fKrFoe6tsEbD7S8EmxGTJYAKtTVhAW5Q5pge4j1,2.89535224,2026-09-16T13:20:43Z,85158,3mKEb5CFQzto71Zqv2iXrJ5vf8ridRrjS9hTyb8xAxq9Ux7MetSEg14WGNvJghz44Rt1BqHJtn7EVzFkoe4cQDif,381,7,True,False,False
6yVb4pxNwDfr6rovwNnBg3SyKSvDcHGD4WdFPN1JJBqm,CALLER,Er5RuNhTEwJH5dHv9c3YGATjgkLCETH4dKazntyWEtXY,spy,2026-09-17T13:00:01Z,5Q544fKrFoe6tsEbD7S8EmxGTJYAKtTVhAW5Q5pge4j1,3.135059908,2026-09-16T13:48:09Z,83512,HCEg7z6SQUMCWufizHZGSEMpunB2owJy68qKy6ucp93V5ncfjp2kbLhyvp5kwDkPtMmobpGzWUp6asZMd1M8Mbr,381,7,True,False,False
6yVb4pxNwDfr6rovwNnBg3SyKSvDcHGD4WdFPN1JJBqm,CALLER,Er5RuNhTEwJH5dHv9c3YGATjgkLCETH4dKazntyWEtXY,spy,2026-09-17T13:00:01Z,ADC1kSN66ds48244KaFPf69iPhxbC88bD8mmSLu5opwg,0.126000054,2026-09-16T13:55:47Z,83054,2e58BkNHeCLWRmnRScrQ62UdCofCjC7ew9NyzURYp5kVoPNNEUYMH7bQhAG2bEDiSihMUHnCh72v7DBTsWG4cPWG,2,1,False,False,False
6yVb4pxNwDfr6rovwNnBg3SyKSvDcHGD4WdFPN1JJBqm,CALLER,Er5RuNhTEwJH5dHv9c3YGATjgkLCETH4dKazntyWEtXY,spy,2026-09-17T13:00:01Z,8Tjtfy5jy41KvDjCcU4Kjx878VxjWaHF2hNPvfS6vqFE,2.971425774,2026-09-16T14:03:45Z,82576,441FgDw6HfhuB7gF4QKWYfDV5ELR2jFd57U7fDXkN8mGdbMYBvAZ7hfqu1UpRpay8yYmxdhgEnRrkHu5GLEf4spW,10,1,False,False,False
6yVb4pxNwDfr6rovwNnBg3SyKSvDcHGD4WdFPN1JJBqm,CALLER,Er5RuNhTEwJH5dHv9c3YGATjgkLCETH4dKazntyWEtXY,spy,2026-09-17T13:00:01Z,8Tjtfy5jy41KvDjCcU4Kjx878VxjWaHF2hNPvfS6vqFE,2.295544978,2026-09-16T14:03:51Z,82570,63GDU8HYT49VPjNPNzSHyeJPAqmf6rk5VUR6xezjtLs3YCoWnu4XHHXVFvPBUK6ejq55V558rDSjXLH5C7f2P3Vc,10,1,False,False,False
6yVb4pxNwDfr6rovwNnBg3SyKSvDcHGD4WdFPN1JJBqm,CALLER,Er5RuNhTEwJH5dHv9c3YGATjgkLCETH4dKazntyWEtXY,spy,2026-09-17T13:00:01Z,8Tjtfy5jy41KvDjCcU4Kjx878VxjWaHF2hNPvfS6vqFE,3.395551163,2026-09-16T14:04:28Z,82533,PofMLFggui5Qw7UJHmgsnD4JKFr2xNHfuvzWphbRydoczt12UuLNVxsKUSVFzBgMJQyRWhJB8apvh87nw9iy4rs,10,1,False,False,False
6yVb4pxNwDfr6rovwNnBg3SyKSvDcHGD4WdFPN1JJBqm,CALLER,Er5RuNhTEwJH5dHv9c3YGATjgkLCETH4dKazntyWEtXY,spy,2026-09-17T13:00:01Z,8Tjtfy5jy41KvDjCcU4Kjx878VxjWaHF2hNPvfS6vqFE,2.785360233,2026-09-16T14:05:13Z,82488,4UXmj1QJ1PpF66yKuNj6zmvtw5R9wBLhUfUFxwsqcjKurMvSjKjy1wjdrQfnhNutmaKvkSGuBoWg6VpqMjn9yzAX,10,1,False,False,False
6yVb4pxNwDfr6rovwNnBg3SyKSvDcHGD4WdFPN1JJBqm,CALLER,Er5RuNhTEwJH5dHv9c3YGATjgkLCETH4dKazntyWEtXY,spy,2026-09-17T13:00:01Z,8Tjtfy5jy41KvDjCcU4Kjx878VxjWaHF2hNPvfS6vqFE,2.484336076,2026-09-16T14:06:55Z,82386,3SpaW7a8MJCKHot7Msz93Lko8pcfR82aDoAbmrfBZY7nHApxjXjFtfpPUjtF5Fwu4rMWbAmMMkCiBiSKyKQ6dAcC,10,1,False,False,False
6yVb4pxNwDfr6rovwNnBg3SyKSvDcHGD4WdFPN1JJBqm,CALLER,Er5RuNhTEwJH5dHv9c3YGATjgkLCETH4dKazntyWEtXY,spy,2026-09-17T13:00:01Z,8FnX3xo2yYw3EUE6w3nQA4GfXGS9wpK6oj3veJpbFzLo,0.551064529,2026-09-16T14:07:24Z,82357,2ZGE5hGWkLMcuyz76ABrG2v1GBR11PsZxsXMybJFgRBY3apJ6eMEe5vk4UZ5gTGaFAS6cPBP6TLNQ8TiMWj7Wig7,50,4,True,False,False
6yVb4pxNwDfr6rovwNnBg3SyKSvDcHGD4WdFPN1JJBqm,CALLER,Er5RuNhTEwJH5dHv9c3YGATjgkLCETH4dKazntyWEtXY,spy,2026-09-17T13:00:01Z,GKMJwv2AEWVcfFXUMtxokMYy5ADkjwJa89DtP8LzoA61,5.22797479,2026-09-16T14:11:28Z,82113,2wrJENx3JrrNwX9KaZ7MrmXFZYWToSrxCi9cbYnVXJpir7XSRHtds1hSV4zPbPUpQXRABgPv8qpmfNJtuRE7ixQf,49,1,False,False,False
6yVb4pxNwDfr6rovwNnBg3SyKSvDcHGD4WdFPN1JJBqm,CALLER,Er5RuNhTEwJH5dHv9c3YGATjgkLCETH4dKazntyWEtXY,spy,2026-09-17T13:00:01Z,GKMJwv2AEWVcfFXUMtxokMYy5ADkjwJa89DtP8LzoA61,3.600316478,2026-09-16T14:26:56Z,81185,5dezGdLkUNYM3tXBkRssu1t2m6JwQmVxz6VeVzKVBgA7eedsdxRV1hVKWnmbbeMvoCd7yiSa4pcBh7o4btWWfyaC,49,1,False,False,False
6yVb4pxNwDfr6rovwNnBg3SyKSvDcHGD4WdFPN1JJBqm,CALLER,Er5RuNhTEwJH5dHv9c3YGATjgkLCETH4dKazntyWEtXY,spy,2026-09-17T13:00:01Z,2iv78s7PkLbbtzswAdvM1BpZNGvHykHgtnQYAjh3FQMF,4.002563968,2026-09-16T15:21:19Z,77922,51hVxRrBNzCFnuXvJnrtvmracWmarwtwRrcpRLRyXP31DLFYYt36ESBJMq81CfigiVJP5Awd9Vi7W3HEkxX63W2Q,3,2,True,False,False
6yVb4pxNwDfr6rovwNnBg3SyKSvDcHGD4WdFPN1JJBqm,CALLER,Er5RuNhTEwJH5dHv9c3YGATjgkLCETH4dKazntyWEtXY,spy,2026-09-17T13:00:01Z,5Q544fKrFoe6tsEbD7S8EmxGTJYAKtTVhAW5Q5pge4j1,2.669034066,2026-09-16T15:41:27Z,76714,37YXDuavznzn8vLgeT7SAYRZ2CJfJvTKmZ7213CAZkpmUCTVob8Qc35PQk2tsVDQszXJoMaRAjvgL8ns15BAqeVs,381,7,True,False,False
6yVb4pxNwDfr6rovwNnBg3SyKSvDcHGD4WdFPN1JJBqm,CALLER,Er5RuNhTEwJH5dHv9c3YGATjgkLCETH4dKazntyWEtXY,spy,2026-09-17T13:00:01Z,GCBkkA6FUvTiJZjwRBMZoyzHvd9H24uq8F59idhZsvb,4.201493825,2026-09-16T16:53:12Z,72409,3axSg6Pr89QxW1qpscQyaayySQLcWjuXAMxSaDRxhPvDXfpGY2KrGNTYTHpMWtdJzUveeohuEFEi6Zx4L28JFSKN,6,2,True,False,False
6yVb4pxNwDfr6rovwNnBg3SyKSvDcHGD4WdFPN1JJBqm,CALLER,Er5RuNhTEwJH5dHv9c3YGATjgkLCETH4dKazntyWEtXY,spy,2026-09-17T13:00:01Z,5Q544fKrFoe6tsEbD7S8EmxGTJYAKtTVhAW5Q5pge4j1,2.438365571,2026-09-16T17:37:53Z,69728,56k86NuGHYjdnfB5VBw5U3eVGAfDrQ5TgcjTuohv8Zs5QzTAqXnbjeBLJxu73BHoTQfbgT1T32VN6pRibKATHe85,381,7,True,False,False
6yVb4pxNwDfr6rovwNnBg3SyKSvDcHGD4WdFPN1JJBqm,CALLER,Er5RuNhTEwJH5dHv9c3YGATjgkLCETH4dKazntyWEtXY,spy,2026-09-17T13:00:01Z,5Q544fKrFoe6tsEbD7S8EmxGTJYAKtTVhAW5Q5pge4j1,3.96766691,2026-09-17T12:08:31Z,3090,4s82UvbMttkpFkRYLu4hEgvPN7srCeMYZwRKUtb5E4CuYCnny8KYJioWfh3eywWkKQsUWUDnCLP5AhgzmSHQ2JpZ,381,7,True,False,False
6yVb4pxNwDfr6rovwNnBg3SyKSvDcHGD4WdFPN1JJBqm,CALLER,Er5RuNhTEwJH5dHv9c3YGATjgkLCETH4dKazntyWEtXY,spy,2026-09-17T13:00:01Z,5Q544fKrFoe6tsEbD7S8EmxGTJYAKtTVhAW5Q5pge4j1,5.211159574,2026-09-17T12:11:38Z,2903,4TMZhLps5hbxRedoFjJQZet4HKtsARZUTdcm7ERmcAELPeTmuHh2ib3mefym6BC41fE1Mre2p7J3gEpg2AWy7e3N,381,7,True,False,False
6yVb4pxNwDfr6rovwNnBg3SyKSvDcHGD4WdFPN1JJBqm,CALLER,F41TwidZvJJcsx9c2BMwS6eH9W6HcUT4LzPmGvK9WU6N,つむぎ,2026-09-15T12:31:04Z,CLiXvfYSJtG5SJTCWyLvXKtDag9pJiA4vSWZGgSKP19X,2.399884913,2026-09-14T13:27:46Z,82998,3gwT831owbhpyHE3g85NsThjZf1xL4c6N6Y2nJtZGWuu979nGmNKntYeYfQ1fM6Zrtf4ZFZhnai78XjkDXQQFgzZ,17,1,False,False,False
6yVb4pxNwDfr6rovwNnBg3SyKSvDcHGD4WdFPN1JJBqm,CALLER,F41TwidZvJJcsx9c2BMwS6eH9W6HcUT4LzPmGvK9WU6N,つむぎ,2026-09-15T12:31:04Z,GKMJwv2AEWVcfFXUMtxokMYy5ADkjwJa89DtP8LzoA61,1.894345813,2026-09-14T14:54:15Z,77809,4LJEfv41dz6ri1skgANChbFaTkcepAwxjzzcWJCp3inetDHdnMPLTJ6tVD1woF3TSdXKpBQXSiv8q9JprkdtccCr,49,1,False,False,False
6yVb4pxNwDfr6rovwNnBg3SyKSvDcHGD4WdFPN1JJBqm,CALLER,F41TwidZvJJcsx9c2BMwS6eH9W6HcUT4LzPmGvK9WU6N,つむぎ,2026-09-15T12:31:04Z,5Q544fKrFoe6tsEbD7S8EmxGTJYAKtTVhAW5Q5pge4j1,4.117207595,2026-09-14T15:33:49Z,75435,62rL3e3xEDE4gcBwcqDq3t3LcA7Ve6Sedher3mbFoSdYFgR9y93zJB8UrL9QWfLSRcJsoADJwPnjeCRnXcX5pWkZ,381,7,True,False,False
6yVb4pxNwDfr6rovwNnBg3SyKSvDcHGD4WdFPN1JJBqm,CALLER,F41TwidZvJJcsx9c2BMwS6eH9W6HcUT4LzPmGvK9WU6N,つむぎ,2026-09-15T12:31:04Z,5Q544fKrFoe6tsEbD7S8EmxGTJYAKtTVhAW5Q5pge4j1,3.99010573,2026-09-14T18:48:21Z,63763,2FhNr36cgyHXnmEhfXSoQrTGE957yY51ku4FoDusBQjqsbqRQpGLwWX8sxTgeNnLWKUbLa53u9Gau4VNtBLUpKRh,381,7,True,False,False
6yVb4pxNwDfr6rovwNnBg3SyKSvDcHGD4WdFPN1JJBqm,CALLER,F41TwidZvJJcsx9c2BMwS6eH9W6HcUT4LzPmGvK9WU6N,つむぎ,2026-09-15T12:31:04Z,GP8StUXNYSZjPikyRsvkTbvRV1GBxMErb59cpeCJnDf1,0.106129538,2026-09-14T18:48:45Z,63739,f76B1qGnzxEX3hazJAqMB7fq2hMnciTgwDLCFgMyLE1rnVsq9XRXWMYCC8QPAWePzMdhTjt2GweWdm3gPfvrkUX,7,1,False,False,False
6yVb4pxNwDfr6rovwNnBg3SyKSvDcHGD4WdFPN1JJBqm,CALLER,F41TwidZvJJcsx9c2BMwS6eH9W6HcUT4LzPmGvK9WU6N,つむぎ,2026-09-15T12:31:04Z,5Q544fKrFoe6tsEbD7S8EmxGTJYAKtTVhAW5Q5pge4j1,2.384581684,2026-09-14T19:04:30Z,62794,4zUjZ2nUh2r3sz1cbHgmG8E7QkGbW4YyyAfu323mEerB7bcuyUHQeiVyn9Zy1re2K3K2oKoJsSMC686JTUdFQC8t,381,7,True,False,False
6yVb4pxNwDfr6rovwNnBg3SyKSvDcHGD4WdFPN1JJBqm,CALLER,F41TwidZvJJcsx9c2BMwS6eH9W6HcUT4LzPmGvK9WU6N,つむぎ,2026-09-15T12:31:04Z,7iWnBRRhBCiNXXPhqiGzvvBkKrvFSWqqmxRyu9VyYBxE,0.191420776,2026-09-14T19:13:47Z,62237,4njFNoSMqWLCG5RNyrEszrqXJg5mtTJ1G6mSaubpbsKopPncK5YyJ4kANbUZAjzARGjAfbJhzD8dHSXdxzkWYbuq,4,1,False,False,False
6yVb4pxNwDfr6rovwNnBg3SyKSvDcHGD4WdFPN1JJBqm,CALLER,F41TwidZvJJcsx9c2BMwS6eH9W6HcUT4LzPmGvK9WU6N,つむぎ,2026-09-15T12:31:04Z,5Q544fKrFoe6tsEbD7S8EmxGTJYAKtTVhAW5Q5pge4j1,3.231528756,2026-09-14T19:25:03Z,61561,4pP3nZkyLDp1HxVq9iq6BRKp34PKknZF1qmWWsc6nCckQj1DLSgUq6YQu6nPZXLbSNYGB22QRA2bvJmTciBWpXat,381,7,True,False,False
6yVb4pxNwDfr6rovwNnBg3SyKSvDcHGD4WdFPN1JJBqm,CALLER,F41TwidZvJJcsx9c2BMwS6eH9W6HcUT4LzPmGvK9WU6N,つむぎ,2026-09-15T12:31:04Z,5Q544fKrFoe6tsEbD7S8EmxGTJYAKtTVhAW5Q5pge4j1,3.749150276,2026-09-15T09:06:09Z,12295,3kkapSHqgiEAjrqPJnBMX23v9CU6KQUsHLWfEjG2YKjofnAWLfZ1r6kvUbR3DgLaovxQ7NQFAasGvgV8hY1gV7Cc,381,7,True,False,False
6yVb4pxNwDfr6rovwNnBg3SyKSvDcHGD4WdFPN1JJBqm,CALLER,F41TwidZvJJcsx9c2BMwS6eH9W6HcUT4LzPmGvK9WU6N,つむぎ,2026-09-15T12:31:04Z,5Q544fKrFoe6tsEbD7S8EmxGTJYAKtTVhAW5Q5pge4j1,2.331184595,2026-09-15T09:27:33Z,11011,5mNCXHanGq72A6iGSzLSwkYTWpqDwbB6PKMA5ziiNa1d8qWB82j3osNJkXKwAYpqjqGCSUooBXyHMUnKXCtt8svQ,381,7,True,False,False
6yVb4pxNwDfr6rovwNnBg3SyKSvDcHGD4WdFPN1JJBqm,CALLER,F41TwidZvJJcsx9c2BMwS6eH9W6HcUT4LzPmGvK9WU6N,つむぎ,2026-09-15T12:31:04Z,GKMJwv2AEWVcfFXUMtxokMYy5ADkjwJa89DtP8LzoA61,3.140921226,2026-09-15T10:08:51Z,8533,3UXBYUbktouH1GFiMsJSAggQL8RVUf4kxLya6uCzSYZqUwqATeNX7HMAgbQkJASRMuzmQQ1w6zm6w2ZrVdLwkJ46,49,1,False,False,False
6yVb4pxNwDfr6rovwNnBg3SyKSvDcHGD4WdFPN1JJBqm,CALLER,F41TwidZvJJcsx9c2BMwS6eH9W6HcUT4LzPmGvK9WU6N,つむぎ,2026-09-15T12:31:04Z,5Q544fKrFoe6tsEbD7S8EmxGTJYAKtTVhAW5Q5pge4j1,2.573259727,2026-09-15T12:03:09Z,1675,3V16UMLVRX4yWoqwzt9YEUUMdxqkyKftnhJqHXJUeLPqLed4EoXDgwkwM4YXvW4cuT7LqMLRzQ3eMh5dAsEWPFWb,381,7,True,False,False
6yVb4pxNwDfr6rovwNnBg3SyKSvDcHGD4WdFPN1JJBqm,CALLER,F41TwidZvJJcsx9c2BMwS6eH9W6HcUT4LzPmGvK9WU6N,つむぎ,2026-09-15T12:31:04Z,5Q544fKrFoe6tsEbD7S8EmxGTJYAKtTVhAW5Q5pge4j1,2.805210374,2026-09-15T12:13:46Z,1038,3wQyRxr314G2wFx7TdjDrnkwiVEszPJbeX6ypjPiHDXP3BY5NqK5DtAGvfSCBfrFPjcTA7zRfbm7QAFA6ajnGfei,381,7,True,False,False
EqiFgyNw6kgrmYstWyrP8VjKhka7XEmKTZzHSmwpr1Zb,HIDDEN_CANDIDATE,F59cEB3A7RAKHGtkvR577swnPSP6EsdaBoL5AcVZpump,RALPHIE,2026-09-02T11:42:44Z,DoAsxPQgiyAxyaJNvpAAUb2ups6rbJRdYrCPyWxwRxBb,0.447847323,2026-09-01T11:45:11Z,86253,4CPaepomJk9CjPsZQNVVEX5zezHmyT2U8RgcZptUeWKs8ySA8YHnfFt66MqqmYL9Kc29pE41pvZSe9pfUG4jwJBv,278,3,False,False,False
EqiFgyNw6kgrmYstWyrP8VjKhka7XEmKTZzHSmwpr1Zb,HIDDEN_CANDIDATE,F59cEB3A7RAKHGtkvR577swnPSP6EsdaBoL5AcVZpump,RALPHIE,2026-09-02T11:42:44Z,4GDZaMBLogacWkVWNcDZaKiQq3FJidtaqmWth3Gi8m4i,4.090126726,2026-09-01T11:52:33Z,85811,3ewo9HbRkXepcXqP7Svx1xdKS3dVhYxs52B6Pa9Gt3tXHAA9wdpuRSrnifuUy69QA2sVr6n4LHotr49RSVTpbDQX,2,1,False,False,False
EqiFgyNw6kgrmYstWyrP8VjKhka7XEmKTZzHSmwpr1Zb,HIDDEN_CANDIDATE,F59cEB3A7RAKHGtkvR577swnPSP6EsdaBoL5AcVZpump,RALPHIE,2026-09-02T11:42:44Z,4GDZaMBLogacWkVWNcDZaKiQq3FJidtaqmWth3Gi8m4i,3.647478631,2026-09-01T11:52:47Z,85797,4rADyNJaM36X5RRVvxDGrXZjtKPFAF2a18JiMke7ci12utem3wSupsdkKFFCDsEFLqw3PKEvyhGE4T2vpms6znMm,2,1,False,False,False
EqiFgyNw6kgrmYstWyrP8VjKhka7XEmKTZzHSmwpr1Zb,HIDDEN_CANDIDATE,F59cEB3A7RAKHGtkvR577swnPSP6EsdaBoL5AcVZpump,RALPHIE,2026-09-02T11:42:44Z,DoAsxPQgiyAxyaJNvpAAUb2ups6rbJRdYrCPyWxwRxBb,0.170060956,2026-09-01T11:55:59Z,85605,2pE8yu7c7ejptzMpSLnj2kugSwbT3dozPtf5WogJ5HES7yvY3Fe21aWDegq1vEsFsj618hryqWegyR4kakypGj3j,278,3,False,False,False
EqiFgyNw6kgrmYstWyrP8VjKhka7XEmKTZzHSmwpr1Zb,HIDDEN_CANDIDATE,F59cEB3A7RAKHGtkvR577swnPSP6EsdaBoL5AcVZpump,RALPHIE,2026-09-02T11:42:44Z,5379TY2cBHPMd3PLqVEQXQwL9Y1Nr2As2Spn6S2WxJH8,4.551749145,2026-09-01T12:00:19Z,85345,48V11Z3GxhX7eLu1M8tDr89dHBeaJwfJwAJVEuc2cGhr4tGntFY542RoGkxLtsqxrGNU7wT1zzq1dquDvq5VnHv6,5,1,False,False,False
EqiFgyNw6kgrmYstWyrP8VjKhka7XEmKTZzHSmwpr1Zb,HIDDEN_CANDIDATE,F59cEB3A7RAKHGtkvR577swnPSP6EsdaBoL5AcVZpump,RALPHIE,2026-09-02T11:42:44Z,7djZvJGNvke9AwcBqZeUvoFVi7fT1kLW7x7BW6geCApC,6.046575916,2026-09-01T12:00:19Z,85345,4ANmqiMhtmhfY1PUVUZ7Z6YQgc1HjSB8iQyhWMnP2w7sQ8z6hq6sWrsp4NgGrpnRASMWmosRTJjJLDcQbe6F5gjb,7,1,False,False,False
EqiFgyNw6kgrmYstWyrP8VjKhka7XEmKTZzHSmwpr1Zb,HIDDEN_CANDIDATE,F59cEB3A7RAKHGtkvR577swnPSP6EsdaBoL5AcVZpump,RALPHIE,2026-09-02T11:42:44Z,Dz4VnDsFu3YuL5ASGRHzvKVDE5dDjXH1Sg2P9VHmwVvP,1.19019233,2026-09-01T12:15:58Z,84406,64XnM3HNEtQJTLe3XCkRHHuMLrXSsoFDJtgntHTcXWKrqNpDZQkWRpyN41WczPGJYdRSPc5q1RmgQJjnghAvAJuA,10,1,False,False,False
EqiFgyNw6kgrmYstWyrP8VjKhka7XEmKTZzHSmwpr1Zb,HIDDEN_CANDIDATE,F59cEB3A7RAKHGtkvR577swnPSP6EsdaBoL5AcVZpump,RALPHIE,2026-09-02T11:42:44Z,Dz4VnDsFu3YuL5ASGRHzvKVDE5dDjXH1Sg2P9VHmwVvP,1.022945586,2026-09-01T12:15:59Z,84405,2FeFcqoXmCkSWjUhsDxxfkBVQAEY8f64RFqSVHjuVPg8jYS6iKHRhieCPbvqNV9MTauJtkq97u6PCW6iWH9GZx4i,10,1,False,False,False
EqiFgyNw6kgrmYstWyrP8VjKhka7XEmKTZzHSmwpr1Zb,HIDDEN_CANDIDATE,F59cEB3A7RAKHGtkvR577swnPSP6EsdaBoL5AcVZpump,RALPHIE,2026-09-02T11:42:44Z,Dz4VnDsFu3YuL5ASGRHzvKVDE5dDjXH1Sg2P9VHmwVvP,0.930474843,2026-09-01T12:16:00Z,84404,xDwrYFWNKNHazq4hwU8rVDKr4PewQnLb9SikoEXcgv6pb7W9SejaY7PRMt7rbHm4ecoFy4p5KomCcUWwRvL3Qd1,10,1,False,False,False
EqiFgyNw6kgrmYstWyrP8VjKhka7XEmKTZzHSmwpr1Zb,HIDDEN_CANDIDATE,F59cEB3A7RAKHGtkvR577swnPSP6EsdaBoL5AcVZpump,RALPHIE,2026-09-02T11:42:44Z,Dz4VnDsFu3YuL5ASGRHzvKVDE5dDjXH1Sg2P9VHmwVvP,0.824175972,2026-09-01T12:16:00Z,84404,5rkBz6GNWuANMnzCzYWCWhMxkKD4kEf9257wNzdgHDr3oj88B2P7gNAUs1jocuX7CCmeuF9HG2NUYVDbjDKxG7Pn,10,1,False,False,False
EqiFgyNw6kgrmYstWyrP8VjKhka7XEmKTZzHSmwpr1Zb,HIDDEN_CANDIDATE,F59cEB3A7RAKHGtkvR577swnPSP6EsdaBoL5AcVZpump,RALPHIE,2026-09-02T11:42:44Z,Dz4VnDsFu3YuL5ASGRHzvKVDE5dDjXH1Sg2P9VHmwVvP,0.727184575,2026-09-01T12:16:01Z,84403,44afJGZA25RybfCWBWEBNCrNmdYJWLgHTHaiHCkB3U6E8a6EQ3jvw71unp9vvvUfNFvMXoGXgRrtG97D2aN3gVzR,10,1,False,False,False
EqiFgyNw6kgrmYstWyrP8VjKhka7XEmKTZzHSmwpr1Zb,HIDDEN_CANDIDATE,F59cEB3A7RAKHGtkvR577swnPSP6EsdaBoL5AcVZpump,RALPHIE,2026-09-02T11:42:44Z,Dz4VnDsFu3YuL5ASGRHzvKVDE5dDjXH1Sg2P9VHmwVvP,0.692959311,2026-09-01T12:16:04Z,84400,3QcnX9KRLoHvoW4TZXTseKKbYptwxHC5qfRHdZ4VqefQh6dfYmMSjmWVLrh9sMzTaPp6fGpnVqSbJqh5ma4qLEEm,10,1,False,False,False
EqiFgyNw6kgrmYstWyrP8VjKhka7XEmKTZzHSmwpr1Zb,HIDDEN_CANDIDATE,F59cEB3A7RAKHGtkvR577swnPSP6EsdaBoL5AcVZpump,RALPHIE,2026-09-02T11:42:44Z,Dz4VnDsFu3YuL5ASGRHzvKVDE5dDjXH1Sg2P9VHmwVvP,0.613178599,2026-09-01T12:16:06Z,84398,5ynGJTgpHKMgRRcHsM6SE7EcLeVERYBTGASx9EVdr73cCb8ATnfstBTV9QRqfrmfiXFazngKqA3m2UsqpSnbbgKd,10,1,False,False,False
EqiFgyNw6kgrmYstWyrP8VjKhka7XEmKTZzHSmwpr1Zb,HIDDEN_CANDIDATE,F59cEB3A7RAKHGtkvR577swnPSP6EsdaBoL5AcVZpump,RALPHIE,2026-09-02T11:42:44Z,Dz4VnDsFu3YuL5ASGRHzvKVDE5dDjXH1Sg2P9VHmwVvP,0.53762362,2026-09-01T12:16:07Z,84397,2tdCHFEy2D6AFVCbS8C8atzKsf33bchG81UP9Szw8K978jBjuoW8EzQsJfCaZQRNJqkkFXzkB715WVeq97nejQQT,10,1,False,False,False
EqiFgyNw6kgrmYstWyrP8VjKhka7XEmKTZzHSmwpr1Zb,HIDDEN_CANDIDATE,F59cEB3A7RAKHGtkvR577swnPSP6EsdaBoL5AcVZpump,RALPHIE,2026-09-02T11:42:44Z,Dz4VnDsFu3YuL5ASGRHzvKVDE5dDjXH1Sg2P9VHmwVvP,0.483658244,2026-09-01T12:16:09Z,84395,5UfSymZbUHUen2XhpZ5uwNrHrzmQXZ7E4pYo7XRdTYpBCuBfXL7rQdFktwEQA1mC871SfMkaLmDMKZXPSNhkh4JS,10,1,False,False,False
EqiFgyNw6kgrmYstWyrP8VjKhka7XEmKTZzHSmwpr1Zb,HIDDEN_CANDIDATE,F59cEB3A7RAKHGtkvR577swnPSP6EsdaBoL5AcVZpump,RALPHIE,2026-09-02T11:42:44Z,5B38Fz46FHoaJZVzghdm3Joqg9sfxEz5QgXTKqEiZWx6,0.067531905,2026-09-01T12:18:21Z,84263,5ZXJXCm5PeTLMm1ctDUK4UDSHUDPHBJVJEDNyHp4TLXYwnrWsU7Tha1cEi6utaMjm11dLKK5SniQ3s7dULpQwWsb,12,1,False,False,False
EqiFgyNw6kgrmYstWyrP8VjKhka7XEmKTZzHSmwpr1Zb,HIDDEN_CANDIDATE,F59cEB3A7RAKHGtkvR577swnPSP6EsdaBoL5AcVZpump,RALPHIE,2026-09-02T11:42:44Z,Dz4VnDsFu3YuL5ASGRHzvKVDE5dDjXH1Sg2P9VHmwVvP,0.731233272,2026-09-01T12:26:08Z,83796,5vVJaihEpHJXisvYGWfFWwBu9oh8CnLHmDcMefGBiJtV42mP1FxTjFqnATg45VnDYytVEoQjB9FCeR8GLbmzq9nm,10,1,False,False,False
EqiFgyNw6kgrmYstWyrP8VjKhka7XEmKTZzHSmwpr1Zb,HIDDEN_CANDIDATE,F59cEB3A7RAKHGtkvR577swnPSP6EsdaBoL5AcVZpump,RALPHIE,2026-09-02T11:42:44Z,8tXv98mB5JCW6adMB92e1LNbs3sdb194ChQ87EKnXGax,8.595841692,2026-09-01T12:38:21Z,83063,67rcsGa1JqHVw6WKVAUbR8hrrrUb9SWEiK4PFdJu2PgiQLXshfNMWHyNHTQz17Atz25RkUfNYXbUA1e1EhMFVWWb,1,1,False,False,False
EqiFgyNw6kgrmYstWyrP8VjKhka7XEmKTZzHSmwpr1Zb,HIDDEN_CANDIDATE,F59cEB3A7RAKHGtkvR577swnPSP6EsdaBoL5AcVZpump,RALPHIE,2026-09-02T11:42:44Z,7oMifsW6PbjxS7YASFGswsuXasnn74wjkxFuDZKJ2tEL,2.85410609,2026-09-01T12:50:21Z,82343,2auegmUB3NS1sX4nTqQyzedAQ8gkbgfy9dpFiQJnyMutnoPojqYgp9C8jZxQmYzutymcAoEX9DeymR22Khtom1wt,1,1,False,False,False
EqiFgyNw6kgrmYstWyrP8VjKhka7XEmKTZzHSmwpr1Zb,HIDDEN_CANDIDATE,F59cEB3A7RAKHGtkvR577swnPSP6EsdaBoL5AcVZpump,RALPHIE,2026-09-02T11:42:44Z,5B38Fz46FHoaJZVzghdm3Joqg9sfxEz5QgXTKqEiZWx6,0.109586473,2026-09-01T12:55:49Z,82015,52QHzg8PM7S6ju4NHVJUAjd1sd5p3vzHm4W3jvcavDECXjjFiwS8aCh4CcWCNGtVHFNUcge6hRc1t92Ju7NcqoUf,12,1,False,False,False
EqiFgyNw6kgrmYstWyrP8VjKhka7XEmKTZzHSmwpr1Zb,HIDDEN_CANDIDATE,F59cEB3A7RAKHGtkvR577swnPSP6EsdaBoL5AcVZpump,RALPHIE,2026-09-02T11:42:44Z,DoAsxPQgiyAxyaJNvpAAUb2ups6rbJRdYrCPyWxwRxBb,0.718858001,2026-09-01T12:56:00Z,82004,z7b4vxRUXjQCdxbHXpke2VEx4hf47VSKo2dNKbLjzZZF7Coq74Yu96avqyPteeNQ2ynmHFSCwZEoKBRPgEfpJ1H,278,3,False,False,False
EqiFgyNw6kgrmYstWyrP8VjKhka7XEmKTZzHSmwpr1Zb,HIDDEN_CANDIDATE,F59cEB3A7RAKHGtkvR577swnPSP6EsdaBoL5AcVZpump,RALPHIE,2026-09-02T11:42:44Z,DR9Am6XMcszjk4Maj3uvkcQDmRfkRnzbAy4boK7NmCQ8,2.184212847,2026-09-01T13:16:14Z,80790,4iTYrtv58zJfMjJVbLismvuDsFGwDZeFLKeRsEmverzaBU8ynz1aXo6uGec87TFdp64rYqM2rv8n9UvLbEog66vV,1,1,False,False,False
EqiFgyNw6kgrmYstWyrP8VjKhka7XEmKTZzHSmwpr1Zb,HIDDEN_CANDIDATE,F59cEB3A7RAKHGtkvR577swnPSP6EsdaBoL5AcVZpump,RALPHIE,2026-09-02T11:42:44Z,6imhRyMYu5xoGJ5W7yveymB5o5yfyAvXxveozWpbU5ix,9.942849429,2026-09-01T13:29:25Z,79999,4CsaNP2JPW38SGahR9HEsHXyRG87yQTYtQ4TZSRsmQUCK3KK5uVWxpjFKotJ2RDb5fDBK6UdMaUkM7Yq6hkNjrq8,26,1,False,False,False
EqiFgyNw6kgrmYstWyrP8VjKhka7XEmKTZzHSmwpr1Zb,HIDDEN_CANDIDATE,F59cEB3A7RAKHGtkvR577swnPSP6EsdaBoL5AcVZpump,RALPHIE,2026-09-02T11:42:44Z,6imhRyMYu5xoGJ5W7yveymB5o5yfyAvXxveozWpbU5ix,9.785816656,2026-09-01T13:29:25Z,79999,34gAZRCXRYXo4NARqEbw6XS9jMwgV2DYgdZGFbhHt6YitdAwPd5kQnreGALMSqVMEi4njtM8gdHGrWJzxFB1nzfb,26,1,False,False,False
EqiFgyNw6kgrmYstWyrP8VjKhka7XEmKTZzHSmwpr1Zb,HIDDEN_CANDIDATE,F59cEB3A7RAKHGtkvR577swnPSP6EsdaBoL5AcVZpump,RALPHIE,2026-09-02T11:42:44Z,6imhRyMYu5xoGJ5W7yveymB5o5yfyAvXxveozWpbU5ix,9.194687721,2026-09-01T13:29:25Z,79999,4KRp3KJnx7HsHHDAPKMehsVi8NR6YptprHPLRP9bkPrRg1PrhYSeotrSDrSMCudxXWeWMns212rtpBsopGop2pFo,26,1,False,False,False
EqiFgyNw6kgrmYstWyrP8VjKhka7XEmKTZzHSmwpr1Zb,HIDDEN_CANDIDATE,F59cEB3A7RAKHGtkvR577swnPSP6EsdaBoL5AcVZpump,RALPHIE,2026-09-02T11:42:44Z,6imhRyMYu5xoGJ5W7yveymB5o5yfyAvXxveozWpbU5ix,8.009568136,2026-09-01T13:29:25Z,79999,4K8fdbEuhBecP2gB4eiVekqDS3shPjJKp2xTYJKAeXFEeCqf7KSoFYfjBivZ9B4vEgXvU93rg1Cym9bXVfRfxgPT,26,1,False,False,False
EqiFgyNw6kgrmYstWyrP8VjKhka7XEmKTZzHSmwpr1Zb,HIDDEN_CANDIDATE,F59cEB3A7RAKHGtkvR577swnPSP6EsdaBoL5AcVZpump,RALPHIE,2026-09-02T11:42:44Z,6imhRyMYu5xoGJ5W7yveymB5o5yfyAvXxveozWpbU5ix,6.843611331,2026-09-01T13:29:26Z,79998,66pH2wdGBeuPFqWsrUyXbZ4QvC43VFkAppXAH3vzDJq3q5EJQtVkX7vWKWjLCRYmzD2scJmm5i5s4FFkW2mC7jUf,26,1,False,False,False
EqiFgyNw6kgrmYstWyrP8VjKhka7XEmKTZzHSmwpr1Zb,HIDDEN_CANDIDATE,F59cEB3A7RAKHGtkvR577swnPSP6EsdaBoL5AcVZpump,RALPHIE,2026-09-02T11:42:44Z,6imhRyMYu5xoGJ5W7yveymB5o5yfyAvXxveozWpbU5ix,5.499276395,2026-09-01T13:29:26Z,79998,31qbaP7GwJdcLQNtfkxq3q1G9at9ieUDCX7cfg2MW7c76NcDUzkpGq23nbYKCD72YJSqwtoYBhmYp8oePVUQXHSe,26,1,False,False,False
EqiFgyNw6kgrmYstWyrP8VjKhka7XEmKTZzHSmwpr1Zb,HIDDEN_CANDIDATE,F59cEB3A7RAKHGtkvR577swnPSP6EsdaBoL5AcVZpump,RALPHIE,2026-09-02T11:42:44Z,6imhRyMYu5xoGJ5W7yveymB5o5yfyAvXxveozWpbU5ix,4.784815196,2026-09-01T13:29:27Z,79997,5nTv7yESAqdxiTUL6mcvzTowsBUrtvyMJEhyScJ7YbBkdBoeD3dpifrDR1mdX6NrCCRz2zVbtLzUuBLBPoMRq1TY,26,1,False,False,False
EqiFgyNw6kgrmYstWyrP8VjKhka7XEmKTZzHSmwpr1Zb,HIDDEN_CANDIDATE,F59cEB3A7RAKHGtkvR577swnPSP6EsdaBoL5AcVZpump,RALPHIE,2026-09-02T11:42:44Z,6imhRyMYu5xoGJ5W7yveymB5o5yfyAvXxveozWpbU5ix,4.563178898,2026-09-01T13:29:27Z,79997,3PMhyjPkRiYWpFryjCuuLnm3k7rgUi5vMskMUuwX94HJHvVBAkfyqYvTKQrmUh644r3HLDoBbTZsxpP2qeeWyfbG,26,1,False,False,False
EqiFgyNw6kgrmYstWyrP8VjKhka7XEmKTZzHSmwpr1Zb,HIDDEN_CANDIDATE,F59cEB3A7RAKHGtkvR577swnPSP6EsdaBoL5AcVZpump,RALPHIE,2026-09-02T11:42:44Z,6imhRyMYu5xoGJ5W7yveymB5o5yfyAvXxveozWpbU5ix,3.899967522,2026-09-01T13:29:28Z,79996,2NYvuVJDew7KTyVaKhrAw4gGjabkYsfDEBqsRsCTY6Mbk8MhRWnezypPsGmGtkWw5Qy15NieFeZ3URvZBiniKjiG,26,1,False,False,False
EqiFgyNw6kgrmYstWyrP8VjKhka7XEmKTZzHSmwpr1Zb,HIDDEN_CANDIDATE,F59cEB3A7RAKHGtkvR577swnPSP6EsdaBoL5AcVZpump,RALPHIE,2026-09-02T11:42:44Z,6imhRyMYu5xoGJ5W7yveymB5o5yfyAvXxveozWpbU5ix,3.500861222,2026-09-01T13:29:29Z,79995,249wWSvPd1p4uVUpNXEtyhZGLJ459LFp58CSFXnxAu5zLqkajRCDscvL7i18HRR19PKxTuLHwPYta5rg38eYNMEr,26,1,False,False,False
EqiFgyNw6kgrmYstWyrP8VjKhka7XEmKTZzHSmwpr1Zb,HIDDEN_CANDIDATE,F59cEB3A7RAKHGtkvR577swnPSP6EsdaBoL5AcVZpump,RALPHIE,2026-09-02T11:42:44Z,6imhRyMYu5xoGJ5W7yveymB5o5yfyAvXxveozWpbU5ix,3.284947125,2026-09-01T13:29:29Z,79995,2C1rQyMgjPTCQasTw16qiDC8EufwNbFsSbASdsefTLCot6xHCtAtew8Cea1FnWVftpq5nFvaJjn71g8gx894tCA4,26,1,False,False,False
EqiFgyNw6kgrmYstWyrP8VjKhka7XEmKTZzHSmwpr1Zb,HIDDEN_CANDIDATE,F59cEB3A7RAKHGtkvR577swnPSP6EsdaBoL5AcVZpump,RALPHIE,2026-09-02T11:42:44Z,6imhRyMYu5xoGJ5W7yveymB5o5yfyAvXxveozWpbU5ix,2.948902966,2026-09-01T13:29:31Z,79993,2KhFUXnVFjmMCu6WS5y8UHShnQdF2zhrNUwA5JAqUSP3p6nA7zNcbaycEUxt6geP6WT9rTvfwejnm9hAX1yNcPU6,26,1,False,False,False
EqiFgyNw6kgrmYstWyrP8VjKhka7XEmKTZzHSmwpr1Zb,HIDDEN_CANDIDATE,F59cEB3A7RAKHGtkvR577swnPSP6EsdaBoL5AcVZpump,RALPHIE,2026-09-02T11:42:44Z,6imhRyMYu5xoGJ5W7yveymB5o5yfyAvXxveozWpbU5ix,3.575564211,2026-09-01T13:30:13Z,79951,4FUWUiy4xc7kqdbfcap9YcqWZVLz8vKXni3pUr4St7fuxVnvR6buVNdTBxoCjCeZgHREfjMr9G1d2rwpRGTv1LEM,26,1,False,False,False
EqiFgyNw6kgrmYstWyrP8VjKhka7XEmKTZzHSmwpr1Zb,HIDDEN_CANDIDATE,F59cEB3A7RAKHGtkvR577swnPSP6EsdaBoL5AcVZpump,RALPHIE,2026-09-02T11:42:44Z,6imhRyMYu5xoGJ5W7yveymB5o5yfyAvXxveozWpbU5ix,3.252686963,2026-09-01T13:30:14Z,79950,5r9JbYMatexbLjEsnNCYDpnVuChDomtygHysMhDVNbtHwhMDXJSfw5ngkFe7kBRxmYw5a3g4eM1STUHgy5Et47ic,26,1,False,False,False
EqiFgyNw6kgrmYstWyrP8VjKhka7XEmKTZzHSmwpr1Zb,HIDDEN_CANDIDATE,F59cEB3A7RAKHGtkvR577swnPSP6EsdaBoL5AcVZpump,RALPHIE,2026-09-02T11:42:44Z,6imhRyMYu5xoGJ5W7yveymB5o5yfyAvXxveozWpbU5ix,2.869842935,2026-09-01T13:30:14Z,79950,RS2Ruidt3d1RRnuAMfzC8qTMANBe9MUAR2SHUCeDSy3E9fHrX9cAY4psfuSRVoFw1kjdEU5pGPip9cSQB9DLzhz,26,1,False,False,False
EqiFgyNw6kgrmYstWyrP8VjKhka7XEmKTZzHSmwpr1Zb,HIDDEN_CANDIDATE,F59cEB3A7RAKHGtkvR577swnPSP6EsdaBoL5AcVZpump,RALPHIE,2026-09-02T11:42:44Z,6imhRyMYu5xoGJ5W7yveymB5o5yfyAvXxveozWpbU5ix,2.45673137,2026-09-01T13:30:19Z,79945,2qBw6GDJdKEyr4HhCTDVi4CFuWiX1i115rZC3Na27wDUGy5Jdhkqh59pXpNmKuWkc1Bd2kxUQZcBXAWgpUeD3L4x,26,1,False,False,False
EqiFgyNw6kgrmYstWyrP8VjKhka7XEmKTZzHSmwpr1Zb,HIDDEN_CANDIDATE,F59cEB3A7RAKHGtkvR577swnPSP6EsdaBoL5AcVZpump,RALPHIE,2026-09-02T11:42:44Z,6imhRyMYu5xoGJ5W7yveymB5o5yfyAvXxveozWpbU5ix,1.473181668,2026-09-01T13:36:34Z,79570,4jzfBrUX4mPmebJWewEKRZiN5yEkKFT79Dq8SAXiyczqmbaAwHy26vdYMEEMuZ5fnDmwcerqArKPiTJDARFSo1Ta,26,1,False,False,False
EqiFgyNw6kgrmYstWyrP8VjKhka7XEmKTZzHSmwpr1Zb,HIDDEN_CANDIDATE,F59cEB3A7RAKHGtkvR577swnPSP6EsdaBoL5AcVZpump,RALPHIE,2026-09-02T11:42:44Z,6imhRyMYu5xoGJ5W7yveymB5o5yfyAvXxveozWpbU5ix,1.441265513,2026-09-01T13:36:34Z,79570,3zwRt5YrSZtJTvq8HZKvq5BaQSdB5QWxoQfwMGjULKwJAjEMhKyxF8ixNuSakDAw6tau37RJuYxaLMimSFWGo1pV,26,1,False,False,False
EqiFgyNw6kgrmYstWyrP8VjKhka7XEmKTZzHSmwpr1Zb,HIDDEN_CANDIDATE,F59cEB3A7RAKHGtkvR577swnPSP6EsdaBoL5AcVZpump,RALPHIE,2026-09-02T11:42:44Z,6imhRyMYu5xoGJ5W7yveymB5o5yfyAvXxveozWpbU5ix,1.372893327,2026-09-01T13:36:35Z,79569,2sBJk9oUCxmiG5PerWnXbRWenywAb5f9iiT6nvA1VFz72sVjXVFZA41vRSAZAYkBepqkK7HVxqTSMYkmq8XhtFEm,26,1,False,False,False
EqiFgyNw6kgrmYstWyrP8VjKhka7XEmKTZzHSmwpr1Zb,HIDDEN_CANDIDATE,F59cEB3A7RAKHGtkvR577swnPSP6EsdaBoL5AcVZpump,RALPHIE,2026-09-02T11:42:44Z,6imhRyMYu5xoGJ5W7yveymB5o5yfyAvXxveozWpbU5ix,1.279825647,2026-09-01T13:36:36Z,79568,4Jz7Ww8vfMNbR6kiapQCjDMcyiXAdZwR6uQaxZYXYhLeGhqjmTB3U77B8W9GSDT5zcF67CDAMhfBe131FaqM5y9y,26,1,False,False,False
EqiFgyNw6kgrmYstWyrP8VjKhka7XEmKTZzHSmwpr1Zb,HIDDEN_CANDIDATE,F59cEB3A7RAKHGtkvR577swnPSP6EsdaBoL5AcVZpump,RALPHIE,2026-09-02T11:42:44Z,6imhRyMYu5xoGJ5W7yveymB5o5yfyAvXxveozWpbU5ix,1.218659878,2026-09-01T13:36:36Z,79568,2TY5xbEzPrNmZtKXfuLn5XecVxVfN2T6FADmCKrbMPrC5ENJrTxkrxR7BW7XDw2k5e15qpucWZpYk7WhWFxBEsXh,26,1,False,False,False
EqiFgyNw6kgrmYstWyrP8VjKhka7XEmKTZzHSmwpr1Zb,HIDDEN_CANDIDATE,F59cEB3A7RAKHGtkvR577swnPSP6EsdaBoL5AcVZpump,RALPHIE,2026-09-02T11:42:44Z,6imhRyMYu5xoGJ5W7yveymB5o5yfyAvXxveozWpbU5ix,1.157911884,2026-09-01T13:36:37Z,79567,5vc2f35oEFmwGv8xcK2mTPgwfFfzNTDix3wEo6dFT8ZxNKNJ693e4wvbvziG6E4Pc97JzDfKNegGWRARK8TrDhVg,26,1,False,False,False
EqiFgyNw6kgrmYstWyrP8VjKhka7XEmKTZzHSmwpr1Zb,HIDDEN_CANDIDATE,F59cEB3A7RAKHGtkvR577swnPSP6EsdaBoL5AcVZpump,RALPHIE,2026-09-02T11:42:44Z,6imhRyMYu5xoGJ5W7yveymB5o5yfyAvXxveozWpbU5ix,1.117961161,2026-09-01T13:36:38Z,79566,QY3rd4ypBtmwfpm9uwX5gu82U24d5XKJa3VE4igeDQoPzfpehBiBAwBMLiEUZkYG5cvPtLf2Yi5KyTQ9wvuAEc1,26,1,False,False,False
EqiFgyNw6kgrmYstWyrP8VjKhka7XEmKTZzHSmwpr1Zb,HIDDEN_CANDIDATE,F59cEB3A7RAKHGtkvR577swnPSP6EsdaBoL5AcVZpump,RALPHIE,2026-09-02T11:42:44Z,6imhRyMYu5xoGJ5W7yveymB5o5yfyAvXxveozWpbU5ix,1.048188981,2026-09-01T13:36:39Z,79565,22PzD4gk2ngy48PMU4QX8m81aJQ5pL63MYkQUcucQJVibNJnTfH4HkFjDtRW2b8G91mSbxtAnqySB2nDBh9LGseW,26,1,False,False,False
EqiFgyNw6kgrmYstWyrP8VjKhka7XEmKTZzHSmwpr1Zb,HIDDEN_CANDIDATE,F59cEB3A7RAKHGtkvR577swnPSP6EsdaBoL5AcVZpump,RALPHIE,2026-09-02T11:42:44Z,E8oy5Qp6RHRPaFdC3YTP4eHunXxAJ9oCRvLjDUv2oNta,1.605577632,2026-09-01T13:45:36Z,79028,3F9WTcXxutRhyVrJYaC4gdRkyXHs3PSo1eJQ7HQucSt4Per8xP9R3V11REEb34QMPxU6usNNMBuYvTiEshT9LGAe,15,1,False,False,False
EqiFgyNw6kgrmYstWyrP8VjKhka7XEmKTZzHSmwpr1Zb,HIDDEN_CANDIDATE,F59cEB3A7RAKHGtkvR577swnPSP6EsdaBoL5AcVZpump,RALPHIE,2026-09-02T11:42:44Z,E8oy5Qp6RHRPaFdC3YTP4eHunXxAJ9oCRvLjDUv2oNta,1.381344673,2026-09-01T13:45:36Z,79028,puXKhHrEBnBP98Z8RNbzKUCs6Ph8jszQFeaMedv9P4322p5N5b8VJCfG4Z3nWV6mhsJPk3Wmk1VtfrqH7UeX1p6,15,1,False,False,False
EqiFgyNw6kgrmYstWyrP8VjKhka7XEmKTZzHSmwpr1Zb,HIDDEN_CANDIDATE,F59cEB3A7RAKHGtkvR577swnPSP6EsdaBoL5AcVZpump,RALPHIE,2026-09-02T11:42:44Z,E8oy5Qp6RHRPaFdC3YTP4eHunXxAJ9oCRvLjDUv2oNta,1.150540766,2026-09-01T13:45:37Z,79027,3HuodP37heFEA1hFVFQ9QaWRBWkvzpvvkc6iCewg7oCmpWfhvqUXt543LH29DJYkivaNUBgU9b7puNmWKK3pd3R2,15,1,False,False,False
EqiFgyNw6kgrmYstWyrP8VjKhka7XEmKTZzHSmwpr1Zb,HIDDEN_CANDIDATE,F59cEB3A7RAKHGtkvR577swnPSP6EsdaBoL5AcVZpump,RALPHIE,2026-09-02T11:42:44Z,E8oy5Qp6RHRPaFdC3YTP4eHunXxAJ9oCRvLjDUv2oNta,0.882459612,2026-09-01T13:45:41Z,79023,2LobJB1C5vCGRMZHyQfZmR9pxNDViaJgKB4j6BWenanwL4Dzx3Cnz1su4QBPwgpoxPfUQNhrSjKNd83Zf8vdbUkM,15,1,False,False,False
EqiFgyNw6kgrmYstWyrP8VjKhka7XEmKTZzHSmwpr1Zb,HIDDEN_CANDIDATE,F59cEB3A7RAKHGtkvR577swnPSP6EsdaBoL5AcVZpump,RALPHIE,2026-09-02T11:42:44Z,E8oy5Qp6RHRPaFdC3YTP4eHunXxAJ9oCRvLjDUv2oNta,0.826730363,2026-09-01T13:45:41Z,79023,43a54NUihBcYqVAusnM3geYtAJq2GTEoNVrCvnRHhU8gpYdZysv3N5GHTMNnji9gaeJ1BouHTKDngS1FZoBDWeu4,15,1,False,False,False
EqiFgyNw6kgrmYstWyrP8VjKhka7XEmKTZzHSmwpr1Zb,HIDDEN_CANDIDATE,F59cEB3A7RAKHGtkvR577swnPSP6EsdaBoL5AcVZpump,RALPHIE,2026-09-02T11:42:44Z,E8oy5Qp6RHRPaFdC3YTP4eHunXxAJ9oCRvLjDUv2oNta,0.791205634,2026-09-01T13:45:42Z,79022,5kvJVDfCUnVZip5Mh1mhZ3P9JQxspGLY8UdxN81x6vH7vGAurjz9EQp2ehR7nwJeAAcGqfWA9Z5pWQDtgq69z9bm,15,1,False,False,False
EqiFgyNw6kgrmYstWyrP8VjKhka7XEmKTZzHSmwpr1Zb,HIDDEN_CANDIDATE,F59cEB3A7RAKHGtkvR577swnPSP6EsdaBoL5AcVZpump,RALPHIE,2026-09-02T11:42:44Z,E8oy5Qp6RHRPaFdC3YTP4eHunXxAJ9oCRvLjDUv2oNta,0.740460883,2026-09-01T13:45:43Z,79021,4tW4fvLaZ46mYBX1BuL7RzuH7NqyTzVj3PkDizMtPaQ62a5AGRZUM5hVhFQeJefizLCxrVnPCovcG7AaRL8jSSpu,15,1,False,False,False
EqiFgyNw6kgrmYstWyrP8VjKhka7XEmKTZzHSmwpr1Zb,HIDDEN_CANDIDATE,F59cEB3A7RAKHGtkvR577swnPSP6EsdaBoL5AcVZpump,RALPHIE,2026-09-02T11:42:44Z,E8oy5Qp6RHRPaFdC3YTP4eHunXxAJ9oCRvLjDUv2oNta,0.676754008,2026-09-01T13:45:44Z,79020,3C1WXp3Fmw4FEVyWrLPy7PmnYiKCYZem5J9n92SCn8CnEvqZoqJLFM1AHFmuRk6DpweiuoU5J2h1CnQPcmFgzMtK,15,1,False,False,False
EqiFgyNw6kgrmYstWyrP8VjKhka7XEmKTZzHSmwpr1Zb,HIDDEN_CANDIDATE,F59cEB3A7RAKHGtkvR577swnPSP6EsdaBoL5AcVZpump,RALPHIE,2026-09-02T11:42:44Z,E8oy5Qp6RHRPaFdC3YTP4eHunXxAJ9oCRvLjDUv2oNta,0.626318087,2026-09-01T13:45:45Z,79019,tcG3gHzbKYf5RV19vK99pDiJq4QoGpiGMnfRthEobWiMta1bhY6chDY8S88Sh5N7jy6sGVBK6GPQmZenHeE614Z,15,1,False,False,False
EqiFgyNw6kgrmYstWyrP8VjKhka7XEmKTZzHSmwpr1Zb,HIDDEN_CANDIDATE,F59cEB3A7RAKHGtkvR577swnPSP6EsdaBoL5AcVZpump,RALPHIE,2026-09-02T11:42:44Z,E8oy5Qp6RHRPaFdC3YTP4eHunXxAJ9oCRvLjDUv2oNta,0.583733472,2026-09-01T13:45:45Z,79019,8NNz9Y1Cm5LxhdGJNNVFm8oKEAjb3XCj892CyyB8NL3PynBoB1N9vGpGHCDHH5pzks964iUTGTTjo15rdCEGmUq,15,1,False,False,False
EqiFgyNw6kgrmYstWyrP8VjKhka7XEmKTZzHSmwpr1Zb,HIDDEN_CANDIDATE,F59cEB3A7RAKHGtkvR577swnPSP6EsdaBoL5AcVZpump,RALPHIE,2026-09-02T11:42:44Z,E8oy5Qp6RHRPaFdC3YTP4eHunXxAJ9oCRvLjDUv2oNta,0.508118166,2026-09-01T13:45:48Z,79016,5jQBLg3adkmEcWg7mrgb1RFuYES2T94dypLDjHJE7xxubmxNjupyyggKhrh3nhkCD4KAFuugN4XqSSy4BuvJC53X,15,1,False,False,False
EqiFgyNw6kgrmYstWyrP8VjKhka7XEmKTZzHSmwpr1Zb,HIDDEN_CANDIDATE,F59cEB3A7RAKHGtkvR577swnPSP6EsdaBoL5AcVZpump,RALPHIE,2026-09-02T11:42:44Z,E8oy5Qp6RHRPaFdC3YTP4eHunXxAJ9oCRvLjDUv2oNta,0.487943187,2026-09-01T13:45:49Z,79015,3KMgN97gMcKEGqMXAtzX4K2vawmuDTDSi2R9zHUVXaiw6AJSmMm2rKXpnRSWj6gfnxHuGisBqvmFcuZ78WfvoLdo,15,1,False,False,False
EqiFgyNw6kgrmYstWyrP8VjKhka7XEmKTZzHSmwpr1Zb,HIDDEN_CANDIDATE,F59cEB3A7RAKHGtkvR577swnPSP6EsdaBoL5AcVZpump,RALPHIE,2026-09-02T11:42:44Z,E8oy5Qp6RHRPaFdC3YTP4eHunXxAJ9oCRvLjDUv2oNta,0.435304633,2026-09-01T13:45:50Z,79014,5vDMtb9ZnnDswRw8RL9Cfxzk1obDqyebuLMzruJnWkMW7ZMESjxvC8ZQvr8SM71iwHTKdpAXqaqUbs7r74zXEdjf,15,1,False,False,False
EqiFgyNw6kgrmYstWyrP8VjKhka7XEmKTZzHSmwpr1Zb,HIDDEN_CANDIDATE,F59cEB3A7RAKHGtkvR577swnPSP6EsdaBoL5AcVZpump,RALPHIE,2026-09-02T11:42:44Z,E8oy5Qp6RHRPaFdC3YTP4eHunXxAJ9oCRvLjDUv2oNta,0.33045861,2026-09-01T13:45:51Z,79013,2rjy5SeebfKHxK9CtFzdiFpyCKpVpQMs5DQcdfnvPorn6htbipMzqzskZipqdM6Hhre8wdWrFC7Qr4Sfi9NPfHHx,15,1,False,False,False
EqiFgyNw6kgrmYstWyrP8VjKhka7XEmKTZzHSmwpr1Zb,HIDDEN_CANDIDATE,F59cEB3A7RAKHGtkvR577swnPSP6EsdaBoL5AcVZpump,RALPHIE,2026-09-02T11:42:44Z,6imhRyMYu5xoGJ5W7yveymB5o5yfyAvXxveozWpbU5ix,7.621415733,2026-09-01T13:46:42Z,78962,5XkgGu6oPMuhztWPMvcxJ4go8ZUerFuicaeR6YQWKFviVRu3JU2Hg19X66L1CvYggBgaJZGjut2FCyKdG8QDZ18N,26,1,False,False,False
EqiFgyNw6kgrmYstWyrP8VjKhka7XEmKTZzHSmwpr1Zb,HIDDEN_CANDIDATE,F59cEB3A7RAKHGtkvR577swnPSP6EsdaBoL5AcVZpump,RALPHIE,2026-09-02T11:42:44Z,6imhRyMYu5xoGJ5W7yveymB5o5yfyAvXxveozWpbU5ix,7.577369538,2026-09-01T13:46:45Z,78959,64xZ7t3N19XsYNZqFupDdWrrTWm6Lq3u5Bc17J9djGnLBoH2Qn1dUNY89tRLtPPFvw7Q5SEWGWhuhrXBA4NmPDyN,26,1,False,False,False
EqiFgyNw6kgrmYstWyrP8VjKhka7XEmKTZzHSmwpr1Zb,HIDDEN_CANDIDATE,F59cEB3A7RAKHGtkvR577swnPSP6EsdaBoL5AcVZpump,RALPHIE,2026-09-02T11:42:44Z,E8oy5Qp6RHRPaFdC3YTP4eHunXxAJ9oCRvLjDUv2oNta,7.479963288,2026-09-01T13:50:34Z,78730,2ShX35xo32ti1TsRKQ9aEFt2g6uLa2gWASHw87Q7zVT9fhpLNSpdq8iskFjx413KRd3K7uwJXWMRB5EMSZr7bP9,15,1,False,False,False
EqiFgyNw6kgrmYstWyrP8VjKhka7XEmKTZzHSmwpr1Zb,HIDDEN_CANDIDATE,F59cEB3A7RAKHGtkvR577swnPSP6EsdaBoL5AcVZpump,RALPHIE,2026-09-02T11:42:44Z,EhnSAaqWNqquDpYbzQwZicRSBN8EuoRGtEydCUS79nL2,4.372579096,2026-09-01T13:51:32Z,78672,4g7GyRzN5k3VXDHcCk7QZ6MCET1JaxMTkRqePH8ehwddL2UsRGwPxU2YCiTbosgdSBcqZXZMfCdFHiiVcR1VdPA1,1,1,False,False,False
EqiFgyNw6kgrmYstWyrP8VjKhka7XEmKTZzHSmwpr1Zb,HIDDEN_CANDIDATE,F59cEB3A7RAKHGtkvR577swnPSP6EsdaBoL5AcVZpump,RALPHIE,2026-09-02T11:42:44Z,G7FBkunt8ztnKug5XzzBWVTfJXsLohMZH9j3ym8rqT8,2.738698781,2026-09-01T14:00:34Z,78130,211XXWxFYXuS9qWEMxztect3m8Apn6pLoshmnHH8KdjZVNTt125BRmDmauu368rhnCR3bnUEDzVW6w4dzmtdzgP4,2,1,False,False,False
EqiFgyNw6kgrmYstWyrP8VjKhka7XEmKTZzHSmwpr1Zb,HIDDEN_CANDIDATE,F59cEB3A7RAKHGtkvR577swnPSP6EsdaBoL5AcVZpump,RALPHIE,2026-09-02T11:42:44Z,G7FBkunt8ztnKug5XzzBWVTfJXsLohMZH9j3ym8rqT8,2.67424174,2026-09-01T14:00:35Z,78129,5yhg9dZzNDYRgwYabc9jShk2XeZwUuCYZZmWrvyjG3f8NaRz856exqvysSELTxwhxJQwbtqkVWWfTdQm2WH4j3Z1,2,1,False,False,False
EqiFgyNw6kgrmYstWyrP8VjKhka7XEmKTZzHSmwpr1Zb,HIDDEN_CANDIDATE,F59cEB3A7RAKHGtkvR577swnPSP6EsdaBoL5AcVZpump,RALPHIE,2026-09-02T11:42:44Z,5B38Fz46FHoaJZVzghdm3Joqg9sfxEz5QgXTKqEiZWx6,0.195587616,2026-09-01T14:00:47Z,78117,5Cqh66Jh1exDy7oRz5TfYJmVXjJH2b9qrN3UPJNNRgu3BF63nFqcn5vFknc6WXx9tfv1Mygoh2RzuDeU4AbufXCX,12,1,False,False,False
EqiFgyNw6kgrmYstWyrP8VjKhka7XEmKTZzHSmwpr1Zb,HIDDEN_CANDIDATE,F59cEB3A7RAKHGtkvR577swnPSP6EsdaBoL5AcVZpump,RALPHIE,2026-09-02T11:42:44Z,DoAsxPQgiyAxyaJNvpAAUb2ups6rbJRdYrCPyWxwRxBb,1.184154059,2026-09-01T14:00:55Z,78109,3eZTqoRTf7QRBzn4DVyW9MfYhfQXZoyB7WGwfzUurZdi2KWKBtv3HyJMksHdZh6k3KGxryZodVmE96WwmtYP8yVz,278,3,False,False,False
EqiFgyNw6kgrmYstWyrP8VjKhka7XEmKTZzHSmwpr1Zb,HIDDEN_CANDIDATE,F59cEB3A7RAKHGtkvR577swnPSP6EsdaBoL5AcVZpump,RALPHIE,2026-09-02T11:42:44Z,DoAsxPQgiyAxyaJNvpAAUb2ups6rbJRdYrCPyWxwRxBb,0.211767407,2026-09-01T14:20:47Z,76917,4HXV4iDp83te8evSfwMCKJMXYYaRRJobPspzn48Zc8aB9v3QuBShedYjkLowg1fzLsnTEYvFXxwtcXfDZAfF2RWG,278,3,False,False,False
EqiFgyNw6kgrmYstWyrP8VjKhka7XEmKTZzHSmwpr1Zb,HIDDEN_CANDIDATE,F59cEB3A7RAKHGtkvR577swnPSP6EsdaBoL5AcVZpump,RALPHIE,2026-09-02T11:42:44Z,9mUNh4tznQQPm3D6Y9v4CT4V4zV8W2WJ17K2FabemhwT,3.77366885,2026-09-01T14:42:30Z,75614,4SUaPYYaxjGS79EzbEbth1LXpDWZAAa2G5Cyf15FKhjtmaJdkUeYs5zn4TzjSyc2USqMumjgyAW71DgyXszycKLL,2,1,False,False,False
EqiFgyNw6kgrmYstWyrP8VjKhka7XEmKTZzHSmwpr1Zb,HIDDEN_CANDIDATE,F59cEB3A7RAKHGtkvR577swnPSP6EsdaBoL5AcVZpump,RALPHIE,2026-09-02T11:42:44Z,ARLH1kZsUuubPNhicYP2PSPKnPyxTaDkNPwPwAbnmyK,3.355398752,2026-09-01T14:43:01Z,75583,5HR4ut4jXuNpsDJnQPZJ5c6B6VgshcJru9eNQncoi6xXfm6k5pPPiKy1giZPa6C8bbLMCRaLiXh4pVXJ3sVDZXzc,2,1,False,False,False
EqiFgyNw6kgrmYstWyrP8VjKhka7XEmKTZzHSmwpr1Zb,HIDDEN_CANDIDATE,F59cEB3A7RAKHGtkvR577swnPSP6EsdaBoL5AcVZpump,RALPHIE,2026-09-02T11:42:44Z,9mUNh4tznQQPm3D6Y9v4CT4V4zV8W2WJ17K2FabemhwT,4.244206723,2026-09-01T14:43:33Z,75551,3u69dQrYx4mZeqewpGD3rR83EpRjDaD3EVe4RRo8PAKqt1nXiH6hsC8YFJoTw2kYr8XWhNk9hKg9oJbsf69EtBon,2,1,False,False,False
EqiFgyNw6kgrmYstWyrP8VjKhka7XEmKTZzHSmwpr1Zb,HIDDEN_CANDIDATE,F59cEB3A7RAKHGtkvR577swnPSP6EsdaBoL5AcVZpump,RALPHIE,2026-09-02T11:42:44Z,EAeWi9QeAdqTcLQr59jHSvdAdtX16rWGbdQ7GdgLL3h3,5.914026197,2026-09-01T14:49:06Z,75218,29gzyu3PFaTK9bTeCz7E4VjxzBJo1A9iU1NGgU2FVV71rJVE8sDk4uBNDfmJct9b8Exw9a7Tg1bzq5F9co1JCAcB,1,1,False,False,False
EqiFgyNw6kgrmYstWyrP8VjKhka7XEmKTZzHSmwpr1Zb,HIDDEN_CANDIDATE,F59cEB3A7RAKHGtkvR577swnPSP6EsdaBoL5AcVZpump,RALPHIE,2026-09-02T11:42:44Z,5B38Fz46FHoaJZVzghdm3Joqg9sfxEz5QgXTKqEiZWx6,0.154991712,2026-09-01T14:50:32Z,75132,3CEvSJBPd4u4aCWaFgC5ieq1UPmViETs9tmTZydLygvdrDnJfcVFu5g77MAtTaXCyxC8wJRGbHxLELm6EcFvVvNh,12,1,False,False,False
EqiFgyNw6kgrmYstWyrP8VjKhka7XEmKTZzHSmwpr1Zb,HIDDEN_CANDIDATE,F59cEB3A7RAKHGtkvR577swnPSP6EsdaBoL5AcVZpump,RALPHIE,2026-09-02T11:42:44Z,DoAsxPQgiyAxyaJNvpAAUb2ups6rbJRdYrCPyWxwRxBb,0.487657809,2026-09-01T14:50:41Z,75123,5NitsKywrJ3RgraB8W8mWXns9UJ5rtZPDyZ7PhRmmDAMK6G39KfPANoDxx9bQbGgkLKa4gmFRhu9HwbcLHGfvFst,278,3,False,False,False
EqiFgyNw6kgrmYstWyrP8VjKhka7XEmKTZzHSmwpr1Zb,HIDDEN_CANDIDATE,F59cEB3A7RAKHGtkvR577swnPSP6EsdaBoL5AcVZpump,RALPHIE,2026-09-02T11:42:44Z,J9kCPriFpi7t1YKyJRht7BofniW8KXNGZVmzvecxwR3X,7.552463194,2026-09-01T15:09:25Z,73999,3jk6CHSV3pEwxtEFbrB1rMSYqKRsNwdnLhYuRBg1uReduhbgoQEtorzDWSs22rEz8mB9mCmpYjnEg3Vvpzgk8xV5,1,1,False,False,False
EqiFgyNw6kgrmYstWyrP8VjKhka7XEmKTZzHSmwpr1Zb,HIDDEN_CANDIDATE,F59cEB3A7RAKHGtkvR577swnPSP6EsdaBoL5AcVZpump,RALPHIE,2026-09-02T11:42:44Z,DEM97SB9Da8sbFmQwxRNNuZ1M82PoP9EoeNptucSytFn,1.983970087,2026-09-01T15:13:59Z,73725,5Zmx9rnqGqMkrY7BaHdKMf9B3LgXETxzFMmYjYiUNPWJkr9vS5VKGmM6FLtVEWshNfo2qNgVHcTWjgkaGMJnWoqq,1,1,False,False,False
EqiFgyNw6kgrmYstWyrP8VjKhka7XEmKTZzHSmwpr1Zb,HIDDEN_CANDIDATE,F59cEB3A7RAKHGtkvR577swnPSP6EsdaBoL5AcVZpump,RALPHIE,2026-09-02T11:42:44Z,DoAsxPQgiyAxyaJNvpAAUb2ups6rbJRdYrCPyWxwRxBb,0.238549205,2026-09-01T15:14:21Z,73703,5PmWgbzyEE3gyWQFcNdtrwy5QEaVu9s8jpUMVxb3dPVEH2KXRa5edhdUrTsf6J2gfKu3pbgm7TWYUjqp5DqGUWSZ,278,3,False,False,False
EqiFgyNw6kgrmYstWyrP8VjKhka7XEmKTZzHSmwpr1Zb,HIDDEN_CANDIDATE,F59cEB3A7RAKHGtkvR577swnPSP6EsdaBoL5AcVZpump,RALPHIE,2026-09-02T11:42:44Z,ARLH1kZsUuubPNhicYP2PSPKnPyxTaDkNPwPwAbnmyK,3.788693,2026-09-01T15:14:26Z,73698,3dj1PhjzFU4Cwu5eYUVRCi2q2UgvpA8ErT4Dkx1bmtspZrZzvd1sXYws9EmJPGjMhVMoKcJ7jfMssXSbWry7cnAQ,2,1,False,False,False
EqiFgyNw6kgrmYstWyrP8VjKhka7XEmKTZzHSmwpr1Zb,HIDDEN_CANDIDATE,F59cEB3A7RAKHGtkvR577swnPSP6EsdaBoL5AcVZpump,RALPHIE,2026-09-02T11:42:44Z,B2UporVNGy1YXWAW3Vu5LL5wjVtzuxB4XsPMREYPbJUG,2.575906918,2026-09-01T15:18:31Z,73453,CMcAYWuchmkX461iDeUwkcTnLKAkmpRfVwUoBmgmgvaGHxgcYXhJBF4Jn89TzaNq2aU4v42UAxrLpYYXBaXX7x9,1,1,False,False,False
EqiFgyNw6kgrmYstWyrP8VjKhka7XEmKTZzHSmwpr1Zb,HIDDEN_CANDIDATE,F59cEB3A7RAKHGtkvR577swnPSP6EsdaBoL5AcVZpump,RALPHIE,2026-09-02T11:42:44Z,DoAsxPQgiyAxyaJNvpAAUb2ups6rbJRdYrCPyWxwRxBb,0.1635525,2026-09-01T15:21:14Z,73290,fbJrYh42VUbkuTGktcmg58MmT8tB8bN5d3hmuGm6Eby4Qx7N1CKzsFsd4Dvgiwx8dPT4UVDxhXYmm5bfgdGMZKj,278,3,False,False,False
EqiFgyNw6kgrmYstWyrP8VjKhka7XEmKTZzHSmwpr1Zb,HIDDEN_CANDIDATE,F59cEB3A7RAKHGtkvR577swnPSP6EsdaBoL5AcVZpump,RALPHIE,2026-09-02T11:42:44Z,31HQF6ioeLcKBQwC4r2QP1kxTServAWydHDLHUKhjkgp,1.217780133,2026-09-01T15:22:56Z,73188,2UAJHotAUZUNy4FuLL2ppFFARg4xT29QgRgRhaPadeETGYXNRcT6ENcr6xoZPvjUw2JP1j7S8X2FFgNWKXprpV8z,2,1,False,False,False
EqiFgyNw6kgrmYstWyrP8VjKhka7XEmKTZzHSmwpr1Zb,HIDDEN_CANDIDATE,F59cEB3A7RAKHGtkvR577swnPSP6EsdaBoL5AcVZpump,RALPHIE,2026-09-02T11:42:44Z,31HQF6ioeLcKBQwC4r2QP1kxTServAWydHDLHUKhjkgp,1.238668005,2026-09-01T15:24:04Z,73120,3xy34GqPWrvqdR9qHNsBHxZdxZrDEokCxuxUCqVN6Tj78mvJ3Q3F69AkKdZr1C2qZ6r7n3KzmkcRsULCrkut7vMh,2,1,False,False,False
EqiFgyNw6kgrmYstWyrP8VjKhka7XEmKTZzHSmwpr1Zb,HIDDEN_CANDIDATE,F59cEB3A7RAKHGtkvR577swnPSP6EsdaBoL5AcVZpump,RALPHIE,2026-09-02T11:42:44Z,2DihMFajcVUYECis5dhk6bE6jvLCpsN6ULNVun1dpEuN,3.604317858,2026-09-01T15:31:18Z,72686,2YEwHb4WmZdA2wVHKHuQtod62YwhW1Vsjnmd17kF8WUZEw8HJ3Fg12dPqFr4qMXcU9rX4nAgeibHuk4F3ksif41N,1,1,False,False,False
EqiFgyNw6kgrmYstWyrP8VjKhka7XEmKTZzHSmwpr1Zb,HIDDEN_CANDIDATE,F59cEB3A7RAKHGtkvR577swnPSP6EsdaBoL5AcVZpump,RALPHIE,2026-09-02T11:42:44Z,7djZvJGNvke9AwcBqZeUvoFVi7fT1kLW7x7BW6geCApC,19.983356816,2026-09-01T15:35:10Z,72454,4CiPzT1WdHHQt5EbjPVnAjKev7TsetyBbaxiE3Ei9SRsykd8nPxN1UpUfwoWabk8Mw8FzfPoB7fUquM5bXJMgnQE,7,1,False,False,False
EqiFgyNw6kgrmYstWyrP8VjKhka7XEmKTZzHSmwpr1Zb,HIDDEN_CANDIDATE,F59cEB3A7RAKHGtkvR577swnPSP6EsdaBoL5AcVZpump,RALPHIE,2026-09-02T11:42:44Z,6kcAEUC5ezxr35g1qJCf9eSNmNiLcjznupojV57KQeZd,6.234508862,2026-09-01T15:48:19Z,71665,23rogUD6UHCWdGWviaxknv7vu41zpTcd8ksYP4zGfaQwPaHuhPRBeYEMzhZ3DEHCYr4RdxSf5icAZL8hCss3cxsd,2,1,False,False,False
EqiFgyNw6kgrmYstWyrP8VjKhka7XEmKTZzHSmwpr1Zb,HIDDEN_CANDIDATE,F59cEB3A7RAKHGtkvR577swnPSP6EsdaBoL5AcVZpump,RALPHIE,2026-09-02T11:42:44Z,6kcAEUC5ezxr35g1qJCf9eSNmNiLcjznupojV57KQeZd,6.054060224,2026-09-01T15:48:20Z,71664,2jum83r5JNeavKur73LtJWueuxXVzpTwJUkjGRuwiEuNn4vQY4EcQe16Qfy9A8MKt7RvfMPD4Bt7nEsmcyL9GZL7,2,1,False,False,False
EqiFgyNw6kgrmYstWyrP8VjKhka7XEmKTZzHSmwpr1Zb,HIDDEN_CANDIDATE,F59cEB3A7RAKHGtkvR577swnPSP6EsdaBoL5AcVZpump,RALPHIE,2026-09-02T11:42:44Z,5B38Fz46FHoaJZVzghdm3Joqg9sfxEz5QgXTKqEiZWx6,0.187855025,2026-09-01T16:08:22Z,70462,35ALeqjkS5si5s6NNe76LT94cd43Tdgewa8gxXVRcqV5LRMsBr9cP9GtL9uYMV61A81vsFm9U6gGaNLvmbVUZ5u5,12,1,False,False,False
EqiFgyNw6kgrmYstWyrP8VjKhka7XEmKTZzHSmwpr1Zb,HIDDEN_CANDIDATE,F59cEB3A7RAKHGtkvR577swnPSP6EsdaBoL5AcVZpump,RALPHIE,2026-09-02T11:42:44Z,DoAsxPQgiyAxyaJNvpAAUb2ups6rbJRdYrCPyWxwRxBb,0.53366586,2026-09-01T16:08:31Z,70453,3NH5gt2kgJWtnrygn7Uwej6ZgLGo5EBuEQWyG2EGTiJ8LziWcyGJjuZWG5m1k8Ses3D58J6B36iGbzo3nT3GFV8V,278,3,False,False,False
EqiFgyNw6kgrmYstWyrP8VjKhka7XEmKTZzHSmwpr1Zb,HIDDEN_CANDIDATE,F59cEB3A7RAKHGtkvR577swnPSP6EsdaBoL5AcVZpump,RALPHIE,2026-09-02T11:42:44Z,7djZvJGNvke9AwcBqZeUvoFVi7fT1kLW7x7BW6geCApC,6.077449711,2026-09-01T16:12:46Z,70198,2qRCjwLo4bDnDbptPGSx8vwW3LNuf9PqSwrFn7dVRsf6YgSWwDf3F1ZRu9CPLkkfXVgJuK7vzMqd3t97pC4rJWvR,7,1,False,False,False
EqiFgyNw6kgrmYstWyrP8VjKhka7XEmKTZzHSmwpr1Zb,HIDDEN_CANDIDATE,F59cEB3A7RAKHGtkvR577swnPSP6EsdaBoL5AcVZpump,RALPHIE,2026-09-02T11:42:44Z,5379TY2cBHPMd3PLqVEQXQwL9Y1Nr2As2Spn6S2WxJH8,4.492392772,2026-09-01T16:12:47Z,70197,2Vz8pQi9v2YfMqNzJxmrLU1uwgZRZcyCMV68wzCD5gwckAWAUYYBZKC3tspkLx2C6TKZnLUCQTRSUCX7nZSsiE7p,5,1,False,False,False
EqiFgyNw6kgrmYstWyrP8VjKhka7XEmKTZzHSmwpr1Zb,HIDDEN_CANDIDATE,F59cEB3A7RAKHGtkvR577swnPSP6EsdaBoL5AcVZpump,RALPHIE,2026-09-02T11:42:44Z,JEG7wpnvTPubpBPDWnRNFqv7bEEmib5m7PRDdkXrbU8w,5.944651357,2026-09-01T16:17:44Z,69900,3TpRyHvo1JBN15ZMHSLUihzJDMdY4Qc6s8FuRt2WKiuhhaeNkRFCadN8mf6RzcDyuHEYgm5aNZaK7E7LnvwKU2Te,3,1,False,False,False
EqiFgyNw6kgrmYstWyrP8VjKhka7XEmKTZzHSmwpr1Zb,HIDDEN_CANDIDATE,F59cEB3A7RAKHGtkvR577swnPSP6EsdaBoL5AcVZpump,RALPHIE,2026-09-02T11:42:44Z,JEG7wpnvTPubpBPDWnRNFqv7bEEmib5m7PRDdkXrbU8w,2.904471175,2026-09-01T16:17:46Z,69898,3GThxRbq7EmVLvn532i8MqsncAHtmQZqhXpaYWpYJb6i6FNf8KtMdHPtFRQabmQ4prQ1CXn3pHE2hPgKUXpgoZRN,3,1,False,False,False
EqiFgyNw6kgrmYstWyrP8VjKhka7XEmKTZzHSmwpr1Zb,HIDDEN_CANDIDATE,F59cEB3A7RAKHGtkvR577swnPSP6EsdaBoL5AcVZpump,RALPHIE,2026-09-02T11:42:44Z,JEG7wpnvTPubpBPDWnRNFqv7bEEmib5m7PRDdkXrbU8w,2.772128504,2026-09-01T16:17:52Z,69892,4PfNFVrrUgv8V4JoLMsn46rv3rBtLfSC1Ugwy2SJdJsE8Q7Vf6CdrR8WF7jqZfgeMpVMVkFAACZpBMbbi1kiQZNz,3,1,False,False,False
EqiFgyNw6kgrmYstWyrP8VjKhka7XEmKTZzHSmwpr1Zb,HIDDEN_CANDIDATE,F59cEB3A7RAKHGtkvR577swnPSP6EsdaBoL5AcVZpump,RALPHIE,2026-09-02T11:42:44Z,DoAsxPQgiyAxyaJNvpAAUb2ups6rbJRdYrCPyWxwRxBb,0.133188871,2026-09-01T16:19:38Z,69786,2cXqy4KoLQz515BHe7LV5VdnfvKiuSTATfVdGK9NQxNrSCPKtWTD5gFpQe94iZgm3MMMqeYnWJ6EFkfRaaMCqagY,278,3,False,False,False
EqiFgyNw6kgrmYstWyrP8VjKhka7XEmKTZzHSmwpr1Zb,HIDDEN_CANDIDATE,F59cEB3A7RAKHGtkvR577swnPSP6EsdaBoL5AcVZpump,RALPHIE,2026-09-02T11:42:44Z,7LKz5XF4oUve5BrQdmDMyS5pBq4Wp9FWZEmdBRhn1wXg,6.606020222,2026-09-01T16:20:57Z,69707,5aEC9jUXna4NyXFoLaaBq5hHzACT8g6KjXFc3mNtQphkt6GTunmajCgNjdVVHWz8ZdEBD6Q6rdQ9KQfPAPvCYjsf,1,1,False,False,False
EqiFgyNw6kgrmYstWyrP8VjKhka7XEmKTZzHSmwpr1Zb,HIDDEN_CANDIDATE,F59cEB3A7RAKHGtkvR577swnPSP6EsdaBoL5AcVZpump,RALPHIE,2026-09-02T11:42:44Z,DoAsxPQgiyAxyaJNvpAAUb2ups6rbJRdYrCPyWxwRxBb,0.249319792,2026-09-01T16:31:00Z,69104,4MM1MX6cX7sqinEtsH9wCQvJjaYNtjU6HkqrVrTfpY3pCSrdogGoTzVKa7UCckpQpBKYxvFXzCpBgD9fmt8vjBou,278,3,False,False,False
EqiFgyNw6kgrmYstWyrP8VjKhka7XEmKTZzHSmwpr1Zb,HIDDEN_CANDIDATE,F59cEB3A7RAKHGtkvR577swnPSP6EsdaBoL5AcVZpump,RALPHIE,2026-09-02T11:42:44Z,F6mo25wDATPLGqnQeheLTB4nwEVgf6zikPB26shyMobq,3.044847497,2026-09-01T16:52:49Z,67795,4u8Wmi5zzCRv5WmAmViXNs4atV8FQV2YcqESzWiro3uimzXXhyN8sqxP5yBhLh848vMXqkoLRhcHTTpjB3qcCeVH,3,1,False,False,False
EqiFgyNw6kgrmYstWyrP8VjKhka7XEmKTZzHSmwpr1Zb,HIDDEN_CANDIDATE,F59cEB3A7RAKHGtkvR577swnPSP6EsdaBoL5AcVZpump,RALPHIE,2026-09-02T11:42:44Z,F6mo25wDATPLGqnQeheLTB4nwEVgf6zikPB26shyMobq,2.95356843,2026-09-01T16:52:49Z,67795,3xUNxLuzgjgHtVeXwMxJjetS1y2vDcTpcitDHXKPUB6XKs8z894cekyrPVNqmxQgmZGv7sUZQ8B74gnN74aKb2Tr,3,1,False,False,False
EqiFgyNw6kgrmYstWyrP8VjKhka7XEmKTZzHSmwpr1Zb,HIDDEN_CANDIDATE,F59cEB3A7RAKHGtkvR577swnPSP6EsdaBoL5AcVZpump,RALPHIE,2026-09-02T11:42:44Z,F6mo25wDATPLGqnQeheLTB4nwEVgf6zikPB26shyMobq,2.294908954,2026-09-01T16:52:50Z,67794,62d2BFrhFoayzeQUeB8k9p1TH9g38vchKmajmBvCd7eomrSsSKvtPMEkC1FCDF3FuHpg9Pb7jRcQpkUuEc9J2USK,3,1,False,False,False
EqiFgyNw6kgrmYstWyrP8VjKhka7XEmKTZzHSmwpr1Zb,HIDDEN_CANDIDATE,FuF2M5T79HJdpJUbp46qwWssLXQ1Xjf1yiNSfyo5UEGC,Benny,2026-09-03T11:13:02Z,5Q544fKrFoe6tsEbD7S8EmxGTJYAKtTVhAW5Q5pge4j1,1.686551091,2026-09-02T11:21:47Z,85875,4VPr6wHz1pDRKQL6N7X3nprXGXKx3sU7KryCNrdvRbmAPpCPt2vqjRZ21xVxhe23mtCim28nnbcxesEU211JYorD,381,7,True,False,False
EqiFgyNw6kgrmYstWyrP8VjKhka7XEmKTZzHSmwpr1Zb,HIDDEN_CANDIDATE,FuF2M5T79HJdpJUbp46qwWssLXQ1Xjf1yiNSfyo5UEGC,Benny,2026-09-03T11:13:02Z,5Q544fKrFoe6tsEbD7S8EmxGTJYAKtTVhAW5Q5pge4j1,1.474628386,2026-09-02T11:21:48Z,85874,3rTGeHLsAvc1tGgmZ4N21XijMdM51gttxTK5LmfbNi2Y6X2mGt9yNF9CqZEAZJ7X4bFzymHCjDF6qbBRNoezGLwL,381,7,True,False,False
EqiFgyNw6kgrmYstWyrP8VjKhka7XEmKTZzHSmwpr1Zb,HIDDEN_CANDIDATE,FuF2M5T79HJdpJUbp46qwWssLXQ1Xjf1yiNSfyo5UEGC,Benny,2026-09-03T11:13:02Z,5Q544fKrFoe6tsEbD7S8EmxGTJYAKtTVhAW5Q5pge4j1,1.218565512,2026-09-02T11:21:49Z,85873,53dH2fWvQV7JGy7tTBkukFzGnv5ZbZVRBGTr3LY8SJ4r31LAjCGiHXMcK5bWmF6YwBSYqHtXR3MBRXtJsMnyy7yY,381,7,True,False,False
EqiFgyNw6kgrmYstWyrP8VjKhka7XEmKTZzHSmwpr1Zb,HIDDEN_CANDIDATE,FuF2M5T79HJdpJUbp46qwWssLXQ1Xjf1yiNSfyo5UEGC,Benny,2026-09-03T11:13:02Z,5Q544fKrFoe6tsEbD7S8EmxGTJYAKtTVhAW5Q5pge4j1,1.212528925,2026-09-02T11:21:52Z,85870,4dL8BHuUmFQn6cBr8ep2qXp4yLpueUzG81NfMuu5JE2umetWqvbfLSxjbwhtfvWvY2Nwwk4b6938P9dW1drDxPzM,381,7,True,False,False
EqiFgyNw6kgrmYstWyrP8VjKhka7XEmKTZzHSmwpr1Zb,HIDDEN_CANDIDATE,FuF2M5T79HJdpJUbp46qwWssLXQ1Xjf1yiNSfyo5UEGC,Benny,2026-09-03T11:13:02Z,5Q544fKrFoe6tsEbD7S8EmxGTJYAKtTVhAW5Q5pge4j1,1.082372246,2026-09-02T11:21:54Z,85868,7PPBP9aDHiZb4RngP8vt4iSZ6TeGtWng1F7iYvMQy7ZxEWfKxkxhs82GjB5fWNZwihZQVGmc97m8sKBopEvy7w8,381,7,True,False,False
EqiFgyNw6kgrmYstWyrP8VjKhka7XEmKTZzHSmwpr1Zb,HIDDEN_CANDIDATE,FuF2M5T79HJdpJUbp46qwWssLXQ1Xjf1yiNSfyo5UEGC,Benny,2026-09-03T11:13:02Z,5Q544fKrFoe6tsEbD7S8EmxGTJYAKtTVhAW5Q5pge4j1,1.124406328,2026-09-02T11:23:46Z,85756,RpCPaUMLFL5JG7ay5wUjgi7vT8yZX8szQrgutuoSLgev1vdWUbttaYaeENxRpNHCVChynMQHRPJa6r1E17GmxYs,381,7,True,False,False
EqiFgyNw6kgrmYstWyrP8VjKhka7XEmKTZzHSmwpr1Zb,HIDDEN_CANDIDATE,FuF2M5T79HJdpJUbp46qwWssLXQ1Xjf1yiNSfyo5UEGC,Benny,2026-09-03T11:13:02Z,5Q544fKrFoe6tsEbD7S8EmxGTJYAKtTVhAW5Q5pge4j1,4.560805153,2026-09-02T11:33:27Z,85175,5MWzXW4xMy2Z5aUkKNK7iRQiD5Jaryb9kMLiyb9jZB6fLt35BXr5LAwWgAnVuHtj1LVS7Xrqjsb1VVEBgxsy3iDz,381,7,True,False,False
EqiFgyNw6kgrmYstWyrP8VjKhka7XEmKTZzHSmwpr1Zb,HIDDEN_CANDIDATE,FuF2M5T79HJdpJUbp46qwWssLXQ1Xjf1yiNSfyo5UEGC,Benny,2026-09-03T11:13:02Z,5Q544fKrFoe6tsEbD7S8EmxGTJYAKtTVhAW5Q5pge4j1,4.338704401,2026-09-02T11:33:29Z,85173,5HbSuGEuXAndzNNvjqscH8C2JGUGbmGBu74n8JbPcrJEoVbcArB7XzZE2aK7A5VCtegHDi6gJ8w9SC1fHgq6JrZd,381,7,True,False,False
EqiFgyNw6kgrmYstWyrP8VjKhka7XEmKTZzHSmwpr1Zb,HIDDEN_CANDIDATE,FuF2M5T79HJdpJUbp46qwWssLXQ1Xjf1yiNSfyo5UEGC,Benny,2026-09-03T11:13:02Z,DoAsxPQgiyAxyaJNvpAAUb2ups6rbJRdYrCPyWxwRxBb,0.332613238,2026-09-02T11:33:50Z,85152,3mKb8mPKVsWVMxogS9xt7ERYhshoLtYHDFHQkWkEf2NVL2sU94uKewqMffZpYSwvMw2ZnaBdYKZ68JdeUy9dW7bo,278,3,False,False,False
EqiFgyNw6kgrmYstWyrP8VjKhka7XEmKTZzHSmwpr1Zb,HIDDEN_CANDIDATE,FuF2M5T79HJdpJUbp46qwWssLXQ1Xjf1yiNSfyo5UEGC,Benny,2026-09-03T11:13:02Z,DoAsxPQgiyAxyaJNvpAAUb2ups6rbJRdYrCPyWxwRxBb,0.106823452,2026-09-02T11:57:52Z,83710,4MDjeeLXDZfpVpGyyfDCD75yYUmv3sTT8MGHQ7uZgzcdLpd7ZYWb1vXGuqAH27tZ9tepLuJEPUCmc5cArokeefy2,278,3,False,False,False
EqiFgyNw6kgrmYstWyrP8VjKhka7XEmKTZzHSmwpr1Zb,HIDDEN_CANDIDATE,FuF2M5T79HJdpJUbp46qwWssLXQ1Xjf1yiNSfyo5UEGC,Benny,2026-09-03T11:13:02Z,5Q544fKrFoe6tsEbD7S8EmxGTJYAKtTVhAW5Q5pge4j1,1.816478596,2026-09-02T12:07:05Z,83157,4CNprr7hhZ7mY4RufhKUffNrgNVqXYJwyxg7YVHRfVvuWQ2e7kjH2acPBNjY889JWXvWw9SzxeDYzAAP1RQxFQyM,381,7,True,False,False
EqiFgyNw6kgrmYstWyrP8VjKhka7XEmKTZzHSmwpr1Zb,HIDDEN_CANDIDATE,FuF2M5T79HJdpJUbp46qwWssLXQ1Xjf1yiNSfyo5UEGC,Benny,2026-09-03T11:13:02Z,9Ngg8wNFYCDo7vakY6kW65jcANh28xnparXgpwBH8AkQ,11.251414552,2026-09-02T12:20:44Z,82338,5bTN7urKHVqwnV7E7h7bda7MoPL8doRQw2oNKDNJn1sGvsJF2hSagitNQGEJNxk2KpuJ142Dk8Qzt1z3coyoTt57,1,1,False,False,False
EqiFgyNw6kgrmYstWyrP8VjKhka7XEmKTZzHSmwpr1Zb,HIDDEN_CANDIDATE,FuF2M5T79HJdpJUbp46qwWssLXQ1Xjf1yiNSfyo5UEGC,Benny,2026-09-03T11:13:02Z,5B38Fz46FHoaJZVzghdm3Joqg9sfxEz5QgXTKqEiZWx6,0.259518377,2026-09-02T12:22:05Z,82257,3fofsnTcsFSBtd5QnDnD2xLVBo6s5jWRff7mm2s4L1gmPX9cJQSDxBYsAXyqBF5X9zvk6V8QD2fcUQ2CCG1ZmjEK,12,1,False,False,False
EqiFgyNw6kgrmYstWyrP8VjKhka7XEmKTZzHSmwpr1Zb,HIDDEN_CANDIDATE,FuF2M5T79HJdpJUbp46qwWssLXQ1Xjf1yiNSfyo5UEGC,Benny,2026-09-03T11:13:02Z,DoAsxPQgiyAxyaJNvpAAUb2ups6rbJRdYrCPyWxwRxBb,0.322037967,2026-09-02T12:22:17Z,82245,59ZDWp5bdqud5ak145DZaywE7kp42RxkfxeXfzHADuGShMbFyJ7rnh5yccTn7Gdtwvo2mw4oC44Hp9uEMT9st5NT,278,3,False,False,False
EqiFgyNw6kgrmYstWyrP8VjKhka7XEmKTZzHSmwpr1Zb,HIDDEN_CANDIDATE,FuF2M5T79HJdpJUbp46qwWssLXQ1Xjf1yiNSfyo5UEGC,Benny,2026-09-03T11:13:02Z,8BR8MAYVxeFmuUJhXmbj1KfZRAdLyTXKb4zGUXSKHbiS,5.512533858,2026-09-02T12:34:17Z,81525,2sRE2cNME1wvNkmc9Lm5kQeMvQCRSkF6cHxgnWP5hogp2e5qV5psnJiMJ6hzfeKyj5bTq3BED5k7gnheb3YcBPQZ,1,1,False,False,False
EqiFgyNw6kgrmYstWyrP8VjKhka7XEmKTZzHSmwpr1Zb,HIDDEN_CANDIDATE,FuF2M5T79HJdpJUbp46qwWssLXQ1Xjf1yiNSfyo5UEGC,Benny,2026-09-03T11:13:02Z,7djZvJGNvke9AwcBqZeUvoFVi7fT1kLW7x7BW6geCApC,18.201847551,2026-09-02T12:43:07Z,80995,37FJuHPCjBoB1aPvRHxUmKaNQjp3krsYH5kaNBVDmdrvxYkwrRXYmeK6gaU3BCn1TiYyHfrsxfk889f5P76QWvgY,7,1,False,False,False
EqiFgyNw6kgrmYstWyrP8VjKhka7XEmKTZzHSmwpr1Zb,HIDDEN_CANDIDATE,FuF2M5T79HJdpJUbp46qwWssLXQ1Xjf1yiNSfyo5UEGC,Benny,2026-09-03T11:13:02Z,5379TY2cBHPMd3PLqVEQXQwL9Y1Nr2As2Spn6S2WxJH8,5.603607208,2026-09-02T12:43:14Z,80988,2pyv6NsjuTUj4HtKjXYDuffpA2SmMRdmCg4SYXuUxFiSDHo5WZuALywCJmGE14PTxjF9dJyUnyqv453vFbWuN6mq,5,1,False,False,False
EqiFgyNw6kgrmYstWyrP8VjKhka7XEmKTZzHSmwpr1Zb,HIDDEN_CANDIDATE,FuF2M5T79HJdpJUbp46qwWssLXQ1Xjf1yiNSfyo5UEGC,Benny,2026-09-03T11:13:02Z,DoAsxPQgiyAxyaJNvpAAUb2ups6rbJRdYrCPyWxwRxBb,0.112912735,2026-09-02T12:45:26Z,80856,38sjvbWw4enHMuLapL4drZBeRXFcAwBApK7baXJUXpoNNJH3obuzTr7GHhCcM2Gjtb4Ny3qZ66NuCd4KGqvYUxoM,278,3,False,False,False
EqiFgyNw6kgrmYstWyrP8VjKhka7XEmKTZzHSmwpr1Zb,HIDDEN_CANDIDATE,FuF2M5T79HJdpJUbp46qwWssLXQ1Xjf1yiNSfyo5UEGC,Benny,2026-09-03T11:13:02Z,EBouzpSwuNoeXayx8HS7yJZJJpowBezp65qB5h4ntEcz,6.652204251,2026-09-02T13:02:23Z,79839,m7Yo8nSZgM59zeF721KzPCQLMnENC11jSdkpiGZEQA81mpeQgQ4UrU35GczU4WxdqzWnjNskBGyTEDeqrWmpqpe,3,1,False,False,False
EqiFgyNw6kgrmYstWyrP8VjKhka7XEmKTZzHSmwpr1Zb,HIDDEN_CANDIDATE,FuF2M5T79HJdpJUbp46qwWssLXQ1Xjf1yiNSfyo5UEGC,Benny,2026-09-03T11:13:02Z,5B38Fz46FHoaJZVzghdm3Joqg9sfxEz5QgXTKqEiZWx6,0.220855973,2026-09-02T13:02:39Z,79823,4TJMEGVgc84615txgv9AHZ592K4v45n7GsJXd1wKVYszgrbvMF2qu6URSNo1L7zkYHBYzHCodNussM6TEWAUnEcp,12,1,False,False,False
EqiFgyNw6kgrmYstWyrP8VjKhka7XEmKTZzHSmwpr1Zb,HIDDEN_CANDIDATE,FuF2M5T79HJdpJUbp46qwWssLXQ1Xjf1yiNSfyo5UEGC,Benny,2026-09-03T11:13:02Z,DoAsxPQgiyAxyaJNvpAAUb2ups6rbJRdYrCPyWxwRxBb,0.156504707,2026-09-02T13:02:46Z,79816,4DudMtCrHSmrLfBtEU7NtpoUkVKe8H5JYoCXPd63y6UDPGaSVD1iRxHdAaZGfYY3Ugg4DNkU5Ry2m26if13wJy9P,278,3,False,False,False
EqiFgyNw6kgrmYstWyrP8VjKhka7XEmKTZzHSmwpr1Zb,HIDDEN_CANDIDATE,FuF2M5T79HJdpJUbp46qwWssLXQ1Xjf1yiNSfyo5UEGC,Benny,2026-09-03T11:13:02Z,EBouzpSwuNoeXayx8HS7yJZJJpowBezp65qB5h4ntEcz,5.268640859,2026-09-02T13:09:36Z,79406,2cMFcnWL9pxxYzWq3H3Hjs7c1EXD7BcTp1rez3fUZLfkq8Dc1VoEnWu9ynGjvteKazuybNtBbqSyLFuxvBx7BodN,3,1,False,False,False
EqiFgyNw6kgrmYstWyrP8VjKhka7XEmKTZzHSmwpr1Zb,HIDDEN_CANDIDATE,FuF2M5T79HJdpJUbp46qwWssLXQ1Xjf1yiNSfyo5UEGC,Benny,2026-09-03T11:13:02Z,EBouzpSwuNoeXayx8HS7yJZJJpowBezp65qB5h4ntEcz,4.772597303,2026-09-02T13:09:37Z,79405,3PrSQxp8paWcBpp5bmq2Cg5AWsSQcUig1jiDhVh5MopXz5VJoYxWdgnoCXmgmJy7pfk3rDmx7t4rELzgUg43jJkK,3,1,False,False,False
EqiFgyNw6kgrmYstWyrP8VjKhka7XEmKTZzHSmwpr1Zb,HIDDEN_CANDIDATE,FuF2M5T79HJdpJUbp46qwWssLXQ1Xjf1yiNSfyo5UEGC,Benny,2026-09-03T11:13:02Z,J15a6xSZFhaEfa1o6bAMFBUJXKtg1UNp2dLRXpTbrAZL,3.424001943,2026-09-02T13:14:10Z,79132,3XqYSVWADUrmSTHwXrsFyA1L8Dd7BoHJJXMxteHNK993KS7YpQyLvEQuAbJGhuLZ5fwY4TAAffAF6zpUCuMNk4CV,1,1,False,False,False
EqiFgyNw6kgrmYstWyrP8VjKhka7XEmKTZzHSmwpr1Zb,HIDDEN_CANDIDATE,FuF2M5T79HJdpJUbp46qwWssLXQ1Xjf1yiNSfyo5UEGC,Benny,2026-09-03T11:13:02Z,5B38Fz46FHoaJZVzghdm3Joqg9sfxEz5QgXTKqEiZWx6,0.223060492,2026-09-02T13:16:01Z,79021,4xbk4QoXGE6f2Lam8VwTFDXV74UbP5A8wesKtTjkmyryrsx9Mk1rdVTrcRUKr7bofXHdM6o7BqJsjzRc5aYeis8N,12,1,False,False,False
EqiFgyNw6kgrmYstWyrP8VjKhka7XEmKTZzHSmwpr1Zb,HIDDEN_CANDIDATE,FuF2M5T79HJdpJUbp46qwWssLXQ1Xjf1yiNSfyo5UEGC,Benny,2026-09-03T11:13:02Z,DoAsxPQgiyAxyaJNvpAAUb2ups6rbJRdYrCPyWxwRxBb,0.269700871,2026-09-02T13:16:10Z,79012,3Z67uRyVb7mUyHi2wadTj575RiAVbcrVAsTKfko2W4tEjijt7RbFwFeWe1DVh2qN6TQCXGZCukifnorLbyi8G2a7,278,3,False,False,False
EqiFgyNw6kgrmYstWyrP8VjKhka7XEmKTZzHSmwpr1Zb,HIDDEN_CANDIDATE,FuF2M5T79HJdpJUbp46qwWssLXQ1Xjf1yiNSfyo5UEGC,Benny,2026-09-03T11:13:02Z,DoAsxPQgiyAxyaJNvpAAUb2ups6rbJRdYrCPyWxwRxBb,0.148082754,2026-09-02T13:24:17Z,78525,3QgM59Sms1qocxh4X8h9XRucs3ck2vYRGQ3qNw3TjVgVZnL7n8GN6xcdR9v1dgQVs8cHk7PcYv46VAorYZKWXE58,278,3,False,False,False
EqiFgyNw6kgrmYstWyrP8VjKhka7XEmKTZzHSmwpr1Zb,HIDDEN_CANDIDATE,FuF2M5T79HJdpJUbp46qwWssLXQ1Xjf1yiNSfyo5UEGC,Benny,2026-09-03T11:13:02Z,2fsFaaJwVf9KZLu7qCdXsH32rYY3FAdCcznANcG845PM,1.06615079,2026-09-02T13:32:05Z,78057,MCYamieQaYqHmDQfG9KexqTchbe1QHrsNoUVqZ8huUP9eZWBruqX5xyniSLpPNGgFLoZaRJFskAhHCyxAcUPoN8,1,1,False,False,False
EqiFgyNw6kgrmYstWyrP8VjKhka7XEmKTZzHSmwpr1Zb,HIDDEN_CANDIDATE,FuF2M5T79HJdpJUbp46qwWssLXQ1Xjf1yiNSfyo5UEGC,Benny,2026-09-03T11:13:02Z,DoAsxPQgiyAxyaJNvpAAUb2ups6rbJRdYrCPyWxwRxBb,0.369032415,2026-09-02T13:55:17Z,76665,2i14NeHWUXf1UF7wqBrELespPCt4MfFoYFGggL9eqb2KFNdezeukrakMmGbagMiahpneQbdpjWRG6TFFa8EdN396,278,3,False,False,False
EqiFgyNw6kgrmYstWyrP8VjKhka7XEmKTZzHSmwpr1Zb,HIDDEN_CANDIDATE,FuF2M5T79HJdpJUbp46qwWssLXQ1Xjf1yiNSfyo5UEGC,Benny,2026-09-03T11:13:02Z,DoAsxPQgiyAxyaJNvpAAUb2ups6rbJRdYrCPyWxwRxBb,0.357241346,2026-09-02T14:09:30Z,75812,2b3kPHtFkScvPStw9NyZFj1DoXomQAmbJeNpKS2BuXT5HDYMgMLSPQEeVqLEayDr3Vw1DtB47twKzMgfLwFcp9CW,278,3,False,False,False
EqiFgyNw6kgrmYstWyrP8VjKhka7XEmKTZzHSmwpr1Zb,HIDDEN_CANDIDATE,FuF2M5T79HJdpJUbp46qwWssLXQ1Xjf1yiNSfyo5UEGC,Benny,2026-09-03T11:13:02Z,EDrNNFwULhy79wemUn39cxrgEheGt9SqoYy8mqQtb4iz,4.429268217,2026-09-02T14:14:01Z,75541,2rgrJLUMfRkr93n648bGbQgbSDt2A2Ty32NjjjbC3Z9tFuGYjdRMFQx5m9LbWUB5jtusgof5ftJ1tSsgeGewyvEe,1,1,False,False,False
EqiFgyNw6kgrmYstWyrP8VjKhka7XEmKTZzHSmwpr1Zb,HIDDEN_CANDIDATE,FuF2M5T79HJdpJUbp46qwWssLXQ1Xjf1yiNSfyo5UEGC,Benny,2026-09-03T11:13:02Z,5379TY2cBHPMd3PLqVEQXQwL9Y1Nr2As2Spn6S2WxJH8,6.864555914,2026-09-02T14:14:01Z,75541,3cfWcZFkcSEwE8uQkxMGffnidxPMvqf7WEQb75VvitNCeS9vEqACndFV7T4W1XLzC57Syx8T3aL7QGfyYAVRyNRZ,5,1,False,False,False
EqiFgyNw6kgrmYstWyrP8VjKhka7XEmKTZzHSmwpr1Zb,HIDDEN_CANDIDATE,FuF2M5T79HJdpJUbp46qwWssLXQ1Xjf1yiNSfyo5UEGC,Benny,2026-09-03T11:13:02Z,7djZvJGNvke9AwcBqZeUvoFVi7fT1kLW7x7BW6geCApC,8.936143132,2026-09-02T14:14:01Z,75541,5Xrrn3nZZnq5UaYCpAZTwpGweWy3qoccbvZp8Q2aViJwd8UsScs9Ezzy4iUAXeDutW3mL1saLVmfUnUqNwV8RHhG,7,1,False,False,False
EqiFgyNw6kgrmYstWyrP8VjKhka7XEmKTZzHSmwpr1Zb,HIDDEN_CANDIDATE,FuF2M5T79HJdpJUbp46qwWssLXQ1Xjf1yiNSfyo5UEGC,Benny,2026-09-03T11:13:02Z,3fnbLzbf932buscY6L7Us1J8SP4Faxfz1ZvNPW7YCpLA,3.337960704,2026-09-02T14:14:04Z,75538,e3FkZ6L9KRHMBQcQA55tH6oja6shMGLHKyCGVzQw43U98JtDcmbmeEMwGfREJ9n8F3VEmeND4gKS8jeeh6YKdMD,1,1,False,False,False
EqiFgyNw6kgrmYstWyrP8VjKhka7XEmKTZzHSmwpr1Zb,HIDDEN_CANDIDATE,FuF2M5T79HJdpJUbp46qwWssLXQ1Xjf1yiNSfyo5UEGC,Benny,2026-09-03T11:13:02Z,DoAsxPQgiyAxyaJNvpAAUb2ups6rbJRdYrCPyWxwRxBb,0.141050711,2026-09-02T14:17:17Z,75345,2nSvj8aA9kDhFn55RLLrw91bi4wYW2venW2mHVusn9ixtU6fXH1i1jX2Lk9b4rRaSCpjFbpu89Sdiev5rnFWKKQi,278,3,False,False,False
EqiFgyNw6kgrmYstWyrP8VjKhka7XEmKTZzHSmwpr1Zb,HIDDEN_CANDIDATE,FuF2M5T79HJdpJUbp46qwWssLXQ1Xjf1yiNSfyo5UEGC,Benny,2026-09-03T11:13:02Z,DoAsxPQgiyAxyaJNvpAAUb2ups6rbJRdYrCPyWxwRxBb,0.078316762,2026-09-02T14:23:02Z,75000,pg13fT7SgLqsbo7nDeJU1N59Qqd5MnKJ7rd8YsARhrfobHoENXb8Et1Cwepfjn52s1Ugyquqs2tEERfM11pfGvB,278,3,False,False,False
EqiFgyNw6kgrmYstWyrP8VjKhka7XEmKTZzHSmwpr1Zb,HIDDEN_CANDIDATE,FuF2M5T79HJdpJUbp46qwWssLXQ1Xjf1yiNSfyo5UEGC,Benny,2026-09-03T11:13:02Z,8ZhfkKVrKBufeXHeW3TDZahJJJLkGD2QVaFF8k6XHzWy,1.877705104,2026-09-02T14:25:46Z,74836,59NSRL1Pb79swXVxdKg4EuKiyRbfbWuV7U4ma8zJkf8gG1iAorrapKJZATovqUyBSDodfSWf8UbC8goz9GjPi3cE,1,1,False,False,False
EqiFgyNw6kgrmYstWyrP8VjKhka7XEmKTZzHSmwpr1Zb,HIDDEN_CANDIDATE,FuF2M5T79HJdpJUbp46qwWssLXQ1Xjf1yiNSfyo5UEGC,Benny,2026-09-03T11:13:02Z,DSXvXbTdEGH9vAj5XUax8ByyEozsi8vJPGPkcqftGwC3,3.954096262,2026-09-02T14:42:39Z,73823,46zSf7JFnQoWJCByGxoAr9hHJ1sswVkNTq4e7fKfHf5qFzeszbfVM2eCLNgWf5QEty5sVncj9DJQfBzTvbz5cgUV,2,1,False,False,False
EqiFgyNw6kgrmYstWyrP8VjKhka7XEmKTZzHSmwpr1Zb,HIDDEN_CANDIDATE,FuF2M5T79HJdpJUbp46qwWssLXQ1Xjf1yiNSfyo5UEGC,Benny,2026-09-03T11:13:02Z,DSXvXbTdEGH9vAj5XUax8ByyEozsi8vJPGPkcqftGwC3,3.16381172,2026-09-02T14:45:53Z,73629,23StpyqHWES1skYjPecX5nw9ihnf9KezTu6yTNS7hnzYdft1ArRB1Ytvayxrz9Nm8UwVMMAiuFxr79pZww9RU1kL,2,1,False,False,False
EqiFgyNw6kgrmYstWyrP8VjKhka7XEmKTZzHSmwpr1Zb,HIDDEN_CANDIDATE,FuF2M5T79HJdpJUbp46qwWssLXQ1Xjf1yiNSfyo5UEGC,Benny,2026-09-03T11:13:02Z,qPZSF2evCiZUydzVWY49EyTjzEjdTtxmfUAwiQ45CR4,3.085863499,2026-09-02T14:49:18Z,73424,5kC5ZBg2eHC98myimPLdJSDiMbQa6JwLQPUMzWeHjV1DkvjWLPMkyz2fsMLkjAtrfxCAycDLt87LHJoSjCPnebKT,1,1,False,False,False
EqiFgyNw6kgrmYstWyrP8VjKhka7XEmKTZzHSmwpr1Zb,HIDDEN_CANDIDATE,FuF2M5T79HJdpJUbp46qwWssLXQ1Xjf1yiNSfyo5UEGC,Benny,2026-09-03T11:13:02Z,FSFzPziJ6C152tAdDfnXkRY5rhbHKQ6k5711dTYDn16g,4.813181338,2026-09-02T15:02:12Z,72650,NyKamemA3YqqLWQSWo7QrxCX12Yx8CCngn6SgkusDQeNsqxukAPoo6cUA2DB39epvPqcTvBrJD7GTWgGVnjSv7P,1,1,False,False,False
EqiFgyNw6kgrmYstWyrP8VjKhka7XEmKTZzHSmwpr1Zb,HIDDEN_CANDIDATE,FuF2M5T79HJdpJUbp46qwWssLXQ1Xjf1yiNSfyo5UEGC,Benny,2026-09-03T11:13:02Z,HxeJ132uuqFbnbYDF8CA8Ecki7QARcsnn9b5LWVtJiNW,4.235111186,2026-09-02T15:04:25Z,72517,3PW9nEvkLVnB4rRTHyWBmDWCMQo7FD7YbEHxDZnUV8u3GmWtNQjjykTy6C3jDczJJ1JLtmNP2cK2xX4fqSYSkKRf,2,1,False,False,False
EqiFgyNw6kgrmYstWyrP8VjKhka7XEmKTZzHSmwpr1Zb,HIDDEN_CANDIDATE,FuF2M5T79HJdpJUbp46qwWssLXQ1Xjf1yiNSfyo5UEGC,Benny,2026-09-03T11:13:02Z,HxeJ132uuqFbnbYDF8CA8Ecki7QARcsnn9b5LWVtJiNW,4.025054366,2026-09-02T15:04:26Z,72516,a15voukaqDwAq71PQf3RiL2fG35DCJU37MXF7XPm5cTt7SSkhJDeyuxUL8FCM97niTTdkvMyco5fTb5d9SYEBA1,2,1,False,False,False
EqiFgyNw6kgrmYstWyrP8VjKhka7XEmKTZzHSmwpr1Zb,HIDDEN_CANDIDATE,FuF2M5T79HJdpJUbp46qwWssLXQ1Xjf1yiNSfyo5UEGC,Benny,2026-09-03T11:13:02Z,5B38Fz46FHoaJZVzghdm3Joqg9sfxEz5QgXTKqEiZWx6,0.108623697,2026-09-02T15:06:03Z,72419,3e9kSBFL6uW2qoeQD2kXBBAjhPrrYKzrdSSj1tnoza7s9NnJdBLZpCRJoBnwZa8qaX2PWvj5rTcsKQAfy1KoeP5b,12,1,False,False,False
EqiFgyNw6kgrmYstWyrP8VjKhka7XEmKTZzHSmwpr1Zb,HIDDEN_CANDIDATE,FuF2M5T79HJdpJUbp46qwWssLXQ1Xjf1yiNSfyo5UEGC,Benny,2026-09-03T11:13:02Z,DoAsxPQgiyAxyaJNvpAAUb2ups6rbJRdYrCPyWxwRxBb,0.556707023,2026-09-02T15:06:11Z,72411,2m1uSnf5ukb5gNaoYkeBhKnkUgh9MTRPguV2mA7c7FsuazSL1SNXuDtA8Nj5xnetLVG41A1ZbZap6V1LYr4zi7Rg,278,3,False,False,False
EqiFgyNw6kgrmYstWyrP8VjKhka7XEmKTZzHSmwpr1Zb,HIDDEN_CANDIDATE,FuF2M5T79HJdpJUbp46qwWssLXQ1Xjf1yiNSfyo5UEGC,Benny,2026-09-03T11:13:02Z,Bc4TgSZ8jyqK6uYUVAZe4dTuANs8k72PPLDXSGDRiDNk,7.447719724,2026-09-02T16:16:41Z,68181,4eiwcbd7VAJBx1rYzp4SeAEKuZLByqimXLS8euFammVFyMCcxigYJyfE8BAbpVM8DNMdZMCnhWrV1fnNCmNXZDDe,2,1,False,False,False
EqiFgyNw6kgrmYstWyrP8VjKhka7XEmKTZzHSmwpr1Zb,HIDDEN_CANDIDATE,FuF2M5T79HJdpJUbp46qwWssLXQ1Xjf1yiNSfyo5UEGC,Benny,2026-09-03T11:13:02Z,Bc4TgSZ8jyqK6uYUVAZe4dTuANs8k72PPLDXSGDRiDNk,9.143557958,2026-09-02T16:25:05Z,67677,43tEb1Unm5reFAhp98DjxMkeVDnXUEHNtnZ2UgkWcMmbXH1eEePQVzCuZrwk5Ed4vxNXwwB9M71vqQbJR6vuhpoU,2,1,False,False,False
EqiFgyNw6kgrmYstWyrP8VjKhka7XEmKTZzHSmwpr1Zb,HIDDEN_CANDIDATE,FuF2M5T79HJdpJUbp46qwWssLXQ1Xjf1yiNSfyo5UEGC,Benny,2026-09-03T11:13:02Z,7djZvJGNvke9AwcBqZeUvoFVi7fT1kLW7x7BW6geCApC,10.920671287,2026-09-02T16:32:12Z,67250,2VuncjLbELF6rYpWvp5Ui9ZRAmm5Mmd3JD7cmvqiMi1GFDuXqTCaBvYFPTPzHqLaikP1Sf1vK9VXv4eQDYVTVPp4,7,1,False,False,False
EqiFgyNw6kgrmYstWyrP8VjKhka7XEmKTZzHSmwpr1Zb,HIDDEN_CANDIDATE,FuF2M5T79HJdpJUbp46qwWssLXQ1Xjf1yiNSfyo5UEGC,Benny,2026-09-03T11:13:02Z,6W7R6gnoZbdvwYpX57kPWGvXuW6attTkqyhSF4R2cowt,6.663949985,2026-09-02T17:17:15Z,64547,2pFFmb1CcXBCCe56UkaaseUbzzacPrftHNofHaKynsgXo6aejCqEm33vvizHHjp8WkZLyT7Wi17WeiHCnauCPJ2D,1,1,False,False,False
EqiFgyNw6kgrmYstWyrP8VjKhka7XEmKTZzHSmwpr1Zb,HIDDEN_CANDIDATE,FuF2M5T79HJdpJUbp46qwWssLXQ1Xjf1yiNSfyo5UEGC,Benny,2026-09-03T11:13:02Z,CZMDbzfNGGNSSqxjsP49Z3wM5E6APnzabL7FjMkhabLQ,2.264598075,2026-09-02T17:20:51Z,64331,42E3KoFL9bGdVpZ6eaW3KCv7ZL4sNxUYWZhx34mXLmcX5qp9VVgcmSoa6jqCy1syfNmwmpuLQcv9jGiMftPJsABa,1,1,False,False,False
EqiFgyNw6kgrmYstWyrP8VjKhka7XEmKTZzHSmwpr1Zb,HIDDEN_CANDIDATE,FuF2M5T79HJdpJUbp46qwWssLXQ1Xjf1yiNSfyo5UEGC,Benny,2026-09-03T11:13:02Z,5Q544fKrFoe6tsEbD7S8EmxGTJYAKtTVhAW5Q5pge4j1,1.441626215,2026-09-02T17:21:47Z,64275,2kT671FpKbpGrsqAxZAnq2BMGcqx39Ft4v5rgXzUvFoiZKsMBSP3MWN71PZcMoPh6KHAjdmiUicAgyTCygfeW429,381,7,True,False,False
EqiFgyNw6kgrmYstWyrP8VjKhka7XEmKTZzHSmwpr1Zb,HIDDEN_CANDIDATE,FuF2M5T79HJdpJUbp46qwWssLXQ1Xjf1yiNSfyo5UEGC,Benny,2026-09-03T11:13:02Z,5Q544fKrFoe6tsEbD7S8EmxGTJYAKtTVhAW5Q5pge4j1,1.674726487,2026-09-02T17:23:44Z,64158,4KvRfvPu9bs3vNLeYT6qD8K5G7ZuPvHaP5bhcxShMVuTJ8YFh9BwPh9QbCWQZcyxSbnc8u4Naq5XBeuaJzJWW6jV,381,7,True,False,False
EqiFgyNw6kgrmYstWyrP8VjKhka7XEmKTZzHSmwpr1Zb,HIDDEN_CANDIDATE,FuF2M5T79HJdpJUbp46qwWssLXQ1Xjf1yiNSfyo5UEGC,Benny,2026-09-03T11:13:02Z,Cu3XNHxRMpFjaiaJsZvVgKwcpa5G5Q8j8HJTKTfm43UE,2.442354478,2026-09-02T17:27:10Z,63952,5hANYUqBq4XQmESbJwbn3BWtTDNGCJra1C4JWoToucs8L42KeBcTkUvz9iHJ2DhoVoUsxhWMHjNRFxLPfAqGM2xV,1,1,False,False,False
EqiFgyNw6kgrmYstWyrP8VjKhka7XEmKTZzHSmwpr1Zb,HIDDEN_CANDIDATE,FuF2M5T79HJdpJUbp46qwWssLXQ1Xjf1yiNSfyo5UEGC,Benny,2026-09-03T11:13:02Z,8Dk9D9ASVGg1NXzVcJA79i3YRtzhVgYtYiCQbiD4jeux,5.215105897,2026-09-02T17:32:17Z,63645,dYRsbY6P9SNqsJFpJEYZ9mjfMMu6nCnCneStpSphjt5bbVjBfsjzoCf5f5w6N7ZXYhMxuoJVjSb9yXpKJUrq5pc,1,1,False,False,False
EqiFgyNw6kgrmYstWyrP8VjKhka7XEmKTZzHSmwpr1Zb,HIDDEN_CANDIDATE,FuF2M5T79HJdpJUbp46qwWssLXQ1Xjf1yiNSfyo5UEGC,Benny,2026-09-03T11:13:02Z,3YbUs3cBjTPhTyNBTs2NCBrwdddjWKM3qEt4wmfJGw2T,1.131257292,2026-09-02T17:36:14Z,63408,25B6fw8ViKUb2C82HWU6VmqF7qGvh1ewm6ErGJivJod5LdjAt33cB9C5hRKYxxCyFMosYiLj6qdxEhdFLkAnmpbh,6,1,False,False,False
EqiFgyNw6kgrmYstWyrP8VjKhka7XEmKTZzHSmwpr1Zb,HIDDEN_CANDIDATE,FuF2M5T79HJdpJUbp46qwWssLXQ1Xjf1yiNSfyo5UEGC,Benny,2026-09-03T11:13:02Z,3YbUs3cBjTPhTyNBTs2NCBrwdddjWKM3qEt4wmfJGw2T,1.001416741,2026-09-02T17:36:15Z,63407,4H5wxCrJhAdN89PtfrSPasjY3zux18ntjeTYuJxAFiaAacfWjRnk9QYpn9AZDFsaN9jZwod6HnP3US32NYVkEmFz,6,1,False,False,False
EqiFgyNw6kgrmYstWyrP8VjKhka7XEmKTZzHSmwpr1Zb,HIDDEN_CANDIDATE,FuF2M5T79HJdpJUbp46qwWssLXQ1Xjf1yiNSfyo5UEGC,Benny,2026-09-03T11:13:02Z,3YbUs3cBjTPhTyNBTs2NCBrwdddjWKM3qEt4wmfJGw2T,0.902678144,2026-09-02T17:36:16Z,63406,4FVgwqV7XQNdzzJpR83QJY91VWeX5pcnNJSnUP8WzGbzNxwTQwXoyq6edWdUNLC9VcmXBSDNPXMwYymUHAfFjkLw,6,1,False,False,False
EqiFgyNw6kgrmYstWyrP8VjKhka7XEmKTZzHSmwpr1Zb,HIDDEN_CANDIDATE,FuF2M5T79HJdpJUbp46qwWssLXQ1Xjf1yiNSfyo5UEGC,Benny,2026-09-03T11:13:02Z,3YbUs3cBjTPhTyNBTs2NCBrwdddjWKM3qEt4wmfJGw2T,3.610537427,2026-09-02T17:36:27Z,63395,5M3sZe1Y9igXPiCFC8PhhExkM2uSxTFi8xhUZjEahLcwCDEphgHSrzwaFkhPfozxVq6erwKPxzxwnzfPiX4TRjpt,6,1,False,False,False
EqiFgyNw6kgrmYstWyrP8VjKhka7XEmKTZzHSmwpr1Zb,HIDDEN_CANDIDATE,FuF2M5T79HJdpJUbp46qwWssLXQ1Xjf1yiNSfyo5UEGC,Benny,2026-09-03T11:13:02Z,3YbUs3cBjTPhTyNBTs2NCBrwdddjWKM3qEt4wmfJGw2T,2.12017564,2026-09-02T17:37:08Z,63354,4Q5u37SDAT6BwG8Nxyvkw3c9T1JXvbsHZ2gmSGzojxUQCGJaWKmPsrQxy4zUigqqQqq4V88uWSStG1X2wz4DP97w,6,1,False,False,False
EqiFgyNw6kgrmYstWyrP8VjKhka7XEmKTZzHSmwpr1Zb,HIDDEN_CANDIDATE,FuF2M5T79HJdpJUbp46qwWssLXQ1Xjf1yiNSfyo5UEGC,Benny,2026-09-03T11:13:02Z,3YbUs3cBjTPhTyNBTs2NCBrwdddjWKM3qEt4wmfJGw2T,2.06856414,2026-09-02T17:37:12Z,63350,5NxJc5PuKWuqGLJMgL2e6eTmaPPpRiqV3GvbGs64BL8GEz89aqmxrrb3DPe7hq8C2tSDfpNcQLUueTXbFRGtPszG,6,1,False,False,False
EqiFgyNw6kgrmYstWyrP8VjKhka7XEmKTZzHSmwpr1Zb,HIDDEN_CANDIDATE,FuF2M5T79HJdpJUbp46qwWssLXQ1Xjf1yiNSfyo5UEGC,Benny,2026-09-03T11:13:02Z,HAmAnSTptmT4uFhuXGaWQ5drt4DopF1nxDcfxsawBGeY,5.068974604,2026-09-02T17:41:28Z,63094,5DCBKjnhiLZYTqCtG94LJoZaXL72LzKVqrKWFqWFbvAXM3DcJVbGLnXhfTEiRBvW39grsPzTZS9EvHLRUWGZJd68,10,1,False,False,False
EqiFgyNw6kgrmYstWyrP8VjKhka7XEmKTZzHSmwpr1Zb,HIDDEN_CANDIDATE,FuF2M5T79HJdpJUbp46qwWssLXQ1Xjf1yiNSfyo5UEGC,Benny,2026-09-03T11:13:02Z,5B38Fz46FHoaJZVzghdm3Joqg9sfxEz5QgXTKqEiZWx6,0.291838478,2026-09-02T17:42:57Z,63005,4Koc6h7kKyJk8P5Sf3Y2DWYWoMEfyAH7ZkydQeWpwoC8kRRUG4wesGYSdhQ6Ln3JLEGQCoE84psUUGNHtrspKR9X,12,1,False,False,False
EqiFgyNw6kgrmYstWyrP8VjKhka7XEmKTZzHSmwpr1Zb,HIDDEN_CANDIDATE,FuF2M5T79HJdpJUbp46qwWssLXQ1Xjf1yiNSfyo5UEGC,Benny,2026-09-03T11:13:02Z,DoAsxPQgiyAxyaJNvpAAUb2ups6rbJRdYrCPyWxwRxBb,1.378825695,2026-09-02T17:43:07Z,62995,3ntbhkfWaq7GbzeJvkK85TkzAcvCaXutM4JQM8BmxLu8gARCk4j2c9k8ZQ6WP4svxTEvyThKi61bJ8XoQX362qM3,278,3,False,False,False
EqiFgyNw6kgrmYstWyrP8VjKhka7XEmKTZzHSmwpr1Zb,HIDDEN_CANDIDATE,FuF2M5T79HJdpJUbp46qwWssLXQ1Xjf1yiNSfyo5UEGC,Benny,2026-09-03T11:13:02Z,HAmAnSTptmT4uFhuXGaWQ5drt4DopF1nxDcfxsawBGeY,0.908689042,2026-09-02T17:45:02Z,62880,VTXtamRLwLFPP6zcW3Gx1P7BpdNAcECDzpiVNdEvpteQYGVSAkECVTgKzZCg9cVDCxkcY7njuGMWvXFcCQCvbaq,10,1,False,False,False
EqiFgyNw6kgrmYstWyrP8VjKhka7XEmKTZzHSmwpr1Zb,HIDDEN_CANDIDATE,FuF2M5T79HJdpJUbp46qwWssLXQ1Xjf1yiNSfyo5UEGC,Benny,2026-09-03T11:13:02Z,HAmAnSTptmT4uFhuXGaWQ5drt4DopF1nxDcfxsawBGeY,0.829551939,2026-09-02T17:45:02Z,62880,2GPhN3hVAzU44TqpsSxAhpTdZyy5k1Mm2LhqGQ5ngbFafzMiKDTQqHaVbe5K4u4t8TqYrwvnZHa5w2ayXdzjgmoH,10,1,False,False,False
EqiFgyNw6kgrmYstWyrP8VjKhka7XEmKTZzHSmwpr1Zb,HIDDEN_CANDIDATE,FuF2M5T79HJdpJUbp46qwWssLXQ1Xjf1yiNSfyo5UEGC,Benny,2026-09-03T11:13:02Z,HAmAnSTptmT4uFhuXGaWQ5drt4DopF1nxDcfxsawBGeY,0.718457236,2026-09-02T17:45:03Z,62879,41BDkWsxkduGnC6ztX5LnF2KyfASr37zNdVZ8FPcAkfDwbC6cehLsxbrTL9eSm9w5kPtK3UxRJJfnPnekGDjSZAo,10,1,False,False,False
EqiFgyNw6kgrmYstWyrP8VjKhka7XEmKTZzHSmwpr1Zb,HIDDEN_CANDIDATE,FuF2M5T79HJdpJUbp46qwWssLXQ1Xjf1yiNSfyo5UEGC,Benny,2026-09-03T11:13:02Z,HAmAnSTptmT4uFhuXGaWQ5drt4DopF1nxDcfxsawBGeY,0.634302701,2026-09-02T17:45:04Z,62878,2HieMnQnBqjn3m7RVjSFvmvSDAPAxeqNkSK5iincN1arhEvSpcTNQn8LGRCf94RtBHYwi27NWfywk6Qzt1tKjT2R,10,1,False,False,False
EqiFgyNw6kgrmYstWyrP8VjKhka7XEmKTZzHSmwpr1Zb,HIDDEN_CANDIDATE,FuF2M5T79HJdpJUbp46qwWssLXQ1Xjf1yiNSfyo5UEGC,Benny,2026-09-03T11:13:02Z,HAmAnSTptmT4uFhuXGaWQ5drt4DopF1nxDcfxsawBGeY,0.775928299,2026-09-02T17:45:12Z,62870,4fbtxB324NgJ1BwW7oLwthowGz3eUTe62Dkmzcb9XtaZeTPzKpyBwP4qb7yhnuvfFMfPKMVGHBgT23f9HpUdmvSk,10,1,False,False,False
EqiFgyNw6kgrmYstWyrP8VjKhka7XEmKTZzHSmwpr1Zb,HIDDEN_CANDIDATE,FuF2M5T79HJdpJUbp46qwWssLXQ1Xjf1yiNSfyo5UEGC,Benny,2026-09-03T11:13:02Z,HAmAnSTptmT4uFhuXGaWQ5drt4DopF1nxDcfxsawBGeY,0.639161346,2026-09-02T17:45:13Z,62869,5uJxevVRJ9jdATdro6KL2mFGQK6cQxzo2jZHQyi9xkzoRm7bocoZbLBiqSnMSnfcFunh17YEGNzBNZ1WWa93drGw,10,1,False,False,False
EqiFgyNw6kgrmYstWyrP8VjKhka7XEmKTZzHSmwpr1Zb,HIDDEN_CANDIDATE,FuF2M5T79HJdpJUbp46qwWssLXQ1Xjf1yiNSfyo5UEGC,Benny,2026-09-03T11:13:02Z,HAmAnSTptmT4uFhuXGaWQ5drt4DopF1nxDcfxsawBGeY,0.543640584,2026-09-02T17:45:14Z,62868,5Q3BeKnRwQTGedWAG9WNJcdwMdLZ2DQXWSqNUHGcSwEkiLTpT3YuhC1ZQvc1mTebrRgYqK9HEjVwhCU9QVqssSck,10,1,False,False,False
EqiFgyNw6kgrmYstWyrP8VjKhka7XEmKTZzHSmwpr1Zb,HIDDEN_CANDIDATE,FuF2M5T79HJdpJUbp46qwWssLXQ1Xjf1yiNSfyo5UEGC,Benny,2026-09-03T11:13:02Z,HAmAnSTptmT4uFhuXGaWQ5drt4DopF1nxDcfxsawBGeY,0.524626092,2026-09-02T17:45:15Z,62867,4KBzniitf8HjtfXPJDhnGsL9ewE2XDWjpgXjx8amrQkUdY4xZLpKr8N6Hw3wodWSZxqqERkpXjrNkpxxn94qkcv3,10,1,False,False,False
EqiFgyNw6kgrmYstWyrP8VjKhka7XEmKTZzHSmwpr1Zb,HIDDEN_CANDIDATE,FuF2M5T79HJdpJUbp46qwWssLXQ1Xjf1yiNSfyo5UEGC,Benny,2026-09-03T11:13:02Z,HAmAnSTptmT4uFhuXGaWQ5drt4DopF1nxDcfxsawBGeY,1.511345494,2026-09-02T17:47:10Z,62752,5r6FLzaKkQAR4fJ9g6Xf2RdeZ7DNya5FrfUsQibvV7GEah7DrhPDLr3JFcc6pkSS7BWMsLZUjda6AaavzKfgDtu2,10,1,False,False,False
EqiFgyNw6kgrmYstWyrP8VjKhka7XEmKTZzHSmwpr1Zb,HIDDEN_CANDIDATE,FuF2M5T79HJdpJUbp46qwWssLXQ1Xjf1yiNSfyo5UEGC,Benny,2026-09-03T11:13:02Z,DoAsxPQgiyAxyaJNvpAAUb2ups6rbJRdYrCPyWxwRxBb,0.239784838,2026-09-02T17:53:11Z,62391,2gFxVtSGVtNaCWzaWt3GxFExcpjzCYQidBSU2vuTwnr5e5ATBbYACqSLHCQohC8cRQot5PcpnmEsu6G29wVn5sa,278,3,False,False,False
EqiFgyNw6kgrmYstWyrP8VjKhka7XEmKTZzHSmwpr1Zb,HIDDEN_CANDIDATE,FuF2M5T79HJdpJUbp46qwWssLXQ1Xjf1yiNSfyo5UEGC,Benny,2026-09-03T11:13:02Z,2aFrkHvuhTrka3ea55PE4b5QxWNceAuFVLEoGxTvSwDt,1.817546019,2026-09-02T18:02:58Z,61804,28bC25MnnHJi7Hh2wzH4FBmQDu1PEyfMj1AtaVcgfvcCZKgUxqhs4bCiKAmDbAxnQnzoP5CH9LxanKAKEjv5ZYUi,3,2,False,False,False
EqiFgyNw6kgrmYstWyrP8VjKhka7XEmKTZzHSmwpr1Zb,HIDDEN_CANDIDATE,FuF2M5T79HJdpJUbp46qwWssLXQ1Xjf1yiNSfyo5UEGC,Benny,2026-09-03T11:13:02Z,5B38Fz46FHoaJZVzghdm3Joqg9sfxEz5QgXTKqEiZWx6,0.058266127,2026-09-02T18:09:46Z,61396,37ByHGiYYmQ5TK6USrj1yrVeGE8AGXwwb8wgY7rNod5QAJHCNDQiHCh1HqFKCdQNg7TfcnrA7eXKpcyFuWh3vMaU,12,1,False,False,False
EqiFgyNw6kgrmYstWyrP8VjKhka7XEmKTZzHSmwpr1Zb,HIDDEN_CANDIDATE,FuF2M5T79HJdpJUbp46qwWssLXQ1Xjf1yiNSfyo5UEGC,Benny,2026-09-03T11:13:02Z,DoAsxPQgiyAxyaJNvpAAUb2ups6rbJRdYrCPyWxwRxBb,0.260836719,2026-09-02T18:09:56Z,61386,4V7jsM4YdH7SKNpbuauM1zZDYQYU69m22kmQqN4DPtUdLRRk8L2NgZApy8yV7PDEMrir2fmBVuo5yR7ASpzbpuVE,278,3,False,False,False
EqiFgyNw6kgrmYstWyrP8VjKhka7XEmKTZzHSmwpr1Zb,HIDDEN_CANDIDATE,FuF2M5T79HJdpJUbp46qwWssLXQ1Xjf1yiNSfyo5UEGC,Benny,2026-09-03T11:13:02Z,CzsxDQz6kPqrUoChLE1HYFJvj9HpgBrMys4vFFDqNdM5,36.012287779,2026-09-03T03:52:14Z,26448,EGQ7pbLqdMkuZih1FT7AudhQGnq4tkEDGppmHMhnhxQZf95N5H4N16GisaDGjqUiXe8oiJgJSRg5AB6bZfsuKLs,2,1,False,False,False
EqiFgyNw6kgrmYstWyrP8VjKhka7XEmKTZzHSmwpr1Zb,HIDDEN_CANDIDATE,FuF2M5T79HJdpJUbp46qwWssLXQ1Xjf1yiNSfyo5UEGC,Benny,2026-09-03T11:13:02Z,Czfq3xZZDmsdGdUyrNLtRhGc47cXcZtLG4crryfu44zE,13.528900684,2026-09-03T03:52:26Z,26436,4W88pM5GU3tirUayG4V1e1dSdVaqhcyps35FWbZoMwkeMZMk37cwscHj5MtmnxRT6Z9Lt5kq9Z2VRkRfNnqZRP7T,8,3,True,False,False
EqiFgyNw6kgrmYstWyrP8VjKhka7XEmKTZzHSmwpr1Zb,HIDDEN_CANDIDATE,FuF2M5T79HJdpJUbp46qwWssLXQ1Xjf1yiNSfyo5UEGC,Benny,2026-09-03T11:13:02Z,AnwDsz5NqfQx3eT3YJnXdNBzU1r2jAJTsnoFEvawDvmk,2.364117724,2026-09-03T03:54:38Z,26304,5HB1FeVneXEtdAwgh8LqdN2hfFTJTvDDgPy9sND4MpmU56BJoQ3ucwnCFAWUXgKuHX4hu2aSKKkZ4TjL8ptYx92B,1,1,False,False,False
EqiFgyNw6kgrmYstWyrP8VjKhka7XEmKTZzHSmwpr1Zb,HIDDEN_CANDIDATE,FuF2M5T79HJdpJUbp46qwWssLXQ1Xjf1yiNSfyo5UEGC,Benny,2026-09-03T11:13:02Z,DoAsxPQgiyAxyaJNvpAAUb2ups6rbJRdYrCPyWxwRxBb,0.231059773,2026-09-03T04:17:19Z,24943,3RDD4bvxvBdHUAgfnuByeRdLCzWAsnUbzH2qtipZsjNLY9Mdd2FvnG1sRzf3x4cdeLWps8EA1yTGd56T1DXpPivW,278,3,False,False,False
EqiFgyNw6kgrmYstWyrP8VjKhka7XEmKTZzHSmwpr1Zb,HIDDEN_CANDIDATE,FuF2M5T79HJdpJUbp46qwWssLXQ1Xjf1yiNSfyo5UEGC,Benny,2026-09-03T11:13:02Z,DoAsxPQgiyAxyaJNvpAAUb2ups6rbJRdYrCPyWxwRxBb,0.197852361,2026-09-03T04:23:06Z,24596,4w7zfSeZcejkFtnTRHwmF6Xta7DU7JhbEVXzwTptoMPtwYC6uUNTG6K9o2zLXfzRJuQTpPRX4RTjZCY9s9H4JnDX,278,3,False,False,False
EqiFgyNw6kgrmYstWyrP8VjKhka7XEmKTZzHSmwpr1Zb,HIDDEN_CANDIDATE,FuF2M5T79HJdpJUbp46qwWssLXQ1Xjf1yiNSfyo5UEGC,Benny,2026-09-03T11:13:02Z,DoAsxPQgiyAxyaJNvpAAUb2ups6rbJRdYrCPyWxwRxBb,0.195196015,2026-09-03T04:30:32Z,24150,5G2QSWNUZWJaZ2i8G7puCnYcEMm46H9WWstGh3PZRUUGhMas68G7QsvLMctaiKVKwS1StYdPjUhJGhuxoNquXRGG,278,3,False,False,False
EqiFgyNw6kgrmYstWyrP8VjKhka7XEmKTZzHSmwpr1Zb,HIDDEN_CANDIDATE,FuF2M5T79HJdpJUbp46qwWssLXQ1Xjf1yiNSfyo5UEGC,Benny,2026-09-03T11:13:02Z,CzsxDQz6kPqrUoChLE1HYFJvj9HpgBrMys4vFFDqNdM5,16.025038424,2026-09-03T04:30:33Z,24149,5ZoDQZoPmpecjyJB8AK32cua24jLDdWD1ReFuT5rKp4EpPpKzENsYEUugt7GE726TUDApLu7C5XrzSieN55xJw2P,2,1,False,False,False
EqiFgyNw6kgrmYstWyrP8VjKhka7XEmKTZzHSmwpr1Zb,HIDDEN_CANDIDATE,FuF2M5T79HJdpJUbp46qwWssLXQ1Xjf1yiNSfyo5UEGC,Benny,2026-09-03T11:13:02Z,DoAsxPQgiyAxyaJNvpAAUb2ups6rbJRdYrCPyWxwRxBb,0.246685011,2026-09-03T04:56:28Z,22594,2nBYQZAeCqQ6MCkRg5tiDj2eGVgc9qjoR9ka7rhXH1XPb5z6icAEoXnxXxNYeq94nHdmPYeG3dK32DEqqLyt7zrF,278,3,False,False,False
EqiFgyNw6kgrmYstWyrP8VjKhka7XEmKTZzHSmwpr1Zb,HIDDEN_CANDIDATE,FuF2M5T79HJdpJUbp46qwWssLXQ1Xjf1yiNSfyo5UEGC,Benny,2026-09-03T11:13:02Z,DoAsxPQgiyAxyaJNvpAAUb2ups6rbJRdYrCPyWxwRxBb,0.125937849,2026-09-03T05:02:02Z,22260,3ptCDHzTFk1LJNJMKtQeHAcTZ3cky9Mqa8E5giYdMQz2MhPJkFMpwKUpeDhFoMrnenE1J4aYJyZPsEpZjTahjpKb,278,3,False,False,False
EqiFgyNw6kgrmYstWyrP8VjKhka7XEmKTZzHSmwpr1Zb,HIDDEN_CANDIDATE,FuF2M5T79HJdpJUbp46qwWssLXQ1Xjf1yiNSfyo5UEGC,Benny,2026-09-03T11:13:02Z,DoAsxPQgiyAxyaJNvpAAUb2ups6rbJRdYrCPyWxwRxBb,0.052995712,2026-09-03T05:08:10Z,21892,8hznqgDEy6DkRN8J4eEKvSY5nrfFSuCzBsJL79SoXrrEjAm6CEE4X8BL1X9NtVxnSxoa7o33ZbB8VUztrtoM6yA,278,3,False,False,False
EqiFgyNw6kgrmYstWyrP8VjKhka7XEmKTZzHSmwpr1Zb,HIDDEN_CANDIDATE,FuF2M5T79HJdpJUbp46qwWssLXQ1Xjf1yiNSfyo5UEGC,Benny,2026-09-03T11:13:02Z,DoAsxPQgiyAxyaJNvpAAUb2ups6rbJRdYrCPyWxwRxBb,0.248043195,2026-09-03T05:22:59Z,21003,BYSNB9RmNYwmnozUN5tEomM4HwyVX39GwCyBgBayLZ4Zt1WXd62SBw9sf1KbJ7q9PrpVcCzZf6q4hQ2TyoEW1E2,278,3,False,False,False
EqiFgyNw6kgrmYstWyrP8VjKhka7XEmKTZzHSmwpr1Zb,HIDDEN_CANDIDATE,FuF2M5T79HJdpJUbp46qwWssLXQ1Xjf1yiNSfyo5UEGC,Benny,2026-09-03T11:13:02Z,BokUP9aQS8xGLMSGoz3semxqNwfz8z6LEDixmYoChjHc,3.044123498,2026-09-03T05:30:51Z,20531,2qeJKHyWrAQ8SwcdzPVJAMAecXpAmRreQxBT4KU6FDigLv8zSj6Hg1nPAFYxbhz5EdpquRekYZE9wKM46UB47yVt,1,1,False,False,False
EqiFgyNw6kgrmYstWyrP8VjKhka7XEmKTZzHSmwpr1Zb,HIDDEN_CANDIDATE,FuF2M5T79HJdpJUbp46qwWssLXQ1Xjf1yiNSfyo5UEGC,Benny,2026-09-03T11:13:02Z,GDQnERSchwsFseR2Gj723HThQFtyZZLX8LZ43Ugvbg1b,2.988263608,2026-09-03T05:41:13Z,19909,V4JptYJi3vX3dqc6NkWh5DnvC3tZA6PiHufDpT1eaqWekfPf15y1d1CmdMxTjkFybWY6cp9qR6pMYRJ9HpSeevR,1,1,False,False,False
EqiFgyNw6kgrmYstWyrP8VjKhka7XEmKTZzHSmwpr1Zb,HIDDEN_CANDIDATE,FuF2M5T79HJdpJUbp46qwWssLXQ1Xjf1yiNSfyo5UEGC,Benny,2026-09-03T11:13:02Z,5ksasaxKEfZUQsjG3jUZEYww5kMXzJZkRbXD83NJehif,0.857390475,2026-09-03T05:43:53Z,19749,2YMeb3gmxi3TV4KvjNgpnBK8P4F3mwrRjVLEcTfBPCgJqRfpBxY9BUssY5Qt1jCUd3m9tiZfHpPHD1JDuqwyNjt5,3,1,False,False,False
EqiFgyNw6kgrmYstWyrP8VjKhka7XEmKTZzHSmwpr1Zb,HIDDEN_CANDIDATE,FuF2M5T79HJdpJUbp46qwWssLXQ1Xjf1yiNSfyo5UEGC,Benny,2026-09-03T11:13:02Z,DoAsxPQgiyAxyaJNvpAAUb2ups6rbJRdYrCPyWxwRxBb,0.147891931,2026-09-03T05:44:32Z,19710,5z7YRgdhXDSowBwYipYhTr1x7tjPSXrrqYAeKC3CbFcL7gcZFgxQcaUJ2ai2E8nybvQxVmJz62D3B4RzZc8CQQdw,278,3,False,False,False
EqiFgyNw6kgrmYstWyrP8VjKhka7XEmKTZzHSmwpr1Zb,HIDDEN_CANDIDATE,FuF2M5T79HJdpJUbp46qwWssLXQ1Xjf1yiNSfyo5UEGC,Benny,2026-09-03T11:13:02Z,5ksasaxKEfZUQsjG3jUZEYww5kMXzJZkRbXD83NJehif,1.241959395,2026-09-03T05:45:35Z,19647,3nSnex73WVv3GckhrKhug3zyYH5rBgA9QmL86HopvcMxbpCVBf45zavYRpvCXVoSA2egxV7RQYVXRAwnJb9R99Ab,3,1,False,False,False
EqiFgyNw6kgrmYstWyrP8VjKhka7XEmKTZzHSmwpr1Zb,HIDDEN_CANDIDATE,FuF2M5T79HJdpJUbp46qwWssLXQ1Xjf1yiNSfyo5UEGC,Benny,2026-09-03T11:13:02Z,DoAsxPQgiyAxyaJNvpAAUb2ups6rbJRdYrCPyWxwRxBb,0.05193867,2026-09-03T05:46:06Z,19616,phHj1zAevR1vtyW3ScZEms9BSrJB2hFX4u2Kxv6KPtJNt5oAoNKD8SNrPrDmAdHdU9ks3vKh25iWkdfgGdeUU9d,278,3,False,False,False
EqiFgyNw6kgrmYstWyrP8VjKhka7XEmKTZzHSmwpr1Zb,HIDDEN_CANDIDATE,FuF2M5T79HJdpJUbp46qwWssLXQ1Xjf1yiNSfyo5UEGC,Benny,2026-09-03T11:13:02Z,5ksasaxKEfZUQsjG3jUZEYww5kMXzJZkRbXD83NJehif,2.023369447,2026-09-03T06:28:15Z,17087,3um5R4NF7TPfUo8jDaAssAJTxXUjH5LzV1BKYvu8dwf7xsLUnSUG6T4YQB1rJwRyMCzkLATrduFqQm6ZVMVvKBP4,3,1,False,False,False
EqiFgyNw6kgrmYstWyrP8VjKhka7XEmKTZzHSmwpr1Zb,HIDDEN_CANDIDATE,FuF2M5T79HJdpJUbp46qwWssLXQ1Xjf1yiNSfyo5UEGC,Benny,2026-09-03T11:13:02Z,9w1VxLrbSdz5BXrxBvhLBVUfRSB7gHVF9LYkCDGgD9R8,6.17572523,2026-09-03T06:50:17Z,15765,4z6aUE4pENp3nhgbXh2VgQwxzQWMKQyGPpCrGiPFZja2PgpSe3tqeqRcN1j9E7Bps8j9Y95CUVwWjsnfQutTAJYx,1,1,False,False,False
EqiFgyNw6kgrmYstWyrP8VjKhka7XEmKTZzHSmwpr1Zb,HIDDEN_CANDIDATE,FuF2M5T79HJdpJUbp46qwWssLXQ1Xjf1yiNSfyo5UEGC,Benny,2026-09-03T11:13:02Z,C2koi9gmGN4wWkyteoD8J42rwtEZANxQZKHgZnkzBQB4,2.147078395,2026-09-03T06:53:48Z,15554,ZDKRYdPsRNyJfXzaw6gL8S7QMkT3gbg6GnYwhzA5dg6jEKtvEnD7sxoTqAi8exLLmqiHmzX3MkTysHhqU9ikwo2,1,1,False,False,False
EqiFgyNw6kgrmYstWyrP8VjKhka7XEmKTZzHSmwpr1Zb,HIDDEN_CANDIDATE,FuF2M5T79HJdpJUbp46qwWssLXQ1Xjf1yiNSfyo5UEGC,Benny,2026-09-03T11:13:02Z,5B38Fz46FHoaJZVzghdm3Joqg9sfxEz5QgXTKqEiZWx6,0.147079129,2026-09-03T07:16:41Z,14181,Ue6cZcJoV3MqgFBumj58U3vN7tPcpVBPH2GZbHL66S4x2rf9dCvyyDnBEUc3nnr5VYpQhgL115MzVnxW761RZxq,12,1,False,False,False
EqiFgyNw6kgrmYstWyrP8VjKhka7XEmKTZzHSmwpr1Zb,HIDDEN_CANDIDATE,FuF2M5T79HJdpJUbp46qwWssLXQ1Xjf1yiNSfyo5UEGC,Benny,2026-09-03T11:13:02Z,DoAsxPQgiyAxyaJNvpAAUb2ups6rbJRdYrCPyWxwRxBb,0.91062578,2026-09-03T07:16:50Z,14172,GPh5ErHoz2cXmvVjg4N8J7xFRENU6NipT61eLGK4WZ78vNizKCKB84i9sqk3uBJN75uhEXacuTT55cqg7m29dve,278,3,False,False,False
EqiFgyNw6kgrmYstWyrP8VjKhka7XEmKTZzHSmwpr1Zb,HIDDEN_CANDIDATE,FuF2M5T79HJdpJUbp46qwWssLXQ1Xjf1yiNSfyo5UEGC,Benny,2026-09-03T11:13:02Z,5379TY2cBHPMd3PLqVEQXQwL9Y1Nr2As2Spn6S2WxJH8,4.970617921,2026-09-03T07:18:35Z,14067,RtNoo9wwcXztR7jqbC2s4BcQVN66s4dscVtWvEuRwgTcyZiXDiaUXg4xSTrRQmGUG5ENX5uSTodZPGEu34UuDhK,5,1,False,False,False
EqiFgyNw6kgrmYstWyrP8VjKhka7XEmKTZzHSmwpr1Zb,HIDDEN_CANDIDATE,FuF2M5T79HJdpJUbp46qwWssLXQ1Xjf1yiNSfyo5UEGC,Benny,2026-09-03T11:13:02Z,7djZvJGNvke9AwcBqZeUvoFVi7fT1kLW7x7BW6geCApC,7.453433664,2026-09-03T07:18:35Z,14067,27FETXswB7vsZJ2GHqj34s5pfSxtD6KUGgFRC8f3W9UCXbXi76iSdrE6ndBBgnFhXjGRrfcJkY8YK4XbQ9cE1ih6,7,1,False,False,False
6yVb4pxNwDfr6rovwNnBg3SyKSvDcHGD4WdFPN1JJBqm,CALLER,GfqKCwNeAdHHi97AmgCLP5qrwcSJRDdyZ1huiU6xUXTz,ACTX,2026-09-23T16:30:30Z,8FnX3xo2yYw3EUE6w3nQA4GfXGS9wpK6oj3veJpbFzLo,0.059875964,2026-09-22T18:58:39Z,77511,TnfJtbstoK4oHSkAQDWcgW4ouL9ijAN2YS8sr5svmDKhqG9JyiMT96v35VLmbs5iKsVMKXwMcp61h44qLoKLDD5,50,4,True,False,False
6yVb4pxNwDfr6rovwNnBg3SyKSvDcHGD4WdFPN1JJBqm,CALLER,GfqKCwNeAdHHi97AmgCLP5qrwcSJRDdyZ1huiU6xUXTz,ACTX,2026-09-23T16:30:30Z,5Q544fKrFoe6tsEbD7S8EmxGTJYAKtTVhAW5Q5pge4j1,1.409393851,2026-09-23T12:26:50Z,14620,4XogdvSk5FU5skxai8MYAC3L9GHytjiLMc55x8cYUVjeA3Rhr9bwM3MbAbtR3gqecdB2v2JhtiVP61R7s3Lem9V6,381,7,True,False,False
6yVb4pxNwDfr6rovwNnBg3SyKSvDcHGD4WdFPN1JJBqm,CALLER,GfqKCwNeAdHHi97AmgCLP5qrwcSJRDdyZ1huiU6xUXTz,ACTX,2026-09-23T16:30:30Z,5Q544fKrFoe6tsEbD7S8EmxGTJYAKtTVhAW5Q5pge4j1,0.955337685,2026-09-23T15:54:37Z,2153,5mF8DT2LVGLZcvHBLmEZ29BMXXXqwg5VTkZ4naRYS2tuanUVYgSapFrWWrdtYzwA2rLzfftXdGw5J7xAcDoucRMi,381,7,True,False,False
6yVb4pxNwDfr6rovwNnBg3SyKSvDcHGD4WdFPN1JJBqm,CALLER,GfqKCwNeAdHHi97AmgCLP5qrwcSJRDdyZ1huiU6xUXTz,ACTX,2026-09-23T16:30:30Z,5Q544fKrFoe6tsEbD7S8EmxGTJYAKtTVhAW5Q5pge4j1,1.745545855,2026-09-23T16:05:22Z,1508,3XFYyJVNXemKHkt186KdtdBTQmAxUbYJnYni8EtntMjoccFHbHMiTjvVaiXM3vsGoUvoSSoQXJrHbWKwaaxAgv4U,381,7,True,False,False
6yVb4pxNwDfr6rovwNnBg3SyKSvDcHGD4WdFPN1JJBqm,CALLER,H9GGsNc7vA4hN13N1oU4itq8x3mrdZBdw2XdK3Mipump,Hoodlana,2026-09-09T16:54:33Z,5Q544fKrFoe6tsEbD7S8EmxGTJYAKtTVhAW5Q5pge4j1,1.903558168,2026-09-08T16:56:20Z,86293,36uTGjs3iK9zjTmMzDYpVAaJwQgwwtHdgxzZn3zWAiqEDmhG1qDmtSG3aKkkv7pM2ZFK2wzviD1SoFvVzpudFfx8,381,7,True,False,False
6yVb4pxNwDfr6rovwNnBg3SyKSvDcHGD4WdFPN1JJBqm,CALLER,H9GGsNc7vA4hN13N1oU4itq8x3mrdZBdw2XdK3Mipump,Hoodlana,2026-09-09T16:54:33Z,5Q544fKrFoe6tsEbD7S8EmxGTJYAKtTVhAW5Q5pge4j1,2.281879303,2026-09-08T17:03:13Z,85880,4rbHZ9CPZLtkN5nWvz2SVJX3Q9cL61kYYzBcTL5KkuvpPPygeao8JYATQas1GttgR3ZMDX4dtHXkmE2GYpEjP8xX,381,7,True,False,False
6yVb4pxNwDfr6rovwNnBg3SyKSvDcHGD4WdFPN1JJBqm,CALLER,H9GGsNc7vA4hN13N1oU4itq8x3mrdZBdw2XdK3Mipump,Hoodlana,2026-09-09T16:54:33Z,5Q544fKrFoe6tsEbD7S8EmxGTJYAKtTVhAW5Q5pge4j1,0.237138056,2026-09-08T17:04:46Z,85787,4qnxQicSLHKa4Ykp6wcbZ4YQCFaZ275LZT4wMKqPLbLkkLTE6TUEoWik1HAssc1YJg8QnLzfKq4mno2yWmg8WiBm,381,7,True,False,False
6yVb4pxNwDfr6rovwNnBg3SyKSvDcHGD4WdFPN1JJBqm,CALLER,H9GGsNc7vA4hN13N1oU4itq8x3mrdZBdw2XdK3Mipump,Hoodlana,2026-09-09T16:54:33Z,5Q544fKrFoe6tsEbD7S8EmxGTJYAKtTVhAW5Q5pge4j1,0.238383404,2026-09-08T17:09:23Z,85510,2KpnKqzwgYhfNczJadpdu56aS7UUSJPidGZQ4URoYrU6u98ox7Nmzh6Zrrn8pyXFJRJGXKpr5EoXh6f9SP3VsVhq,381,7,True,False,False
6yVb4pxNwDfr6rovwNnBg3SyKSvDcHGD4WdFPN1JJBqm,CALLER,H9GGsNc7vA4hN13N1oU4itq8x3mrdZBdw2XdK3Mipump,Hoodlana,2026-09-09T16:54:33Z,5Q544fKrFoe6tsEbD7S8EmxGTJYAKtTVhAW5Q5pge4j1,0.23822256,2026-09-08T17:25:32Z,84541,kzn5JycgMPHdNo11bDQFTDnHYqzVgTQdBFWuBQehkvn7DzfqDyuoYusRwVh8W8RRWMKY2ij951tXxvjuuQg2jYa,381,7,True,False,False
6yVb4pxNwDfr6rovwNnBg3SyKSvDcHGD4WdFPN1JJBqm,CALLER,H9GGsNc7vA4hN13N1oU4itq8x3mrdZBdw2XdK3Mipump,Hoodlana,2026-09-09T16:54:33Z,5Q544fKrFoe6tsEbD7S8EmxGTJYAKtTVhAW5Q5pge4j1,0.238452198,2026-09-08T17:26:33Z,84480,2UY3SPmcb4RRELMWLfhJg4QeWxyQ6WCUTC41QMvNbmYUE7Xg5nT6F7jtctcwi12WZU8G7ePEWd2p1yqNBGe1W5vD,381,7,True,False,False
6yVb4pxNwDfr6rovwNnBg3SyKSvDcHGD4WdFPN1JJBqm,CALLER,H9GGsNc7vA4hN13N1oU4itq8x3mrdZBdw2XdK3Mipump,Hoodlana,2026-09-09T16:54:33Z,5Q544fKrFoe6tsEbD7S8EmxGTJYAKtTVhAW5Q5pge4j1,1.909824678,2026-09-08T17:30:03Z,84270,i4Z1orcTfgMAL3ycehxXQBLhumvZxn7aJB8Jxho7cAYdNTjV97kerUzxYBqHtRPT1pniXsLnR2QjXmh3QiLxZiH,381,7,True,False,False
6yVb4pxNwDfr6rovwNnBg3SyKSvDcHGD4WdFPN1JJBqm,CALLER,H9GGsNc7vA4hN13N1oU4itq8x3mrdZBdw2XdK3Mipump,Hoodlana,2026-09-09T16:54:33Z,5Q544fKrFoe6tsEbD7S8EmxGTJYAKtTVhAW5Q5pge4j1,0.238398897,2026-09-08T17:32:09Z,84144,2UX8xvAtmW46UmUQeBSHLuvudUd3RSGWcpyzpcCYarZ9X49cM5gDe2SFd4KSWsLECJdkMpUJAnzbTSaaLAWdv371,381,7,True,False,False
6yVb4pxNwDfr6rovwNnBg3SyKSvDcHGD4WdFPN1JJBqm,CALLER,H9GGsNc7vA4hN13N1oU4itq8x3mrdZBdw2XdK3Mipump,Hoodlana,2026-09-09T16:54:33Z,5Q544fKrFoe6tsEbD7S8EmxGTJYAKtTVhAW5Q5pge4j1,1.428867435,2026-09-08T17:32:36Z,84117,5a7Gmxg71XJZ5Rb88tUKdTdN783a1XXn16z7wGn9tVD5wSmS5TunUxXT8hZkrFuep47dFcUSdqkSnVun9vGTv92h,381,7,True,False,False
6yVb4pxNwDfr6rovwNnBg3SyKSvDcHGD4WdFPN1JJBqm,CALLER,H9GGsNc7vA4hN13N1oU4itq8x3mrdZBdw2XdK3Mipump,Hoodlana,2026-09-09T16:54:33Z,5Q544fKrFoe6tsEbD7S8EmxGTJYAKtTVhAW5Q5pge4j1,3.803409173,2026-09-08T17:36:35Z,83878,Vjm8QSZH9uQPhifrvCF4yaxeo6pZHa6ydfDjV7ke1nQoQsNvt4Y88d2rHQ9ppHctVoPUV4w9J5B32htikuykApk,381,7,True,False,False
6yVb4pxNwDfr6rovwNnBg3SyKSvDcHGD4WdFPN1JJBqm,CALLER,H9GGsNc7vA4hN13N1oU4itq8x3mrdZBdw2XdK3Mipump,Hoodlana,2026-09-09T16:54:33Z,5Q544fKrFoe6tsEbD7S8EmxGTJYAKtTVhAW5Q5pge4j1,0.949938624,2026-09-08T17:37:20Z,83833,2Wk2fVD6b2SfpzixCRjsa17MMaLM453tx4V2n7prFFReTvf1QXBjTDGnVfu8sJ4Dfk4rzML8NsWN2w4a6RzYHgJg,381,7,True,False,False
6yVb4pxNwDfr6rovwNnBg3SyKSvDcHGD4WdFPN1JJBqm,CALLER,H9GGsNc7vA4hN13N1oU4itq8x3mrdZBdw2XdK3Mipump,Hoodlana,2026-09-09T16:54:33Z,AWnSmp1vyRfRubmYUXT3NtscuhQP49BaVU7E9dLR81NF,5.535368237,2026-09-08T17:37:22Z,83831,3AiY85jmWrK7kHwhwcKNPzuSkrXx2r2MSp9fLAA6k9AuFfad6vokzoCknabQPyvyHmrdrMHSyt2a3V3wdJahmE5C,1,1,False,False,False
6yVb4pxNwDfr6rovwNnBg3SyKSvDcHGD4WdFPN1JJBqm,CALLER,H9GGsNc7vA4hN13N1oU4itq8x3mrdZBdw2XdK3Mipump,Hoodlana,2026-09-09T16:54:33Z,5Q544fKrFoe6tsEbD7S8EmxGTJYAKtTVhAW5Q5pge4j1,1.4310011,2026-09-08T17:47:20Z,83233,4dSVDtfer5PFMNPHAG44tpVR3RLa4QdPj9Pxn5yAxebaZ3hxu12cnax4KmMdNzmK2fLjAXuESVtaX3b1MhPfs9Xf,381,7,True,False,False
6yVb4pxNwDfr6rovwNnBg3SyKSvDcHGD4WdFPN1JJBqm,CALLER,H9GGsNc7vA4hN13N1oU4itq8x3mrdZBdw2XdK3Mipump,Hoodlana,2026-09-09T16:54:33Z,5Q544fKrFoe6tsEbD7S8EmxGTJYAKtTVhAW5Q5pge4j1,0.238001986,2026-09-08T17:48:39Z,83154,4NKTHPKEjhMcH4TyK7LY11d1UiHQztqCSwxr7sGfsAnwwgjULoAaizmLZgaa6LDdEA1MobasSh3Kz83b2kEcrDvb,381,7,True,False,False
6yVb4pxNwDfr6rovwNnBg3SyKSvDcHGD4WdFPN1JJBqm,CALLER,H9GGsNc7vA4hN13N1oU4itq8x3mrdZBdw2XdK3Mipump,Hoodlana,2026-09-09T16:54:33Z,5Q544fKrFoe6tsEbD7S8EmxGTJYAKtTVhAW5Q5pge4j1,0.237848002,2026-09-08T17:49:42Z,83091,2C3h3cx8t9cvryM44Xt7Dy5t1PMbcmcy6aaxsw67ZMukQLy9TBmxB6eH6kHLtq9gYEKDbq4UyYpUYCizSE8opniN,381,7,True,False,False
6yVb4pxNwDfr6rovwNnBg3SyKSvDcHGD4WdFPN1JJBqm,CALLER,H9GGsNc7vA4hN13N1oU4itq8x3mrdZBdw2XdK3Mipump,Hoodlana,2026-09-09T16:54:33Z,5Q544fKrFoe6tsEbD7S8EmxGTJYAKtTVhAW5Q5pge4j1,4.765040862,2026-09-08T17:50:52Z,83021,ZZ2zzpYYVjLGduF6ohYhHxRMNpXrVkSbzakrRd2fY3xGH5YkJc2gV6QZdMP5qezVAdpgLcayA4W9kEZ292xrqvE,381,7,True,False,False
6yVb4pxNwDfr6rovwNnBg3SyKSvDcHGD4WdFPN1JJBqm,CALLER,H9GGsNc7vA4hN13N1oU4itq8x3mrdZBdw2XdK3Mipump,Hoodlana,2026-09-09T16:54:33Z,5Q544fKrFoe6tsEbD7S8EmxGTJYAKtTVhAW5Q5pge4j1,1.430864184,2026-09-08T18:09:50Z,81883,5QE4sMhesxwxiNun55pq2BnArpW5dbwFWLRvsbr5nxQKN2mGeK4eNh2s2xf2yA3uq74AdeapyXgaLBp2T5yvE1ay,381,7,True,False,False
6yVb4pxNwDfr6rovwNnBg3SyKSvDcHGD4WdFPN1JJBqm,CALLER,H9GGsNc7vA4hN13N1oU4itq8x3mrdZBdw2XdK3Mipump,Hoodlana,2026-09-09T16:54:33Z,5Q544fKrFoe6tsEbD7S8EmxGTJYAKtTVhAW5Q5pge4j1,0.238504495,2026-09-08T18:10:01Z,81872,58mn9bzaLDgwVHTUS7zSxFGL6vZfSmK9LmjcWMwwT7THAzSVQdXXPko3srmymfZtmvm4mtYVinXUGT8WdWGhAwyt,381,7,True,False,False
6yVb4pxNwDfr6rovwNnBg3SyKSvDcHGD4WdFPN1JJBqm,CALLER,H9GGsNc7vA4hN13N1oU4itq8x3mrdZBdw2XdK3Mipump,Hoodlana,2026-09-09T16:54:33Z,5Q544fKrFoe6tsEbD7S8EmxGTJYAKtTVhAW5Q5pge4j1,1.430544102,2026-09-08T18:10:21Z,81852,rxS6SyisPzRfa8JDJDujE96RrW37VCWe9wszcmeJ8MESeKjDr1EcTrBjSvVErvDo4JEERssKAiYC7fMCooaAvUy,381,7,True,False,False
6yVb4pxNwDfr6rovwNnBg3SyKSvDcHGD4WdFPN1JJBqm,CALLER,H9GGsNc7vA4hN13N1oU4itq8x3mrdZBdw2XdK3Mipump,Hoodlana,2026-09-09T16:54:33Z,5Q544fKrFoe6tsEbD7S8EmxGTJYAKtTVhAW5Q5pge4j1,1.428939187,2026-09-08T18:11:59Z,81754,2pFEL1Q6Uy5EdJNea78b7yRPUeRHhbkmaTx5g6a3Am9z9TGRNa1Tk8A8Dqy4vmrRWMsU8yuAem6Zzj61vTy5eKeS,381,7,True,False,False
6yVb4pxNwDfr6rovwNnBg3SyKSvDcHGD4WdFPN1JJBqm,CALLER,H9GGsNc7vA4hN13N1oU4itq8x3mrdZBdw2XdK3Mipump,Hoodlana,2026-09-09T16:54:33Z,5Q544fKrFoe6tsEbD7S8EmxGTJYAKtTVhAW5Q5pge4j1,0.236890343,2026-09-08T18:19:02Z,81331,3JzmmDp2H97RThZ31TVfqairyoRvjfsJWV9LfMS9KcHjD1VZagKFLsDYuBncq5ykdVnB3oUPZWG12xv5ctcL1WH7,381,7,True,False,False
6yVb4pxNwDfr6rovwNnBg3SyKSvDcHGD4WdFPN1JJBqm,CALLER,H9GGsNc7vA4hN13N1oU4itq8x3mrdZBdw2XdK3Mipump,Hoodlana,2026-09-09T16:54:33Z,GMCJvYGf5Ex2ARiMquaBDqU6iKM8uiEQkB8jCnoNfHpC,0.958739182,2026-09-08T18:21:27Z,81186,3MjnSA5tUfbz8bE3jeqmcTKXvqtTNqyahK44stmQM9ewJtqLq5GNieAgUNfi5fSGBReJE9FrQtsEMF5AxYSBr5Uu,2,1,False,False,False
6yVb4pxNwDfr6rovwNnBg3SyKSvDcHGD4WdFPN1JJBqm,CALLER,H9GGsNc7vA4hN13N1oU4itq8x3mrdZBdw2XdK3Mipump,Hoodlana,2026-09-09T16:54:33Z,5Q544fKrFoe6tsEbD7S8EmxGTJYAKtTVhAW5Q5pge4j1,0.237921483,2026-09-08T18:30:17Z,80656,2he75V6tDtMWH5KXhPKCjtSUv8BCT3HMt9uNX8Fbn4jot3Wsohhr9rBLK21DDkRYrGuNbveXhHuuyPtfntmbnEKr,381,7,True,False,False
6yVb4pxNwDfr6rovwNnBg3SyKSvDcHGD4WdFPN1JJBqm,CALLER,H9GGsNc7vA4hN13N1oU4itq8x3mrdZBdw2XdK3Mipump,Hoodlana,2026-09-09T16:54:33Z,5Q544fKrFoe6tsEbD7S8EmxGTJYAKtTVhAW5Q5pge4j1,0.094980615,2026-09-08T18:31:54Z,80559,75XuQrUjbo5z8XwnJ23paZAsqP7yy9B9Y9ksQFefotx6nio99GQQfWJXRmhGvHyS9cHeW3iDvbp5t7X3xR31fyV,381,7,True,False,False
6yVb4pxNwDfr6rovwNnBg3SyKSvDcHGD4WdFPN1JJBqm,CALLER,H9GGsNc7vA4hN13N1oU4itq8x3mrdZBdw2XdK3Mipump,Hoodlana,2026-09-09T16:54:33Z,5Q544fKrFoe6tsEbD7S8EmxGTJYAKtTVhAW5Q5pge4j1,0.237689581,2026-09-08T18:33:09Z,80484,4kRFvG42YyoA5VVSkDJ84cKABEFpiyUGMu7SxjYoxwTRRcmL7YgVfjquM9zagbBGLNaPA7cdCPem8FeNAkLuZaXw,381,7,True,False,False
6yVb4pxNwDfr6rovwNnBg3SyKSvDcHGD4WdFPN1JJBqm,CALLER,H9GGsNc7vA4hN13N1oU4itq8x3mrdZBdw2XdK3Mipump,Hoodlana,2026-09-09T16:54:33Z,5Q544fKrFoe6tsEbD7S8EmxGTJYAKtTVhAW5Q5pge4j1,1.90515449,2026-09-08T18:39:46Z,80087,3RKDhGAQSbLcbLfbJFLj342vLBYaC9pQiXNK3cBF6SReEzKTN6gNJoJ3BCWcsbS9qT5AMiXBcBadfGkaHLRgd95i,381,7,True,False,False
6yVb4pxNwDfr6rovwNnBg3SyKSvDcHGD4WdFPN1JJBqm,CALLER,H9GGsNc7vA4hN13N1oU4itq8x3mrdZBdw2XdK3Mipump,Hoodlana,2026-09-09T16:54:33Z,5Q544fKrFoe6tsEbD7S8EmxGTJYAKtTVhAW5Q5pge4j1,0.238127964,2026-09-08T18:41:01Z,80012,3Uit31e9uFzArnHF2rhXGfLHXJVv2fKTiJzWujDFsJtMVUf1jidMHXy3WTBGhYEaxLPLDw1HrQMyrt5iuW4C2LsA,381,7,True,False,False
6yVb4pxNwDfr6rovwNnBg3SyKSvDcHGD4WdFPN1JJBqm,CALLER,H9GGsNc7vA4hN13N1oU4itq8x3mrdZBdw2XdK3Mipump,Hoodlana,2026-09-09T16:54:33Z,5Q544fKrFoe6tsEbD7S8EmxGTJYAKtTVhAW5Q5pge4j1,0.950656522,2026-09-08T18:41:37Z,79976,5xzZ7uFkrpDixMw2FB6TQfvbX2smtU2cLcYGRBRLyCk9QCNzYutENQUKN59QLCN3Anvyh73NX1VeKzDWwPPGhWeX,381,7,True,False,False
6yVb4pxNwDfr6rovwNnBg3SyKSvDcHGD4WdFPN1JJBqm,CALLER,H9GGsNc7vA4hN13N1oU4itq8x3mrdZBdw2XdK3Mipump,Hoodlana,2026-09-09T16:54:33Z,5Q544fKrFoe6tsEbD7S8EmxGTJYAKtTVhAW5Q5pge4j1,0.238335096,2026-09-08T18:42:06Z,79947,5zkaqf6fYgP7FPYkAVdxdR1MbpVhsC5TsJ3N7ZBeZgAnTTygffABQSkeqGCtVnvjwooroDw6S6rPWkCibfpRvdnW,381,7,True,False,False
6yVb4pxNwDfr6rovwNnBg3SyKSvDcHGD4WdFPN1JJBqm,CALLER,H9GGsNc7vA4hN13N1oU4itq8x3mrdZBdw2XdK3Mipump,Hoodlana,2026-09-09T16:54:33Z,5Q544fKrFoe6tsEbD7S8EmxGTJYAKtTVhAW5Q5pge4j1,0.237585146,2026-09-08T18:43:01Z,79892,287HayvBDxqeT2z92Zu1xE75B5DAhzMRLzKjA9gn3dc9TaDfBNTBRNFULsHvChXemxh3VgrpPSAxbChWG6CW51cF,381,7,True,False,False
6yVb4pxNwDfr6rovwNnBg3SyKSvDcHGD4WdFPN1JJBqm,CALLER,H9GGsNc7vA4hN13N1oU4itq8x3mrdZBdw2XdK3Mipump,Hoodlana,2026-09-09T16:54:33Z,5Q544fKrFoe6tsEbD7S8EmxGTJYAKtTVhAW5Q5pge4j1,0.237334489,2026-09-08T18:44:09Z,79824,41dzGdJLBgJ9i3UMH6kKcN4Be9VDdtLtEH2jKzr5gauisWkrkwA1ksH68Ddn18Uo17uU1vzXhuFNPWAMHC1Y7DMk,381,7,True,False,False
6yVb4pxNwDfr6rovwNnBg3SyKSvDcHGD4WdFPN1JJBqm,CALLER,H9GGsNc7vA4hN13N1oU4itq8x3mrdZBdw2XdK3Mipump,Hoodlana,2026-09-09T16:54:33Z,5Q544fKrFoe6tsEbD7S8EmxGTJYAKtTVhAW5Q5pge4j1,0.237049933,2026-09-08T18:45:41Z,79732,5snBVTU4NKPby7JEAqodJvKPmLhorjH8vjgUFUDS79v3bu7zyBs6efXXwNaetYrJjfkPHjYpZg17k9bd1vhtJb5y,381,7,True,False,False
6yVb4pxNwDfr6rovwNnBg3SyKSvDcHGD4WdFPN1JJBqm,CALLER,H9GGsNc7vA4hN13N1oU4itq8x3mrdZBdw2XdK3Mipump,Hoodlana,2026-09-09T16:54:33Z,5Q544fKrFoe6tsEbD7S8EmxGTJYAKtTVhAW5Q5pge4j1,0.237498741,2026-09-08T18:45:57Z,79716,57HNYoZfEejnEfNxPHwHRgokYBf9R2GnpCrXpJyj39LMfrDRuGi1ZhEdMiKSzP8aJLAY2yWSsQWEab1pX1MjiXi4,381,7,True,False,False
6yVb4pxNwDfr6rovwNnBg3SyKSvDcHGD4WdFPN1JJBqm,CALLER,H9GGsNc7vA4hN13N1oU4itq8x3mrdZBdw2XdK3Mipump,Hoodlana,2026-09-09T16:54:33Z,2u8ogVbmgQCHXzyDUrJK67QB8rKyH85V1kjYvajMc8uo,1.141963357,2026-09-08T18:46:27Z,79686,2Zo5oMd4GoUPaNhjoovm2rV4ArxAV3cQMqxY6tSyky6MnmkbDTcwCoSz4LRsui7kFqa26kU1zRq4oFmiwvi1Xyoi,9,1,False,False,False
6yVb4pxNwDfr6rovwNnBg3SyKSvDcHGD4WdFPN1JJBqm,CALLER,H9GGsNc7vA4hN13N1oU4itq8x3mrdZBdw2XdK3Mipump,Hoodlana,2026-09-09T16:54:33Z,2u8ogVbmgQCHXzyDUrJK67QB8rKyH85V1kjYvajMc8uo,0.991083682,2026-09-08T18:46:44Z,79669,4KCHdnahCx3WPaEpW4zsdKnS3XjozyCbHwqa4DEViY1peYy4meSMBdEHkgpV8rPCgd2mmfBEBW9sZYGC9ZZDnW1h,9,1,False,False,False
6yVb4pxNwDfr6rovwNnBg3SyKSvDcHGD4WdFPN1JJBqm,CALLER,H9GGsNc7vA4hN13N1oU4itq8x3mrdZBdw2XdK3Mipump,Hoodlana,2026-09-09T16:54:33Z,2u8ogVbmgQCHXzyDUrJK67QB8rKyH85V1kjYvajMc8uo,2.296629001,2026-09-08T18:47:04Z,79649,5Wvrk2xCf1bZ3mgbhWg2QPev8LCRJqepAh3t1Fgch4i6DUXAZJydvuSbNMEYdmyWGoWbMMFu17WgRvtt4YMWp4b2,9,1,False,False,False
6yVb4pxNwDfr6rovwNnBg3SyKSvDcHGD4WdFPN1JJBqm,CALLER,H9GGsNc7vA4hN13N1oU4itq8x3mrdZBdw2XdK3Mipump,Hoodlana,2026-09-09T16:54:33Z,2u8ogVbmgQCHXzyDUrJK67QB8rKyH85V1kjYvajMc8uo,1.749242871,2026-09-08T18:47:10Z,79643,4CSL4otDr4S39naCwGWcuBjcbEGec5ur89kQTUGMC64Hq5dLN7FZPZyyZ9Jcj6Dtn2ET3j25bGrmPMoUzTXEvz6H,9,1,False,False,False
6yVb4pxNwDfr6rovwNnBg3SyKSvDcHGD4WdFPN1JJBqm,CALLER,H9GGsNc7vA4hN13N1oU4itq8x3mrdZBdw2XdK3Mipump,Hoodlana,2026-09-09T16:54:33Z,2u8ogVbmgQCHXzyDUrJK67QB8rKyH85V1kjYvajMc8uo,0.961638982,2026-09-08T18:47:19Z,79634,5ULx86m5j3LSpq6KDrKnnw91HKxPtAdPvJVXyo8BpSTK9vwf53Q1oVXmLvhuavZEug98j4edSmR12fieSLH89nD8,9,1,False,False,False
6yVb4pxNwDfr6rovwNnBg3SyKSvDcHGD4WdFPN1JJBqm,CALLER,H9GGsNc7vA4hN13N1oU4itq8x3mrdZBdw2XdK3Mipump,Hoodlana,2026-09-09T16:54:33Z,2u8ogVbmgQCHXzyDUrJK67QB8rKyH85V1kjYvajMc8uo,0.873371962,2026-09-08T18:47:37Z,79616,4rkjLdiSc173SEfpGHPLUtKUe5p2kkZfA88c6GH3C2d321Dr5xacSKVAzj3gnJih8RZmQA4uFUZD3h1vgQLgZdLN,9,1,False,False,False
6yVb4pxNwDfr6rovwNnBg3SyKSvDcHGD4WdFPN1JJBqm,CALLER,H9GGsNc7vA4hN13N1oU4itq8x3mrdZBdw2XdK3Mipump,Hoodlana,2026-09-09T16:54:33Z,2u8ogVbmgQCHXzyDUrJK67QB8rKyH85V1kjYvajMc8uo,0.623433687,2026-09-08T18:47:58Z,79595,3Q2yVLbM3d6uAwGLmBnWuNHHSYfjStvpjS8Bs4tRxnRGB3M7XE5uwEaXFVm3cKhDMJKzyDFDJfpxbsnhXP6mNPKw,9,1,False,False,False
6yVb4pxNwDfr6rovwNnBg3SyKSvDcHGD4WdFPN1JJBqm,CALLER,H9GGsNc7vA4hN13N1oU4itq8x3mrdZBdw2XdK3Mipump,Hoodlana,2026-09-09T16:54:33Z,2u8ogVbmgQCHXzyDUrJK67QB8rKyH85V1kjYvajMc8uo,0.735781724,2026-09-08T18:48:14Z,79579,248oovmY3DUxGjh98ueuuQ12KGwum6DwKrukP7nQVedg4KKFhGL93xDQ3H2F9LrN7PTuGeXacQswnuBV2G7bTe3v,9,1,False,False,False
6yVb4pxNwDfr6rovwNnBg3SyKSvDcHGD4WdFPN1JJBqm,CALLER,H9GGsNc7vA4hN13N1oU4itq8x3mrdZBdw2XdK3Mipump,Hoodlana,2026-09-09T16:54:33Z,2u8ogVbmgQCHXzyDUrJK67QB8rKyH85V1kjYvajMc8uo,0.374239248,2026-09-08T18:49:08Z,79525,4aczHw5p8TapJLmghws976rphxqdBvNHa4ZwFin6QZsvQdwfsyJkRN7RjNYXnUpGvggj5UxjL1wfHCuusn9VPiDP,9,1,False,False,False
6yVb4pxNwDfr6rovwNnBg3SyKSvDcHGD4WdFPN1JJBqm,CALLER,H9GGsNc7vA4hN13N1oU4itq8x3mrdZBdw2XdK3Mipump,Hoodlana,2026-09-09T16:54:33Z,GMCJvYGf5Ex2ARiMquaBDqU6iKM8uiEQkB8jCnoNfHpC,3.370356863,2026-09-09T14:41:46Z,7967,5LZAQuZfEsfAJXcyrbSP1ArPZ1HVkREVDPJmV65coeTcAC8ug2EbBqU2nud3Le7KPnsUrp2BX2pspXc4NebBNpRQ,2,1,False,False,False
6yVb4pxNwDfr6rovwNnBg3SyKSvDcHGD4WdFPN1JJBqm,CALLER,H9GGsNc7vA4hN13N1oU4itq8x3mrdZBdw2XdK3Mipump,Hoodlana,2026-09-09T16:54:33Z,5Q544fKrFoe6tsEbD7S8EmxGTJYAKtTVhAW5Q5pge4j1,1.905684041,2026-09-09T14:54:37Z,7196,2SoZPDTsuq7gr1FXRMNo9uAYUVL7Vx83Srki6ZLBs3mjWgjUE8NJ24ziyVADRCkswP4aCFAehKYczi3PnYbcBFXB,381,7,True,False,False
6yVb4pxNwDfr6rovwNnBg3SyKSvDcHGD4WdFPN1JJBqm,CALLER,H9GGsNc7vA4hN13N1oU4itq8x3mrdZBdw2XdK3Mipump,Hoodlana,2026-09-09T16:54:33Z,5Q544fKrFoe6tsEbD7S8EmxGTJYAKtTVhAW5Q5pge4j1,1.436314091,2026-09-09T15:02:46Z,6707,uSPtxmsz7Fm8LNMhDvT6w5CjzX7GYK7YeTGkV2Skx7J3kA82TVVfvaWyvfrSVc6sa1W9Nus8i6GWmdFkCnKDPoW,381,7,True,False,False
6yVb4pxNwDfr6rovwNnBg3SyKSvDcHGD4WdFPN1JJBqm,CALLER,H9GGsNc7vA4hN13N1oU4itq8x3mrdZBdw2XdK3Mipump,Hoodlana,2026-09-09T16:54:33Z,5Q544fKrFoe6tsEbD7S8EmxGTJYAKtTVhAW5Q5pge4j1,0.239359083,2026-09-09T15:02:57Z,6696,5A2wzRyXBmfSyJo7brLmyXYNFWLerC7V6eNpY7derNXVD8CjmfVUPKZfECeq54p2zts6WH5dhBVYhWzG7PRKDnUP,381,7,True,False,False
6yVb4pxNwDfr6rovwNnBg3SyKSvDcHGD4WdFPN1JJBqm,CALLER,H9GGsNc7vA4hN13N1oU4itq8x3mrdZBdw2XdK3Mipump,Hoodlana,2026-09-09T16:54:33Z,5Q544fKrFoe6tsEbD7S8EmxGTJYAKtTVhAW5Q5pge4j1,0.240368748,2026-09-09T15:07:18Z,6435,5q6qirPmaydmzwyQ3S1NGrn6P5tHLXVWv1QUMiqK3j9XKccLrwTuvbG7vw5L2jAc6P2qmJwrwP294VyykJKvrvMF,381,7,True,False,False
6yVb4pxNwDfr6rovwNnBg3SyKSvDcHGD4WdFPN1JJBqm,CALLER,H9GGsNc7vA4hN13N1oU4itq8x3mrdZBdw2XdK3Mipump,Hoodlana,2026-09-09T16:54:33Z,5Q544fKrFoe6tsEbD7S8EmxGTJYAKtTVhAW5Q5pge4j1,0.240063994,2026-09-09T15:08:46Z,6347,241vEZdp6CAUZJYGDz9rS36yzGkjfGRWs1vYN4g3WzRWaQvyjRPqcAm5QBS38rywCJ2sL7d8k7rReb3yeeeA8tdd,381,7,True,False,False
6yVb4pxNwDfr6rovwNnBg3SyKSvDcHGD4WdFPN1JJBqm,CALLER,H9GGsNc7vA4hN13N1oU4itq8x3mrdZBdw2XdK3Mipump,Hoodlana,2026-09-09T16:54:33Z,5Q544fKrFoe6tsEbD7S8EmxGTJYAKtTVhAW5Q5pge4j1,1.919604552,2026-09-09T15:09:15Z,6318,5b6W4BAp9bvb5Z7JHeL4Zh5pf5uYo8tYhBeVJFdkghNaghWCNokrfkiVYMBvkHw44SD6rSiPikwK8VWDETDeyNRH,381,7,True,False,False
6yVb4pxNwDfr6rovwNnBg3SyKSvDcHGD4WdFPN1JJBqm,CALLER,H9GGsNc7vA4hN13N1oU4itq8x3mrdZBdw2XdK3Mipump,Hoodlana,2026-09-09T16:54:33Z,5Q544fKrFoe6tsEbD7S8EmxGTJYAKtTVhAW5Q5pge4j1,1.445790939,2026-09-09T15:14:47Z,5986,2v7R7ZwhL8ze8APnxgggnaCqShWGwaWSqkbTpWV38RH4PhA2nSUUH99KYWTvRooGT36AsfmQ63qXMSfautmb41k,381,7,True,False,False
6yVb4pxNwDfr6rovwNnBg3SyKSvDcHGD4WdFPN1JJBqm,CALLER,H9GGsNc7vA4hN13N1oU4itq8x3mrdZBdw2XdK3Mipump,Hoodlana,2026-09-09T16:54:33Z,5Q544fKrFoe6tsEbD7S8EmxGTJYAKtTVhAW5Q5pge4j1,1.934535726,2026-09-09T15:24:53Z,5380,5yYhZD5AdTr6uANQNUHEFmJnXwoJdxLnpD4Ka9SUxcpwMX5EQM2CgaE6oY4ZfuEhbFj7GeJwBj19rvfTLvqpfECG,381,7,True,False,False
6yVb4pxNwDfr6rovwNnBg3SyKSvDcHGD4WdFPN1JJBqm,CALLER,H9GGsNc7vA4hN13N1oU4itq8x3mrdZBdw2XdK3Mipump,Hoodlana,2026-09-09T16:54:33Z,5Q544fKrFoe6tsEbD7S8EmxGTJYAKtTVhAW5Q5pge4j1,0.242261783,2026-09-09T15:25:24Z,5349,3mhmFQpZfDTRv9UbuNQXoqDgnBjAfjJgbN63t7Vfrc8WxeVjUQ9KdCxYN8KTQyGHVg5LMhqxGLwtL5NfDMcuaAoH,381,7,True,False,False
6yVb4pxNwDfr6rovwNnBg3SyKSvDcHGD4WdFPN1JJBqm,CALLER,H9GGsNc7vA4hN13N1oU4itq8x3mrdZBdw2XdK3Mipump,Hoodlana,2026-09-09T16:54:33Z,5Q544fKrFoe6tsEbD7S8EmxGTJYAKtTVhAW5Q5pge4j1,0.242796469,2026-09-09T15:25:42Z,5331,58vdoGDRSmckMELkvUAgURLsuFoJpGW2Wu64QW6jy3YN2QFKRzPLEnocRrACpbK5CTDfYcHGhVkLbcGfWxKfEuSn,381,7,True,False,False
6yVb4pxNwDfr6rovwNnBg3SyKSvDcHGD4WdFPN1JJBqm,CALLER,H9GGsNc7vA4hN13N1oU4itq8x3mrdZBdw2XdK3Mipump,Hoodlana,2026-09-09T16:54:33Z,5Q544fKrFoe6tsEbD7S8EmxGTJYAKtTVhAW5Q5pge4j1,1.917689765,2026-09-09T15:53:46Z,3647,JTA98ePk4ET6KKVABCGQuDrhPcyqE7Ta7qBjHNr24nmQ5XwVAxffDETVq1s1N3yUt98xw4843jbbFsscB96nuwh,381,7,True,False,False
6yVb4pxNwDfr6rovwNnBg3SyKSvDcHGD4WdFPN1JJBqm,CALLER,H9GGsNc7vA4hN13N1oU4itq8x3mrdZBdw2XdK3Mipump,Hoodlana,2026-09-09T16:54:33Z,5Q544fKrFoe6tsEbD7S8EmxGTJYAKtTVhAW5Q5pge4j1,0.239844014,2026-09-09T15:57:22Z,3431,2WpJ9VMJ2Zbd3MKYC3s4Y28H79d8H8G6PiSgnHqTdG6whg4WnW2dRxSUVwCrAYNzvksCZWRWD1Zz5uzJ6GWpfCrg,381,7,True,False,False
6yVb4pxNwDfr6rovwNnBg3SyKSvDcHGD4WdFPN1JJBqm,CALLER,H9GGsNc7vA4hN13N1oU4itq8x3mrdZBdw2XdK3Mipump,Hoodlana,2026-09-09T16:54:33Z,5Q544fKrFoe6tsEbD7S8EmxGTJYAKtTVhAW5Q5pge4j1,0.239459239,2026-09-09T15:58:10Z,3383,3WSssFsCWUv71zJV4MsNGDg4nQwW2FHdsYsZHZoCRgNAxoqv7WCskQNFCt7oauHN3MNhpNaTTX2FRmtLLX3gWS6e,381,7,True,False,False
6yVb4pxNwDfr6rovwNnBg3SyKSvDcHGD4WdFPN1JJBqm,CALLER,H9GGsNc7vA4hN13N1oU4itq8x3mrdZBdw2XdK3Mipump,Hoodlana,2026-09-09T16:54:33Z,5Q544fKrFoe6tsEbD7S8EmxGTJYAKtTVhAW5Q5pge4j1,0.239596909,2026-09-09T15:59:17Z,3316,oKe6dm4t3sp9HD2zU3grCN3jcBu3KcX8V74z7XF3iPZNeezGhYmnFosNEbvbBWHTbcT7oa2qe14LJQ2zWaEwHzx,381,7,True,False,False
6yVb4pxNwDfr6rovwNnBg3SyKSvDcHGD4WdFPN1JJBqm,CALLER,H9GGsNc7vA4hN13N1oU4itq8x3mrdZBdw2XdK3Mipump,Hoodlana,2026-09-09T16:54:33Z,5Q544fKrFoe6tsEbD7S8EmxGTJYAKtTVhAW5Q5pge4j1,0.239600383,2026-09-09T15:59:36Z,3297,4BPbK32wFrYZHFPAahyTtg6V2UisGXXKpDKQxxLvTFSw8Anvg8QYvXZQwUFrLUE8FJ7XYodESCAQbYSUCkK5XP7a,381,7,True,False,False
6yVb4pxNwDfr6rovwNnBg3SyKSvDcHGD4WdFPN1JJBqm,CALLER,H9GGsNc7vA4hN13N1oU4itq8x3mrdZBdw2XdK3Mipump,Hoodlana,2026-09-09T16:54:33Z,5Q544fKrFoe6tsEbD7S8EmxGTJYAKtTVhAW5Q5pge4j1,0.239297045,2026-09-09T16:07:17Z,2836,2Zgg8P5J9ZZRozRrU2JKnbt6QzfB8LbFueLP26CqLxT4JJB4rrLXDMPzE7TJy6FDU2SUUBhPNxUS9RCkyqeq3HLG,381,7,True,False,False
6yVb4pxNwDfr6rovwNnBg3SyKSvDcHGD4WdFPN1JJBqm,CALLER,H9GGsNc7vA4hN13N1oU4itq8x3mrdZBdw2XdK3Mipump,Hoodlana,2026-09-09T16:54:33Z,5Q544fKrFoe6tsEbD7S8EmxGTJYAKtTVhAW5Q5pge4j1,1.433833847,2026-09-09T16:42:32Z,721,2xMjg2DxkhubHpwqoceGuwWNdxeSuH7eYjkyYdR1dGXAcdbBUy9wTJGS4Wh47Tg4kiGQG8otgmzegGB7F1ofuaAN,381,7,True,False,False
6yVb4pxNwDfr6rovwNnBg3SyKSvDcHGD4WdFPN1JJBqm,CALLER,H9GGsNc7vA4hN13N1oU4itq8x3mrdZBdw2XdK3Mipump,Hoodlana,2026-09-09T16:54:33Z,5Q544fKrFoe6tsEbD7S8EmxGTJYAKtTVhAW5Q5pge4j1,0.239079074,2026-09-09T16:44:32Z,601,4YzhowY268KqvGApA9kBpBWVdBT1QtxDvpCpeQvt6yYd79nqF327Q3LoCsr4XL26hajN8y9C1ojjypouF8gXPMWv,381,7,True,False,False
6yVb4pxNwDfr6rovwNnBg3SyKSvDcHGD4WdFPN1JJBqm,CALLER,H9GGsNc7vA4hN13N1oU4itq8x3mrdZBdw2XdK3Mipump,Hoodlana,2026-09-09T16:54:33Z,5Q544fKrFoe6tsEbD7S8EmxGTJYAKtTVhAW5Q5pge4j1,0.239099213,2026-09-09T16:45:12Z,561,4hGupbgYWZE3qvEQCyf9X6MnrckpxUFtFosacXxjjtUG2EcerkZsG1ygTPB5orkSUW6Css3Ghj81HcQuBzacAHs1,381,7,True,False,False
6yVb4pxNwDfr6rovwNnBg3SyKSvDcHGD4WdFPN1JJBqm,CALLER,H9GGsNc7vA4hN13N1oU4itq8x3mrdZBdw2XdK3Mipump,Hoodlana,2026-09-09T16:54:33Z,5Q544fKrFoe6tsEbD7S8EmxGTJYAKtTVhAW5Q5pge4j1,0.239134265,2026-09-09T16:45:26Z,547,2NZQxmXqSGE7WdV5FWrpA5dfJogwDCWgah7WXx4SmMdsxwEpaLDnD65PKKnTwcpem1N7fU8v9ZgoaY2XHbHgGQoT,381,7,True,False,False
6yVb4pxNwDfr6rovwNnBg3SyKSvDcHGD4WdFPN1JJBqm,CALLER,H9GGsNc7vA4hN13N1oU4itq8x3mrdZBdw2XdK3Mipump,Hoodlana,2026-09-09T16:54:33Z,5Q544fKrFoe6tsEbD7S8EmxGTJYAKtTVhAW5Q5pge4j1,0.239705159,2026-09-09T16:47:20Z,433,yuTRRXfw4WhVZhGE51uTpm7wqtxRxGMxowszsZtoL3uKCHxChEyWg36fGoRfW2xZM4AA7Rz1bRaBuydJftidfaj,381,7,True,False,False
6yVb4pxNwDfr6rovwNnBg3SyKSvDcHGD4WdFPN1JJBqm,CALLER,H9GGsNc7vA4hN13N1oU4itq8x3mrdZBdw2XdK3Mipump,Hoodlana,2026-09-09T16:54:33Z,5Q544fKrFoe6tsEbD7S8EmxGTJYAKtTVhAW5Q5pge4j1,0.239985807,2026-09-09T16:48:02Z,391,4d4xNJe1QtFLYUkaWW1AWuK3pCd8k6kDWFzSV1N6Vegxq46Lu7vSGENraXUtyp8Cbekq9tAEdneDmZfU4pgDLDmB,381,7,True,False,False
6yVb4pxNwDfr6rovwNnBg3SyKSvDcHGD4WdFPN1JJBqm,CALLER,H9GGsNc7vA4hN13N1oU4itq8x3mrdZBdw2XdK3Mipump,Hoodlana,2026-09-09T16:54:33Z,5Q544fKrFoe6tsEbD7S8EmxGTJYAKtTVhAW5Q5pge4j1,0.23986563,2026-09-09T16:48:32Z,361,3TZaWhCXXnqrKoPH6YvFyiehir3qbCMajtxeBxdJCmL8ASgxMr5AJhEBHtKfkcnxLrbsadZCQysPZ2KxvvUL4nBh,381,7,True,False,False
6yVb4pxNwDfr6rovwNnBg3SyKSvDcHGD4WdFPN1JJBqm,CALLER,H9GGsNc7vA4hN13N1oU4itq8x3mrdZBdw2XdK3Mipump,Hoodlana,2026-09-09T16:54:33Z,5Q544fKrFoe6tsEbD7S8EmxGTJYAKtTVhAW5Q5pge4j1,0.239684222,2026-09-09T16:50:05Z,268,Gf12fP235TD9UDn5drdE1hfqt4xChkiW2SeRcZvhjC7LpJozV2Ehkt8cubo5bFAxP6qBy6fqQH66TSXPZ1JKAkm,381,7,True,False,False
6yVb4pxNwDfr6rovwNnBg3SyKSvDcHGD4WdFPN1JJBqm,CALLER,H9GGsNc7vA4hN13N1oU4itq8x3mrdZBdw2XdK3Mipump,Hoodlana,2026-09-09T16:54:33Z,5Q544fKrFoe6tsEbD7S8EmxGTJYAKtTVhAW5Q5pge4j1,1.439920423,2026-09-09T16:50:59Z,214,vLAYc9iJKyvF3xdtqrw1WVsgZDgKDHb1Y1Q9v83eJgPa8HUR5p1BGgRbdR9h3ekeqFaWLGLv6gJzrGBHnukCjNy,381,7,True,False,False
6yVb4pxNwDfr6rovwNnBg3SyKSvDcHGD4WdFPN1JJBqm,CALLER,H9GGsNc7vA4hN13N1oU4itq8x3mrdZBdw2XdK3Mipump,Hoodlana,2026-09-09T16:54:33Z,5Q544fKrFoe6tsEbD7S8EmxGTJYAKtTVhAW5Q5pge4j1,0.957054832,2026-09-09T16:54:33Z,0,U5kqVB9bgEehziupSszj82yzhQXTCvnnFftMAqA4ftta6vY91T3tEsEJEegunYtqY5eueTHDYQLZhmacEBXPmj5,381,7,True,False,False
Bi4rd5FH5bYEN8scZ7wevxNZyNmKHdaBcvewdPFxYdLt,HIDDEN_CANDIDATE,HJPjdsDmcvgCj4MV3NvqCWd78qDP8BMzGfrsk4Nbpump,Memecoin ,2026-09-08T15:08:17Z,9f7ch864uCdYPCgE3kgRrp82xERsLibHNsRDbBLCx2w6,3.136397603,2026-09-07T15:10:57Z,86240,3zPJQH9RDyTykFtTGKfpisL2UyRzKWGwHgMyosH5rukKjkm2YvdrRJ7CxyU4jHM7d7xp69WLH49Y9ueKjVzYQkNR,2,1,False,False,False
Bi4rd5FH5bYEN8scZ7wevxNZyNmKHdaBcvewdPFxYdLt,HIDDEN_CANDIDATE,HJPjdsDmcvgCj4MV3NvqCWd78qDP8BMzGfrsk4Nbpump,Memecoin ,2026-09-08T15:08:17Z,9f7ch864uCdYPCgE3kgRrp82xERsLibHNsRDbBLCx2w6,2.770498874,2026-09-07T15:10:58Z,86239,5Lzyhe9jGa3KjZ2LSV7waXyyYcCmQm4ziV1prh2syWNfDtjqWCd3SBY5pztKBcRDTpbrRv6Yw2kmaXFkxSwR8XCs,2,1,False,False,False
Bi4rd5FH5bYEN8scZ7wevxNZyNmKHdaBcvewdPFxYdLt,HIDDEN_CANDIDATE,HJPjdsDmcvgCj4MV3NvqCWd78qDP8BMzGfrsk4Nbpump,Memecoin ,2026-09-08T15:08:17Z,5Q544fKrFoe6tsEbD7S8EmxGTJYAKtTVhAW5Q5pge4j1,1.140227707,2026-09-07T17:45:59Z,76938,56afsrN29nwtFjFLjXrrNyUcHRantSjXSP7X8Qi1mamuBEwyUe6yeWKAWDfLWsyNRSbQwsS8U1CwLbyZ8sdH82dZ,381,7,True,False,False
Bi4rd5FH5bYEN8scZ7wevxNZyNmKHdaBcvewdPFxYdLt,HIDDEN_CANDIDATE,HJPjdsDmcvgCj4MV3NvqCWd78qDP8BMzGfrsk4Nbpump,Memecoin ,2026-09-08T15:08:17Z,Gg3ska7ScdMZX5nPgsM7wBfprRhNp6cuS2zuG7UFXcDv,0.151892543,2026-09-07T18:05:51Z,75746,tLjASQVgMTD8p6EvfHYSe2ZeehjL2BNb8mXkXPb5Bje9C3NDwtzn17piymdTUT6tyYJimYopNxn4Q9i9sVTm3Yw,11,1,False,False,False
Bi4rd5FH5bYEN8scZ7wevxNZyNmKHdaBcvewdPFxYdLt,HIDDEN_CANDIDATE,HJPjdsDmcvgCj4MV3NvqCWd78qDP8BMzGfrsk4Nbpump,Memecoin ,2026-09-08T15:08:17Z,29yFzeBZgxf5zqrAkKXwgZtQehRf4pL8WbV2nRJikbw8,0.340034019,2026-09-07T18:05:51Z,75746,2N7c8oAgCFLAM7CDcixSMBKzVH3DfqyJPQ5UCPpajtmX3x7Bbkvkd1rfWTpTtCgoT878ubhRFqwwFqh55AFFvyJf,12,1,False,False,False
Bi4rd5FH5bYEN8scZ7wevxNZyNmKHdaBcvewdPFxYdLt,HIDDEN_CANDIDATE,HJPjdsDmcvgCj4MV3NvqCWd78qDP8BMzGfrsk4Nbpump,Memecoin ,2026-09-08T15:08:17Z,8a2iRDFS88YuxXxJXZj1H6WZ17NNQTZ8eas6iHimuZNJ,0.087838668,2026-09-07T18:05:52Z,75745,4GC8NVERASYbdCg9Sjv15ap9osKZ8iyBB7t8djasGmrhVpmL8aHpeAy1DL1nHRQBfeKyBnFUTHxa5rJ7CK1fWqsK,10,1,False,False,False
Bi4rd5FH5bYEN8scZ7wevxNZyNmKHdaBcvewdPFxYdLt,HIDDEN_CANDIDATE,HJPjdsDmcvgCj4MV3NvqCWd78qDP8BMzGfrsk4Nbpump,Memecoin ,2026-09-08T15:08:17Z,GTnbqqrYg8tv9gsievtfDGxMi9FVGikNu3HiSxb4Wukr,0.164662139,2026-09-07T18:05:52Z,75745,4UHvT111kkTYY9rLbuicJy3yB2TnG59gWZadGY4f82MoxFnzPRbBYBrUPvVTg5PxYRnKPsAh9CBv28RVzcZxYx8v,12,1,False,False,False
Bi4rd5FH5bYEN8scZ7wevxNZyNmKHdaBcvewdPFxYdLt,HIDDEN_CANDIDATE,HJPjdsDmcvgCj4MV3NvqCWd78qDP8BMzGfrsk4Nbpump,Memecoin ,2026-09-08T15:08:17Z,GnBzQYvEiWLxb9ep1WEgdCAihjvz493szLTt8bj1SxFD,0.054848732,2026-09-07T18:05:52Z,75745,4iBrEFrEwDfiCbbgDgyqoL2Zhs65wfMPnpjCQDCGcDeccYXfvYTPfcubmGaakWi3SLQRuXLJxrD7zvHLWUwycaG3,5,1,False,False,False
Bi4rd5FH5bYEN8scZ7wevxNZyNmKHdaBcvewdPFxYdLt,HIDDEN_CANDIDATE,HJPjdsDmcvgCj4MV3NvqCWd78qDP8BMzGfrsk4Nbpump,Memecoin ,2026-09-08T15:08:17Z,69SNcRC8NqjHBSXEcugCN5oFKRQoKmddmWzZYc3tqtxk,2.162930309,2026-09-07T18:06:55Z,75682,5ywKcN7rbhCJrVfWgSi13wcoJrVcHkZLTsKVAYh6N349X16512yEhj3foyjgAijFm7z6TNL24gJDqjaokjS1KBUC,104,1,False,False,False
Bi4rd5FH5bYEN8scZ7wevxNZyNmKHdaBcvewdPFxYdLt,HIDDEN_CANDIDATE,HJPjdsDmcvgCj4MV3NvqCWd78qDP8BMzGfrsk4Nbpump,Memecoin ,2026-09-08T15:08:17Z,BS9uyGV6XmNnPkM4f3xgxCdQEaFv7RSKs6fwrpvYHxfL,1.552086143,2026-09-07T18:12:52Z,75325,Trywf1R3mNtEGUc5AJZFcsMCgqckMtwGEyXDRptNP9zNX3dzvmxvnTBBQ6THUhoCeUEi8JZzSzMTyg58aDn7KGV,6,3,False,False,False
Bi4rd5FH5bYEN8scZ7wevxNZyNmKHdaBcvewdPFxYdLt,HIDDEN_CANDIDATE,HJPjdsDmcvgCj4MV3NvqCWd78qDP8BMzGfrsk4Nbpump,Memecoin ,2026-09-08T15:08:17Z,BS9uyGV6XmNnPkM4f3xgxCdQEaFv7RSKs6fwrpvYHxfL,2.213359448,2026-09-07T18:13:22Z,75295,4icgf16fZTmLbLVBDChKYgb8ohnc5sgT7taKB2woAXfXkYhAvJoW8haxg9pTpKpZincydYsW7jKiR4JPg88ru8nC,6,3,False,False,False
Bi4rd5FH5bYEN8scZ7wevxNZyNmKHdaBcvewdPFxYdLt,HIDDEN_CANDIDATE,HJPjdsDmcvgCj4MV3NvqCWd78qDP8BMzGfrsk4Nbpump,Memecoin ,2026-09-08T15:08:17Z,69SNcRC8NqjHBSXEcugCN5oFKRQoKmddmWzZYc3tqtxk,0.150469225,2026-09-07T18:14:05Z,75252,51gifDjhwgMLrc422PzyFGQmEh39P5D7sQqHXSr8kC9f3dCyxrgnY8VmWwwmAtKzRYN7L33zTxT1BB5x5CoTu65m,104,1,False,False,False
Bi4rd5FH5bYEN8scZ7wevxNZyNmKHdaBcvewdPFxYdLt,HIDDEN_CANDIDATE,HJPjdsDmcvgCj4MV3NvqCWd78qDP8BMzGfrsk4Nbpump,Memecoin ,2026-09-08T15:08:17Z,B6FEtQdwsq8Wuw4G52pW9WEWEA7ALGfyUgXDRKigDSHH,4.890567493,2026-09-07T18:27:39Z,74438,3zxyhTLQAWfKbtrh1tiNnEFzNWUaPa1nCuDhhhgH6AGhnJLqtk2KWRrPqMnai8JsNgvSNPhk2tGkhmJaab1Bxrue,11,1,False,False,False
Bi4rd5FH5bYEN8scZ7wevxNZyNmKHdaBcvewdPFxYdLt,HIDDEN_CANDIDATE,HJPjdsDmcvgCj4MV3NvqCWd78qDP8BMzGfrsk4Nbpump,Memecoin ,2026-09-08T15:08:17Z,69SNcRC8NqjHBSXEcugCN5oFKRQoKmddmWzZYc3tqtxk,0.198643441,2026-09-07T18:44:34Z,73423,3ErvZHuPvoSbrXL4oNZdWfDTxy4VpEHrq4ff9rH38vovXd7q6Qq1DnhBrcXkoyYBRTLkYVvr5XTShvxEj8YGFGao,104,1,False,False,False
Bi4rd5FH5bYEN8scZ7wevxNZyNmKHdaBcvewdPFxYdLt,HIDDEN_CANDIDATE,HJPjdsDmcvgCj4MV3NvqCWd78qDP8BMzGfrsk4Nbpump,Memecoin ,2026-09-08T15:08:17Z,CN32jwmQBFHM4NYrgkxefihRK8boR8M9n4RUBvgLe816,2.748743421,2026-09-07T18:48:10Z,73207,i2XKGCkFPngLMNwxK6FxqEk4xd3AQyw55Dqa2ECGCa48vFiCLgc17LnKfnQb1oqhfgXWEk6sNgPrtd5JoWowZPU,3,2,False,False,False
Bi4rd5FH5bYEN8scZ7wevxNZyNmKHdaBcvewdPFxYdLt,HIDDEN_CANDIDATE,HJPjdsDmcvgCj4MV3NvqCWd78qDP8BMzGfrsk4Nbpump,Memecoin ,2026-09-08T15:08:17Z,CN32jwmQBFHM4NYrgkxefihRK8boR8M9n4RUBvgLe816,2.615437162,2026-09-07T18:48:12Z,73205,3ACYycdiiR7N9BHjUqh7zVSrcMzburLn91n6HLuy6NPEybpf4dBgsf4je7tya8Bsz1G8EtULwgeqktMxtT7QcUxX,3,2,False,False,False
Bi4rd5FH5bYEN8scZ7wevxNZyNmKHdaBcvewdPFxYdLt,HIDDEN_CANDIDATE,HJPjdsDmcvgCj4MV3NvqCWd78qDP8BMzGfrsk4Nbpump,Memecoin ,2026-09-08T15:08:17Z,B6FEtQdwsq8Wuw4G52pW9WEWEA7ALGfyUgXDRKigDSHH,1.239233383,2026-09-07T19:00:04Z,72493,Ccnj7jeaXoHNmYbkB4XLRTPADmW6C8JFzCfAvipJ4oA73VFrLcc4d1gXRzTsJkzCtAiUzWpzsfYbBtsm2SjrBBz,11,1,False,False,False
Bi4rd5FH5bYEN8scZ7wevxNZyNmKHdaBcvewdPFxYdLt,HIDDEN_CANDIDATE,HJPjdsDmcvgCj4MV3NvqCWd78qDP8BMzGfrsk4Nbpump,Memecoin ,2026-09-08T15:08:17Z,B6FEtQdwsq8Wuw4G52pW9WEWEA7ALGfyUgXDRKigDSHH,2.25990935,2026-09-07T19:00:05Z,72492,4biMDAE6F3m96gSmnKYumuK9ZdUZ5kkV2AGZUpJniGtJwSRFokHhZqzvgt7e8795WPvV8rpmFAATswws3QLjqaRw,11,1,False,False,False
Bi4rd5FH5bYEN8scZ7wevxNZyNmKHdaBcvewdPFxYdLt,HIDDEN_CANDIDATE,HJPjdsDmcvgCj4MV3NvqCWd78qDP8BMzGfrsk4Nbpump,Memecoin ,2026-09-08T15:08:17Z,69SNcRC8NqjHBSXEcugCN5oFKRQoKmddmWzZYc3tqtxk,0.494756196,2026-09-07T19:19:04Z,71353,4EZhSjVA9jpibWj3TVH3MBc2spJaSh4Dsf5aSPbjci3Bd5GFdGRpkN9CF6ETMjMmXyNqC9TmQxf7dhytkUkv4JbB,104,1,False,False,False
Bi4rd5FH5bYEN8scZ7wevxNZyNmKHdaBcvewdPFxYdLt,HIDDEN_CANDIDATE,HJPjdsDmcvgCj4MV3NvqCWd78qDP8BMzGfrsk4Nbpump,Memecoin ,2026-09-08T15:08:17Z,69SNcRC8NqjHBSXEcugCN5oFKRQoKmddmWzZYc3tqtxk,0.093666552,2026-09-07T19:31:04Z,70633,ZezwAXBHDR44uqRgChab99GMNhUrcisfmshAC7PE6w4tm3tL2VJAByasdXkTNHTp8U3yD6awQZB2SpiKguiBTXw,104,1,False,False,False
Bi4rd5FH5bYEN8scZ7wevxNZyNmKHdaBcvewdPFxYdLt,HIDDEN_CANDIDATE,HJPjdsDmcvgCj4MV3NvqCWd78qDP8BMzGfrsk4Nbpump,Memecoin ,2026-09-08T15:08:17Z,2TAgfogn8JRwwTnsGKUa6WUT5Xdv1iMEzfEDMor68X9C,3.935967351,2026-09-07T19:41:40Z,69997,sGBpLhVFDvu1nKDPsL1AEgg7Dibyqpd3BPRRdd355SZxnpxNKbr8dmZwJiRw2cMH7UFyh43EeQhNkQL75d4izJB,10,2,False,False,False
Bi4rd5FH5bYEN8scZ7wevxNZyNmKHdaBcvewdPFxYdLt,HIDDEN_CANDIDATE,HJPjdsDmcvgCj4MV3NvqCWd78qDP8BMzGfrsk4Nbpump,Memecoin ,2026-09-08T15:08:17Z,EZyszDEx1LZDt7TsSFV8xdPi49sDKC3mdfv2MVMEQLtU,3.495547255,2026-09-07T19:46:20Z,69717,53sgWKbLQbAALwQvBSggEdiqHjbRD1hrXbomCbYasG7z3vitNNSgB3ezoH11PvBgRtYY6MAYDogZbt29ZzTCkgCg,3,3,False,False,False
Bi4rd5FH5bYEN8scZ7wevxNZyNmKHdaBcvewdPFxYdLt,HIDDEN_CANDIDATE,HJPjdsDmcvgCj4MV3NvqCWd78qDP8BMzGfrsk4Nbpump,Memecoin ,2026-09-08T15:08:17Z,69SNcRC8NqjHBSXEcugCN5oFKRQoKmddmWzZYc3tqtxk,0.518882924,2026-09-07T19:48:03Z,69614,27bnFqKDE1875NBWWmcBNxxwWeCjmTHWK9Gw7REhMQ2kSPxoGiBbVhSkDPx8MpwPUjPRNGgB3aeGmwMjqBYLfiQN,104,1,False,False,False
Bi4rd5FH5bYEN8scZ7wevxNZyNmKHdaBcvewdPFxYdLt,HIDDEN_CANDIDATE,HJPjdsDmcvgCj4MV3NvqCWd78qDP8BMzGfrsk4Nbpump,Memecoin ,2026-09-08T15:08:17Z,69SNcRC8NqjHBSXEcugCN5oFKRQoKmddmWzZYc3tqtxk,0.606819283,2026-09-07T19:59:34Z,68923,445bM9HMZetRWhPLEii2bnVsFzRncCmQ4eLjiM67PqKkgGBkwNz9BKvJR83zTqKKqxeHoSt26KayFST9Hodt82jY,104,1,False,False,False
Bi4rd5FH5bYEN8scZ7wevxNZyNmKHdaBcvewdPFxYdLt,HIDDEN_CANDIDATE,HJPjdsDmcvgCj4MV3NvqCWd78qDP8BMzGfrsk4Nbpump,Memecoin ,2026-09-08T15:08:17Z,38rXq2BuwdNcfnwydw6S2srpNK9N4gVzf39f69suPMsF,2.955242727,2026-09-07T20:08:16Z,68401,3QaQQ9j2uHBFV6WtYrLndGSQNtVW1e3wBhcKXBJqCfYxSmSfZfDn2aUJrMT3HCBnxoqFkPBEXr2wtcw7AyRkhmQy,1,1,False,False,False
Bi4rd5FH5bYEN8scZ7wevxNZyNmKHdaBcvewdPFxYdLt,HIDDEN_CANDIDATE,HJPjdsDmcvgCj4MV3NvqCWd78qDP8BMzGfrsk4Nbpump,Memecoin ,2026-09-08T15:08:17Z,7NRcTjGGYLmfeDRW389dG5uCaLGDN9oTaR5ShMP6siPY,1.40139464,2026-09-07T21:19:12Z,64145,4dC7LuNfvqKZf8iDPNJvDmrC43A8hjWT7QdFQTu5Pem8XokDsyaVwxVAJJRAdEfBjmTcVUmFhBqVRaePtuozdWoX,1,1,False,False,False
Bi4rd5FH5bYEN8scZ7wevxNZyNmKHdaBcvewdPFxYdLt,HIDDEN_CANDIDATE,HJPjdsDmcvgCj4MV3NvqCWd78qDP8BMzGfrsk4Nbpump,Memecoin ,2026-09-08T15:08:17Z,BS9uyGV6XmNnPkM4f3xgxCdQEaFv7RSKs6fwrpvYHxfL,3.834965111,2026-09-07T21:30:36Z,63461,3665EbvA2vf78j95jDNftm96otuBD21JPmcFsg2VUXiXsgadjZubYYGt9r6WJEztuKhQaJyWTm6p9otkaVzj3SeD,6,3,False,False,False
Bi4rd5FH5bYEN8scZ7wevxNZyNmKHdaBcvewdPFxYdLt,HIDDEN_CANDIDATE,HJPjdsDmcvgCj4MV3NvqCWd78qDP8BMzGfrsk4Nbpump,Memecoin ,2026-09-08T15:08:17Z,69SNcRC8NqjHBSXEcugCN5oFKRQoKmddmWzZYc3tqtxk,1.371101619,2026-09-07T22:02:34Z,61543,42xfaHYhXjmLMxiV7xtFAmtH3zquVwa9FQvhP4YtNPKSFnT52z6FNwxV9tuus6MfToGaePBeHgGL3njCmbJF9sto,104,1,False,False,False
Bi4rd5FH5bYEN8scZ7wevxNZyNmKHdaBcvewdPFxYdLt,HIDDEN_CANDIDATE,HJPjdsDmcvgCj4MV3NvqCWd78qDP8BMzGfrsk4Nbpump,Memecoin ,2026-09-08T15:08:17Z,69SNcRC8NqjHBSXEcugCN5oFKRQoKmddmWzZYc3tqtxk,0.306248332,2026-09-07T22:15:34Z,60763,4uaZFkgbsDWZeDf5tDhae4mZfc8CisfsV1Z8Vjkwn5jSWqTiQchuEaGjdWhrupJqDoks7fkpgYEhRypmt98QXSiw,104,1,False,False,False
Bi4rd5FH5bYEN8scZ7wevxNZyNmKHdaBcvewdPFxYdLt,HIDDEN_CANDIDATE,HJPjdsDmcvgCj4MV3NvqCWd78qDP8BMzGfrsk4Nbpump,Memecoin ,2026-09-08T15:08:17Z,8a2iRDFS88YuxXxJXZj1H6WZ17NNQTZ8eas6iHimuZNJ,0.107977763,2026-09-07T22:18:20Z,60597,4LorpD3WV6nDh47TRzuyh7ZZmPw91eQEeVTvSySj1jcxh1yrTVNneS7KW7yADxX5AfapxEPeCfKCFLKqRJjTkYX2,10,1,False,False,False
Bi4rd5FH5bYEN8scZ7wevxNZyNmKHdaBcvewdPFxYdLt,HIDDEN_CANDIDATE,HJPjdsDmcvgCj4MV3NvqCWd78qDP8BMzGfrsk4Nbpump,Memecoin ,2026-09-08T15:08:17Z,29yFzeBZgxf5zqrAkKXwgZtQehRf4pL8WbV2nRJikbw8,0.210704538,2026-09-07T22:18:20Z,60597,4fCTiDgb6t9C4gxPqCbAkLnfM81bfdKUTMvP4TftMJEbsLoevWtwGFazcyw41ypGXDbfnQ6pzuicv4A8M3en178k,12,1,False,False,False
Bi4rd5FH5bYEN8scZ7wevxNZyNmKHdaBcvewdPFxYdLt,HIDDEN_CANDIDATE,HJPjdsDmcvgCj4MV3NvqCWd78qDP8BMzGfrsk4Nbpump,Memecoin ,2026-09-08T15:08:17Z,GTnbqqrYg8tv9gsievtfDGxMi9FVGikNu3HiSxb4Wukr,0.109889345,2026-09-07T22:18:20Z,60597,33KeGHLJSjwK4nwc2U7wyN1oA18EHXJkX9D8iifeKXwNoJB7XiXYByXtC8RNP2aJ1tcCeicmyxfUUvSCXiantLSE,12,1,False,False,False
Bi4rd5FH5bYEN8scZ7wevxNZyNmKHdaBcvewdPFxYdLt,HIDDEN_CANDIDATE,HJPjdsDmcvgCj4MV3NvqCWd78qDP8BMzGfrsk4Nbpump,Memecoin ,2026-09-08T15:08:17Z,Gg3ska7ScdMZX5nPgsM7wBfprRhNp6cuS2zuG7UFXcDv,0.0972295,2026-09-07T22:18:20Z,60597,wZ4qbBVVcv71yUNe5FBc5xJQaehe4NsvBn1JjrK4JLecPbrCna9fVpC42gqrPbP3AMAeSwFBJDwic4N1XeuqJrm,11,1,False,False,False
Bi4rd5FH5bYEN8scZ7wevxNZyNmKHdaBcvewdPFxYdLt,HIDDEN_CANDIDATE,HJPjdsDmcvgCj4MV3NvqCWd78qDP8BMzGfrsk4Nbpump,Memecoin ,2026-09-08T15:08:17Z,A6YMJTwaMsweEhNonXUSuvMvcva3qA6NKEnpyqxQFzW9,2.396568305,2026-09-07T22:20:31Z,60466,2f86tN3sWHjrKDTgs1XaouPczczRn7Ynzko98h58znbwhaaPjW4uRmK96H6GPQWsXYpUKTHMLZoQd1tTVJAbSSac,1,1,False,False,False
Bi4rd5FH5bYEN8scZ7wevxNZyNmKHdaBcvewdPFxYdLt,HIDDEN_CANDIDATE,HJPjdsDmcvgCj4MV3NvqCWd78qDP8BMzGfrsk4Nbpump,Memecoin ,2026-09-08T15:08:17Z,5H7c1wUYrE3uaEGNfaXLoR4jnUcmyNCRrhfk6oaVxFWt,2.87705412,2026-09-07T22:21:29Z,60408,43LAjS9nv4hFEE4SpJ7Q4UMzCqAARe8aAVNLMAwMcMXbd7nmjDkAmSeCja6tRyxv7LqnBTFJTTbCjph52baANzxL,1,1,False,False,False
Bi4rd5FH5bYEN8scZ7wevxNZyNmKHdaBcvewdPFxYdLt,HIDDEN_CANDIDATE,HJPjdsDmcvgCj4MV3NvqCWd78qDP8BMzGfrsk4Nbpump,Memecoin ,2026-09-08T15:08:17Z,69SNcRC8NqjHBSXEcugCN5oFKRQoKmddmWzZYc3tqtxk,0.119578469,2026-09-07T22:28:04Z,60013,4wKZi45sA59SZwccyNypPfHeiSNAqtw1QuL116ZWZWB83E7HzbcF4rbAuEdwdPLX5pybeLaafuYKPdE84zs7a17X,104,1,False,False,False
Bi4rd5FH5bYEN8scZ7wevxNZyNmKHdaBcvewdPFxYdLt,HIDDEN_CANDIDATE,HJPjdsDmcvgCj4MV3NvqCWd78qDP8BMzGfrsk4Nbpump,Memecoin ,2026-09-08T15:08:17Z,G3bf2xcbzK5fq1bHHj91Fp7nvsfGEm8qN3hDRUVxmQHW,3.780169254,2026-09-07T22:34:44Z,59613,48HVUtS5vW9h9r2v9Ho5j9CBAC93HMHSfPgEGXnsC7zKiU39GDwYW3HoKQrmNVrTNo7P6H65ZPFmbDwDpZrh4awL,1,1,False,False,False
Bi4rd5FH5bYEN8scZ7wevxNZyNmKHdaBcvewdPFxYdLt,HIDDEN_CANDIDATE,HJPjdsDmcvgCj4MV3NvqCWd78qDP8BMzGfrsk4Nbpump,Memecoin ,2026-09-08T15:08:17Z,69SNcRC8NqjHBSXEcugCN5oFKRQoKmddmWzZYc3tqtxk,0.268410102,2026-09-07T23:23:34Z,56683,577eYmS4KMcTdP5Nu5Sdna34kMJjtigimda8oB2EbUMu4uALuKSYTFUp6Hea1bxmjKZ3e7EX9DYr1vGmo9u1jCsN,104,1,False,False,False
Bi4rd5FH5bYEN8scZ7wevxNZyNmKHdaBcvewdPFxYdLt,HIDDEN_CANDIDATE,HJPjdsDmcvgCj4MV3NvqCWd78qDP8BMzGfrsk4Nbpump,Memecoin ,2026-09-08T15:08:17Z,69SNcRC8NqjHBSXEcugCN5oFKRQoKmddmWzZYc3tqtxk,0.277666138,2026-09-08T00:05:04Z,54193,5GUDcuvoQFes87sx7B5wzzfEk1A2gU59xhUHjDA61jgsmeb5UExm1rCSxjYLQvMgfMz9YDy1PetsJnHrBqYiiDTY,104,1,False,False,False
Bi4rd5FH5bYEN8scZ7wevxNZyNmKHdaBcvewdPFxYdLt,HIDDEN_CANDIDATE,HJPjdsDmcvgCj4MV3NvqCWd78qDP8BMzGfrsk4Nbpump,Memecoin ,2026-09-08T15:08:17Z,69SNcRC8NqjHBSXEcugCN5oFKRQoKmddmWzZYc3tqtxk,0.121164552,2026-09-08T00:19:04Z,53353,2t7VMAUsBMqb1bCxYfe7dxQZbPFVF9agfLNMJM2osraYRK1o4Cm8m4XtXJ1wp9HyfviRCmDPEjgg6FCK41avWVmk,104,1,False,False,False
Bi4rd5FH5bYEN8scZ7wevxNZyNmKHdaBcvewdPFxYdLt,HIDDEN_CANDIDATE,HJPjdsDmcvgCj4MV3NvqCWd78qDP8BMzGfrsk4Nbpump,Memecoin ,2026-09-08T15:08:17Z,Tw5uhE2uyApRCt9LqN6qMSiEeLYvzvC3P5ToEvTeGEi,0.103686714,2026-09-08T00:20:24Z,53273,2NfboT7K5eLUFnYtoACG7XMDvs1FgMkk24ybhgEkA9eM9XNzVzjzvTm1kTLch3f2WgnxEGitZeZes4qRPmXtxmUj,3,2,False,False,False
Bi4rd5FH5bYEN8scZ7wevxNZyNmKHdaBcvewdPFxYdLt,HIDDEN_CANDIDATE,HJPjdsDmcvgCj4MV3NvqCWd78qDP8BMzGfrsk4Nbpump,Memecoin ,2026-09-08T15:08:17Z,2AXXcN6oN9bBT5owwmTH53C7QHUXvhLeu718Kqt8rvY2,3.62333647,2026-09-08T00:41:44Z,51993,3RDPMNdPLxX7Nypi8vuYYpDyizRb7BPjtVBHfmo8WpgUzbZ2qiVgVCJNEr6zEW8dQBqjLvDa3PTiCR1DuEhpNkoH,10,1,False,False,False
Bi4rd5FH5bYEN8scZ7wevxNZyNmKHdaBcvewdPFxYdLt,HIDDEN_CANDIDATE,HJPjdsDmcvgCj4MV3NvqCWd78qDP8BMzGfrsk4Nbpump,Memecoin ,2026-09-08T15:08:17Z,WLHv2UAZm6z4KyaaELi5pjdbJh6RESMva1Rnn8pJVVh,1.32983783,2026-09-08T01:57:43Z,47434,5wH3YGYnzfcRT37UqvXFPS3PyqEqsNBHoZVkpw6G3GKXGTpEyHHbKuX3nF93daZ5XrcYs77mQE5S1HfVoUwUoqgQ,3,1,False,False,False
Bi4rd5FH5bYEN8scZ7wevxNZyNmKHdaBcvewdPFxYdLt,HIDDEN_CANDIDATE,HJPjdsDmcvgCj4MV3NvqCWd78qDP8BMzGfrsk4Nbpump,Memecoin ,2026-09-08T15:08:17Z,WLHv2UAZm6z4KyaaELi5pjdbJh6RESMva1Rnn8pJVVh,2.150197309,2026-09-08T01:57:49Z,47428,4WCdwSDbTMVgCcApmjx8eiHp9oAaA4z8ycSSYZnCkEN1UdXw3n3aEsWxMgHFPcXpnJBGyvYU6ZZQyzBxf8k1TpHR,3,1,False,False,False
Bi4rd5FH5bYEN8scZ7wevxNZyNmKHdaBcvewdPFxYdLt,HIDDEN_CANDIDATE,HJPjdsDmcvgCj4MV3NvqCWd78qDP8BMzGfrsk4Nbpump,Memecoin ,2026-09-08T15:08:17Z,2TAgfogn8JRwwTnsGKUa6WUT5Xdv1iMEzfEDMor68X9C,3.723990502,2026-09-08T02:05:53Z,46944,5z2KoWP7Wy6B61FuCcHEpVWNcajvnqVksSZJJ93zWmT2FPEWSDLF6v5H2XK8sPDoSSEvcU2kgFHVzznLV66Ljphv,10,2,False,False,False
Bi4rd5FH5bYEN8scZ7wevxNZyNmKHdaBcvewdPFxYdLt,HIDDEN_CANDIDATE,HJPjdsDmcvgCj4MV3NvqCWd78qDP8BMzGfrsk4Nbpump,Memecoin ,2026-09-08T15:08:17Z,2TAgfogn8JRwwTnsGKUa6WUT5Xdv1iMEzfEDMor68X9C,2.950842401,2026-09-08T02:05:55Z,46942,4KfUNJxbeb9xoLc4fQPAdJYAhCM2i7ySHLiacryPyWCHMJey354mhNVzoHZZ3bbUytRNeUXQ1FbYw8Q6TF1CQofn,10,2,False,False,False
Bi4rd5FH5bYEN8scZ7wevxNZyNmKHdaBcvewdPFxYdLt,HIDDEN_CANDIDATE,HJPjdsDmcvgCj4MV3NvqCWd78qDP8BMzGfrsk4Nbpump,Memecoin ,2026-09-08T15:08:17Z,69SNcRC8NqjHBSXEcugCN5oFKRQoKmddmWzZYc3tqtxk,0.826559561,2026-09-08T02:13:03Z,46514,5WB4iKbNV1rFidag1PgvQBcEALB9s3JiLMsfrjpDoDMbiWzfUqTwrmmP6CYLTmnpmWJ5XwyKiiZYUBbb8H2XEc5s,104,1,False,False,False
Bi4rd5FH5bYEN8scZ7wevxNZyNmKHdaBcvewdPFxYdLt,HIDDEN_CANDIDATE,HJPjdsDmcvgCj4MV3NvqCWd78qDP8BMzGfrsk4Nbpump,Memecoin ,2026-09-08T15:08:17Z,DSM6fGXVmM9BKXsgAaphkxNadRBuauProV5M7sp5pje2,29.656404239,2026-09-08T04:36:56Z,37881,iLGFZ9ELDoqeFMk6m7huAvfnZRZMjNB7eJ4fjMAgjZb3Fzy9WuCSLwiH17i2hajnywJV5ATnA7S5bYCwFGEicED,1,1,False,False,False
Bi4rd5FH5bYEN8scZ7wevxNZyNmKHdaBcvewdPFxYdLt,HIDDEN_CANDIDATE,HJPjdsDmcvgCj4MV3NvqCWd78qDP8BMzGfrsk4Nbpump,Memecoin ,2026-09-08T15:08:17Z,2Z8YL2zFZzyJcVFdy1MUvfm2mY7gn4GUzVwkYHaLUNwa,31.587338434,2026-09-08T04:36:56Z,37881,3jtWtNyd5gMxMv5fGcfKhw8Mjjmw4GrReX4XqwwoXk2w1mHvg6vEwKvM1YYpRAPwRLMtYf1ghzP9qp5XDpGV1EFf,1,1,False,False,False
Bi4rd5FH5bYEN8scZ7wevxNZyNmKHdaBcvewdPFxYdLt,HIDDEN_CANDIDATE,HJPjdsDmcvgCj4MV3NvqCWd78qDP8BMzGfrsk4Nbpump,Memecoin ,2026-09-08T15:08:17Z,H9UqqkEGypYXkWtFp6KHiFMtJwfYZvxXHK5ik9LygYNj,28.503467428,2026-09-08T04:36:56Z,37881,5UYG6SJQcFqSBCg1pdUzdwm3spKWoJunZt6AmoAPLQZqBtK5oCsMACaj9zYWc6KrW1mE4gmFX78w3yp3PFCdtZqL,1,1,False,False,False
Bi4rd5FH5bYEN8scZ7wevxNZyNmKHdaBcvewdPFxYdLt,HIDDEN_CANDIDATE,HJPjdsDmcvgCj4MV3NvqCWd78qDP8BMzGfrsk4Nbpump,Memecoin ,2026-09-08T15:08:17Z,69SNcRC8NqjHBSXEcugCN5oFKRQoKmddmWzZYc3tqtxk,0.264998874,2026-09-08T13:41:53Z,5184,41XPLputMkWtMxN1nhfMfdkkGLrRxrJtai43SeDefZmgCUqTWADWmZwFjxRxB5p61uGT4qdCexy8VgHSDf51JpHe,104,1,False,False,False
Bi4rd5FH5bYEN8scZ7wevxNZyNmKHdaBcvewdPFxYdLt,HIDDEN_CANDIDATE,HJPjdsDmcvgCj4MV3NvqCWd78qDP8BMzGfrsk4Nbpump,Memecoin ,2026-09-08T15:08:17Z,81GpCm4d13y8TozYtThabuSCLQN2o3bbrvDogXFPn8sA,3.30883991,2026-09-08T13:51:23Z,4614,5v3vt4anGjSRFrdQLB3Lqa3P7mKQjiAEBtfcF7vz5o7X9rEvkyRUqbSHtscHFnPku4UmSw4dTkRwjfP5cEZqwmxo,2,1,False,False,False
Bi4rd5FH5bYEN8scZ7wevxNZyNmKHdaBcvewdPFxYdLt,HIDDEN_CANDIDATE,HJPjdsDmcvgCj4MV3NvqCWd78qDP8BMzGfrsk4Nbpump,Memecoin ,2026-09-08T15:08:17Z,81GpCm4d13y8TozYtThabuSCLQN2o3bbrvDogXFPn8sA,3.561947518,2026-09-08T13:57:02Z,4275,5JSFSBcesnAWXB4Pu3rpMC7nfJEHPBvT7PDUBvkKz35ucyXtsfHYHCyQN1WpbGnkh53sDTsoW11YhGH14oJv54vE,2,1,False,False,False
Bi4rd5FH5bYEN8scZ7wevxNZyNmKHdaBcvewdPFxYdLt,HIDDEN_CANDIDATE,HJPjdsDmcvgCj4MV3NvqCWd78qDP8BMzGfrsk4Nbpump,Memecoin ,2026-09-08T15:08:17Z,69SNcRC8NqjHBSXEcugCN5oFKRQoKmddmWzZYc3tqtxk,0.448288819,2026-09-08T14:14:04Z,3253,zRZGvk7EvAa5kEARL5CkRANWsMay9tiBNwFXdbRoLR9FfvsYmLcoZWPh5desixfgq4rt5kUBLpWfjBiSn8HgMgm,104,1,False,False,False
Bi4rd5FH5bYEN8scZ7wevxNZyNmKHdaBcvewdPFxYdLt,HIDDEN_CANDIDATE,HJPjdsDmcvgCj4MV3NvqCWd78qDP8BMzGfrsk4Nbpump,Memecoin ,2026-09-08T15:08:17Z,4V7CrUiP46jcJpZzPKzRerKS2VxHUt9bjiJPnT7gXFAU,1.883171824,2026-09-08T14:37:53Z,1824,31WxAzNovQBrr84MYG7HVjUmpnZtsofwWgg9yuYYZMKhwZmf1HBSGQFBjxQq7TxLPpFnnigMdjJBR7u2WFHcoaqY,2,1,False,False,False
Bi4rd5FH5bYEN8scZ7wevxNZyNmKHdaBcvewdPFxYdLt,HIDDEN_CANDIDATE,HJPjdsDmcvgCj4MV3NvqCWd78qDP8BMzGfrsk4Nbpump,Memecoin ,2026-09-08T15:08:17Z,69SNcRC8NqjHBSXEcugCN5oFKRQoKmddmWzZYc3tqtxk,0.115548768,2026-09-08T14:38:35Z,1782,48VMFd87GnayYbejhMmuQfUG6UsSCGD8kFSLzgubQrz7uv26NqzR3gDYQn6YimUADrHaNejuUER3TP5JDwUmNnnK,104,1,False,False,False
Bi4rd5FH5bYEN8scZ7wevxNZyNmKHdaBcvewdPFxYdLt,HIDDEN_CANDIDATE,HJPjdsDmcvgCj4MV3NvqCWd78qDP8BMzGfrsk4Nbpump,Memecoin ,2026-09-08T15:08:17Z,GTnbqqrYg8tv9gsievtfDGxMi9FVGikNu3HiSxb4Wukr,0.092369346,2026-09-08T14:40:37Z,1660,4E4oEXgMsBd4pZYJyyPbtetW2FAe2p6maWm6eCPgxdZHMYA1ESRxefBTMwVQNnCPbPAe3TdbwMFvLb4zNHGTDctu,12,1,False,False,False
Bi4rd5FH5bYEN8scZ7wevxNZyNmKHdaBcvewdPFxYdLt,HIDDEN_CANDIDATE,HJPjdsDmcvgCj4MV3NvqCWd78qDP8BMzGfrsk4Nbpump,Memecoin ,2026-09-08T15:08:17Z,Gg3ska7ScdMZX5nPgsM7wBfprRhNp6cuS2zuG7UFXcDv,0.067349563,2026-09-08T14:40:37Z,1660,4PxnYrCAPnoJiWMLjVDX85yeRTcw1VennAujwPkeu6juWADiagBeidfbXyFDXriyrqPedsP6qoJofbGcdFMBzA24,11,1,False,False,False
Bi4rd5FH5bYEN8scZ7wevxNZyNmKHdaBcvewdPFxYdLt,HIDDEN_CANDIDATE,HJPjdsDmcvgCj4MV3NvqCWd78qDP8BMzGfrsk4Nbpump,Memecoin ,2026-09-08T15:08:17Z,29yFzeBZgxf5zqrAkKXwgZtQehRf4pL8WbV2nRJikbw8,0.178928201,2026-09-08T14:40:37Z,1660,5UMVoQmaG8m9JhEeaYVeg46ZbACb4BSgqbMjDsXzEoFNrCfFP9r1tP3jcciyktAHvuEQ6XPxbN3k2PFyr5tHwe9o,12,1,False,False,False
Bi4rd5FH5bYEN8scZ7wevxNZyNmKHdaBcvewdPFxYdLt,HIDDEN_CANDIDATE,HJPjdsDmcvgCj4MV3NvqCWd78qDP8BMzGfrsk4Nbpump,Memecoin ,2026-09-08T15:08:17Z,4V7CrUiP46jcJpZzPKzRerKS2VxHUt9bjiJPnT7gXFAU,1.592980887,2026-09-08T14:42:39Z,1538,cozvqQCq96UUMWZqcTkB2btn8xgBra7FiPuJpyGUb3Ayeg2GH8vocRg4bqSYbZnmakEWezh256xuxh5jD39FNKQ,2,1,False,False,False
Bi4rd5FH5bYEN8scZ7wevxNZyNmKHdaBcvewdPFxYdLt,HIDDEN_CANDIDATE,HJPjdsDmcvgCj4MV3NvqCWd78qDP8BMzGfrsk4Nbpump,Memecoin ,2026-09-08T15:08:17Z,Gp2QRRhPJbCQGtWQrTfKMzgSF56SaWgUJJpu9HjGeb6p,1.377659597,2026-09-08T14:48:07Z,1210,HauTVd183gDxfaEzw7v5eez2BKXyAsc2LjnRTGG86Mq6ESYd1gDZooKJMKZmXvg6XPuY2HwWVjZsBm7MVjSiRwz,5,1,False,False,False
Bi4rd5FH5bYEN8scZ7wevxNZyNmKHdaBcvewdPFxYdLt,HIDDEN_CANDIDATE,HJPjdsDmcvgCj4MV3NvqCWd78qDP8BMzGfrsk4Nbpump,Memecoin ,2026-09-08T15:08:17Z,Gp2QRRhPJbCQGtWQrTfKMzgSF56SaWgUJJpu9HjGeb6p,8.888713907,2026-09-08T14:48:07Z,1210,3k7MrUHGnzrm86K5aMUCtDQebJWUS9EmMvMMMLrTH5NfBDrPVANNjoGsQdkFhYGzU3xDQtqG5Lo9MXa18NWCC7JM,5,1,False,False,False
Bi4rd5FH5bYEN8scZ7wevxNZyNmKHdaBcvewdPFxYdLt,HIDDEN_CANDIDATE,HJPjdsDmcvgCj4MV3NvqCWd78qDP8BMzGfrsk4Nbpump,Memecoin ,2026-09-08T15:08:17Z,Gp2QRRhPJbCQGtWQrTfKMzgSF56SaWgUJJpu9HjGeb6p,4.002472875,2026-09-08T14:48:21Z,1196,3s4GaKeQNk9e5T5R9wLB3uyKPxsA7Usr85rYw96RcHahQg3XEoc6WxUP25Z1kdKrW7iKfR5JjyeqAY7NE1avviGg,5,1,False,False,False
Bi4rd5FH5bYEN8scZ7wevxNZyNmKHdaBcvewdPFxYdLt,HIDDEN_CANDIDATE,HJPjdsDmcvgCj4MV3NvqCWd78qDP8BMzGfrsk4Nbpump,Memecoin ,2026-09-08T15:08:17Z,Gp2QRRhPJbCQGtWQrTfKMzgSF56SaWgUJJpu9HjGeb6p,3.579936547,2026-09-08T14:48:24Z,1193,5drrz9VUosAgawHcRrTHsaEWakRTqBm6Rc5JbwAz2GN63FWVqmCvN8FtqPNeeHhMVoRsh9LHNMwd9wakN8GQo46s,5,1,False,False,False
Bi4rd5FH5bYEN8scZ7wevxNZyNmKHdaBcvewdPFxYdLt,HIDDEN_CANDIDATE,HJPjdsDmcvgCj4MV3NvqCWd78qDP8BMzGfrsk4Nbpump,Memecoin ,2026-09-08T15:08:17Z,Gp2QRRhPJbCQGtWQrTfKMzgSF56SaWgUJJpu9HjGeb6p,2.865418404,2026-09-08T14:49:39Z,1118,4r5R1BNtL395xcmGYUPqjhcJ7rJtLQKNtxg43fToP5BGPA4CJmhoetY75DWmQvvz6ZSgvc1xj2fvNXDSy8pb3eKo,5,1,False,False,False
Bi4rd5FH5bYEN8scZ7wevxNZyNmKHdaBcvewdPFxYdLt,HIDDEN_CANDIDATE,HJPjdsDmcvgCj4MV3NvqCWd78qDP8BMzGfrsk4Nbpump,Memecoin ,2026-09-08T15:08:17Z,CoqYNCGKpiGgLJJ6DntdbcvKmqTZBrxdvQDrxDCfb9GH,5.993773177,2026-09-08T15:02:44Z,333,owZFHtdmLmPSsyXtrD2JVRPqV21CoAnXn9KaiPg7ViZWGoHBX4M4siriyz5q7UVmpDdrZCzueEqmRuRVRuoVLW9,1,1,False,False,False
6yVb4pxNwDfr6rovwNnBg3SyKSvDcHGD4WdFPN1JJBqm,CALLER,UsrcsZMqw6p53Fohu16UCBjsbjqc73XmoRFZDcnCtMR,Binturong,2026-10-02T15:39:40Z,GKMJwv2AEWVcfFXUMtxokMYy5ADkjwJa89DtP8LzoA61,8.637411213,2026-10-02T15:08:26Z,1874,45C81VQcgL4BiajZfrc736tNif7SH9fvJTvGkv7hN7UGwY8RtLK22uXuzPZ9nNsUbm5LycLoTevpnVcrr8eEXbLM,49,1,False,False,False
6yVb4pxNwDfr6rovwNnBg3SyKSvDcHGD4WdFPN1JJBqm,CALLER,UsrcsZMqw6p53Fohu16UCBjsbjqc73XmoRFZDcnCtMR,Binturong,2026-10-02T15:39:40Z,1chdHBRNu9dB7E5McJKFDsbPvfpmANdmeR7BHavhi56,9.633728615,2026-10-02T15:08:26Z,1874,54sAiECZoxQN8m7HEfkLMmQrq8Fak9pohwbWgwffy87k9tqBKzYowyX5akLgeoadZCkB5J8UbUhGmGk27Stuffns,16,1,False,False,False
6yVb4pxNwDfr6rovwNnBg3SyKSvDcHGD4WdFPN1JJBqm,CALLER,UsrcsZMqw6p53Fohu16UCBjsbjqc73XmoRFZDcnCtMR,Binturong,2026-10-02T15:39:40Z,CLiXvfYSJtG5SJTCWyLvXKtDag9pJiA4vSWZGgSKP19X,6.373390461,2026-10-02T15:08:26Z,1874,23bh7TY9ZWE6QsZfiusXjEf1KWMeyMoh55qWnsgykEzSWHfb69o7QzTUFTZ42qJ51V8oYLF9Kn8UDqJC2WWnkp5Z,17,1,False,False,False
