wallet,tokens_bought,token_count,avg_seconds_after_call,avg_seconds_after_launch,pre_call_count,fresh_wallet,root_funder
nya666pQkP3PzWxi7JngU3rRMHuc7zbLK8c8wxQ4qpT,25GrKYrc3y4LZmmuhppYgFRCKb7JyZ6grum4WhLYvA1z;2BucyGvsg9wwTwsaFsEUFgdphrCtp94pDRtHowJUpump;3coFBLantjJkMRmzaQ4znMQQzfqFYTyBeNhdXYAzpump;3vfxnHSCS139RZiw6MPZaEvhySnjbEi81GuF5EdNpump;4ZUjJ5EJbwfh7teotB29uHc1SC3SiqbrkwJoNgsxibbU;55bKo8bj1YVEgsbwkkd4Nwu7JhaZF9trUgbvpZ3YeVCA;5L6As5obMTXxKwjmGBy1LTRwW2Hm1PjSK18JhETrpump;5nnWe5SCBaNMC3oNiR7utth6kx3mH1dhmCarjDb91shW;5o9sE9FEVC12zWBd2zqPXAhoVyRiNjGfaYX6hS3Ppump;67afrnTxo8DVc52Uev61Yo4Yr9BGQpRw1RpPMWcx42La;6VMsrZvNaSzddT6vkY6dEDoFMeK5EoHD4KCAycfQpump;6akNLpNd11oq4q5zxhXGwr5jwUi6Ke4CvKmF6QeUwJCQ;6sFMbTF2VTzutzKekenJujFZBqb4TiBZJKfyLMUbpump;7Q9VxTczrzgvjXWbJJZibR7hbYAohngsNsuEhdEcpump;7aLLQRBpGCaSLmmHGf34MGtbdtTumiB14d14TtDnpump;7mRDn1rAqjwFQXacodr1UmkNdvAGPbtNP9k5jvBZqt9J;9mqJNDG2squcqZt2zC7cWWNtVozUbQUnzVnP1jG6pump;B3xU49SW3khA7m5Lgata2fmPxZeQRuaJbCruPsVDpump;BE5ciZmcADAX78u2a1GrFiPMPC3rNXtdPGUrhzWB4k5d;BUPNYwndVGfzVb6RG6q2PX53VdAimw2Mi98QxqeWpump;CHygERrxnc5QByNCwxUNSMhP7tKJA7rh6hNBdJ2spump;CziyAr14UNUrfkxpioWSumkLXMwWnDWN2bu2WR5ao7kc;EHUzmwAzmUix7TkwVr7b16U9ChJDr3RpjfXshR5swy5j;G9r7nnHSgvb7LUfCE8kavRaKokEMMYBjVHGKvQ6dpump;H9GGsNc7vA4hN13N1oU4itq8x3mrdZBdw2XdK3Mipump;UsrcsZMqw6p53Fohu16UCBjsbjqc73XmoRFZDcnCtMR;hHc9579gpKUnvYvgcKyjdpe1UhmfVfGzGwMQCADpump;omskHvyNvQSn3PFak3E8JHQJeSVJFsrc6izWT12pump;xeKm1qmxyHLJZLdwKpsZdx5UFtYyb124GTWRZWypump,29,-3590.4801724137933,4.344827586206897,29,False,3F2uT3Yo4AqRi3KnDDjSRq4uSS5xo1DKfurYrLPkXd7G
AUrkH8jWtG7our71fSYqCp524BAJuf5Tampe267wfyFA,13V3CbY7Q7AXnf24FMsUaQrmLxnRU4Md9phDEWZvpump;2BucyGvsg9wwTwsaFsEUFgdphrCtp94pDRtHowJUpump;3GeNgcFpMwH9ts5b3W3jddtfwhwAURaykTy8YjtrGQWT;3coFBLantjJkMRmzaQ4znMQQzfqFYTyBeNhdXYAzpump;44s336LDz8bXp4rpxy1qwUfysZ4THjpReQWTKQg7pump;4GRTznsfLTRqaB2uMAFmmgaWtvfVyBb4qCsTjskUpump;5o9sE9FEVC12zWBd2zqPXAhoVyRiNjGfaYX6hS3Ppump;67afrnTxo8DVc52Uev61Yo4Yr9BGQpRw1RpPMWcx42La;6sFMbTF2VTzutzKekenJujFZBqb4TiBZJKfyLMUbpump;7271ZR6GBzaGqdtP28ZqZ5BKRt2ziu4AnPnVCAL7pump;9hAojtonqe4RUQarvUYZhFqC99VK1S3LCewYkSjnpump;AbpJywMWmkf1MFonRddPVogSwPPZHB9pG4x2nKb1YaPn;AmWCcDf6tG7zB3VPeDVjeXL5N567fXAiHcTKw3xXpump;B3xU49SW3khA7m5Lgata2fmPxZeQRuaJbCruPsVDpump;BUPNYwndVGfzVb6RG6q2PX53VdAimw2Mi98QxqeWpump;CHygERrxnc5QByNCwxUNSMhP7tKJA7rh6hNBdJ2spump;CSLP8Vp7u9hrXQi7crPXqCp7BaJaG4JrNxqvR3jDpump;D4aEpQLW45YnWrBmztcpJHqabbPtFe9F9PTv8Umvpump;DQ2H7qcj262RAKfSxGYeL7cYJq54mVdXe4gYxUwxpump;DTm66ivA96mhuQnqTy1cv7uELS4MHdYtpbRGJdW9t7Fn;EkTkjVEfhvgkoCwheMTnr8mhEmJ6Q7ZR8q7ZMCcnpump;EoKqyKksc4ekiPVuBD9FiztYQHkV59x8KTcZ3ReLpump;F59cEB3A7RAKHGtkvR577swnPSP6EsdaBoL5AcVZpump;hHc9579gpKUnvYvgcKyjdpe1UhmfVfGzGwMQCADpump;omskHvyNvQSn3PFak3E8JHQJeSVJFsrc6izWT12pump;xeKm1qmxyHLJZLdwKpsZdx5UFtYyb124GTWRZWypump,26,-4185.44723076923,3.9615384615384617,26,False,iGdFcQoyR2MwbXMHQskhmNsqddZ6rinsipHc4TNSdwu
6yVb4pxNwDfr6rovwNnBg3SyKSvDcHGD4WdFPN1JJBqm,25GrKYrc3y4LZmmuhppYgFRCKb7JyZ6grum4WhLYvA1z;28HydoWU7TZQxWiVQxGZyspE3qgWdCHToNDVgLoNpump;2Tiw1Tna3kAut868cjXuKoyrv8U8gi1YjTaXw7Czpump;3f8CKfznVUGrFfhcq8ZBY9M1xyDeEQGrh6iH372h3ebN;3uYT8w1FxasDGmM4WDG5kXu6D9BGvyP3iEfPJEVb6ewT;4ZUjJ5EJbwfh7teotB29uHc1SC3SiqbrkwJoNgsxibbU;69N7rm9nnp6sVoULtp5toD26F25rYum8593GupxkUYvH;6XD1vorwquLXjTSL5W4MJMGewZBeiEcPFmZw527TSwva;6akNLpNd11oq4q5zxhXGwr5jwUi6Ke4CvKmF6QeUwJCQ;7HiD5rzoZxAYXEJ8Z4t3WgM8VE1iSKWJdxPPyEdDNzwN;7Q9VxTczrzgvjXWbJJZibR7hbYAohngsNsuEhdEcpump;9PNfxvTARzdxvQas2uknW57bnfMCS1dxW1He7rPbuhuQ;9ek8utEujXFmiM9wXcWKPF18y57PmeG8rsiBZGzzpump;BE5ciZmcADAX78u2a1GrFiPMPC3rNXtdPGUrhzWB4k5d;BZYpLHhui3qRNokWFg2JcX8CYtMqzWHR5R4xowjcbPqh;CziyAr14UNUrfkxpioWSumkLXMwWnDWN2bu2WR5ao7kc;DJejJn1iJntJVTAixy4VRgqJFF3NMKPEMgVzbJFmpump;DkDwxjD5JFK7hd7qUNHqNaTeqDGcZ1ia3Y6E7EUiehEn;Er5RuNhTEwJH5dHv9c3YGATjgkLCETH4dKazntyWEtXY;F41TwidZvJJcsx9c2BMwS6eH9W6HcUT4LzPmGvK9WU6N;GfqKCwNeAdHHi97AmgCLP5qrwcSJRDdyZ1huiU6xUXTz;H8oe2SCksJcYzhPeS4TsbteusgZW5k7QaZ4boKyq8C7U;H9GGsNc7vA4hN13N1oU4itq8x3mrdZBdw2XdK3Mipump;UsrcsZMqw6p53Fohu16UCBjsbjqc73XmoRFZDcnCtMR,24,-141.55295833333335,49.583375,24,False,CLiXvfYSJtG5SJTCWyLvXKtDag9pJiA4vSWZGgSKP19X
5nsDhZRGdxtWFDdBbexvYUEh59EeFKpsRCH75mRkywjn,25GrKYrc3y4LZmmuhppYgFRCKb7JyZ6grum4WhLYvA1z;2BucyGvsg9wwTwsaFsEUFgdphrCtp94pDRtHowJUpump;2iSB473Z7L2ndpWs3n22tb7H3KSGpswDTH3jP7qCCAZT;3vfxnHSCS139RZiw6MPZaEvhySnjbEi81GuF5EdNpump;5EZ7yagvcsHcwH3e17khLwGzhFrCsx7CKS7ZN6J6i4Lh;5Sg1vv51KGCSDF2gBHgbNATCEXFjYtVhWgztNUwtgJYD;5nnWe5SCBaNMC3oNiR7utth6kx3mH1dhmCarjDb91shW;5o9sE9FEVC12zWBd2zqPXAhoVyRiNjGfaYX6hS3Ppump;6XD1vorwquLXjTSL5W4MJMGewZBeiEcPFmZw527TSwva;6akNLpNd11oq4q5zxhXGwr5jwUi6Ke4CvKmF6QeUwJCQ;7271ZR6GBzaGqdtP28ZqZ5BKRt2ziu4AnPnVCAL7pump;7aLLQRBpGCaSLmmHGf34MGtbdtTumiB14d14TtDnpump;7dACCWZXF4Lr9ftxFpi7TJk7a3hcPpUwGPAcTuXDpump;9mqJNDG2squcqZt2zC7cWWNtVozUbQUnzVnP1jG6pump;AbpJywMWmkf1MFonRddPVogSwPPZHB9pG4x2nKb1YaPn;AmWCcDf6tG7zB3VPeDVjeXL5N567fXAiHcTKw3xXpump;B3xU49SW3khA7m5Lgata2fmPxZeQRuaJbCruPsVDpump;DTm66ivA96mhuQnqTy1cv7uELS4MHdYtpbRGJdW9t7Fn;EkTkjVEfhvgkoCwheMTnr8mhEmJ6Q7ZR8q7ZMCcnpump;G9r7nnHSgvb7LUfCE8kavRaKokEMMYBjVHGKvQ6dpump;hHc9579gpKUnvYvgcKyjdpe1UhmfVfGzGwMQCADpump,21,-4842.834285714286,3.238095238095238,21,False,FpfsHusKvqc9LhupVPB1R67HuCiWDKrZMN4SJitrMdTj
CCCCQCrL6zVjnDeucDzcxJgxAs5ahNmrhw1CDexPhqrd,28HydoWU7TZQxWiVQxGZyspE3qgWdCHToNDVgLoNpump;2A6sLqrw8WN6KkgnCsN4xJkyAowBZHr2H9xQ4u3Mpump;2BucyGvsg9wwTwsaFsEUFgdphrCtp94pDRtHowJUpump;4GRTznsfLTRqaB2uMAFmmgaWtvfVyBb4qCsTjskUpump;4prKtarobdhYDY4Hu3uGZMx7Je4HqPJeLVyxN6m4Ld3T;67afrnTxo8DVc52Uev61Yo4Yr9BGQpRw1RpPMWcx42La;6VMsrZvNaSzddT6vkY6dEDoFMeK5EoHD4KCAycfQpump;6XD1vorwquLXjTSL5W4MJMGewZBeiEcPFmZw527TSwva;6wSQipxdE9Suf8tVNaCEbcqavUbLT7gL9tibpm3Jpump;7dACCWZXF4Lr9ftxFpi7TJk7a3hcPpUwGPAcTuXDpump;AgB5SxiP1DFZbW9uDAH7s8Mhv1HF21nJv67tnAAYpump;BUPNYwndVGfzVb6RG6q2PX53VdAimw2Mi98QxqeWpump;EoKqyKksc4ekiPVuBD9FiztYQHkV59x8KTcZ3ReLpump;F59cEB3A7RAKHGtkvR577swnPSP6EsdaBoL5AcVZpump;G9r7nnHSgvb7LUfCE8kavRaKokEMMYBjVHGKvQ6dpump;H9GGsNc7vA4hN13N1oU4itq8x3mrdZBdw2XdK3Mipump;omskHvyNvQSn3PFak3E8JHQJeSVJFsrc6izWT12pump;rMPLDvnn6KR773WNhZvtFNcgFwnRkc7UbPkUaiMpump;sMe5iUcgTe4VXmg4WaShF5kuk6GmcKF3y4HqKGZpump,19,-528.4765263157894,9.736842105263158,19,False,Fi3kigPLsFtSvq7N1KBtz51C8Gc8XyMFWhYjbRkaFMxS
6yRBpeDDba4yASyjmWBLstxv1gYHVsvdHfuBpVpr63N2,2A6sLqrw8WN6KkgnCsN4xJkyAowBZHr2H9xQ4u3Mpump;3GeNgcFpMwH9ts5b3W3jddtfwhwAURaykTy8YjtrGQWT;3vfxnHSCS139RZiw6MPZaEvhySnjbEi81GuF5EdNpump;4GRTznsfLTRqaB2uMAFmmgaWtvfVyBb4qCsTjskUpump;6wSQipxdE9Suf8tVNaCEbcqavUbLT7gL9tibpm3Jpump;7271ZR6GBzaGqdtP28ZqZ5BKRt2ziu4AnPnVCAL7pump;8qT3o4k4aUmyLrgd7hHYmVxin3kFhQ9QsXdSXTP6pump;8ypYfW5cjafrfAZij8TZj5SFHAbPNpiRio96LMzypDkn;ASftCNtzPNmK3nMDvpQNvpLauKS45Vkq7kwTPutqUBL1;AbpJywMWmkf1MFonRddPVogSwPPZHB9pG4x2nKb1YaPn;CSLP8Vp7u9hrXQi7crPXqCp7BaJaG4JrNxqvR3jDpump;EHUzmwAzmUix7TkwVr7b16U9ChJDr3RpjfXshR5swy5j;EoKqyKksc4ekiPVuBD9FiztYQHkV59x8KTcZ3ReLpump;H9GGsNc7vA4hN13N1oU4itq8x3mrdZBdw2XdK3Mipump;HJPjdsDmcvgCj4MV3NvqCWd78qDP8BMzGfrsk4Nbpump;omskHvyNvQSn3PFak3E8JHQJeSVJFsrc6izWT12pump;rMPLDvnn6KR773WNhZvtFNcgFwnRkc7UbPkUaiMpump;sMe5iUcgTe4VXmg4WaShF5kuk6GmcKF3y4HqKGZpump,18,-500.84094444444446,6.166666666666667,18,False,Ez2jYoXp45DZxr7JVhiqbDNirgBT37MErjZGxA8jZkTf
CFt926D6bJSFKFt34VJDTAqrPRMLQJVLA5vP1oeL3GTt,25GrKYrc3y4LZmmuhppYgFRCKb7JyZ6grum4WhLYvA1z;2BucyGvsg9wwTwsaFsEUFgdphrCtp94pDRtHowJUpump;2iSB473Z7L2ndpWs3n22tb7H3KSGpswDTH3jP7qCCAZT;47r9YPDeTVpwHjAakoVgnzNTJRChXC8f4KSUqMbEsBbM;4GRTznsfLTRqaB2uMAFmmgaWtvfVyBb4qCsTjskUpump;5DoZAeBkoci5t5zPhUiuhQFjuzYTfkSv5Seojsxppump;5EZ7yagvcsHcwH3e17khLwGzhFrCsx7CKS7ZN6J6i4Lh;5pSEZw1iytqYznD7crsGyKNek7q5JkjBqj2KmfqxUVZd;9hAojtonqe4RUQarvUYZhFqC99VK1S3LCewYkSjnpump;9mqJNDG2squcqZt2zC7cWWNtVozUbQUnzVnP1jG6pump;ASftCNtzPNmK3nMDvpQNvpLauKS45Vkq7kwTPutqUBL1;AgB5SxiP1DFZbW9uDAH7s8Mhv1HF21nJv67tnAAYpump;CHygERrxnc5QByNCwxUNSMhP7tKJA7rh6hNBdJ2spump;EHUzmwAzmUix7TkwVr7b16U9ChJDr3RpjfXshR5swy5j;G9r7nnHSgvb7LUfCE8kavRaKokEMMYBjVHGKvQ6dpump;HJPjdsDmcvgCj4MV3NvqCWd78qDP8BMzGfrsk4Nbpump;omskHvyNvQSn3PFak3E8JHQJeSVJFsrc6izWT12pump;sMe5iUcgTe4VXmg4WaShF5kuk6GmcKF3y4HqKGZpump,18,-487.8115,5.055555555555555,18,False,FpfsHusKvqc9LhupVPB1R67HuCiWDKrZMN4SJitrMdTj
haqqiUUXB5gp7gDbSjpEkw3phAjQb25r86uXJsZQgWq,13V3CbY7Q7AXnf24FMsUaQrmLxnRU4Md9phDEWZvpump;28HydoWU7TZQxWiVQxGZyspE3qgWdCHToNDVgLoNpump;2Tiw1Tna3kAut868cjXuKoyrv8U8gi1YjTaXw7Czpump;4GRTznsfLTRqaB2uMAFmmgaWtvfVyBb4qCsTjskUpump;5EZ7yagvcsHcwH3e17khLwGzhFrCsx7CKS7ZN6J6i4Lh;5Sg1vv51KGCSDF2gBHgbNATCEXFjYtVhWgztNUwtgJYD;6XD1vorwquLXjTSL5W4MJMGewZBeiEcPFmZw527TSwva;7mRDn1rAqjwFQXacodr1UmkNdvAGPbtNP9k5jvBZqt9J;8G7aM6Gco4fHjVpmVvUdVvhKMKaWXJEqkCKRvPdepump;AmWCcDf6tG7zB3VPeDVjeXL5N567fXAiHcTKw3xXpump;B3xU49SW3khA7m5Lgata2fmPxZeQRuaJbCruPsVDpump;BUPNYwndVGfzVb6RG6q2PX53VdAimw2Mi98QxqeWpump;CSLP8Vp7u9hrXQi7crPXqCp7BaJaG4JrNxqvR3jDpump;D4aEpQLW45YnWrBmztcpJHqabbPtFe9F9PTv8Umvpump;DQ2H7qcj262RAKfSxGYeL7cYJq54mVdXe4gYxUwxpump;G9r7nnHSgvb7LUfCE8kavRaKokEMMYBjVHGKvQ6dpump;hHc9579gpKUnvYvgcKyjdpe1UhmfVfGzGwMQCADpump;xeKm1qmxyHLJZLdwKpsZdx5UFtYyb124GTWRZWypump,18,-5742.121166666668,5.222222222222222,18,False,HKVWNVvThgGpRTQiALg3VQ4F9dQGLUhdm3jJFhdZrx1j
9A7um9R3So5a9ZgiE8H4DmrcSPhLeA18u1VbsUUKjS5A,13V3CbY7Q7AXnf24FMsUaQrmLxnRU4Md9phDEWZvpump;2A6sLqrw8WN6KkgnCsN4xJkyAowBZHr2H9xQ4u3Mpump;2iSB473Z7L2ndpWs3n22tb7H3KSGpswDTH3jP7qCCAZT;3vfxnHSCS139RZiw6MPZaEvhySnjbEi81GuF5EdNpump;49aM4HrGABwG9F8iAn385zzcsS6mxHEFY8YN3H7y1Cd9;5DoZAeBkoci5t5zPhUiuhQFjuzYTfkSv5Seojsxppump;6sFMbTF2VTzutzKekenJujFZBqb4TiBZJKfyLMUbpump;7dACCWZXF4Lr9ftxFpi7TJk7a3hcPpUwGPAcTuXDpump;7mRDn1rAqjwFQXacodr1UmkNdvAGPbtNP9k5jvBZqt9J;9mqJNDG2squcqZt2zC7cWWNtVozUbQUnzVnP1jG6pump;AbpJywMWmkf1MFonRddPVogSwPPZHB9pG4x2nKb1YaPn;BUPNYwndVGfzVb6RG6q2PX53VdAimw2Mi98QxqeWpump;EHUzmwAzmUix7TkwVr7b16U9ChJDr3RpjfXshR5swy5j;EkTkjVEfhvgkoCwheMTnr8mhEmJ6Q7ZR8q7ZMCcnpump;G9r7nnHSgvb7LUfCE8kavRaKokEMMYBjVHGKvQ6dpump;GL7M1C4QeLoURyexYgdhuP8SvaPh5LHQLRqKha3epump;omskHvyNvQSn3PFak3E8JHQJeSVJFsrc6izWT12pump,17,-443.95535294117644,3.9411764705882355,17,False,FpfsHusKvqc9LhupVPB1R67HuCiWDKrZMN4SJitrMdTj
2CQgjcdNEo7WtbQLpJTAVcC3Ga61pNvRDTgP5grzctFG,13V3CbY7Q7AXnf24FMsUaQrmLxnRU4Md9phDEWZvpump;3f8CKfznVUGrFfhcq8ZBY9M1xyDeEQGrh6iH372h3ebN;47r9YPDeTVpwHjAakoVgnzNTJRChXC8f4KSUqMbEsBbM;4prKtarobdhYDY4Hu3uGZMx7Je4HqPJeLVyxN6m4Ld3T;5L6As5obMTXxKwjmGBy1LTRwW2Hm1PjSK18JhETrpump;6sFMbTF2VTzutzKekenJujFZBqb4TiBZJKfyLMUbpump;8qT3o4k4aUmyLrgd7hHYmVxin3kFhQ9QsXdSXTP6pump;8ypYfW5cjafrfAZij8TZj5SFHAbPNpiRio96LMzypDkn;9mqJNDG2squcqZt2zC7cWWNtVozUbQUnzVnP1jG6pump;BZYpLHhui3qRNokWFg2JcX8CYtMqzWHR5R4xowjcbPqh;DQ2H7qcj262RAKfSxGYeL7cYJq54mVdXe4gYxUwxpump;EkTkjVEfhvgkoCwheMTnr8mhEmJ6Q7ZR8q7ZMCcnpump;Er5RuNhTEwJH5dHv9c3YGATjgkLCETH4dKazntyWEtXY;H9GGsNc7vA4hN13N1oU4itq8x3mrdZBdw2XdK3Mipump;omskHvyNvQSn3PFak3E8JHQJeSVJFsrc6izWT12pump;sMe5iUcgTe4VXmg4WaShF5kuk6GmcKF3y4HqKGZpump,16,-316.77025,4.25,16,False,9BhkaAybG824w5Hk2A1Np22ZwYN74f6kisJtLEK9C6Ns
EC1SJENgWiuJBnQ1Jwj939fHw9cnsMb39oiFDomNZTYh,2BucyGvsg9wwTwsaFsEUFgdphrCtp94pDRtHowJUpump;3coFBLantjJkMRmzaQ4znMQQzfqFYTyBeNhdXYAzpump;3vfxnHSCS139RZiw6MPZaEvhySnjbEi81GuF5EdNpump;5nnWe5SCBaNMC3oNiR7utth6kx3mH1dhmCarjDb91shW;5o9sE9FEVC12zWBd2zqPXAhoVyRiNjGfaYX6hS3Ppump;7271ZR6GBzaGqdtP28ZqZ5BKRt2ziu4AnPnVCAL7pump;7aLLQRBpGCaSLmmHGf34MGtbdtTumiB14d14TtDnpump;9CzNGAEutxKHJ5CwYC5Lk8X8YzgYrQnvKChP2BFEpump;9mqJNDG2squcqZt2zC7cWWNtVozUbQUnzVnP1jG6pump;AbpJywMWmkf1MFonRddPVogSwPPZHB9pG4x2nKb1YaPn;AmWCcDf6tG7zB3VPeDVjeXL5N567fXAiHcTKw3xXpump;B3xU49SW3khA7m5Lgata2fmPxZeQRuaJbCruPsVDpump;DTm66ivA96mhuQnqTy1cv7uELS4MHdYtpbRGJdW9t7Fn;EkTkjVEfhvgkoCwheMTnr8mhEmJ6Q7ZR8q7ZMCcnpump;FuF2M5T79HJdpJUbp46qwWssLXQ1Xjf1yiNSfyo5UEGC;hHc9579gpKUnvYvgcKyjdpe1UhmfVfGzGwMQCADpump,16,-6260.145375,4.375,16,False,AvmoaxAG6Uwh1f9HjrxdNzc78ach9SkZp9nLpeoChQBa
3N1KKNyjKBxmRN66zF2jZwdtLaR8D3zXcAgKvuuFAdiS,13V3CbY7Q7AXnf24FMsUaQrmLxnRU4Md9phDEWZvpump;49aM4HrGABwG9F8iAn385zzcsS6mxHEFY8YN3H7y1Cd9;5EZ7yagvcsHcwH3e17khLwGzhFrCsx7CKS7ZN6J6i4Lh;6VMsrZvNaSzddT6vkY6dEDoFMeK5EoHD4KCAycfQpump;7271ZR6GBzaGqdtP28ZqZ5BKRt2ziu4AnPnVCAL7pump;7HiD5rzoZxAYXEJ8Z4t3WgM8VE1iSKWJdxPPyEdDNzwN;7dACCWZXF4Lr9ftxFpi7TJk7a3hcPpUwGPAcTuXDpump;8G7aM6Gco4fHjVpmVvUdVvhKMKaWXJEqkCKRvPdepump;AbpJywMWmkf1MFonRddPVogSwPPZHB9pG4x2nKb1YaPn;B3xU49SW3khA7m5Lgata2fmPxZeQRuaJbCruPsVDpump;CHygERrxnc5QByNCwxUNSMhP7tKJA7rh6hNBdJ2spump;D4aEpQLW45YnWrBmztcpJHqabbPtFe9F9PTv8Umvpump;EkTkjVEfhvgkoCwheMTnr8mhEmJ6Q7ZR8q7ZMCcnpump;EoKqyKksc4ekiPVuBD9FiztYQHkV59x8KTcZ3ReLpump;F59cEB3A7RAKHGtkvR577swnPSP6EsdaBoL5AcVZpump,15,-886.9660666666666,3.7333333333333334,15,False,FpfsHusKvqc9LhupVPB1R67HuCiWDKrZMN4SJitrMdTj
ETwFDcuXBv38wD9AVTgP5quZkmkrmrHrJUJF4FGCssRi,13V3CbY7Q7AXnf24FMsUaQrmLxnRU4Md9phDEWZvpump;2iSB473Z7L2ndpWs3n22tb7H3KSGpswDTH3jP7qCCAZT;4GRTznsfLTRqaB2uMAFmmgaWtvfVyBb4qCsTjskUpump;4sjtHGeAKP6DoMUdvFqQuiYKhhPpwa9XCxUyuFD2pump;5EZ7yagvcsHcwH3e17khLwGzhFrCsx7CKS7ZN6J6i4Lh;5Sg1vv51KGCSDF2gBHgbNATCEXFjYtVhWgztNUwtgJYD;5o9sE9FEVC12zWBd2zqPXAhoVyRiNjGfaYX6hS3Ppump;7dACCWZXF4Lr9ftxFpi7TJk7a3hcPpUwGPAcTuXDpump;CziyAr14UNUrfkxpioWSumkLXMwWnDWN2bu2WR5ao7kc;DQ2H7qcj262RAKfSxGYeL7cYJq54mVdXe4gYxUwxpump;EHUzmwAzmUix7TkwVr7b16U9ChJDr3RpjfXshR5swy5j;H8oe2SCksJcYzhPeS4TsbteusgZW5k7QaZ4boKyq8C7U;omskHvyNvQSn3PFak3E8JHQJeSVJFsrc6izWT12pump;sMe5iUcgTe4VXmg4WaShF5kuk6GmcKF3y4HqKGZpump;xeKm1qmxyHLJZLdwKpsZdx5UFtYyb124GTWRZWypump,15,-398.82233333333335,4.333333333333333,15,False,8nNrb4fxH7DDfSe5MMV3TibWF6ZgWA6jqTAVydePXJyz
9Z5Gf1ozdfdoxgEc52fqsGFWdhumgd3NX3mssrJQva9V,13V3CbY7Q7AXnf24FMsUaQrmLxnRU4Md9phDEWZvpump;2A6sLqrw8WN6KkgnCsN4xJkyAowBZHr2H9xQ4u3Mpump;2iSB473Z7L2ndpWs3n22tb7H3KSGpswDTH3jP7qCCAZT;3vfxnHSCS139RZiw6MPZaEvhySnjbEi81GuF5EdNpump;4GRTznsfLTRqaB2uMAFmmgaWtvfVyBb4qCsTjskUpump;5DoZAeBkoci5t5zPhUiuhQFjuzYTfkSv5Seojsxppump;6sFMbTF2VTzutzKekenJujFZBqb4TiBZJKfyLMUbpump;7aLLQRBpGCaSLmmHGf34MGtbdtTumiB14d14TtDnpump;9mqJNDG2squcqZt2zC7cWWNtVozUbQUnzVnP1jG6pump;AbpJywMWmkf1MFonRddPVogSwPPZHB9pG4x2nKb1YaPn;BUPNYwndVGfzVb6RG6q2PX53VdAimw2Mi98QxqeWpump;EkTkjVEfhvgkoCwheMTnr8mhEmJ6Q7ZR8q7ZMCcnpump;GL7M1C4QeLoURyexYgdhuP8SvaPh5LHQLRqKha3epump;omskHvyNvQSn3PFak3E8JHQJeSVJFsrc6izWT12pump,14,-467.3394285714285,4.0,14,True,ByV1UsQzksXJ8MG3rNFwDnaTTbHk9iThWc12nEVKjdHL
CAvvAFNRfXDWTTDqwgxb9qSyYT8fTuTXWSFwL7Jsz8vT,25GrKYrc3y4LZmmuhppYgFRCKb7JyZ6grum4WhLYvA1z;3f8CKfznVUGrFfhcq8ZBY9M1xyDeEQGrh6iH372h3ebN;49aM4HrGABwG9F8iAn385zzcsS6mxHEFY8YN3H7y1Cd9;4ZUjJ5EJbwfh7teotB29uHc1SC3SiqbrkwJoNgsxibbU;4sjtHGeAKP6DoMUdvFqQuiYKhhPpwa9XCxUyuFD2pump;5nnWe5SCBaNMC3oNiR7utth6kx3mH1dhmCarjDb91shW;5o9sE9FEVC12zWBd2zqPXAhoVyRiNjGfaYX6hS3Ppump;7Q9VxTczrzgvjXWbJJZibR7hbYAohngsNsuEhdEcpump;DTm66ivA96mhuQnqTy1cv7uELS4MHdYtpbRGJdW9t7Fn;F59cEB3A7RAKHGtkvR577swnPSP6EsdaBoL5AcVZpump;H9GGsNc7vA4hN13N1oU4itq8x3mrdZBdw2XdK3Mipump;UsrcsZMqw6p53Fohu16UCBjsbjqc73XmoRFZDcnCtMR;sMe5iUcgTe4VXmg4WaShF5kuk6GmcKF3y4HqKGZpump;xeKm1qmxyHLJZLdwKpsZdx5UFtYyb124GTWRZWypump,14,-379.9042857142857,7.5,14,False,GnWFhrfgciKVoqgAqarwWEQ79NuD2LnRd9EEYaB1kUoc
EQUiJsxnuQVj11s6JFcXowgJLMW32UZimpNgkrgSy25N,13V3CbY7Q7AXnf24FMsUaQrmLxnRU4Md9phDEWZvpump;47r9YPDeTVpwHjAakoVgnzNTJRChXC8f4KSUqMbEsBbM;6sFMbTF2VTzutzKekenJujFZBqb4TiBZJKfyLMUbpump;7aLLQRBpGCaSLmmHGf34MGtbdtTumiB14d14TtDnpump;7dACCWZXF4Lr9ftxFpi7TJk7a3hcPpUwGPAcTuXDpump;9mqJNDG2squcqZt2zC7cWWNtVozUbQUnzVnP1jG6pump;AgB5SxiP1DFZbW9uDAH7s8Mhv1HF21nJv67tnAAYpump;AmWCcDf6tG7zB3VPeDVjeXL5N567fXAiHcTKw3xXpump;B3xU49SW3khA7m5Lgata2fmPxZeQRuaJbCruPsVDpump;BUPNYwndVGfzVb6RG6q2PX53VdAimw2Mi98QxqeWpump;D4aEpQLW45YnWrBmztcpJHqabbPtFe9F9PTv8Umvpump;EkTkjVEfhvgkoCwheMTnr8mhEmJ6Q7ZR8q7ZMCcnpump;GKTxLXsmkjLDo89XmPa5htwK7sAzdqZ3jmfV6gaTvK67;sMe5iUcgTe4VXmg4WaShF5kuk6GmcKF3y4HqKGZpump,14,-569.6595,2.4285714285714284,14,False,iGdFcQoyR2MwbXMHQskhmNsqddZ6rinsipHc4TNSdwu
1chdHBRNu9dB7E5McJKFDsbPvfpmANdmeR7BHavhi56,25GrKYrc3y4LZmmuhppYgFRCKb7JyZ6grum4WhLYvA1z;3f8CKfznVUGrFfhcq8ZBY9M1xyDeEQGrh6iH372h3ebN;69N7rm9nnp6sVoULtp5toD26F25rYum8593GupxkUYvH;6XD1vorwquLXjTSL5W4MJMGewZBeiEcPFmZw527TSwva;6akNLpNd11oq4q5zxhXGwr5jwUi6Ke4CvKmF6QeUwJCQ;7HiD5rzoZxAYXEJ8Z4t3WgM8VE1iSKWJdxPPyEdDNzwN;9PNfxvTARzdxvQas2uknW57bnfMCS1dxW1He7rPbuhuQ;BE5ciZmcADAX78u2a1GrFiPMPC3rNXtdPGUrhzWB4k5d;BZYpLHhui3qRNokWFg2JcX8CYtMqzWHR5R4xowjcbPqh;DJejJn1iJntJVTAixy4VRgqJFF3NMKPEMgVzbJFmpump;GfqKCwNeAdHHi97AmgCLP5qrwcSJRDdyZ1huiU6xUXTz;H8oe2SCksJcYzhPeS4TsbteusgZW5k7QaZ4boKyq8C7U;UsrcsZMqw6p53Fohu16UCBjsbjqc73XmoRFZDcnCtMR,13,-136.35107692307693,10.615384615384615,13,False,CLiXvfYSJtG5SJTCWyLvXKtDag9pJiA4vSWZGgSKP19X
88887QrRZPZmsstEXsoXXB8E7nbmUDde4Gp5s7jG3ENu,2BucyGvsg9wwTwsaFsEUFgdphrCtp94pDRtHowJUpump;2iSB473Z7L2ndpWs3n22tb7H3KSGpswDTH3jP7qCCAZT;5EZ7yagvcsHcwH3e17khLwGzhFrCsx7CKS7ZN6J6i4Lh;67afrnTxo8DVc52Uev61Yo4Yr9BGQpRw1RpPMWcx42La;9mqJNDG2squcqZt2zC7cWWNtVozUbQUnzVnP1jG6pump;ASftCNtzPNmK3nMDvpQNvpLauKS45Vkq7kwTPutqUBL1;AbpJywMWmkf1MFonRddPVogSwPPZHB9pG4x2nKb1YaPn;AgB5SxiP1DFZbW9uDAH7s8Mhv1HF21nJv67tnAAYpump;CSLP8Vp7u9hrXQi7crPXqCp7BaJaG4JrNxqvR3jDpump;F59cEB3A7RAKHGtkvR577swnPSP6EsdaBoL5AcVZpump;H9GGsNc7vA4hN13N1oU4itq8x3mrdZBdw2XdK3Mipump;rMPLDvnn6KR773WNhZvtFNcgFwnRkc7UbPkUaiMpump;sMe5iUcgTe4VXmg4WaShF5kuk6GmcKF3y4HqKGZpump,13,-648.1661538461539,6.846153846153846,13,False,9999huSCf6QpepPHQVFLZ9smhsbwkV4XWPLboiy9qqRj
BFkVZiBz8WTTWBXVhMEAN2kGXBVpbLVEdRT99TUxKTy8,25GrKYrc3y4LZmmuhppYgFRCKb7JyZ6grum4WhLYvA1z;28HydoWU7TZQxWiVQxGZyspE3qgWdCHToNDVgLoNpump;3f8CKfznVUGrFfhcq8ZBY9M1xyDeEQGrh6iH372h3ebN;49aM4HrGABwG9F8iAn385zzcsS6mxHEFY8YN3H7y1Cd9;4GRTznsfLTRqaB2uMAFmmgaWtvfVyBb4qCsTjskUpump;4ZUjJ5EJbwfh7teotB29uHc1SC3SiqbrkwJoNgsxibbU;5nnWe5SCBaNMC3oNiR7utth6kx3mH1dhmCarjDb91shW;5o9sE9FEVC12zWBd2zqPXAhoVyRiNjGfaYX6hS3Ppump;6wSQipxdE9Suf8tVNaCEbcqavUbLT7gL9tibpm3Jpump;F59cEB3A7RAKHGtkvR577swnPSP6EsdaBoL5AcVZpump;H9GGsNc7vA4hN13N1oU4itq8x3mrdZBdw2XdK3Mipump;sMe5iUcgTe4VXmg4WaShF5kuk6GmcKF3y4HqKGZpump;xeKm1qmxyHLJZLdwKpsZdx5UFtYyb124GTWRZWypump,13,-353.6455384615384,12.384615384615385,13,False,599zpgHycc7uyWBgnhhsRSVXAfGDPWaameLkwUnTGd1k
GKMJwv2AEWVcfFXUMtxokMYy5ADkjwJa89DtP8LzoA61,25GrKYrc3y4LZmmuhppYgFRCKb7JyZ6grum4WhLYvA1z;3f8CKfznVUGrFfhcq8ZBY9M1xyDeEQGrh6iH372h3ebN;69N7rm9nnp6sVoULtp5toD26F25rYum8593GupxkUYvH;6XD1vorwquLXjTSL5W4MJMGewZBeiEcPFmZw527TSwva;6akNLpNd11oq4q5zxhXGwr5jwUi6Ke4CvKmF6QeUwJCQ;7HiD5rzoZxAYXEJ8Z4t3WgM8VE1iSKWJdxPPyEdDNzwN;9PNfxvTARzdxvQas2uknW57bnfMCS1dxW1He7rPbuhuQ;BE5ciZmcADAX78u2a1GrFiPMPC3rNXtdPGUrhzWB4k5d;BZYpLHhui3qRNokWFg2JcX8CYtMqzWHR5R4xowjcbPqh;DJejJn1iJntJVTAixy4VRgqJFF3NMKPEMgVzbJFmpump;GfqKCwNeAdHHi97AmgCLP5qrwcSJRDdyZ1huiU6xUXTz;H8oe2SCksJcYzhPeS4TsbteusgZW5k7QaZ4boKyq8C7U;UsrcsZMqw6p53Fohu16UCBjsbjqc73XmoRFZDcnCtMR,13,-136.35107692307693,10.615384615384615,13,False,CLiXvfYSJtG5SJTCWyLvXKtDag9pJiA4vSWZGgSKP19X
8F3QG5uwQjHgLyeoNd66bjpo24cPT39GBGqpknZVJCB9,13V3CbY7Q7AXnf24FMsUaQrmLxnRU4Md9phDEWZvpump;2A6sLqrw8WN6KkgnCsN4xJkyAowBZHr2H9xQ4u3Mpump;3vfxnHSCS139RZiw6MPZaEvhySnjbEi81GuF5EdNpump;5DoZAeBkoci5t5zPhUiuhQFjuzYTfkSv5Seojsxppump;6sFMbTF2VTzutzKekenJujFZBqb4TiBZJKfyLMUbpump;7aLLQRBpGCaSLmmHGf34MGtbdtTumiB14d14TtDnpump;9CzNGAEutxKHJ5CwYC5Lk8X8YzgYrQnvKChP2BFEpump;AbpJywMWmkf1MFonRddPVogSwPPZHB9pG4x2nKb1YaPn;Ajz86fyiygsv8kZkUyDxogxkz5VfKRs4HTEABVTfpump;BUPNYwndVGfzVb6RG6q2PX53VdAimw2Mi98QxqeWpump;EkTkjVEfhvgkoCwheMTnr8mhEmJ6Q7ZR8q7ZMCcnpump;GL7M1C4QeLoURyexYgdhuP8SvaPh5LHQLRqKha3epump,12,-502.2225,12.416666666666666,12,False,Aeubzk4q2GST66a17h2ssFX1podokjNX8jGAzim9dPAi
9999huSCf6QpepPHQVFLZ9smhsbwkV4XWPLboiy9qqRj,25GrKYrc3y4LZmmuhppYgFRCKb7JyZ6grum4WhLYvA1z;5EZ7yagvcsHcwH3e17khLwGzhFrCsx7CKS7ZN6J6i4Lh;67afrnTxo8DVc52Uev61Yo4Yr9BGQpRw1RpPMWcx42La;69N7rm9nnp6sVoULtp5toD26F25rYum8593GupxkUYvH;6XD1vorwquLXjTSL5W4MJMGewZBeiEcPFmZw527TSwva;7HiD5rzoZxAYXEJ8Z4t3WgM8VE1iSKWJdxPPyEdDNzwN;7dACCWZXF4Lr9ftxFpi7TJk7a3hcPpUwGPAcTuXDpump;AbpJywMWmkf1MFonRddPVogSwPPZHB9pG4x2nKb1YaPn;Ajz86fyiygsv8kZkUyDxogxkz5VfKRs4HTEABVTfpump;H8oe2SCksJcYzhPeS4TsbteusgZW5k7QaZ4boKyq8C7U;HJPjdsDmcvgCj4MV3NvqCWd78qDP8BMzGfrsk4Nbpump;UsrcsZMqw6p53Fohu16UCBjsbjqc73XmoRFZDcnCtMR,12,-367.4941666666667,14.5,12,False,CuCApcakpKR5c2a2JnqYqmiKBNeiDhx2R6QccX4DeMfy
AMDEmVocLtN5ji2gBY7BrmSHEyM5vt6TGszBbg4crMXg,25GrKYrc3y4LZmmuhppYgFRCKb7JyZ6grum4WhLYvA1z;2BucyGvsg9wwTwsaFsEUFgdphrCtp94pDRtHowJUpump;3f8CKfznVUGrFfhcq8ZBY9M1xyDeEQGrh6iH372h3ebN;57ANN8dAbPX8x1BEFFwzBttkzwpKZBEiJkdiWSzVNQvS;67afrnTxo8DVc52Uev61Yo4Yr9BGQpRw1RpPMWcx42La;69N7rm9nnp6sVoULtp5toD26F25rYum8593GupxkUYvH;7271ZR6GBzaGqdtP28ZqZ5BKRt2ziu4AnPnVCAL7pump;7Q9VxTczrzgvjXWbJJZibR7hbYAohngsNsuEhdEcpump;EHUzmwAzmUix7TkwVr7b16U9ChJDr3RpjfXshR5swy5j;Er5RuNhTEwJH5dHv9c3YGATjgkLCETH4dKazntyWEtXY;dy6zeSw9j2zHprXLwk1uUGAD4d2HF5R3pAFrL6bRAKs;sMe5iUcgTe4VXmg4WaShF5kuk6GmcKF3y4HqKGZpump,12,-348.06333333333333,0.08333333333333333,12,False,Fdw2m5S1sHPHn1hvtCpEYSDCadTDQWCMvPgZ8P5EJz75
24678QKx2Dy8ZCw6Ra8o9DeTqPLL5GR9ZQKxt5FddHmq,21XJbyQWEhmeoxKRHdGrEjetSfHopvtp68LWzdvT471M;2A6sLqrw8WN6KkgnCsN4xJkyAowBZHr2H9xQ4u3Mpump;3vfxnHSCS139RZiw6MPZaEvhySnjbEi81GuF5EdNpump;44s336LDz8bXp4rpxy1qwUfysZ4THjpReQWTKQg7pump;67afrnTxo8DVc52Uev61Yo4Yr9BGQpRw1RpPMWcx42La;6sFMbTF2VTzutzKekenJujFZBqb4TiBZJKfyLMUbpump;AgB5SxiP1DFZbW9uDAH7s8Mhv1HF21nJv67tnAAYpump;CziyAr14UNUrfkxpioWSumkLXMwWnDWN2bu2WR5ao7kc;H9GGsNc7vA4hN13N1oU4itq8x3mrdZBdw2XdK3Mipump;JAqRn24FuQ5MFReXNgXb8uFej5vHJDxhVtebpQvHTQZy;sMe5iUcgTe4VXmg4WaShF5kuk6GmcKF3y4HqKGZpump,11,-392.28327272727273,0.0,11,False,iGdFcQoyR2MwbXMHQskhmNsqddZ6rinsipHc4TNSdwu
3Vggwn3LPougvnGa8zpYJMEN9L38tSRa45gv9odiSVF1,2Tiw1Tna3kAut868cjXuKoyrv8U8gi1YjTaXw7Czpump;3f8CKfznVUGrFfhcq8ZBY9M1xyDeEQGrh6iH372h3ebN;3vfxnHSCS139RZiw6MPZaEvhySnjbEi81GuF5EdNpump;4GRTznsfLTRqaB2uMAFmmgaWtvfVyBb4qCsTjskUpump;4ZUjJ5EJbwfh7teotB29uHc1SC3SiqbrkwJoNgsxibbU;4n32UBFWKJNPQayeN25GrLJHswbja41XFMxebcg9pump;5nnWe5SCBaNMC3oNiR7utth6kx3mH1dhmCarjDb91shW;5o9sE9FEVC12zWBd2zqPXAhoVyRiNjGfaYX6hS3Ppump;5pSEZw1iytqYznD7crsGyKNek7q5JkjBqj2KmfqxUVZd;67afrnTxo8DVc52Uev61Yo4Yr9BGQpRw1RpPMWcx42La;H8oe2SCksJcYzhPeS4TsbteusgZW5k7QaZ4boKyq8C7U,11,-327.53854545454544,13.0,11,False,4whAbL6cygyPpydKjemp2wr4ZvspWe4BPiBPPxYwTZKo
CLiXvfYSJtG5SJTCWyLvXKtDag9pJiA4vSWZGgSKP19X,25GrKYrc3y4LZmmuhppYgFRCKb7JyZ6grum4WhLYvA1z;3f8CKfznVUGrFfhcq8ZBY9M1xyDeEQGrh6iH372h3ebN;69N7rm9nnp6sVoULtp5toD26F25rYum8593GupxkUYvH;6XD1vorwquLXjTSL5W4MJMGewZBeiEcPFmZw527TSwva;6akNLpNd11oq4q5zxhXGwr5jwUi6Ke4CvKmF6QeUwJCQ;7HiD5rzoZxAYXEJ8Z4t3WgM8VE1iSKWJdxPPyEdDNzwN;9PNfxvTARzdxvQas2uknW57bnfMCS1dxW1He7rPbuhuQ;BE5ciZmcADAX78u2a1GrFiPMPC3rNXtdPGUrhzWB4k5d;DJejJn1iJntJVTAixy4VRgqJFF3NMKPEMgVzbJFmpump;H8oe2SCksJcYzhPeS4TsbteusgZW5k7QaZ4boKyq8C7U;UsrcsZMqw6p53Fohu16UCBjsbjqc73XmoRFZDcnCtMR,11,-149.64572727272727,10.545454545454545,11,False,5zKxnTh4o2dXL1tmXpbPz9efCcc4c3z1Bva8N5UzKJyJ
EDGEKeUNA3b7L5F9BcoyvptqHAKSLi9c5JxHwFKvuNLc,25GrKYrc3y4LZmmuhppYgFRCKb7JyZ6grum4WhLYvA1z;3f8CKfznVUGrFfhcq8ZBY9M1xyDeEQGrh6iH372h3ebN;49aM4HrGABwG9F8iAn385zzcsS6mxHEFY8YN3H7y1Cd9;5EZ7yagvcsHcwH3e17khLwGzhFrCsx7CKS7ZN6J6i4Lh;69N7rm9nnp6sVoULtp5toD26F25rYum8593GupxkUYvH;6akNLpNd11oq4q5zxhXGwr5jwUi6Ke4CvKmF6QeUwJCQ;7HiD5rzoZxAYXEJ8Z4t3WgM8VE1iSKWJdxPPyEdDNzwN;8ypYfW5cjafrfAZij8TZj5SFHAbPNpiRio96LMzypDkn;BE5ciZmcADAX78u2a1GrFiPMPC3rNXtdPGUrhzWB4k5d;EHUzmwAzmUix7TkwVr7b16U9ChJDr3RpjfXshR5swy5j;UsrcsZMqw6p53Fohu16UCBjsbjqc73XmoRFZDcnCtMR,11,-212.07345454545455,4.363636363636363,11,False,F7p3dFrjRTbtRp8FRF6qHLomXbKRBzpvBLjtQcfcgmNe
GYk1dgkvGn3DxR5GhuuG2mnRmoaCNUtC3FASzeysUkT1,2BucyGvsg9wwTwsaFsEUFgdphrCtp94pDRtHowJUpump;3vfxnHSCS139RZiw6MPZaEvhySnjbEi81GuF5EdNpump;5nnWe5SCBaNMC3oNiR7utth6kx3mH1dhmCarjDb91shW;7271ZR6GBzaGqdtP28ZqZ5BKRt2ziu4AnPnVCAL7pump;7aLLQRBpGCaSLmmHGf34MGtbdtTumiB14d14TtDnpump;9mqJNDG2squcqZt2zC7cWWNtVozUbQUnzVnP1jG6pump;AbpJywMWmkf1MFonRddPVogSwPPZHB9pG4x2nKb1YaPn;AmWCcDf6tG7zB3VPeDVjeXL5N567fXAiHcTKw3xXpump;B3xU49SW3khA7m5Lgata2fmPxZeQRuaJbCruPsVDpump;DTm66ivA96mhuQnqTy1cv7uELS4MHdYtpbRGJdW9t7Fn;hHc9579gpKUnvYvgcKyjdpe1UhmfVfGzGwMQCADpump,11,-8888.766090909092,2.8181818181818183,11,False,Gu9viX22AFFtn7JH34exTTX6c743zkBV9qR5JdPMfaVH
35caaJFwzSNaFwFmP1f33wDP9cUFEXTLDsFnjna7kAjs,2A6sLqrw8WN6KkgnCsN4xJkyAowBZHr2H9xQ4u3Mpump;3coFBLantjJkMRmzaQ4znMQQzfqFYTyBeNhdXYAzpump;4GRTznsfLTRqaB2uMAFmmgaWtvfVyBb4qCsTjskUpump;5EZ7yagvcsHcwH3e17khLwGzhFrCsx7CKS7ZN6J6i4Lh;6VMsrZvNaSzddT6vkY6dEDoFMeK5EoHD4KCAycfQpump;6akNLpNd11oq4q5zxhXGwr5jwUi6Ke4CvKmF6QeUwJCQ;7HiD5rzoZxAYXEJ8Z4t3WgM8VE1iSKWJdxPPyEdDNzwN;8qT3o4k4aUmyLrgd7hHYmVxin3kFhQ9QsXdSXTP6pump;9mqJNDG2squcqZt2zC7cWWNtVozUbQUnzVnP1jG6pump;GL7M1C4QeLoURyexYgdhuP8SvaPh5LHQLRqKha3epump,10,-360.0389,5.0,10,False,5tzFkiKscXHK5ZXCGbXZxdw7gTjjD1mBwuoFbhUvuAi9
67LwNGrukVFFcA1XZQ9U8ddZGCBuPvPHgMxw81AeRtQ7,2Tiw1Tna3kAut868cjXuKoyrv8U8gi1YjTaXw7Czpump;2iSB473Z7L2ndpWs3n22tb7H3KSGpswDTH3jP7qCCAZT;49aM4HrGABwG9F8iAn385zzcsS6mxHEFY8YN3H7y1Cd9;5nnWe5SCBaNMC3oNiR7utth6kx3mH1dhmCarjDb91shW;67afrnTxo8DVc52Uev61Yo4Yr9BGQpRw1RpPMWcx42La;6akNLpNd11oq4q5zxhXGwr5jwUi6Ke4CvKmF6QeUwJCQ;7dACCWZXF4Lr9ftxFpi7TJk7a3hcPpUwGPAcTuXDpump;9ek8utEujXFmiM9wXcWKPF18y57PmeG8rsiBZGzzpump;CSLP8Vp7u9hrXQi7crPXqCp7BaJaG4JrNxqvR3jDpump;UsrcsZMqw6p53Fohu16UCBjsbjqc73XmoRFZDcnCtMR,10,-265.2587,18.7001,9,False,ArRdqGfyY38dD9GrZfbr88HPTNN3NL9WQxG9LTsW6mxh
6AHvixSibGaLQfWUcttAPSRKLkDJb26aRX22EUHH2sM,13V3CbY7Q7AXnf24FMsUaQrmLxnRU4Md9phDEWZvpump;44s336LDz8bXp4rpxy1qwUfysZ4THjpReQWTKQg7pump;49aM4HrGABwG9F8iAn385zzcsS6mxHEFY8YN3H7y1Cd9;5DoZAeBkoci5t5zPhUiuhQFjuzYTfkSv5Seojsxppump;7aLLQRBpGCaSLmmHGf34MGtbdtTumiB14d14TtDnpump;AmWCcDf6tG7zB3VPeDVjeXL5N567fXAiHcTKw3xXpump;CSLP8Vp7u9hrXQi7crPXqCp7BaJaG4JrNxqvR3jDpump;GL7M1C4QeLoURyexYgdhuP8SvaPh5LHQLRqKha3epump;hHc9579gpKUnvYvgcKyjdpe1UhmfVfGzGwMQCADpump;sMe5iUcgTe4VXmg4WaShF5kuk6GmcKF3y4HqKGZpump,10,-9544.239300000001,4.1,10,False,brobiNWSf8UAeWph1RY555JwgLo5WUPT7ncLQVmSiMW
AJ5snxaH5Gdvxi6CRTwN7c7467eNjfwGAP2htaMSrRpr,3GeNgcFpMwH9ts5b3W3jddtfwhwAURaykTy8YjtrGQWT;67afrnTxo8DVc52Uev61Yo4Yr9BGQpRw1RpPMWcx42La;7271ZR6GBzaGqdtP28ZqZ5BKRt2ziu4AnPnVCAL7pump;7aLLQRBpGCaSLmmHGf34MGtbdtTumiB14d14TtDnpump;7dACCWZXF4Lr9ftxFpi7TJk7a3hcPpUwGPAcTuXDpump;AmWCcDf6tG7zB3VPeDVjeXL5N567fXAiHcTKw3xXpump;D4aEpQLW45YnWrBmztcpJHqabbPtFe9F9PTv8Umvpump;DJejJn1iJntJVTAixy4VRgqJFF3NMKPEMgVzbJFmpump;DTm66ivA96mhuQnqTy1cv7uELS4MHdYtpbRGJdW9t7Fn;F59cEB3A7RAKHGtkvR577swnPSP6EsdaBoL5AcVZpump,10,-890.7251,3.1,10,False,BTLG71P7eH7hxT4MMv1DUaSkH6G2aYp7hRKqocjeYrSy
4GcCNFbMnCw1GX157hHCYyrSZFoxbWBdPbvZMboZHGfV,28HydoWU7TZQxWiVQxGZyspE3qgWdCHToNDVgLoNpump;2BucyGvsg9wwTwsaFsEUFgdphrCtp94pDRtHowJUpump;5o9sE9FEVC12zWBd2zqPXAhoVyRiNjGfaYX6hS3Ppump;7aLLQRBpGCaSLmmHGf34MGtbdtTumiB14d14TtDnpump;AmWCcDf6tG7zB3VPeDVjeXL5N567fXAiHcTKw3xXpump;DTm66ivA96mhuQnqTy1cv7uELS4MHdYtpbRGJdW9t7Fn;H9GGsNc7vA4hN13N1oU4itq8x3mrdZBdw2XdK3Mipump;hHc9579gpKUnvYvgcKyjdpe1UhmfVfGzGwMQCADpump;omskHvyNvQSn3PFak3E8JHQJeSVJFsrc6izWT12pump,9,-10593.687111111112,9.666666666666666,9,False,FGMJAT3Yrouh1eTWpAzNUfToupBggySqTUe8VfnJquVg
8Tcn1AkBTPDXExQT7baVp4KNjpAuYqqmPVpp5fADkfTp,13V3CbY7Q7AXnf24FMsUaQrmLxnRU4Md9phDEWZvpump;3coFBLantjJkMRmzaQ4znMQQzfqFYTyBeNhdXYAzpump;3f8CKfznVUGrFfhcq8ZBY9M1xyDeEQGrh6iH372h3ebN;4GRTznsfLTRqaB2uMAFmmgaWtvfVyBb4qCsTjskUpump;5pSEZw1iytqYznD7crsGyKNek7q5JkjBqj2KmfqxUVZd;9CzNGAEutxKHJ5CwYC5Lk8X8YzgYrQnvKChP2BFEpump;CHygERrxnc5QByNCwxUNSMhP7tKJA7rh6hNBdJ2spump;F59cEB3A7RAKHGtkvR577swnPSP6EsdaBoL5AcVZpump;hHc9579gpKUnvYvgcKyjdpe1UhmfVfGzGwMQCADpump,9,-10849.148777777778,62.0,9,False,HLY1sYoeGPh8JxpsWy3K328dSb2gCBxGWiuWGMmNaNMD
ARu4n5mFdZogZAravu7CcizaojWnS6oqka37gdLT5SZn,2Tiw1Tna3kAut868cjXuKoyrv8U8gi1YjTaXw7Czpump;4kkrecvSVnnkK3RZcJ85tNFiZu9pWg584yHjNCqEpump;8ypYfW5cjafrfAZij8TZj5SFHAbPNpiRio96LMzypDkn;CziyAr14UNUrfkxpioWSumkLXMwWnDWN2bu2WR5ao7kc;DkDwxjD5JFK7hd7qUNHqNaTeqDGcZ1ia3Y6E7EUiehEn;Er5RuNhTEwJH5dHv9c3YGATjgkLCETH4dKazntyWEtXY;F41TwidZvJJcsx9c2BMwS6eH9W6HcUT4LzPmGvK9WU6N;GfqKCwNeAdHHi97AmgCLP5qrwcSJRDdyZ1huiU6xUXTz;dy6zeSw9j2zHprXLwk1uUGAD4d2HF5R3pAFrL6bRAKs,9,-273.1914444444444,34.77777777777778,9,False,cPabHQWcAH3PZu6qha2Tk8Zn9s1eD14GUZLb8ar2Gzs
AWrTFnoSjCbJ4KhTzCQsjHwWrCt8jhXNKQubjdT1ENWw,2BucyGvsg9wwTwsaFsEUFgdphrCtp94pDRtHowJUpump;7aLLQRBpGCaSLmmHGf34MGtbdtTumiB14d14TtDnpump;9mqJNDG2squcqZt2zC7cWWNtVozUbQUnzVnP1jG6pump;AmWCcDf6tG7zB3VPeDVjeXL5N567fXAiHcTKw3xXpump;BUPNYwndVGfzVb6RG6q2PX53VdAimw2Mi98QxqeWpump;DQ2H7qcj262RAKfSxGYeL7cYJq54mVdXe4gYxUwxpump;EHUzmwAzmUix7TkwVr7b16U9ChJDr3RpjfXshR5swy5j;EoKqyKksc4ekiPVuBD9FiztYQHkV59x8KTcZ3ReLpump;G9r7nnHSgvb7LUfCE8kavRaKokEMMYBjVHGKvQ6dpump,9,-548.0838888888889,3.5555555555555554,9,False,2ccgxuZv5NEngCwWqj6zjwxHWVc8RDwXgMUfUnmpTYHQ
EEHcVr9tk4wU58ctyKkDbmRhRv9aH4S1RH41TEB3zsA5,49aM4HrGABwG9F8iAn385zzcsS6mxHEFY8YN3H7y1Cd9;4sjtHGeAKP6DoMUdvFqQuiYKhhPpwa9XCxUyuFD2pump;7dACCWZXF4Lr9ftxFpi7TJk7a3hcPpUwGPAcTuXDpump;AgB5SxiP1DFZbW9uDAH7s8Mhv1HF21nJv67tnAAYpump;BUPNYwndVGfzVb6RG6q2PX53VdAimw2Mi98QxqeWpump;DJejJn1iJntJVTAixy4VRgqJFF3NMKPEMgVzbJFmpump;omskHvyNvQSn3PFak3E8JHQJeSVJFsrc6izWT12pump;rMPLDvnn6KR773WNhZvtFNcgFwnRkc7UbPkUaiMpump;xeKm1qmxyHLJZLdwKpsZdx5UFtYyb124GTWRZWypump,9,-420.63444444444445,4.444444444444445,9,False,6ED9YuJXMRjUCEYWQGbbsy8fXW9ae9WtpDHYGEoKstjV
EqgpVyzFTpuDTDmsSi9a8t5WXoAwfXxvBKBdLeXTyr4w,2iSB473Z7L2ndpWs3n22tb7H3KSGpswDTH3jP7qCCAZT;5EZ7yagvcsHcwH3e17khLwGzhFrCsx7CKS7ZN6J6i4Lh;7HiD5rzoZxAYXEJ8Z4t3WgM8VE1iSKWJdxPPyEdDNzwN;7dACCWZXF4Lr9ftxFpi7TJk7a3hcPpUwGPAcTuXDpump;7mRDn1rAqjwFQXacodr1UmkNdvAGPbtNP9k5jvBZqt9J;BUPNYwndVGfzVb6RG6q2PX53VdAimw2Mi98QxqeWpump;CHygERrxnc5QByNCwxUNSMhP7tKJA7rh6hNBdJ2spump;CSLP8Vp7u9hrXQi7crPXqCp7BaJaG4JrNxqvR3jDpump;DQ2H7qcj262RAKfSxGYeL7cYJq54mVdXe4gYxUwxpump,9,-506.90144444444445,3.0,9,False,Hq3n2r7hZWUXCxUpqxzZiAh1Yt9dfvUyLj1sebXqFAe1
HXkuar8tVXscBmcD9ShdcNsgojfnjKfQYVapPuiQsHpC,5L6As5obMTXxKwjmGBy1LTRwW2Hm1PjSK18JhETrpump;5o9sE9FEVC12zWBd2zqPXAhoVyRiNjGfaYX6hS3Ppump;6sFMbTF2VTzutzKekenJujFZBqb4TiBZJKfyLMUbpump;7271ZR6GBzaGqdtP28ZqZ5BKRt2ziu4AnPnVCAL7pump;7aLLQRBpGCaSLmmHGf34MGtbdtTumiB14d14TtDnpump;BUPNYwndVGfzVb6RG6q2PX53VdAimw2Mi98QxqeWpump;H9GGsNc7vA4hN13N1oU4itq8x3mrdZBdw2XdK3Mipump;hHc9579gpKUnvYvgcKyjdpe1UhmfVfGzGwMQCADpump;xeKm1qmxyHLJZLdwKpsZdx5UFtYyb124GTWRZWypump,9,-10850.48988888889,7.555555555555555,9,False,26tJwK8BF8hTwd4wxJPPubHLb6dH8uq6owQT4FFLsHtZ
2R8qnLbbaceGu7G6CAxdr6UNTZCC2i93LGJ2oftsKwMJ,2BucyGvsg9wwTwsaFsEUFgdphrCtp94pDRtHowJUpump;4ZUjJ5EJbwfh7teotB29uHc1SC3SiqbrkwJoNgsxibbU;5pSEZw1iytqYznD7crsGyKNek7q5JkjBqj2KmfqxUVZd;AmWCcDf6tG7zB3VPeDVjeXL5N567fXAiHcTKw3xXpump;CHygERrxnc5QByNCwxUNSMhP7tKJA7rh6hNBdJ2spump;D4aEpQLW45YnWrBmztcpJHqabbPtFe9F9PTv8Umvpump;DTm66ivA96mhuQnqTy1cv7uELS4MHdYtpbRGJdW9t7Fn;hHc9579gpKUnvYvgcKyjdpe1UhmfVfGzGwMQCADpump,8,-12378.57875,62.5,8,False,2vRhXKm7w5VMhSMHLHKA3Hb6YUneKMDxj68xTPYiwZB9
74NAhBbuYhBGqpkScVZCfVuZUYXxMQ6gRmAJpiGfX8ZT,28HydoWU7TZQxWiVQxGZyspE3qgWdCHToNDVgLoNpump;2BucyGvsg9wwTwsaFsEUFgdphrCtp94pDRtHowJUpump;3coFBLantjJkMRmzaQ4znMQQzfqFYTyBeNhdXYAzpump;4GRTznsfLTRqaB2uMAFmmgaWtvfVyBb4qCsTjskUpump;5o9sE9FEVC12zWBd2zqPXAhoVyRiNjGfaYX6hS3Ppump;5pSEZw1iytqYznD7crsGyKNek7q5JkjBqj2KmfqxUVZd;7aLLQRBpGCaSLmmHGf34MGtbdtTumiB14d14TtDnpump;DQ2H7qcj262RAKfSxGYeL7cYJq54mVdXe4gYxUwxpump,8,-334.68537499999996,10.875,8,True,FMftf5KTGDHua5i7yw9qdGMoSUDzdurQNrDno22ZXGXx
84UBp52FJZ5xwD5sGUqddzujNUUUAjNzNtLBfVeLXW84,13V3CbY7Q7AXnf24FMsUaQrmLxnRU4Md9phDEWZvpump;2iSB473Z7L2ndpWs3n22tb7H3KSGpswDTH3jP7qCCAZT;5o9sE9FEVC12zWBd2zqPXAhoVyRiNjGfaYX6hS3Ppump;6XD1vorwquLXjTSL5W4MJMGewZBeiEcPFmZw527TSwva;7271ZR6GBzaGqdtP28ZqZ5BKRt2ziu4AnPnVCAL7pump;7HiD5rzoZxAYXEJ8Z4t3WgM8VE1iSKWJdxPPyEdDNzwN;AmWCcDf6tG7zB3VPeDVjeXL5N567fXAiHcTKw3xXpump;omskHvyNvQSn3PFak3E8JHQJeSVJFsrc6izWT12pump,8,-521.7075,4.5,8,False,6ED9YuJXMRjUCEYWQGbbsy8fXW9ae9WtpDHYGEoKstjV
9su3UPQW3txjtKDZAkf2Kdimp5tEb9TM6hnJrGC1U7pY,44s336LDz8bXp4rpxy1qwUfysZ4THjpReQWTKQg7pump;5DoZAeBkoci5t5zPhUiuhQFjuzYTfkSv5Seojsxppump;7HiD5rzoZxAYXEJ8Z4t3WgM8VE1iSKWJdxPPyEdDNzwN;9hAojtonqe4RUQarvUYZhFqC99VK1S3LCewYkSjnpump;9xhMStAAufkH5jA5nevaGy6M9fCsQ74BZnsXyo93DkfA;BUPNYwndVGfzVb6RG6q2PX53VdAimw2Mi98QxqeWpump;GKTxLXsmkjLDo89XmPa5htwK7sAzdqZ3jmfV6gaTvK67;dy6zeSw9j2zHprXLwk1uUGAD4d2HF5R3pAFrL6bRAKs,8,-316.582875,0.0,8,False,C5EMTGGE87SqLyuvhShLDMj2jUBwqBLJAZF6ybK8Jyqw
Akmwur3r9WhfFpy6yFUuDtgbQ4X4QUuif7xS7JfMNsxy,2iSB473Z7L2ndpWs3n22tb7H3KSGpswDTH3jP7qCCAZT;3coFBLantjJkMRmzaQ4znMQQzfqFYTyBeNhdXYAzpump;5o9sE9FEVC12zWBd2zqPXAhoVyRiNjGfaYX6hS3Ppump;ASftCNtzPNmK3nMDvpQNvpLauKS45Vkq7kwTPutqUBL1;AmWCcDf6tG7zB3VPeDVjeXL5N567fXAiHcTKw3xXpump;D4aEpQLW45YnWrBmztcpJHqabbPtFe9F9PTv8Umvpump;DQ2H7qcj262RAKfSxGYeL7cYJq54mVdXe4gYxUwxpump;F59cEB3A7RAKHGtkvR577swnPSP6EsdaBoL5AcVZpump,8,-1184.7765,3.625,8,False,Hy3KPgfw7GVQgWixY3s3y6HFczSQhrKiZK6A7dWxCCyB
C5EMTGGE87SqLyuvhShLDMj2jUBwqBLJAZF6ybK8Jyqw,21XJbyQWEhmeoxKRHdGrEjetSfHopvtp68LWzdvT471M;4prKtarobdhYDY4Hu3uGZMx7Je4HqPJeLVyxN6m4Ld3T;BUPNYwndVGfzVb6RG6q2PX53VdAimw2Mi98QxqeWpump;BmU6YJP2YCAo8sc2dkeR8KjvF3rGFBHZL25ejysppump;CziyAr14UNUrfkxpioWSumkLXMwWnDWN2bu2WR5ao7kc;EoKqyKksc4ekiPVuBD9FiztYQHkV59x8KTcZ3ReLpump;dy6zeSw9j2zHprXLwk1uUGAD4d2HF5R3pAFrL6bRAKs;hHc9579gpKUnvYvgcKyjdpe1UhmfVfGzGwMQCADpump,8,-12009.753125000001,0.0,8,False,5tzFkiKscXHK5ZXCGbXZxdw7gTjjD1mBwuoFbhUvuAi9
DyXeuCJHHXeREb1WjusM9rbZDX24y1YaJXUmRraNcZib,25GrKYrc3y4LZmmuhppYgFRCKb7JyZ6grum4WhLYvA1z;3f8CKfznVUGrFfhcq8ZBY9M1xyDeEQGrh6iH372h3ebN;69N7rm9nnp6sVoULtp5toD26F25rYum8593GupxkUYvH;6akNLpNd11oq4q5zxhXGwr5jwUi6Ke4CvKmF6QeUwJCQ;7HiD5rzoZxAYXEJ8Z4t3WgM8VE1iSKWJdxPPyEdDNzwN;BE5ciZmcADAX78u2a1GrFiPMPC3rNXtdPGUrhzWB4k5d;DJejJn1iJntJVTAixy4VRgqJFF3NMKPEMgVzbJFmpump;UsrcsZMqw6p53Fohu16UCBjsbjqc73XmoRFZDcnCtMR,8,-132.83025,11.875,8,True,A7Gr6Z7hjM7TxokyohE9X9G6MeYVwuimXzLkkj66hKDh
FC1RZf6MTebDXdKFpPfhkiftU8TFz333g8ugbsPJ1Wbd,3coFBLantjJkMRmzaQ4znMQQzfqFYTyBeNhdXYAzpump;49aM4HrGABwG9F8iAn385zzcsS6mxHEFY8YN3H7y1Cd9;4GRTznsfLTRqaB2uMAFmmgaWtvfVyBb4qCsTjskUpump;7dACCWZXF4Lr9ftxFpi7TJk7a3hcPpUwGPAcTuXDpump;9mqJNDG2squcqZt2zC7cWWNtVozUbQUnzVnP1jG6pump;DQ2H7qcj262RAKfSxGYeL7cYJq54mVdXe4gYxUwxpump;DTm66ivA96mhuQnqTy1cv7uELS4MHdYtpbRGJdW9t7Fn;hHc9579gpKUnvYvgcKyjdpe1UhmfVfGzGwMQCADpump,8,-11804.698375,3.75,8,False,FpfsHusKvqc9LhupVPB1R67HuCiWDKrZMN4SJitrMdTj
3USuyHQVNyppevSmNiamBy8eFcjDJKqLWcCuJ6zJMG5H,3uYT8w1FxasDGmM4WDG5kXu6D9BGvyP3iEfPJEVb6ewT;44s336LDz8bXp4rpxy1qwUfysZ4THjpReQWTKQg7pump;9mqJNDG2squcqZt2zC7cWWNtVozUbQUnzVnP1jG6pump;B3xU49SW3khA7m5Lgata2fmPxZeQRuaJbCruPsVDpump;DQ2H7qcj262RAKfSxGYeL7cYJq54mVdXe4gYxUwxpump;EoKqyKksc4ekiPVuBD9FiztYQHkV59x8KTcZ3ReLpump;omskHvyNvQSn3PFak3E8JHQJeSVJFsrc6izWT12pump,7,-298.4384285714286,3.857142857142857,7,False,FMdL2mr1qVgxata25DLtR1Um7zdfKRC2vV4oV9HPJcb
3oN2NBiW9X3dFZ6GYBY5FKfSExoaYL6mFiN9NJn8eBHd,3f8CKfznVUGrFfhcq8ZBY9M1xyDeEQGrh6iH372h3ebN;4prKtarobdhYDY4Hu3uGZMx7Je4HqPJeLVyxN6m4Ld3T;57ANN8dAbPX8x1BEFFwzBttkzwpKZBEiJkdiWSzVNQvS;67afrnTxo8DVc52Uev61Yo4Yr9BGQpRw1RpPMWcx42La;8ypYfW5cjafrfAZij8TZj5SFHAbPNpiRio96LMzypDkn;9CzNGAEutxKHJ5CwYC5Lk8X8YzgYrQnvKChP2BFEpump;EHUzmwAzmUix7TkwVr7b16U9ChJDr3RpjfXshR5swy5j,7,-277.7542857142857,5.428571428571429,7,False,J6DdwTar52hc1Bk7idh8c4wJ8XwHkH2tkyHimXtKJuBk
4frkCTj2HmJN7naXZL3e4m4Fj2nbXDAHRFzuCTmRvJEW,6VMsrZvNaSzddT6vkY6dEDoFMeK5EoHD4KCAycfQpump;7Q9VxTczrzgvjXWbJJZibR7hbYAohngsNsuEhdEcpump;AmWCcDf6tG7zB3VPeDVjeXL5N567fXAiHcTKw3xXpump;B3xU49SW3khA7m5Lgata2fmPxZeQRuaJbCruPsVDpump;EoKqyKksc4ekiPVuBD9FiztYQHkV59x8KTcZ3ReLpump;F59cEB3A7RAKHGtkvR577swnPSP6EsdaBoL5AcVZpump;HJPjdsDmcvgCj4MV3NvqCWd78qDP8BMzGfrsk4Nbpump,7,-774.6840000000001,4.285714285714286,7,False,7QpPsdPgZFnuNWJTSopvKjh7dvxVj4iTw7VF2MNJdMFp
55cmMzY3CLYMVXxg6jPLRdfEvFhQqk1yPM3E8FsnDh76,2Tiw1Tna3kAut868cjXuKoyrv8U8gi1YjTaXw7Czpump;4GRTznsfLTRqaB2uMAFmmgaWtvfVyBb4qCsTjskUpump;5nnWe5SCBaNMC3oNiR7utth6kx3mH1dhmCarjDb91shW;5pSEZw1iytqYznD7crsGyKNek7q5JkjBqj2KmfqxUVZd;BUPNYwndVGfzVb6RG6q2PX53VdAimw2Mi98QxqeWpump;CziyAr14UNUrfkxpioWSumkLXMwWnDWN2bu2WR5ao7kc;HJPjdsDmcvgCj4MV3NvqCWd78qDP8BMzGfrsk4Nbpump,7,-449.2702857142857,11.285714285714286,7,True,3ReqHX4KZGTxNRbgTWqJUurACmKhpJ1QVjL9PETt871E
5bb5kQKhp4zT3MYuFp7QSpkvJkghfLp6yjQbvTDLK2vy,47r9YPDeTVpwHjAakoVgnzNTJRChXC8f4KSUqMbEsBbM;7dACCWZXF4Lr9ftxFpi7TJk7a3hcPpUwGPAcTuXDpump;BZYpLHhui3qRNokWFg2JcX8CYtMqzWHR5R4xowjcbPqh;DJejJn1iJntJVTAixy4VRgqJFF3NMKPEMgVzbJFmpump;G9r7nnHSgvb7LUfCE8kavRaKokEMMYBjVHGKvQ6dpump;omskHvyNvQSn3PFak3E8JHQJeSVJFsrc6izWT12pump;rMPLDvnn6KR773WNhZvtFNcgFwnRkc7UbPkUaiMpump,7,-352.19357142857143,4.857142857142857,7,False,4BANhFgDVFh9WL8MDb3jbYS1D7oW9LaoWaPAMpV65kbU
61n4nqq4ECk2p34vsY5tpmU8mD6arLH3cecMAQ6CLGt6,2A6sLqrw8WN6KkgnCsN4xJkyAowBZHr2H9xQ4u3Mpump;4kkrecvSVnnkK3RZcJ85tNFiZu9pWg584yHjNCqEpump;5DoZAeBkoci5t5zPhUiuhQFjuzYTfkSv5Seojsxppump;7p4MwwkUaMv4gBThVkW46QjwVaosaUrccbFV1MbXpump;9mqJNDG2squcqZt2zC7cWWNtVozUbQUnzVnP1jG6pump;AgB5SxiP1DFZbW9uDAH7s8Mhv1HF21nJv67tnAAYpump;Er5RuNhTEwJH5dHv9c3YGATjgkLCETH4dKazntyWEtXY,7,-302.32099999999997,5.285714285714286,7,False,Egq3yfEVJHvKtX6ETbaUXSSNXPLidb4DuvMKuRFRHA8Z
64hJxoZzjoL6MW4uwdKDkaBiZdk87ZxmthHnLwaAKUgS,5EZ7yagvcsHcwH3e17khLwGzhFrCsx7CKS7ZN6J6i4Lh;5Sg1vv51KGCSDF2gBHgbNATCEXFjYtVhWgztNUwtgJYD;5nnWe5SCBaNMC3oNiR7utth6kx3mH1dhmCarjDb91shW;6akNLpNd11oq4q5zxhXGwr5jwUi6Ke4CvKmF6QeUwJCQ;8ypYfW5cjafrfAZij8TZj5SFHAbPNpiRio96LMzypDkn;AgB5SxiP1DFZbW9uDAH7s8Mhv1HF21nJv67tnAAYpump;EHUzmwAzmUix7TkwVr7b16U9ChJDr3RpjfXshR5swy5j,7,-248.70742857142858,4.428571428571429,7,False,EWdAgcTdywcj5JxK4PEB4wN9zW2vtJDDrZcjbCUo3QaL
7cp6zxvhxbfS7QgYTB7ts2RqFf7zDYwtjfuHcEHhKLAz,44s336LDz8bXp4rpxy1qwUfysZ4THjpReQWTKQg7pump;7271ZR6GBzaGqdtP28ZqZ5BKRt2ziu4AnPnVCAL7pump;BUPNYwndVGfzVb6RG6q2PX53VdAimw2Mi98QxqeWpump;DJejJn1iJntJVTAixy4VRgqJFF3NMKPEMgVzbJFmpump;EoKqyKksc4ekiPVuBD9FiztYQHkV59x8KTcZ3ReLpump;hHc9579gpKUnvYvgcKyjdpe1UhmfVfGzGwMQCADpump;xeKm1qmxyHLJZLdwKpsZdx5UFtYyb124GTWRZWypump,7,-13720.327285714286,0.0,7,False,BmFdpraQhkiDQE6SnfG5omcA1VwzqfXrwtNYBwWTymy6
8pisMPgQvkTc1x6jYtqCubVpASKGHAovN87m7XLtbbd5,9CzNGAEutxKHJ5CwYC5Lk8X8YzgYrQnvKChP2BFEpump;ASftCNtzPNmK3nMDvpQNvpLauKS45Vkq7kwTPutqUBL1;BE5ciZmcADAX78u2a1GrFiPMPC3rNXtdPGUrhzWB4k5d;BZYpLHhui3qRNokWFg2JcX8CYtMqzWHR5R4xowjcbPqh;DQ2H7qcj262RAKfSxGYeL7cYJq54mVdXe4gYxUwxpump;GfqKCwNeAdHHi97AmgCLP5qrwcSJRDdyZ1huiU6xUXTz;H9GGsNc7vA4hN13N1oU4itq8x3mrdZBdw2XdK3Mipump,7,-253.52471428571428,9.857142857142858,7,False,3Le7cTELrgoSX51gRZagrueWsm4fPJWMa64sXAqYcJk9
9dVSVwrUJfnFqRZ8ChaGExowQbxWBSRgQbtgEQecCkis,49aM4HrGABwG9F8iAn385zzcsS6mxHEFY8YN3H7y1Cd9;5EZ7yagvcsHcwH3e17khLwGzhFrCsx7CKS7ZN6J6i4Lh;7aLLQRBpGCaSLmmHGf34MGtbdtTumiB14d14TtDnpump;AgB5SxiP1DFZbW9uDAH7s8Mhv1HF21nJv67tnAAYpump;BUPNYwndVGfzVb6RG6q2PX53VdAimw2Mi98QxqeWpump;GL7M1C4QeLoURyexYgdhuP8SvaPh5LHQLRqKha3epump;H8oe2SCksJcYzhPeS4TsbteusgZW5k7QaZ4boKyq8C7U,7,-390.1444285714286,2.5714285714285716,7,False,Fhbh1DTUDKt6qu9zVg8Q5VgnZa1WWWbxBxG6pCoJoggA
AmwJToZR4YkawNquDbiUHbZnC2Myq1CLRRryUQ9FBf89,3f8CKfznVUGrFfhcq8ZBY9M1xyDeEQGrh6iH372h3ebN;7HiD5rzoZxAYXEJ8Z4t3WgM8VE1iSKWJdxPPyEdDNzwN;7aLLQRBpGCaSLmmHGf34MGtbdtTumiB14d14TtDnpump;9mqJNDG2squcqZt2zC7cWWNtVozUbQUnzVnP1jG6pump;ASftCNtzPNmK3nMDvpQNvpLauKS45Vkq7kwTPutqUBL1;GfqKCwNeAdHHi97AmgCLP5qrwcSJRDdyZ1huiU6xUXTz;H9GGsNc7vA4hN13N1oU4itq8x3mrdZBdw2XdK3Mipump,7,-217.59057142857142,12.142857142857142,7,False,46Zk9VL676HwJTMWrhFTxLdFeP1oL4vsCwRnK9g2HMbj
Bp4hdBHbAbhYDoGgxsG1iqxr8zEbzwQWtmAHz5c4oUpo,25GrKYrc3y4LZmmuhppYgFRCKb7JyZ6grum4WhLYvA1z;6XD1vorwquLXjTSL5W4MJMGewZBeiEcPFmZw527TSwva;6akNLpNd11oq4q5zxhXGwr5jwUi6Ke4CvKmF6QeUwJCQ;7HiD5rzoZxAYXEJ8Z4t3WgM8VE1iSKWJdxPPyEdDNzwN;BE5ciZmcADAX78u2a1GrFiPMPC3rNXtdPGUrhzWB4k5d;DJejJn1iJntJVTAixy4VRgqJFF3NMKPEMgVzbJFmpump;GKTxLXsmkjLDo89XmPa5htwK7sAzdqZ3jmfV6gaTvK67,7,-116.39214285714286,10.857142857142858,7,False,A77HErqtfN1hLLpvZ9pCtu66FEtM8BveoaKbbMoZ4RiR
CBKgS8Nj714YomoPPxhVLUWos7vSrWnuL2cVKnJqWo2s,3f8CKfznVUGrFfhcq8ZBY9M1xyDeEQGrh6iH372h3ebN;57ANN8dAbPX8x1BEFFwzBttkzwpKZBEiJkdiWSzVNQvS;5pSEZw1iytqYznD7crsGyKNek7q5JkjBqj2KmfqxUVZd;CSLP8Vp7u9hrXQi7crPXqCp7BaJaG4JrNxqvR3jDpump;H8oe2SCksJcYzhPeS4TsbteusgZW5k7QaZ4boKyq8C7U;HJPjdsDmcvgCj4MV3NvqCWd78qDP8BMzGfrsk4Nbpump;UsrcsZMqw6p53Fohu16UCBjsbjqc73XmoRFZDcnCtMR,7,-331.64585714285715,6.285714285714286,7,False,3Le7cTELrgoSX51gRZagrueWsm4fPJWMa64sXAqYcJk9
E35uoEGT6mR2ae94KNuSfk4X86y7bcNeomDNV4T7GaFs,4GRTznsfLTRqaB2uMAFmmgaWtvfVyBb4qCsTjskUpump;5Sg1vv51KGCSDF2gBHgbNATCEXFjYtVhWgztNUwtgJYD;5nnWe5SCBaNMC3oNiR7utth6kx3mH1dhmCarjDb91shW;5pSEZw1iytqYznD7crsGyKNek7q5JkjBqj2KmfqxUVZd;7dACCWZXF4Lr9ftxFpi7TJk7a3hcPpUwGPAcTuXDpump;BUPNYwndVGfzVb6RG6q2PX53VdAimw2Mi98QxqeWpump;HJPjdsDmcvgCj4MV3NvqCWd78qDP8BMzGfrsk4Nbpump,7,-425.4781428571428,4.714285714285714,7,False,DzRqREhHeiSVpGSurhnHvyqoFrweh99u9yUSdXL6CQft
Gdfyi9hHz7s1aDKbexkGeudLZ4pVjpLpsxECTEmV55Qr,47r9YPDeTVpwHjAakoVgnzNTJRChXC8f4KSUqMbEsBbM;69N7rm9nnp6sVoULtp5toD26F25rYum8593GupxkUYvH;6akNLpNd11oq4q5zxhXGwr5jwUi6Ke4CvKmF6QeUwJCQ;EoKqyKksc4ekiPVuBD9FiztYQHkV59x8KTcZ3ReLpump;HJPjdsDmcvgCj4MV3NvqCWd78qDP8BMzGfrsk4Nbpump;UsrcsZMqw6p53Fohu16UCBjsbjqc73XmoRFZDcnCtMR;omskHvyNvQSn3PFak3E8JHQJeSVJFsrc6izWT12pump,7,-393.32828571428576,10.142857142857142,7,False,GpWzQoGQRY5Lcb4NTeZvb2HjCcG5y8Wy46TBejzZu18g
GfDh8LF56byQ3ejp6yLFE2uuv6XZJ4c91St1SDyRLEfC,49aM4HrGABwG9F8iAn385zzcsS6mxHEFY8YN3H7y1Cd9;5DoZAeBkoci5t5zPhUiuhQFjuzYTfkSv5Seojsxppump;5o9sE9FEVC12zWBd2zqPXAhoVyRiNjGfaYX6hS3Ppump;67afrnTxo8DVc52Uev61Yo4Yr9BGQpRw1RpPMWcx42La;7aLLQRBpGCaSLmmHGf34MGtbdtTumiB14d14TtDnpump;CziyAr14UNUrfkxpioWSumkLXMwWnDWN2bu2WR5ao7kc;rMPLDvnn6KR773WNhZvtFNcgFwnRkc7UbPkUaiMpump,7,-397.81100000000004,2.857142857142857,7,True,iGdFcQoyR2MwbXMHQskhmNsqddZ6rinsipHc4TNSdwu
Hudwr9vv9aoXW4RMtfmwBfRFnWpKmz63UNm77ShreTbf,3coFBLantjJkMRmzaQ4znMQQzfqFYTyBeNhdXYAzpump;4GRTznsfLTRqaB2uMAFmmgaWtvfVyBb4qCsTjskUpump;5pSEZw1iytqYznD7crsGyKNek7q5JkjBqj2KmfqxUVZd;BUPNYwndVGfzVb6RG6q2PX53VdAimw2Mi98QxqeWpump;DQ2H7qcj262RAKfSxGYeL7cYJq54mVdXe4gYxUwxpump;HJPjdsDmcvgCj4MV3NvqCWd78qDP8BMzGfrsk4Nbpump;hHc9579gpKUnvYvgcKyjdpe1UhmfVfGzGwMQCADpump,7,-13699.120571428572,6.142857142857143,7,True,4zAhesR8L36ULUXY33Ny85R7MWsELENCWkNfr2tJTYfr
J6DdwTar52hc1Bk7idh8c4wJ8XwHkH2tkyHimXtKJuBk,28HydoWU7TZQxWiVQxGZyspE3qgWdCHToNDVgLoNpump;4prKtarobdhYDY4Hu3uGZMx7Je4HqPJeLVyxN6m4Ld3T;7aLLQRBpGCaSLmmHGf34MGtbdtTumiB14d14TtDnpump;9CzNGAEutxKHJ5CwYC5Lk8X8YzgYrQnvKChP2BFEpump;AmWCcDf6tG7zB3VPeDVjeXL5N567fXAiHcTKw3xXpump;BmU6YJP2YCAo8sc2dkeR8KjvF3rGFBHZL25ejysppump;UsrcsZMqw6p53Fohu16UCBjsbjqc73XmoRFZDcnCtMR,7,-341.2442857142857,15.571428571428571,7,False,FBvxneTq8dY7WKxj924CseuveWzDL5tN9JuSW3S9nJkN
NajoJR4TibdKnVmz4rNGiNVz2jrrYc5AXm5XbiBkpXH,2BucyGvsg9wwTwsaFsEUFgdphrCtp94pDRtHowJUpump;3f8CKfznVUGrFfhcq8ZBY9M1xyDeEQGrh6iH372h3ebN;AbpJywMWmkf1MFonRddPVogSwPPZHB9pG4x2nKb1YaPn;B3xU49SW3khA7m5Lgata2fmPxZeQRuaJbCruPsVDpump;EoKqyKksc4ekiPVuBD9FiztYQHkV59x8KTcZ3ReLpump;F59cEB3A7RAKHGtkvR577swnPSP6EsdaBoL5AcVZpump;sMe5iUcgTe4VXmg4WaShF5kuk6GmcKF3y4HqKGZpump,7,-724.1487142857143,5.714285714285714,7,False,85yes56w1NijxFwDbLeEJnKsUUzibLr6nwE1YsHwgVkB
uwuRcFYRfvr31mpnxbYZFJnnRNSn9kc3RNnPXE3Nxn3,3vfxnHSCS139RZiw6MPZaEvhySnjbEi81GuF5EdNpump;6VMsrZvNaSzddT6vkY6dEDoFMeK5EoHD4KCAycfQpump;B3xU49SW3khA7m5Lgata2fmPxZeQRuaJbCruPsVDpump;EkTkjVEfhvgkoCwheMTnr8mhEmJ6Q7ZR8q7ZMCcnpump;F59cEB3A7RAKHGtkvR577swnPSP6EsdaBoL5AcVZpump;GL7M1C4QeLoURyexYgdhuP8SvaPh5LHQLRqKha3epump;hHc9579gpKUnvYvgcKyjdpe1UhmfVfGzGwMQCADpump,7,-13808.917571428572,4.428571428571429,7,False,AobVSwdW9BbpMdJvTqeCN4hPAmh4rHm7vwLnQ5ATSyrS
2k6aaxszxwHpbg9CuYTZgb326V1xmp18HrXyru7Adjva,44s336LDz8bXp4rpxy1qwUfysZ4THjpReQWTKQg7pump;7271ZR6GBzaGqdtP28ZqZ5BKRt2ziu4AnPnVCAL7pump;B3xU49SW3khA7m5Lgata2fmPxZeQRuaJbCruPsVDpump;BE5ciZmcADAX78u2a1GrFiPMPC3rNXtdPGUrhzWB4k5d;CSLP8Vp7u9hrXQi7crPXqCp7BaJaG4JrNxqvR3jDpump;xeKm1qmxyHLJZLdwKpsZdx5UFtYyb124GTWRZWypump,6,-376.9411666666667,5.333333333333333,6,False,4bHUoZY36hmtW1FbJ1XJ5umWmFWXxx9voAe94M8PWNpL
3Xk2EuuSwKgniGNA4XkB33YY4mnEvcMnTLNpkKgGa14X,28HydoWU7TZQxWiVQxGZyspE3qgWdCHToNDVgLoNpump;2Tiw1Tna3kAut868cjXuKoyrv8U8gi1YjTaXw7Czpump;5o9sE9FEVC12zWBd2zqPXAhoVyRiNjGfaYX6hS3Ppump;7aLLQRBpGCaSLmmHGf34MGtbdtTumiB14d14TtDnpump;G9r7nnHSgvb7LUfCE8kavRaKokEMMYBjVHGKvQ6dpump;H9GGsNc7vA4hN13N1oU4itq8x3mrdZBdw2XdK3Mipump,6,-280.08233333333334,20.166666666666668,6,False,6LY1JzAFVZsP2a2xKrtU6znQMQ5h4i7tocWdgrkZzkzF
3pk5yRhwwFdvDBrBuuC5CRorVafHG2EQmzNEYy8Ny2K6,47r9YPDeTVpwHjAakoVgnzNTJRChXC8f4KSUqMbEsBbM;4sjtHGeAKP6DoMUdvFqQuiYKhhPpwa9XCxUyuFD2pump;7HiD5rzoZxAYXEJ8Z4t3WgM8VE1iSKWJdxPPyEdDNzwN;9mqJNDG2squcqZt2zC7cWWNtVozUbQUnzVnP1jG6pump;AmWCcDf6tG7zB3VPeDVjeXL5N567fXAiHcTKw3xXpump;BmU6YJP2YCAo8sc2dkeR8KjvF3rGFBHZL25ejysppump,6,-378.68833333333333,6.166666666666667,6,False,BDuAJGTuPcUgfxWyKJVrWPASRyVTT8iTEc3j6xXPt1My
4vw54BmAogeRV3vPKWyFet5yf8DTLcREzdSzx4rw9Ud9,13V3CbY7Q7AXnf24FMsUaQrmLxnRU4Md9phDEWZvpump;44s336LDz8bXp4rpxy1qwUfysZ4THjpReQWTKQg7pump;49aM4HrGABwG9F8iAn385zzcsS6mxHEFY8YN3H7y1Cd9;6VMsrZvNaSzddT6vkY6dEDoFMeK5EoHD4KCAycfQpump;8ypYfW5cjafrfAZij8TZj5SFHAbPNpiRio96LMzypDkn;AgB5SxiP1DFZbW9uDAH7s8Mhv1HF21nJv67tnAAYpump,6,-247.984,4.166666666666667,6,False,2a7uAn7EvxZcn4cq5FrmQwPyCxmuur5DkbRuiFwFv2Za
57stAMFvwctAjkBS76RXGoK4QKyS1QoxbGMbzFFe4DyZ,5o9sE9FEVC12zWBd2zqPXAhoVyRiNjGfaYX6hS3Ppump;7xXo3JYBqzh6D91XRppzFRLfw8wJHypeukGaNWwKgZ8m;BZYpLHhui3qRNokWFg2JcX8CYtMqzWHR5R4xowjcbPqh;DkDwxjD5JFK7hd7qUNHqNaTeqDGcZ1ia3Y6E7EUiehEn;Er5RuNhTEwJH5dHv9c3YGATjgkLCETH4dKazntyWEtXY;JAqRn24FuQ5MFReXNgXb8uFej5vHJDxhVtebpQvHTQZy,6,-375.6558333333333,20.5,6,False,6d9uznGiDAwkgVKFiReWgSp2RGtpuZ4gGbwjdNBi8EuA
5Eu4myQ55U5EN1KFEzp1xdQeRLXwU6iDNkCMAo7THAX3,28HydoWU7TZQxWiVQxGZyspE3qgWdCHToNDVgLoNpump;6gKx5EMvnymTVz2JgFhJAqpGxTYaBdVsaLb9YfPfvg4Y;6sFMbTF2VTzutzKekenJujFZBqb4TiBZJKfyLMUbpump;7Q9VxTczrzgvjXWbJJZibR7hbYAohngsNsuEhdEcpump;CziyAr14UNUrfkxpioWSumkLXMwWnDWN2bu2WR5ao7kc;D4aEpQLW45YnWrBmztcpJHqabbPtFe9F9PTv8Umvpump,6,-869.58,13.333333333333334,6,False,5ndLnEYqSFiA5yUFHo6LVZ1eWc6Rhh11K5CfJNkoHEPs
5Gbbfx1LVvqTJFPQKkwEQwPEJM2NfghPWaYY9KtXrswg,44s336LDz8bXp4rpxy1qwUfysZ4THjpReQWTKQg7pump;5o9sE9FEVC12zWBd2zqPXAhoVyRiNjGfaYX6hS3Ppump;7aLLQRBpGCaSLmmHGf34MGtbdtTumiB14d14TtDnpump;7p4MwwkUaMv4gBThVkW46QjwVaosaUrccbFV1MbXpump;AmWCcDf6tG7zB3VPeDVjeXL5N567fXAiHcTKw3xXpump;EkTkjVEfhvgkoCwheMTnr8mhEmJ6Q7ZR8q7ZMCcnpump,6,-285.358,3.6666666666666665,6,False,ARM8eBW9m4pb5TqhoCqyUx628cBuDhWqte6dHnMk5UqM
5QY3MBvLEsP4xjE4SNYJYPuwvJgoBUrDnvSaZUNsNHZT,5EZ7yagvcsHcwH3e17khLwGzhFrCsx7CKS7ZN6J6i4Lh;5pSEZw1iytqYznD7crsGyKNek7q5JkjBqj2KmfqxUVZd;69N7rm9nnp6sVoULtp5toD26F25rYum8593GupxkUYvH;6XD1vorwquLXjTSL5W4MJMGewZBeiEcPFmZw527TSwva;7HiD5rzoZxAYXEJ8Z4t3WgM8VE1iSKWJdxPPyEdDNzwN;EHUzmwAzmUix7TkwVr7b16U9ChJDr3RpjfXshR5swy5j,6,-247.45933333333335,9.666666666666666,6,False,9AWUjwAQeb8ENB2sMwKH1oSER2Wx6va3XpiXoF1D31Nk
5Xdgg4VA4wuA1SzbWf3qquDxGzVJQYLuDQJEnX5vocNH,44s336LDz8bXp4rpxy1qwUfysZ4THjpReQWTKQg7pump;5o9sE9FEVC12zWBd2zqPXAhoVyRiNjGfaYX6hS3Ppump;7aLLQRBpGCaSLmmHGf34MGtbdtTumiB14d14TtDnpump;7p4MwwkUaMv4gBThVkW46QjwVaosaUrccbFV1MbXpump;AmWCcDf6tG7zB3VPeDVjeXL5N567fXAiHcTKw3xXpump;EkTkjVEfhvgkoCwheMTnr8mhEmJ6Q7ZR8q7ZMCcnpump,6,-285.358,3.6666666666666665,6,False,AxiomRXZAq1Jgjj9pHmNqVP7Lhu67wLXZJZbaK87TTSk
5yQK7ctnXhKnmc7SATBVwoMvMbrX1gBvbVQoB4Qc3wsw,6XD1vorwquLXjTSL5W4MJMGewZBeiEcPFmZw527TSwva;7mRDn1rAqjwFQXacodr1UmkNdvAGPbtNP9k5jvBZqt9J;9PNfxvTARzdxvQas2uknW57bnfMCS1dxW1He7rPbuhuQ;AgB5SxiP1DFZbW9uDAH7s8Mhv1HF21nJv67tnAAYpump;BZYpLHhui3qRNokWFg2JcX8CYtMqzWHR5R4xowjcbPqh;Er5RuNhTEwJH5dHv9c3YGATjgkLCETH4dKazntyWEtXY,6,-91.72683333333333,3.3333333333333335,6,False,HRCKY85VmMySEkkAdR9LtMs5BGinCyiHhTbnv4DNpBFG
6aXFYXbFob1ZKAEDCcqZnX2vooA3TgEqDoy5dAQbeWoV,3uYT8w1FxasDGmM4WDG5kXu6D9BGvyP3iEfPJEVb6ewT;9CzNGAEutxKHJ5CwYC5Lk8X8YzgYrQnvKChP2BFEpump;9PNfxvTARzdxvQas2uknW57bnfMCS1dxW1He7rPbuhuQ;9xhMStAAufkH5jA5nevaGy6M9fCsQ74BZnsXyo93DkfA;CSLP8Vp7u9hrXQi7crPXqCp7BaJaG4JrNxqvR3jDpump;DQ2H7qcj262RAKfSxGYeL7cYJq54mVdXe4gYxUwxpump,6,-239.93916666666667,5.5,6,False,3t57E5DkEYVahjqSUjS9uDw5kzfhw85FZk7tLzm1jhnJ
7W8SEZv79hk4445o56Fd6RzhbUsozkzGXi8vkc7vNRr8,25GrKYrc3y4LZmmuhppYgFRCKb7JyZ6grum4WhLYvA1z;4ZUjJ5EJbwfh7teotB29uHc1SC3SiqbrkwJoNgsxibbU;BE5ciZmcADAX78u2a1GrFiPMPC3rNXtdPGUrhzWB4k5d;CHygERrxnc5QByNCwxUNSMhP7tKJA7rh6hNBdJ2spump;D4aEpQLW45YnWrBmztcpJHqabbPtFe9F9PTv8Umvpump;UsrcsZMqw6p53Fohu16UCBjsbjqc73XmoRFZDcnCtMR,6,-810.5178333333333,86.5,6,False,6LY1JzAFVZsP2a2xKrtU6znQMQ5h4i7tocWdgrkZzkzF
7jjEEgTx3xjGMHrykHQmjcWQjzXmZx83SQJWnYwREK5H,8qT3o4k4aUmyLrgd7hHYmVxin3kFhQ9QsXdSXTP6pump;AbpJywMWmkf1MFonRddPVogSwPPZHB9pG4x2nKb1YaPn;Ajz86fyiygsv8kZkUyDxogxkz5VfKRs4HTEABVTfpump;B3xU49SW3khA7m5Lgata2fmPxZeQRuaJbCruPsVDpump;DQ2H7qcj262RAKfSxGYeL7cYJq54mVdXe4gYxUwxpump;EoKqyKksc4ekiPVuBD9FiztYQHkV59x8KTcZ3ReLpump,6,-421.67333333333335,24.333333333333332,6,False,FMw5ksDXzAF1XAVcNwbZVfKJoG1H4Xa7PCFp8oEKTAKr
89HbgWduLwoxcofWpmn1EiF9wEdpgkNDEyPjzZ72mkDi,6XD1vorwquLXjTSL5W4MJMGewZBeiEcPFmZw527TSwva;7mRDn1rAqjwFQXacodr1UmkNdvAGPbtNP9k5jvBZqt9J;9PNfxvTARzdxvQas2uknW57bnfMCS1dxW1He7rPbuhuQ;AgB5SxiP1DFZbW9uDAH7s8Mhv1HF21nJv67tnAAYpump;BZYpLHhui3qRNokWFg2JcX8CYtMqzWHR5R4xowjcbPqh;Er5RuNhTEwJH5dHv9c3YGATjgkLCETH4dKazntyWEtXY,6,-91.72683333333333,3.3333333333333335,6,False,4frBKrDzR63R8jAnZDkLTYRzUVByax6duBSruHeqdyv4
8ik9TbDMMm7iXErRA7ohCEGf3X4KjnbBfsJiCCSCFxdX,2BucyGvsg9wwTwsaFsEUFgdphrCtp94pDRtHowJUpump;44s336LDz8bXp4rpxy1qwUfysZ4THjpReQWTKQg7pump;6sFMbTF2VTzutzKekenJujFZBqb4TiBZJKfyLMUbpump;AbpJywMWmkf1MFonRddPVogSwPPZHB9pG4x2nKb1YaPn;H9GGsNc7vA4hN13N1oU4itq8x3mrdZBdw2XdK3Mipump;JAqRn24FuQ5MFReXNgXb8uFej5vHJDxhVtebpQvHTQZy,6,-403.74133333333333,0.5,6,False,AzCkcwXgMmAS29uzFA15BBhW8y8MB8sTrEbNzY28pAZU
8jsPACiiC3x7d8gWN9yUUcvjqhJDpnEcV5BP8wPdD2Eg,25GrKYrc3y4LZmmuhppYgFRCKb7JyZ6grum4WhLYvA1z;69N7rm9nnp6sVoULtp5toD26F25rYum8593GupxkUYvH;7aLLQRBpGCaSLmmHGf34MGtbdtTumiB14d14TtDnpump;9mqJNDG2squcqZt2zC7cWWNtVozUbQUnzVnP1jG6pump;AmWCcDf6tG7zB3VPeDVjeXL5N567fXAiHcTKw3xXpump;BmU6YJP2YCAo8sc2dkeR8KjvF3rGFBHZL25ejysppump,6,-281.1736666666667,10.666666666666666,6,False,5bb5kQKhp4zT3MYuFp7QSpkvJkghfLp6yjQbvTDLK2vy
AmfPwSWpiYUfD4sGzQfhfAotsF7wH6Z9WwfLjowjCKUz,6XD1vorwquLXjTSL5W4MJMGewZBeiEcPFmZw527TSwva;7mRDn1rAqjwFQXacodr1UmkNdvAGPbtNP9k5jvBZqt9J;9PNfxvTARzdxvQas2uknW57bnfMCS1dxW1He7rPbuhuQ;AgB5SxiP1DFZbW9uDAH7s8Mhv1HF21nJv67tnAAYpump;BZYpLHhui3qRNokWFg2JcX8CYtMqzWHR5R4xowjcbPqh;Er5RuNhTEwJH5dHv9c3YGATjgkLCETH4dKazntyWEtXY,6,-91.72683333333333,3.3333333333333335,6,False,GeEwmJoPmvT7pjR7s7W1wLu98M978k4aR9oMD2JEyF4q
BDW8Bjoe9fgfRPAkSf3Kpnphdd4ugWwsLitSxvqo4gg4,25GrKYrc3y4LZmmuhppYgFRCKb7JyZ6grum4WhLYvA1z;2iSB473Z7L2ndpWs3n22tb7H3KSGpswDTH3jP7qCCAZT;3f8CKfznVUGrFfhcq8ZBY9M1xyDeEQGrh6iH372h3ebN;5EZ7yagvcsHcwH3e17khLwGzhFrCsx7CKS7ZN6J6i4Lh;7HiD5rzoZxAYXEJ8Z4t3WgM8VE1iSKWJdxPPyEdDNzwN;G9r7nnHSgvb7LUfCE8kavRaKokEMMYBjVHGKvQ6dpump,6,-507.378,11.833333333333334,6,False,NajoJR4TibdKnVmz4rNGiNVz2jrrYc5AXm5XbiBkpXH
BNwVduQq1AH3ee5hnLQtbJmPyrBJHaS29b6VQt3pzvsR,2BucyGvsg9wwTwsaFsEUFgdphrCtp94pDRtHowJUpump;5Sg1vv51KGCSDF2gBHgbNATCEXFjYtVhWgztNUwtgJYD;5pSEZw1iytqYznD7crsGyKNek7q5JkjBqj2KmfqxUVZd;AmWCcDf6tG7zB3VPeDVjeXL5N567fXAiHcTKw3xXpump;DTm66ivA96mhuQnqTy1cv7uELS4MHdYtpbRGJdW9t7Fn;hHc9579gpKUnvYvgcKyjdpe1UhmfVfGzGwMQCADpump,6,-15785.282333333334,5.0,6,False,FpfsHusKvqc9LhupVPB1R67HuCiWDKrZMN4SJitrMdTj
C3yvxfMZ7BSTXHmEsDmH3TnGyEMucgQ5QwmhZkegzFmP,5EZ7yagvcsHcwH3e17khLwGzhFrCsx7CKS7ZN6J6i4Lh;6akNLpNd11oq4q5zxhXGwr5jwUi6Ke4CvKmF6QeUwJCQ;7HiD5rzoZxAYXEJ8Z4t3WgM8VE1iSKWJdxPPyEdDNzwN;BE5ciZmcADAX78u2a1GrFiPMPC3rNXtdPGUrhzWB4k5d;H8oe2SCksJcYzhPeS4TsbteusgZW5k7QaZ4boKyq8C7U;UsrcsZMqw6p53Fohu16UCBjsbjqc73XmoRFZDcnCtMR,6,-283.108,0.0,6,True,iGdFcQoyR2MwbXMHQskhmNsqddZ6rinsipHc4TNSdwu
Dqjztz4eZJN5qykPPqZTe9AAkHcuVWizVUDw61kUDJZi,3coFBLantjJkMRmzaQ4znMQQzfqFYTyBeNhdXYAzpump;6gKx5EMvnymTVz2JgFhJAqpGxTYaBdVsaLb9YfPfvg4Y;BUPNYwndVGfzVb6RG6q2PX53VdAimw2Mi98QxqeWpump;D4aEpQLW45YnWrBmztcpJHqabbPtFe9F9PTv8Umvpump;EoKqyKksc4ekiPVuBD9FiztYQHkV59x8KTcZ3ReLpump;xeKm1qmxyHLJZLdwKpsZdx5UFtYyb124GTWRZWypump,6,-1129.405,10.666666666666666,6,False,3KKiingTj7vuJ6JSoqopnHDSdFiXkKHrxM1gZyPjrQNE
E418ruAsgQuuRFdpYQAJEjnq7Y1sXTKBmRiMSPwwRcm3,2BucyGvsg9wwTwsaFsEUFgdphrCtp94pDRtHowJUpump;3vfxnHSCS139RZiw6MPZaEvhySnjbEi81GuF5EdNpump;7aLLQRBpGCaSLmmHGf34MGtbdtTumiB14d14TtDnpump;Ajz86fyiygsv8kZkUyDxogxkz5VfKRs4HTEABVTfpump;JAqRn24FuQ5MFReXNgXb8uFej5vHJDxhVtebpQvHTQZy;sMe5iUcgTe4VXmg4WaShF5kuk6GmcKF3y4HqKGZpump,6,-580.4651666666666,25.333333333333332,6,False,is6MTRHEgyFLNTfYcuV4QBWLjrZBfmhVNYR6ccgr8KV
Fhbh1DTUDKt6qu9zVg8Q5VgnZa1WWWbxBxG6pCoJoggA,21XJbyQWEhmeoxKRHdGrEjetSfHopvtp68LWzdvT471M;4GRTznsfLTRqaB2uMAFmmgaWtvfVyBb4qCsTjskUpump;5o43e7gYZWFNEpdqkegHY6LXkhMXB1z6f7d6TAVGEMTM;9PNfxvTARzdxvQas2uknW57bnfMCS1dxW1He7rPbuhuQ;CSLP8Vp7u9hrXQi7crPXqCp7BaJaG4JrNxqvR3jDpump;Er5RuNhTEwJH5dHv9c3YGATjgkLCETH4dKazntyWEtXY,6,-188.8375,4.833333333333333,6,False,FBvxneTq8dY7WKxj924CseuveWzDL5tN9JuSW3S9nJkN
FpNMwD26c4m3pKvzwAaN7MYNuzSCuN2v4jySiaWehtPS,47r9YPDeTVpwHjAakoVgnzNTJRChXC8f4KSUqMbEsBbM;4GRTznsfLTRqaB2uMAFmmgaWtvfVyBb4qCsTjskUpump;4kkrecvSVnnkK3RZcJ85tNFiZu9pWg584yHjNCqEpump;55bKo8bj1YVEgsbwkkd4Nwu7JhaZF9trUgbvpZ3YeVCA;5DoZAeBkoci5t5zPhUiuhQFjuzYTfkSv5Seojsxppump;hHc9579gpKUnvYvgcKyjdpe1UhmfVfGzGwMQCADpump,6,-15639.968666666668,6.666666666666667,6,False,2WiR5hyhLbpwkrZg2ZmhrwusVKFK2FdY4C81JiNY5L97
GYULUFYXYR8fUghpgPYYR57Rb9uGxMWS8qguLQCmWj7J,4sjtHGeAKP6DoMUdvFqQuiYKhhPpwa9XCxUyuFD2pump;7Q9VxTczrzgvjXWbJJZibR7hbYAohngsNsuEhdEcpump;BE5ciZmcADAX78u2a1GrFiPMPC3rNXtdPGUrhzWB4k5d;DTm66ivA96mhuQnqTy1cv7uELS4MHdYtpbRGJdW9t7Fn;G9r7nnHSgvb7LUfCE8kavRaKokEMMYBjVHGKvQ6dpump;H9GGsNc7vA4hN13N1oU4itq8x3mrdZBdw2XdK3Mipump,6,-361.019,9.166666666666666,6,False,6MQJCAvWhP5XH1kHY1ZfXm59RKTbL6vkpKFiFPyXugyk
Gf1SM7E5TcgCmSTxunkrGPkK6npqstfCPARqEHDpjCko,2A6sLqrw8WN6KkgnCsN4xJkyAowBZHr2H9xQ4u3Mpump;4kkrecvSVnnkK3RZcJ85tNFiZu9pWg584yHjNCqEpump;4n32UBFWKJNPQayeN25GrLJHswbja41XFMxebcg9pump;6VMsrZvNaSzddT6vkY6dEDoFMeK5EoHD4KCAycfQpump;AgB5SxiP1DFZbW9uDAH7s8Mhv1HF21nJv67tnAAYpump;dy6zeSw9j2zHprXLwk1uUGAD4d2HF5R3pAFrL6bRAKs,6,-455.58549999999997,9.333333333333334,6,False,D5Koegb2gqSwX8Gp6ze7V2Q8jKxnwHP6rCX7D2cdTJAL
GuJtPr2zG1uCzAufr2UaBVT8PyWq9t4GvNuCGBnf2tPY,21XJbyQWEhmeoxKRHdGrEjetSfHopvtp68LWzdvT471M;3vfxnHSCS139RZiw6MPZaEvhySnjbEi81GuF5EdNpump;BZYpLHhui3qRNokWFg2JcX8CYtMqzWHR5R4xowjcbPqh;BmU6YJP2YCAo8sc2dkeR8KjvF3rGFBHZL25ejysppump;DQ2H7qcj262RAKfSxGYeL7cYJq54mVdXe4gYxUwxpump;GL7M1C4QeLoURyexYgdhuP8SvaPh5LHQLRqKha3epump,6,-288.68699999999995,6.166666666666667,6,True,GzGqsLiS3PDWNXDJesw1hA9qZSmkopUJvjJwvzPTxAKm
HCsVftaMsjHf88jDM26hdg5NrXT42pvpETUhzbYj5MfW,49aM4HrGABwG9F8iAn385zzcsS6mxHEFY8YN3H7y1Cd9;5EZ7yagvcsHcwH3e17khLwGzhFrCsx7CKS7ZN6J6i4Lh;5Sg1vv51KGCSDF2gBHgbNATCEXFjYtVhWgztNUwtgJYD;DJejJn1iJntJVTAixy4VRgqJFF3NMKPEMgVzbJFmpump;H8oe2SCksJcYzhPeS4TsbteusgZW5k7QaZ4boKyq8C7U;rMPLDvnn6KR773WNhZvtFNcgFwnRkc7UbPkUaiMpump,6,-443.6703333333333,2.0,6,False,iGdFcQoyR2MwbXMHQskhmNsqddZ6rinsipHc4TNSdwu
Hh2yn37jiXuwCM4nkvAZPbc8CjL6j32Ho38giC1y2PzL,47r9YPDeTVpwHjAakoVgnzNTJRChXC8f4KSUqMbEsBbM;6XD1vorwquLXjTSL5W4MJMGewZBeiEcPFmZw527TSwva;7xXo3JYBqzh6D91XRppzFRLfw8wJHypeukGaNWwKgZ8m;8qT3o4k4aUmyLrgd7hHYmVxin3kFhQ9QsXdSXTP6pump;9CzNGAEutxKHJ5CwYC5Lk8X8YzgYrQnvKChP2BFEpump;D4aEpQLW45YnWrBmztcpJHqabbPtFe9F9PTv8Umvpump,6,-917.1216666666668,12.666666666666666,6,False,FWznbcNXWQuHTawe9RxvQ2LdCENssh12dsznf4RiouN5
HoChUe1nYaFTCsgdD2NXHtESCk1teqSAmhmyiXPxVfd9,4GRTznsfLTRqaB2uMAFmmgaWtvfVyBb4qCsTjskUpump;5o9sE9FEVC12zWBd2zqPXAhoVyRiNjGfaYX6hS3Ppump;6akNLpNd11oq4q5zxhXGwr5jwUi6Ke4CvKmF6QeUwJCQ;7271ZR6GBzaGqdtP28ZqZ5BKRt2ziu4AnPnVCAL7pump;G9r7nnHSgvb7LUfCE8kavRaKokEMMYBjVHGKvQ6dpump;hHc9579gpKUnvYvgcKyjdpe1UhmfVfGzGwMQCADpump,6,-15898.215666666669,4.166666666666667,6,False,5tzFkiKscXHK5ZXCGbXZxdw7gTjjD1mBwuoFbhUvuAi9
J3gZFpvsCsmA5zwqXgUpyqNLBoGGcJzmnfRwbHFR6KfU,4n32UBFWKJNPQayeN25GrLJHswbja41XFMxebcg9pump;BE5ciZmcADAX78u2a1GrFiPMPC3rNXtdPGUrhzWB4k5d;GfqKCwNeAdHHi97AmgCLP5qrwcSJRDdyZ1huiU6xUXTz;H8oe2SCksJcYzhPeS4TsbteusgZW5k7QaZ4boKyq8C7U;HJPjdsDmcvgCj4MV3NvqCWd78qDP8BMzGfrsk4Nbpump;sMe5iUcgTe4VXmg4WaShF5kuk6GmcKF3y4HqKGZpump,6,-487.49949999999995,18.166666666666668,6,False,6VzXcLk9rCLDHgRBmUGKK8HY2KvhHmR4pZPCxi4tA1kx
bwamJzztZsepfkteWRChggmXuiiCQvpLqPietdNfSXa,3GeNgcFpMwH9ts5b3W3jddtfwhwAURaykTy8YjtrGQWT;6gKx5EMvnymTVz2JgFhJAqpGxTYaBdVsaLb9YfPfvg4Y;7xXo3JYBqzh6D91XRppzFRLfw8wJHypeukGaNWwKgZ8m;8ypYfW5cjafrfAZij8TZj5SFHAbPNpiRio96LMzypDkn;AbpJywMWmkf1MFonRddPVogSwPPZHB9pG4x2nKb1YaPn;GfqKCwNeAdHHi97AmgCLP5qrwcSJRDdyZ1huiU6xUXTz,6,-341.4155,0.0,6,False,BigrT9DAnXnzVNFQPg3VF4WvyGyifFtFMVALPVsLnvTu
omegoMAe1AMY5MFKQQr3JwXVy8F4eCvmBAfcpo8XAfq,4ZUjJ5EJbwfh7teotB29uHc1SC3SiqbrkwJoNgsxibbU;4prKtarobdhYDY4Hu3uGZMx7Je4HqPJeLVyxN6m4Ld3T;5nnWe5SCBaNMC3oNiR7utth6kx3mH1dhmCarjDb91shW;9ek8utEujXFmiM9wXcWKPF18y57PmeG8rsiBZGzzpump;CHygERrxnc5QByNCwxUNSMhP7tKJA7rh6hNBdJ2spump;CSLP8Vp7u9hrXQi7crPXqCp7BaJaG4JrNxqvR3jDpump,6,-242.609,118.00016666666666,5,False,abc1LFfHbjZDCYS6Zrqqb5MLQHTvrr5PYuGKFw1vYuQ
29yFzeBZgxf5zqrAkKXwgZtQehRf4pL8WbV2nRJikbw8,7p4MwwkUaMv4gBThVkW46QjwVaosaUrccbFV1MbXpump;8G7aM6Gco4fHjVpmVvUdVvhKMKaWXJEqkCKRvPdepump;8qT3o4k4aUmyLrgd7hHYmVxin3kFhQ9QsXdSXTP6pump;AbpJywMWmkf1MFonRddPVogSwPPZHB9pG4x2nKb1YaPn;EkTkjVEfhvgkoCwheMTnr8mhEmJ6Q7ZR8q7ZMCcnpump,5,-516.0518,0.0,5,False,5tzFkiKscXHK5ZXCGbXZxdw7gTjjD1mBwuoFbhUvuAi9
2sv6wfieAtEaYKYQ33DsgnHTU9WvAYpSHhRywCLutjBz,2BucyGvsg9wwTwsaFsEUFgdphrCtp94pDRtHowJUpump;67afrnTxo8DVc52Uev61Yo4Yr9BGQpRw1RpPMWcx42La;BUPNYwndVGfzVb6RG6q2PX53VdAimw2Mi98QxqeWpump;GL7M1C4QeLoURyexYgdhuP8SvaPh5LHQLRqKha3epump;HJPjdsDmcvgCj4MV3NvqCWd78qDP8BMzGfrsk4Nbpump,5,-689.693,2.2,5,False,5tzFkiKscXHK5ZXCGbXZxdw7gTjjD1mBwuoFbhUvuAi9
3SmnSapyT84wx74x5iJyf73UXS16i5nwaaFaLFtKKuxJ,2BucyGvsg9wwTwsaFsEUFgdphrCtp94pDRtHowJUpump;6sFMbTF2VTzutzKekenJujFZBqb4TiBZJKfyLMUbpump;7dACCWZXF4Lr9ftxFpi7TJk7a3hcPpUwGPAcTuXDpump;9mqJNDG2squcqZt2zC7cWWNtVozUbQUnzVnP1jG6pump;H9GGsNc7vA4hN13N1oU4itq8x3mrdZBdw2XdK3Mipump,5,-354.9948,0.0,5,False,xgCByZAn5PP5ogNnm5ztgSF5xynZq1q6f5ovSMQ5EwX
3yrJE1A8dgSuy5NLimG5GSYxA6wMkvnAYLD9Y4xR2fjJ,47r9YPDeTVpwHjAakoVgnzNTJRChXC8f4KSUqMbEsBbM;5o9sE9FEVC12zWBd2zqPXAhoVyRiNjGfaYX6hS3Ppump;7mRDn1rAqjwFQXacodr1UmkNdvAGPbtNP9k5jvBZqt9J;9PNfxvTARzdxvQas2uknW57bnfMCS1dxW1He7rPbuhuQ;Er5RuNhTEwJH5dHv9c3YGATjgkLCETH4dKazntyWEtXY,5,-147.953,0.2,5,False,812SJrzYAc5X9inUdsRNz2Zr2yz6RPkLHJQMxugPqv5N
4Aktn51cRBEYXMrn2SDACPwXrKyz5oyXh4EUhCdiCjcG,3vfxnHSCS139RZiw6MPZaEvhySnjbEi81GuF5EdNpump;49aM4HrGABwG9F8iAn385zzcsS6mxHEFY8YN3H7y1Cd9;7dACCWZXF4Lr9ftxFpi7TJk7a3hcPpUwGPAcTuXDpump;G9r7nnHSgvb7LUfCE8kavRaKokEMMYBjVHGKvQ6dpump;omskHvyNvQSn3PFak3E8JHQJeSVJFsrc6izWT12pump,5,-453.9482,4.8,5,False,F6XJTh93VGFcbnf2FJmyR6f3y2HZsav25EeEaZosYouk
4wbrLxXe4pwZe1u4g56BcKBN8uWi8xNoqwwN5tktgpVq,2Tiw1Tna3kAut868cjXuKoyrv8U8gi1YjTaXw7Czpump;4ZUjJ5EJbwfh7teotB29uHc1SC3SiqbrkwJoNgsxibbU;4n32UBFWKJNPQayeN25GrLJHswbja41XFMxebcg9pump;8G7aM6Gco4fHjVpmVvUdVvhKMKaWXJEqkCKRvPdepump;CHygERrxnc5QByNCwxUNSMhP7tKJA7rh6hNBdJ2spump,5,-641.9146,129.0,5,False,G2YxRa6wt1qePMwfJzdXZG62ej4qaTC7YURzuh2Lwd3t
5KXTtadmWL3vLg7sRYZy3URf53SYbVn7L8VWmmdtcW3f,25GrKYrc3y4LZmmuhppYgFRCKb7JyZ6grum4WhLYvA1z;ASftCNtzPNmK3nMDvpQNvpLauKS45Vkq7kwTPutqUBL1;CziyAr14UNUrfkxpioWSumkLXMwWnDWN2bu2WR5ao7kc;DkDwxjD5JFK7hd7qUNHqNaTeqDGcZ1ia3Y6E7EUiehEn;omskHvyNvQSn3PFak3E8JHQJeSVJFsrc6izWT12pump,5,-439.5798,5.0,5,False,ByJ7XAjpjGAiE4jJHVZESFpKj9cC3Cma9YAcTTkAkJQz
5U3qWioYpMXT841HnkAGo9gyayVhtuS8d4dgTjsC41g2,2iSB473Z7L2ndpWs3n22tb7H3KSGpswDTH3jP7qCCAZT;8ypYfW5cjafrfAZij8TZj5SFHAbPNpiRio96LMzypDkn;9mqJNDG2squcqZt2zC7cWWNtVozUbQUnzVnP1jG6pump;Er5RuNhTEwJH5dHv9c3YGATjgkLCETH4dKazntyWEtXY;omskHvyNvQSn3PFak3E8JHQJeSVJFsrc6izWT12pump,5,-393.883,4.2,5,False,8wD8FiqixA7whqeHLV84wMEGg8Uw2gXbB3ZpDzHqZFWN
5st7H8QtPEVfovSwLmdJDjbUAQivVZJGzbHCir6dZxGc,2A6sLqrw8WN6KkgnCsN4xJkyAowBZHr2H9xQ4u3Mpump;3GeNgcFpMwH9ts5b3W3jddtfwhwAURaykTy8YjtrGQWT;7271ZR6GBzaGqdtP28ZqZ5BKRt2ziu4AnPnVCAL7pump;B3xU49SW3khA7m5Lgata2fmPxZeQRuaJbCruPsVDpump;DQ2H7qcj262RAKfSxGYeL7cYJq54mVdXe4gYxUwxpump,5,-541.4752000000001,3.4,5,False,BThY85WeRSHgwuuj2SPFN4MAzBdc3Mcs5VDwQPe2EtSJ
64hP97Bwr5PubotcTeGgfhkFrGiLVVxT2kVo9M9b4AEz,4prKtarobdhYDY4Hu3uGZMx7Je4HqPJeLVyxN6m4Ld3T;5L6As5obMTXxKwjmGBy1LTRwW2Hm1PjSK18JhETrpump;6wSQipxdE9Suf8tVNaCEbcqavUbLT7gL9tibpm3Jpump;BmU6YJP2YCAo8sc2dkeR8KjvF3rGFBHZL25ejysppump;GKTxLXsmkjLDo89XmPa5htwK7sAzdqZ3jmfV6gaTvK67,5,-528.9988000000001,16.0,5,False,CEvz7hRVoYqWxQTFZVPFk2NPFdsyEJ7MmHrJigZLReTz
6J1T22cKBTw11McuSteoEMpFfMfmWgG9NzsKs11mQYGD,3vfxnHSCS139RZiw6MPZaEvhySnjbEi81GuF5EdNpump;5DoZAeBkoci5t5zPhUiuhQFjuzYTfkSv5Seojsxppump;7aLLQRBpGCaSLmmHGf34MGtbdtTumiB14d14TtDnpump;Ajz86fyiygsv8kZkUyDxogxkz5VfKRs4HTEABVTfpump;sMe5iUcgTe4VXmg4WaShF5kuk6GmcKF3y4HqKGZpump,5,-497.1076,25.8,5,False,is6MTRHEgyFLNTfYcuV4QBWLjrZBfmhVNYR6ccgr8KV
6YC4BiqyxYku1g6VE33Me2b8ZuXdcArkt1RAYsLz6erL,47r9YPDeTVpwHjAakoVgnzNTJRChXC8f4KSUqMbEsBbM;69N7rm9nnp6sVoULtp5toD26F25rYum8593GupxkUYvH;9mqJNDG2squcqZt2zC7cWWNtVozUbQUnzVnP1jG6pump;G9r7nnHSgvb7LUfCE8kavRaKokEMMYBjVHGKvQ6dpump;sMe5iUcgTe4VXmg4WaShF5kuk6GmcKF3y4HqKGZpump,5,-371.8354,1.0,5,False,ASTyfSima4LLAdDgoFGkgqoKowG1LZFDr9fAQrg7iaJZ
9FQnf1QFTg8TZ6AJEffsfa7CNQJGALecmPtkYoTYUPFj,67afrnTxo8DVc52Uev61Yo4Yr9BGQpRw1RpPMWcx42La;BZYpLHhui3qRNokWFg2JcX8CYtMqzWHR5R4xowjcbPqh;GfqKCwNeAdHHi97AmgCLP5qrwcSJRDdyZ1huiU6xUXTz;H8oe2SCksJcYzhPeS4TsbteusgZW5k7QaZ4boKyq8C7U;JAqRn24FuQ5MFReXNgXb8uFej5vHJDxhVtebpQvHTQZy,5,-250.5668,0.0,5,False,8d9aV5LRyFV17xm3EBhaWbXv6vYMF8AerZCPPCN3EAGj
9bznRVmdeZ3PteMWQTqPzDLxMunvBbjX7dHE6GhFdLDp,2Tiw1Tna3kAut868cjXuKoyrv8U8gi1YjTaXw7Czpump;6gKx5EMvnymTVz2JgFhJAqpGxTYaBdVsaLb9YfPfvg4Y;9ek8utEujXFmiM9wXcWKPF18y57PmeG8rsiBZGzzpump;F41TwidZvJJcsx9c2BMwS6eH9W6HcUT4LzPmGvK9WU6N;H9GGsNc7vA4hN13N1oU4itq8x3mrdZBdw2XdK3Mipump,5,-218.9752,44.6002,5,False,8Woxk2SLysxYaMja2Ew4DvEVFNVRGC7rniqEkNcAhUmq
AfPWFykWPZZxU2CyF6BcPoY2v8VEkmYS7ZggvELK7Pv1,4sjtHGeAKP6DoMUdvFqQuiYKhhPpwa9XCxUyuFD2pump;AgB5SxiP1DFZbW9uDAH7s8Mhv1HF21nJv67tnAAYpump;B3xU49SW3khA7m5Lgata2fmPxZeQRuaJbCruPsVDpump;omskHvyNvQSn3PFak3E8JHQJeSVJFsrc6izWT12pump;xeKm1qmxyHLJZLdwKpsZdx5UFtYyb124GTWRZWypump,5,-344.9422,2.8,5,False,2ccgxuZv5NEngCwWqj6zjwxHWVc8RDwXgMUfUnmpTYHQ
Bi4rd5FH5bYEN8scZ7wevxNZyNmKHdaBcvewdPFxYdLt,5pSEZw1iytqYznD7crsGyKNek7q5JkjBqj2KmfqxUVZd;8qT3o4k4aUmyLrgd7hHYmVxin3kFhQ9QsXdSXTP6pump;B3xU49SW3khA7m5Lgata2fmPxZeQRuaJbCruPsVDpump;EkTkjVEfhvgkoCwheMTnr8mhEmJ6Q7ZR8q7ZMCcnpump;HJPjdsDmcvgCj4MV3NvqCWd78qDP8BMzGfrsk4Nbpump,5,-415.3834,7.4,5,False,94RUpZL8F2o5stNnqKnYLNgAcQJYPy5h444Ui9GkUsJL
C42SHQMDcfe8vLsHwBiHKj7sksco2jLQq8xcXXt3EB6T,2iSB473Z7L2ndpWs3n22tb7H3KSGpswDTH3jP7qCCAZT;6VMsrZvNaSzddT6vkY6dEDoFMeK5EoHD4KCAycfQpump;7aLLQRBpGCaSLmmHGf34MGtbdtTumiB14d14TtDnpump;ASftCNtzPNmK3nMDvpQNvpLauKS45Vkq7kwTPutqUBL1;sMe5iUcgTe4VXmg4WaShF5kuk6GmcKF3y4HqKGZpump,5,-533.9918,5.2,5,False,2Ujy5SeyUretAdeoK6uPtu8UnGoizJncMWQn21cP3CVj
DPGBtpCqWEhePyLH18a8zyRkV3i7JpzyKijTkv8BWTNf,5o9sE9FEVC12zWBd2zqPXAhoVyRiNjGfaYX6hS3Ppump;6sFMbTF2VTzutzKekenJujFZBqb4TiBZJKfyLMUbpump;7271ZR6GBzaGqdtP28ZqZ5BKRt2ziu4AnPnVCAL7pump;B3xU49SW3khA7m5Lgata2fmPxZeQRuaJbCruPsVDpump;GL7M1C4QeLoURyexYgdhuP8SvaPh5LHQLRqKha3epump,5,-454.2494,2.0,5,False,3Fpi2fKrkcYVMwZGqPJojJfbakJAqwCjQUbHoA2xGnRc
Dd2nB2vD1XvDsdKqhtmCuh1q6tzWckkqLq3JubznKanL,44s336LDz8bXp4rpxy1qwUfysZ4THjpReQWTKQg7pump;AgB5SxiP1DFZbW9uDAH7s8Mhv1HF21nJv67tnAAYpump;DJejJn1iJntJVTAixy4VRgqJFF3NMKPEMgVzbJFmpump;EkTkjVEfhvgkoCwheMTnr8mhEmJ6Q7ZR8q7ZMCcnpump;HJPjdsDmcvgCj4MV3NvqCWd78qDP8BMzGfrsk4Nbpump,5,-352.0968,3.8,5,False,6TFjhks9MsKxgxw26MYzqY6ZF7G9pbKL4VyEjmJ48S7i
DwkERB9i8oj8AuKXAGupkrzF3NRmJYvmZvsMYcefdoLq,4GRTznsfLTRqaB2uMAFmmgaWtvfVyBb4qCsTjskUpump;AbpJywMWmkf1MFonRddPVogSwPPZHB9pG4x2nKb1YaPn;Ajz86fyiygsv8kZkUyDxogxkz5VfKRs4HTEABVTfpump;DTm66ivA96mhuQnqTy1cv7uELS4MHdYtpbRGJdW9t7Fn;hHc9579gpKUnvYvgcKyjdpe1UhmfVfGzGwMQCADpump,5,-18830.2344,23.6,5,True,Fn8WJ5afkGJp424indxe9jqNZDjbUDPsMcCm3tP8HEeP
E4EzXdwf7NNdqM2XGswWaWHfxgucVCo24PTCcrimTKBz,7aLLQRBpGCaSLmmHGf34MGtbdtTumiB14d14TtDnpump;AmWCcDf6tG7zB3VPeDVjeXL5N567fXAiHcTKw3xXpump;B3xU49SW3khA7m5Lgata2fmPxZeQRuaJbCruPsVDpump;BUPNYwndVGfzVb6RG6q2PX53VdAimw2Mi98QxqeWpump;GL7M1C4QeLoURyexYgdhuP8SvaPh5LHQLRqKha3epump,5,-457.23999999999995,0.0,5,False,eHgWQRohuMfdxPuXUhgMswMs3zbXMKtRRzKkNde76X5
EKhh135SzZs6hw8xRnbZbAVJVtFnmPE2t1uV1AbsbQBf,4GRTznsfLTRqaB2uMAFmmgaWtvfVyBb4qCsTjskUpump;5pSEZw1iytqYznD7crsGyKNek7q5JkjBqj2KmfqxUVZd;AbpJywMWmkf1MFonRddPVogSwPPZHB9pG4x2nKb1YaPn;DTm66ivA96mhuQnqTy1cv7uELS4MHdYtpbRGJdW9t7Fn;hHc9579gpKUnvYvgcKyjdpe1UhmfVfGzGwMQCADpump,5,-18715.5834,6.6,5,True,BoduAmZsXFZZMPXWC53uJJACJENzNt2HtZGbQtQhMWfE
EaaCfVxVboPx1wht6Xvqcmq6LVhDW5ouyCBMiu2tafBG,2Tiw1Tna3kAut868cjXuKoyrv8U8gi1YjTaXw7Czpump;2iSB473Z7L2ndpWs3n22tb7H3KSGpswDTH3jP7qCCAZT;9mqJNDG2squcqZt2zC7cWWNtVozUbQUnzVnP1jG6pump;GL7M1C4QeLoURyexYgdhuP8SvaPh5LHQLRqKha3epump;H9GGsNc7vA4hN13N1oU4itq8x3mrdZBdw2XdK3Mipump,5,-356.6946,7.0,5,False,Anva6JEutaUxW9JDp2WZ9yq8yHFUpaBrV2BXshQHVJMf
F6qRoKQD3cDfHAp6QK4KWGF1HHBAsqUYL6yXMrN9rJMK,4ZUjJ5EJbwfh7teotB29uHc1SC3SiqbrkwJoNgsxibbU;7271ZR6GBzaGqdtP28ZqZ5BKRt2ziu4AnPnVCAL7pump;GfqKCwNeAdHHi97AmgCLP5qrwcSJRDdyZ1huiU6xUXTz;hHc9579gpKUnvYvgcKyjdpe1UhmfVfGzGwMQCADpump;sMe5iUcgTe4VXmg4WaShF5kuk6GmcKF3y4HqKGZpump,5,-18883.009,12.2,5,False,AStWR8n4R4zE5gQaagdgB6zqjE6jUwo6yFhr2SSDZxqu
H31vEBxSJk1nQdUN11qZgZyhScyShhscKhvhZZU3dQoU,4GRTznsfLTRqaB2uMAFmmgaWtvfVyBb4qCsTjskUpump;7dACCWZXF4Lr9ftxFpi7TJk7a3hcPpUwGPAcTuXDpump;BZYpLHhui3qRNokWFg2JcX8CYtMqzWHR5R4xowjcbPqh;EHUzmwAzmUix7TkwVr7b16U9ChJDr3RpjfXshR5swy5j;GKTxLXsmkjLDo89XmPa5htwK7sAzdqZ3jmfV6gaTvK67,5,-141.33800000000002,3.4,5,False,AKS98rbZY8WD7W1ZPZqsbrWBLQKE68Go6aDnUznRJHEo
Hc8CBxEa2v45NoYwSDpcBrCHHzji9JDPWyFg1XqdogsC,6XD1vorwquLXjTSL5W4MJMGewZBeiEcPFmZw527TSwva;6akNLpNd11oq4q5zxhXGwr5jwUi6Ke4CvKmF6QeUwJCQ;7HiD5rzoZxAYXEJ8Z4t3WgM8VE1iSKWJdxPPyEdDNzwN;H8oe2SCksJcYzhPeS4TsbteusgZW5k7QaZ4boKyq8C7U;UsrcsZMqw6p53Fohu16UCBjsbjqc73XmoRFZDcnCtMR,5,-200.4798,6.0,5,False,5tzFkiKscXHK5ZXCGbXZxdw7gTjjD1mBwuoFbhUvuAi9
Hyz8paNbNLSYxSfWT8KT2JDyvPW7E8yJBbaGnsZV7WE6,49aM4HrGABwG9F8iAn385zzcsS6mxHEFY8YN3H7y1Cd9;5Sg1vv51KGCSDF2gBHgbNATCEXFjYtVhWgztNUwtgJYD;7HiD5rzoZxAYXEJ8Z4t3WgM8VE1iSKWJdxPPyEdDNzwN;7dACCWZXF4Lr9ftxFpi7TJk7a3hcPpUwGPAcTuXDpump;G9r7nnHSgvb7LUfCE8kavRaKokEMMYBjVHGKvQ6dpump,5,-307.07579999999996,3.6,5,False,FpfsHusKvqc9LhupVPB1R67HuCiWDKrZMN4SJitrMdTj
J36AVCr7uVoXwYgcL8yBmeCAatSLGLSjrCMaBca3sCXq,2A6sLqrw8WN6KkgnCsN4xJkyAowBZHr2H9xQ4u3Mpump;5o9sE9FEVC12zWBd2zqPXAhoVyRiNjGfaYX6hS3Ppump;67afrnTxo8DVc52Uev61Yo4Yr9BGQpRw1RpPMWcx42La;DTm66ivA96mhuQnqTy1cv7uELS4MHdYtpbRGJdW9t7Fn;omskHvyNvQSn3PFak3E8JHQJeSVJFsrc6izWT12pump,5,-367.1856,3.2,5,False,FWznbcNXWQuHTawe9RxvQ2LdCENssh12dsznf4RiouN5
LivF8GikFDeekGrBcB6nHVNUHcBPNYTVzeoD2WQ5dfx,57ANN8dAbPX8x1BEFFwzBttkzwpKZBEiJkdiWSzVNQvS;5nnWe5SCBaNMC3oNiR7utth6kx3mH1dhmCarjDb91shW;5o43e7gYZWFNEpdqkegHY6LXkhMXB1z6f7d6TAVGEMTM;6XD1vorwquLXjTSL5W4MJMGewZBeiEcPFmZw527TSwva;8ypYfW5cjafrfAZij8TZj5SFHAbPNpiRio96LMzypDkn,5,-142.5766,4.8,5,False,FBvxneTq8dY7WKxj924CseuveWzDL5tN9JuSW3S9nJkN
LpieurWuRDwZuWRrjpzB4UBa6nuN8auoNeKsLGUukn2,25GrKYrc3y4LZmmuhppYgFRCKb7JyZ6grum4WhLYvA1z;2A6sLqrw8WN6KkgnCsN4xJkyAowBZHr2H9xQ4u3Mpump;69N7rm9nnp6sVoULtp5toD26F25rYum8593GupxkUYvH;D4aEpQLW45YnWrBmztcpJHqabbPtFe9F9PTv8Umvpump;EHUzmwAzmUix7TkwVr7b16U9ChJDr3RpjfXshR5swy5j,5,-1021.5396000000001,12.8,5,False,FBvxneTq8dY7WKxj924CseuveWzDL5tN9JuSW3S9nJkN
ViTjB3dRqXLkSEyHPnwjVS82Kr5bRkpDbxw7525QRyd,4prKtarobdhYDY4Hu3uGZMx7Je4HqPJeLVyxN6m4Ld3T;6gKx5EMvnymTVz2JgFhJAqpGxTYaBdVsaLb9YfPfvg4Y;7xXo3JYBqzh6D91XRppzFRLfw8wJHypeukGaNWwKgZ8m;CziyAr14UNUrfkxpioWSumkLXMwWnDWN2bu2WR5ao7kc;HJPjdsDmcvgCj4MV3NvqCWd78qDP8BMzGfrsk4Nbpump,5,-626.7636,3.2,5,False,8d9aV5LRyFV17xm3EBhaWbXv6vYMF8AerZCPPCN3EAGj
a9Cct2wpjn4vWSR4rsytxm1URyk6vTXo4RTqXFpjyvD,2BucyGvsg9wwTwsaFsEUFgdphrCtp94pDRtHowJUpump;47r9YPDeTVpwHjAakoVgnzNTJRChXC8f4KSUqMbEsBbM;7p4MwwkUaMv4gBThVkW46QjwVaosaUrccbFV1MbXpump;9ek8utEujXFmiM9wXcWKPF18y57PmeG8rsiBZGzzpump;GL7M1C4QeLoURyexYgdhuP8SvaPh5LHQLRqKha3epump,5,-261.3126,38.800200000000004,4,False,BLbboRQ2eWXAuno6BGQjRiKeW51cCEe6SaC92CghBog1
mwamTohZTS8VVDXhJBwEFzmWbbaax5sSYY8e8Vxu6HG,21XJbyQWEhmeoxKRHdGrEjetSfHopvtp68LWzdvT471M;47r9YPDeTVpwHjAakoVgnzNTJRChXC8f4KSUqMbEsBbM;5o43e7gYZWFNEpdqkegHY6LXkhMXB1z6f7d6TAVGEMTM;9PNfxvTARzdxvQas2uknW57bnfMCS1dxW1He7rPbuhuQ;Er5RuNhTEwJH5dHv9c3YGATjgkLCETH4dKazntyWEtXY,5,-136.40460000000002,25.0,5,False,Tjex5mpL36DEjqGyxKMdmBmXwCnCstsbmCRre1Bdime
sssssDdMNAWKingjpEojkTNdVuZrBe7FsJLaGtexe7d,4n32UBFWKJNPQayeN25GrLJHswbja41XFMxebcg9pump;7xXo3JYBqzh6D91XRppzFRLfw8wJHypeukGaNWwKgZ8m;ASftCNtzPNmK3nMDvpQNvpLauKS45Vkq7kwTPutqUBL1;H8oe2SCksJcYzhPeS4TsbteusgZW5k7QaZ4boKyq8C7U;UsrcsZMqw6p53Fohu16UCBjsbjqc73XmoRFZDcnCtMR,5,-521.1398,26.4,5,False,CsWMAj1XMK9bCZHjXM7eaYw3era7apSUcG43EZtiy85u
2N5y6E7mqQmXEXQwGsFJWAgnVZ8M6mYpkx4aFTAJmy2c,7271ZR6GBzaGqdtP28ZqZ5BKRt2ziu4AnPnVCAL7pump;B3xU49SW3khA7m5Lgata2fmPxZeQRuaJbCruPsVDpump;CziyAr14UNUrfkxpioWSumkLXMwWnDWN2bu2WR5ao7kc;GL7M1C4QeLoURyexYgdhuP8SvaPh5LHQLRqKha3epump,4,-506.2785,4.25,4,False,2i2WFxcBj2ah7iLowGnZkeEVdXvWR2xpJXXGqEA85y2R
2T3U2FzVKVWYvdimQESxo9gpTCQyJ4rYUAStuitcAgKQ,25GrKYrc3y4LZmmuhppYgFRCKb7JyZ6grum4WhLYvA1z;2iSB473Z7L2ndpWs3n22tb7H3KSGpswDTH3jP7qCCAZT;49aM4HrGABwG9F8iAn385zzcsS6mxHEFY8YN3H7y1Cd9;G9r7nnHSgvb7LUfCE8kavRaKokEMMYBjVHGKvQ6dpump,4,-602.69175,3.0,4,False,EC1SJENgWiuJBnQ1Jwj939fHw9cnsMb39oiFDomNZTYh
2iSMjjhBhsRmxBTvp4ZiZkMv7baQjm5r1CYVM7nPSs5E,5nnWe5SCBaNMC3oNiR7utth6kx3mH1dhmCarjDb91shW;67afrnTxo8DVc52Uev61Yo4Yr9BGQpRw1RpPMWcx42La;8G7aM6Gco4fHjVpmVvUdVvhKMKaWXJEqkCKRvPdepump;xeKm1qmxyHLJZLdwKpsZdx5UFtYyb124GTWRZWypump,4,-548.193,12.25,4,False,WLZG31XNaD3GmdRW1GphLTLbWfh7REDQfYCURuxzAhU
3JD7zrZVXfGozgaSrnn3GzAcGsHCM5ATazX8EqwJqZWY,2BucyGvsg9wwTwsaFsEUFgdphrCtp94pDRtHowJUpump;47r9YPDeTVpwHjAakoVgnzNTJRChXC8f4KSUqMbEsBbM;BmU6YJP2YCAo8sc2dkeR8KjvF3rGFBHZL25ejysppump;omskHvyNvQSn3PFak3E8JHQJeSVJFsrc6izWT12pump,4,-382.63225,8.0,4,False,AxiomRXZAq1Jgjj9pHmNqVP7Lhu67wLXZJZbaK87TTSk
3Le7cTELrgoSX51gRZagrueWsm4fPJWMa64sXAqYcJk9,21XJbyQWEhmeoxKRHdGrEjetSfHopvtp68LWzdvT471M;5Sg1vv51KGCSDF2gBHgbNATCEXFjYtVhWgztNUwtgJYD;6akNLpNd11oq4q5zxhXGwr5jwUi6Ke4CvKmF6QeUwJCQ;H8oe2SCksJcYzhPeS4TsbteusgZW5k7QaZ4boKyq8C7U,4,-273.60975,2.5,4,False,FBvxneTq8dY7WKxj924CseuveWzDL5tN9JuSW3S9nJkN
3TB4EwTwSrkWgjubYYbd6JNmVcTSJ44EgMMwKm8HZABQ,25GrKYrc3y4LZmmuhppYgFRCKb7JyZ6grum4WhLYvA1z;2Tiw1Tna3kAut868cjXuKoyrv8U8gi1YjTaXw7Czpump;BE5ciZmcADAX78u2a1GrFiPMPC3rNXtdPGUrhzWB4k5d;rMPLDvnn6KR773WNhZvtFNcgFwnRkc7UbPkUaiMpump,4,-332.92275,10.75,4,False,D4YBDBbhbTwfSTPaYPhZ2giiaNKD9qbzRzLMubT4WMoj
4WxE3GAiFG6EofdSF4N3DWXg5na9V3BQJJN5LuE5dzhP,21XJbyQWEhmeoxKRHdGrEjetSfHopvtp68LWzdvT471M;28HydoWU7TZQxWiVQxGZyspE3qgWdCHToNDVgLoNpump;4n32UBFWKJNPQayeN25GrLJHswbja41XFMxebcg9pump;5o43e7gYZWFNEpdqkegHY6LXkhMXB1z6f7d6TAVGEMTM,4,-333.8045,40.0,4,False,46Zk9VL676HwJTMWrhFTxLdFeP1oL4vsCwRnK9g2HMbj
4cTuSjRoxbqdiN1UcfnMtVUQtB6DSRDVtcCZUXLEhZbr,13V3CbY7Q7AXnf24FMsUaQrmLxnRU4Md9phDEWZvpump;2iSB473Z7L2ndpWs3n22tb7H3KSGpswDTH3jP7qCCAZT;8ypYfW5cjafrfAZij8TZj5SFHAbPNpiRio96LMzypDkn;AgB5SxiP1DFZbW9uDAH7s8Mhv1HF21nJv67tnAAYpump,4,-481.21475,3.25,4,False,is6MTRHEgyFLNTfYcuV4QBWLjrZBfmhVNYR6ccgr8KV
55YWjLwZB9W8ptCGzYZ4Jv6P8pc7hNeqBxjX682ncCRx,2Tiw1Tna3kAut868cjXuKoyrv8U8gi1YjTaXw7Czpump;7271ZR6GBzaGqdtP28ZqZ5BKRt2ziu4AnPnVCAL7pump;Ajz86fyiygsv8kZkUyDxogxkz5VfKRs4HTEABVTfpump;CziyAr14UNUrfkxpioWSumkLXMwWnDWN2bu2WR5ao7kc,4,-608.88575,13.5,4,False,5tzFkiKscXHK5ZXCGbXZxdw7gTjjD1mBwuoFbhUvuAi9
56S29mZ3wqvw8hATuUUFqKhGcSGYFASRRFNT38W8q7G3,5Sg1vv51KGCSDF2gBHgbNATCEXFjYtVhWgztNUwtgJYD;9ek8utEujXFmiM9wXcWKPF18y57PmeG8rsiBZGzzpump;F59cEB3A7RAKHGtkvR577swnPSP6EsdaBoL5AcVZpump;H9GGsNc7vA4hN13N1oU4itq8x3mrdZBdw2XdK3Mipump,4,-649.1445,41.75025,3,False,Fkq1moifJz9WcFNMZ3AMnDQEjVyAZ6EzQxBSEgubiuEk
5BFuw7KyK5ryyvBwv4uJYwwNMnXPqGJGcf6okqtnhmFJ,3coFBLantjJkMRmzaQ4znMQQzfqFYTyBeNhdXYAzpump;7aLLQRBpGCaSLmmHGf34MGtbdtTumiB14d14TtDnpump;BUPNYwndVGfzVb6RG6q2PX53VdAimw2Mi98QxqeWpump;xeKm1qmxyHLJZLdwKpsZdx5UFtYyb124GTWRZWypump,4,-501.4445,0.25,4,False,5tzFkiKscXHK5ZXCGbXZxdw7gTjjD1mBwuoFbhUvuAi9
5KcKcGczDGsFjPDvZdCSWavQrpC6YhkBkv1rD7Jv1THR,3coFBLantjJkMRmzaQ4znMQQzfqFYTyBeNhdXYAzpump;69N7rm9nnp6sVoULtp5toD26F25rYum8593GupxkUYvH;7aLLQRBpGCaSLmmHGf34MGtbdtTumiB14d14TtDnpump;H9GGsNc7vA4hN13N1oU4itq8x3mrdZBdw2XdK3Mipump,4,-288.13800000000003,10.0,4,False,Fhbh1DTUDKt6qu9zVg8Q5VgnZa1WWWbxBxG6pCoJoggA
5M7RCHoGbJnoKRajh7FbhVxU9peiiJgmqLzB4JVVJFmu,44s336LDz8bXp4rpxy1qwUfysZ4THjpReQWTKQg7pump;6sFMbTF2VTzutzKekenJujFZBqb4TiBZJKfyLMUbpump;9mqJNDG2squcqZt2zC7cWWNtVozUbQUnzVnP1jG6pump;AgB5SxiP1DFZbW9uDAH7s8Mhv1HF21nJv67tnAAYpump,4,-239.8155,1.25,4,True,3zWgc3dLpQKZWFv1vQYU7utE7GJ44kEXmurYbSRQXMMa
5XEj4qt6STm1dKvwTiqiuLRYJoMWUey4BqiwDPTuaUVG,3vfxnHSCS139RZiw6MPZaEvhySnjbEi81GuF5EdNpump;7aLLQRBpGCaSLmmHGf34MGtbdtTumiB14d14TtDnpump;Ajz86fyiygsv8kZkUyDxogxkz5VfKRs4HTEABVTfpump;sMe5iUcgTe4VXmg4WaShF5kuk6GmcKF3y4HqKGZpump,4,-547.0387499999999,27.75,4,False,is6MTRHEgyFLNTfYcuV4QBWLjrZBfmhVNYR6ccgr8KV
5ZEUmZhKBnN7NTRqC4LgE9uNzB2Yk4XHqtjz8bcZVbRq,13V3CbY7Q7AXnf24FMsUaQrmLxnRU4Md9phDEWZvpump;4GRTznsfLTRqaB2uMAFmmgaWtvfVyBb4qCsTjskUpump;BUPNYwndVGfzVb6RG6q2PX53VdAimw2Mi98QxqeWpump;DTm66ivA96mhuQnqTy1cv7uELS4MHdYtpbRGJdW9t7Fn,4,-480.61875,2.0,4,False,4BANhFgDVFh9WL8MDb3jbYS1D7oW9LaoWaPAMpV65kbU
5fqfT3EkpwJNmbtNczcLoz11oJskK1hmiXGXuGqreTdW,6XD1vorwquLXjTSL5W4MJMGewZBeiEcPFmZw527TSwva;6akNLpNd11oq4q5zxhXGwr5jwUi6Ke4CvKmF6QeUwJCQ;BE5ciZmcADAX78u2a1GrFiPMPC3rNXtdPGUrhzWB4k5d;UsrcsZMqw6p53Fohu16UCBjsbjqc73XmoRFZDcnCtMR,4,-134.48775,5.5,4,False,Fd2NAQHYYdHLMzAubLrGxWogop3EoUCNxwouvGwT4ACJ
5qMp9p2oFJx1Y2rLZ1X5kUbmXnpMvn5THtDP5NLsxaHK,5Sg1vv51KGCSDF2gBHgbNATCEXFjYtVhWgztNUwtgJYD;9CzNGAEutxKHJ5CwYC5Lk8X8YzgYrQnvKChP2BFEpump;9xhMStAAufkH5jA5nevaGy6M9fCsQ74BZnsXyo93DkfA;CSLP8Vp7u9hrXQi7crPXqCp7BaJaG4JrNxqvR3jDpump,4,-318.043,5.75,4,False,BmFdpraQhkiDQE6SnfG5omcA1VwzqfXrwtNYBwWTymy6
65nGwm7t9Z6qkdkQrK88su5WWrYrqKuPJZSx9afcq5vm,3f8CKfznVUGrFfhcq8ZBY9M1xyDeEQGrh6iH372h3ebN;BE5ciZmcADAX78u2a1GrFiPMPC3rNXtdPGUrhzWB4k5d;F41TwidZvJJcsx9c2BMwS6eH9W6HcUT4LzPmGvK9WU6N;GfqKCwNeAdHHi97AmgCLP5qrwcSJRDdyZ1huiU6xUXTz,4,-132.65675,18.75,4,False,HHDZ65tY9cayPykLunUazf4zPcFmzSWZKHRDmV4f4CVn
6QRdkwTSk9Kop6VdqSkSPah7a3HfqKHU5DD4BqMFCUQP,4GRTznsfLTRqaB2uMAFmmgaWtvfVyBb4qCsTjskUpump;BZYpLHhui3qRNokWFg2JcX8CYtMqzWHR5R4xowjcbPqh;EHUzmwAzmUix7TkwVr7b16U9ChJDr3RpjfXshR5swy5j;GKTxLXsmkjLDo89XmPa5htwK7sAzdqZ3jmfV6gaTvK67,4,-153.2665,3.25,4,False,FWznbcNXWQuHTawe9RxvQ2LdCENssh12dsznf4RiouN5
6SHf2w549aAF6oqtGyQpHoSeDodTfanzKa1yH4AhXSsX,25GrKYrc3y4LZmmuhppYgFRCKb7JyZ6grum4WhLYvA1z;69N7rm9nnp6sVoULtp5toD26F25rYum8593GupxkUYvH;7HiD5rzoZxAYXEJ8Z4t3WgM8VE1iSKWJdxPPyEdDNzwN;H8oe2SCksJcYzhPeS4TsbteusgZW5k7QaZ4boKyq8C7U,4,-228.94549999999998,0.0,4,False,5tzFkiKscXHK5ZXCGbXZxdw7gTjjD1mBwuoFbhUvuAi9
6fKGtgUw3kfEG3cxEGBN4RrwybvBv35zY49iCjwQfyka,2BucyGvsg9wwTwsaFsEUFgdphrCtp94pDRtHowJUpump;67afrnTxo8DVc52Uev61Yo4Yr9BGQpRw1RpPMWcx42La;JAqRn24FuQ5MFReXNgXb8uFej5vHJDxhVtebpQvHTQZy;sMe5iUcgTe4VXmg4WaShF5kuk6GmcKF3y4HqKGZpump,4,-489.0575,12.25,4,False,is6MTRHEgyFLNTfYcuV4QBWLjrZBfmhVNYR6ccgr8KV
78Qkt6pnSvDAfDLPG97At5ksFLdPqgNUKRKtGh9g1e5D,2A6sLqrw8WN6KkgnCsN4xJkyAowBZHr2H9xQ4u3Mpump;9mqJNDG2squcqZt2zC7cWWNtVozUbQUnzVnP1jG6pump;BUPNYwndVGfzVb6RG6q2PX53VdAimw2Mi98QxqeWpump;G9r7nnHSgvb7LUfCE8kavRaKokEMMYBjVHGKvQ6dpump,4,-733.4254999999999,1.0,4,False,9XTR2ddvo5486pVtBmd52z8dcpMwsR4GTjRz4XL9oYT6
7BXQx5ASzsj5YeyxLyXrDP6U5uCjNVViMKTM85MNC76k,4ZUjJ5EJbwfh7teotB29uHc1SC3SiqbrkwJoNgsxibbU;9ek8utEujXFmiM9wXcWKPF18y57PmeG8rsiBZGzzpump;F41TwidZvJJcsx9c2BMwS6eH9W6HcUT4LzPmGvK9WU6N;H9GGsNc7vA4hN13N1oU4itq8x3mrdZBdw2XdK3Mipump,4,-156.5935,51.00025,4,False,4NyK1AdJBNbgaJ9EsKz3J4rfeHsuYdjkTPg3JaNdLeFw
7JAcdE9ggUkye8Jo5FZT855iV2UbC55nkXAPZv638Dpf,7aLLQRBpGCaSLmmHGf34MGtbdtTumiB14d14TtDnpump;9CzNGAEutxKHJ5CwYC5Lk8X8YzgYrQnvKChP2BFEpump;B3xU49SW3khA7m5Lgata2fmPxZeQRuaJbCruPsVDpump;hHc9579gpKUnvYvgcKyjdpe1UhmfVfGzGwMQCADpump,4,-23472.269500000002,4.75,4,False,EzUGhcucx8XJrnmfaBxhNyissC4KfboubodSDp7rkRkK
7NmDowR2Awy4sVVfejDiD1joZee91Do3Y2ACQxSWSq4B,3coFBLantjJkMRmzaQ4znMQQzfqFYTyBeNhdXYAzpump;5o9sE9FEVC12zWBd2zqPXAhoVyRiNjGfaYX6hS3Ppump;6sFMbTF2VTzutzKekenJujFZBqb4TiBZJKfyLMUbpump;7271ZR6GBzaGqdtP28ZqZ5BKRt2ziu4AnPnVCAL7pump,4,-600.2090000000001,3.5,4,False,u6PJ8DtQuPFnfmwHbGFULQ4u4EgjDiyYKjVEsynXq2w
7cL7mAhZegAMna95EDVC8CNvvGafGS15yoy3TKNodkcA,4GRTznsfLTRqaB2uMAFmmgaWtvfVyBb4qCsTjskUpump;CSLP8Vp7u9hrXQi7crPXqCp7BaJaG4JrNxqvR3jDpump;HJPjdsDmcvgCj4MV3NvqCWd78qDP8BMzGfrsk4Nbpump;hHc9579gpKUnvYvgcKyjdpe1UhmfVfGzGwMQCADpump,4,-23566.65825,4.75,4,False,8bwEbwjMpgyUSk2ngD8TjofqgrejGLjpHCHftM4SET68
7iyYn4gshakdEUkF2bfV4pU3oaYBmg9ktJwGW8kQ9z96,13V3CbY7Q7AXnf24FMsUaQrmLxnRU4Md9phDEWZvpump;4GRTznsfLTRqaB2uMAFmmgaWtvfVyBb4qCsTjskUpump;B3xU49SW3khA7m5Lgata2fmPxZeQRuaJbCruPsVDpump;GL7M1C4QeLoURyexYgdhuP8SvaPh5LHQLRqKha3epump,4,-296.23925,4.75,4,False,C7BZwDSbAcytCHn1iVULbLFLebe5hcDVcuGfLkSsYowa
8BAXvpH6omY6CNRPkTmsRH72jQKBsXGN6kuXy1FpGAgh,4GRTznsfLTRqaB2uMAFmmgaWtvfVyBb4qCsTjskUpump;BZYpLHhui3qRNokWFg2JcX8CYtMqzWHR5R4xowjcbPqh;EHUzmwAzmUix7TkwVr7b16U9ChJDr3RpjfXshR5swy5j;GKTxLXsmkjLDo89XmPa5htwK7sAzdqZ3jmfV6gaTvK67,4,-153.2665,3.25,4,False,5tzFkiKscXHK5ZXCGbXZxdw7gTjjD1mBwuoFbhUvuAi9
8KUYGivN8zgRfKiLTeHBxpk9houRUxJb82NRwUBkhCQF,D4aEpQLW45YnWrBmztcpJHqabbPtFe9F9PTv8Umvpump;EoKqyKksc4ekiPVuBD9FiztYQHkV59x8KTcZ3ReLpump;FuF2M5T79HJdpJUbp46qwWssLXQ1Xjf1yiNSfyo5UEGC;GfqKCwNeAdHHi97AmgCLP5qrwcSJRDdyZ1huiU6xUXTz,4,-1302.49225,7.25,4,False,6LY1JzAFVZsP2a2xKrtU6znQMQ5h4i7tocWdgrkZzkzF
8rM1bD9y1HxwcLgQgj8E5uLrXuDzXg6WwnV2h2oNZN8B,9ek8utEujXFmiM9wXcWKPF18y57PmeG8rsiBZGzzpump;DkDwxjD5JFK7hd7qUNHqNaTeqDGcZ1ia3Y6E7EUiehEn;F41TwidZvJJcsx9c2BMwS6eH9W6HcUT4LzPmGvK9WU6N;H9GGsNc7vA4hN13N1oU4itq8x3mrdZBdw2XdK3Mipump,4,-135.16425,227.50025,4,False,Hnb17TVQHomunFBxSWDoTLiKPKefaogHDpM8R1NUHYeU
8tkKuYWCF5EVZeBm377LqyU3E2zcaQg4w2rgm1rYDDk6,3f8CKfznVUGrFfhcq8ZBY9M1xyDeEQGrh6iH372h3ebN;BE5ciZmcADAX78u2a1GrFiPMPC3rNXtdPGUrhzWB4k5d;F41TwidZvJJcsx9c2BMwS6eH9W6HcUT4LzPmGvK9WU6N;GfqKCwNeAdHHi97AmgCLP5qrwcSJRDdyZ1huiU6xUXTz,4,-132.65675,18.75,4,False,3mtA8kFb8h5gDSR8HGMEKuQ1yah8wAViJQ3HzPdUr1EW
97jv9pjCf5D7VUZEyj6XnXBC5JF23Vsagc3bvSF6GRmL,2Tiw1Tna3kAut868cjXuKoyrv8U8gi1YjTaXw7Czpump;8G7aM6Gco4fHjVpmVvUdVvhKMKaWXJEqkCKRvPdepump;9hAojtonqe4RUQarvUYZhFqC99VK1S3LCewYkSjnpump;rMPLDvnn6KR773WNhZvtFNcgFwnRkc7UbPkUaiMpump,4,-725.5360000000001,9.25,4,False,is6MTRHEgyFLNTfYcuV4QBWLjrZBfmhVNYR6ccgr8KV
9pdYXJGy698VVwMacH19fd5yBCy1Yq2HdfXE1M4WYTbR,2A6sLqrw8WN6KkgnCsN4xJkyAowBZHr2H9xQ4u3Mpump;2BucyGvsg9wwTwsaFsEUFgdphrCtp94pDRtHowJUpump;69N7rm9nnp6sVoULtp5toD26F25rYum8593GupxkUYvH;GfqKCwNeAdHHi97AmgCLP5qrwcSJRDdyZ1huiU6xUXTz,4,-513.25675,0.75,4,False,8d9aV5LRyFV17xm3EBhaWbXv6vYMF8AerZCPPCN3EAGj
AbuGAb9M4AgXBchk42pJ3NSGgQKbiW6Lgc48BtMMKqkN,4GRTznsfLTRqaB2uMAFmmgaWtvfVyBb4qCsTjskUpump;6wSQipxdE9Suf8tVNaCEbcqavUbLT7gL9tibpm3Jpump;BUPNYwndVGfzVb6RG6q2PX53VdAimw2Mi98QxqeWpump;omskHvyNvQSn3PFak3E8JHQJeSVJFsrc6izWT12pump,4,-411.73699999999997,5.75,4,False,Cq1WshUES6mMLZYnkaiy63k9QmN53cEwpomuL2iGdwLN
ApA3QLxi1Ta3UiS5vY4QakcEh8zsz39oZJYkXh1iwQBL,4GRTznsfLTRqaB2uMAFmmgaWtvfVyBb4qCsTjskUpump;EoKqyKksc4ekiPVuBD9FiztYQHkV59x8KTcZ3ReLpump;F59cEB3A7RAKHGtkvR577swnPSP6EsdaBoL5AcVZpump;hHc9579gpKUnvYvgcKyjdpe1UhmfVfGzGwMQCADpump,4,-23957.68475,9.75,4,False,AxiomRXZAq1Jgjj9pHmNqVP7Lhu67wLXZJZbaK87TTSk
Au1H6riMgxmP61PAF7GAbdcGrQgSuk3psSqm9mYtQg2j,2A6sLqrw8WN6KkgnCsN4xJkyAowBZHr2H9xQ4u3Mpump;5o9sE9FEVC12zWBd2zqPXAhoVyRiNjGfaYX6hS3Ppump;7aLLQRBpGCaSLmmHGf34MGtbdtTumiB14d14TtDnpump;HJPjdsDmcvgCj4MV3NvqCWd78qDP8BMzGfrsk4Nbpump,4,-624.322,4.25,4,True,iGdFcQoyR2MwbXMHQskhmNsqddZ6rinsipHc4TNSdwu
Av3xWHJ5EsoLZag6pr7LKbrGgLRTaykXomDD5kBhL9YQ,3GeNgcFpMwH9ts5b3W3jddtfwhwAURaykTy8YjtrGQWT;55bKo8bj1YVEgsbwkkd4Nwu7JhaZF9trUgbvpZ3YeVCA;5DoZAeBkoci5t5zPhUiuhQFjuzYTfkSv5Seojsxppump;6gKx5EMvnymTVz2JgFhJAqpGxTYaBdVsaLb9YfPfvg4Y,4,-334.9855,7.0,4,False,AobVSwdW9BbpMdJvTqeCN4hPAmh4rHm7vwLnQ5ATSyrS
BEgBqxKNA4aunzgAcboRQAH9fCUme22qaryWyZt4pSNT,3coFBLantjJkMRmzaQ4znMQQzfqFYTyBeNhdXYAzpump;5L6As5obMTXxKwjmGBy1LTRwW2Hm1PjSK18JhETrpump;Ajz86fyiygsv8kZkUyDxogxkz5VfKRs4HTEABVTfpump;sMe5iUcgTe4VXmg4WaShF5kuk6GmcKF3y4HqKGZpump,4,-846.84625,39.25,4,False,5tzFkiKscXHK5ZXCGbXZxdw7gTjjD1mBwuoFbhUvuAi9
BLAMEEhCJyRuChcs6p6ckex6MKUNmLLmtfC6vteCddEg,6wSQipxdE9Suf8tVNaCEbcqavUbLT7gL9tibpm3Jpump;9hAojtonqe4RUQarvUYZhFqC99VK1S3LCewYkSjnpump;DTm66ivA96mhuQnqTy1cv7uELS4MHdYtpbRGJdW9t7Fn;EoKqyKksc4ekiPVuBD9FiztYQHkV59x8KTcZ3ReLpump,4,-340.061,0.0,4,False,WLZG31XNaD3GmdRW1GphLTLbWfh7REDQfYCURuxzAhU
BmEZf8SgDkv8CKWbLUfzCRoqBNzwyvb55MwvgAAZGLyG,9CzNGAEutxKHJ5CwYC5Lk8X8YzgYrQnvKChP2BFEpump;9mqJNDG2squcqZt2zC7cWWNtVozUbQUnzVnP1jG6pump;Ajz86fyiygsv8kZkUyDxogxkz5VfKRs4HTEABVTfpump;B3xU49SW3khA7m5Lgata2fmPxZeQRuaJbCruPsVDpump,4,-526.12475,6.75,4,False,is6MTRHEgyFLNTfYcuV4QBWLjrZBfmhVNYR6ccgr8KV
BrGTSccufFUri59SeD6g2ry7iwhKe2BP2FsD24BkpCZZ,3GeNgcFpMwH9ts5b3W3jddtfwhwAURaykTy8YjtrGQWT;5o9sE9FEVC12zWBd2zqPXAhoVyRiNjGfaYX6hS3Ppump;6VMsrZvNaSzddT6vkY6dEDoFMeK5EoHD4KCAycfQpump;7aLLQRBpGCaSLmmHGf34MGtbdtTumiB14d14TtDnpump,4,-252.2605,2.25,4,False,E39Wqhe1w8wWz7gyoNFnHU8BdpL2GXRNYaGMEUyJHomG
BsNemx1CrL8jBy6sepqnpXYNf91PvjaicxeGwuo6JSnq,2A6sLqrw8WN6KkgnCsN4xJkyAowBZHr2H9xQ4u3Mpump;49aM4HrGABwG9F8iAn385zzcsS6mxHEFY8YN3H7y1Cd9;7mRDn1rAqjwFQXacodr1UmkNdvAGPbtNP9k5jvBZqt9J;AgB5SxiP1DFZbW9uDAH7s8Mhv1HF21nJv67tnAAYpump,4,-304.34175,2.75,4,False,HpDE9s5Y6Ed3PxMDuwMBZRLnWFv6uLYZ2cCr9rU2ECnM
CWiNFAEk4M1y6SjvnZkmxWDmhqSmnKFcnop1WoDW3S2J,6akNLpNd11oq4q5zxhXGwr5jwUi6Ke4CvKmF6QeUwJCQ;DJejJn1iJntJVTAixy4VRgqJFF3NMKPEMgVzbJFmpump;EHUzmwAzmUix7TkwVr7b16U9ChJDr3RpjfXshR5swy5j;H8oe2SCksJcYzhPeS4TsbteusgZW5k7QaZ4boKyq8C7U,4,-236.1385,0.0,4,False,2qo8jvuc49pFmTjmUHLiARSV6ppPTaE7gw27ZJ6DnNZy
CcGUSWpKPyeRUseWnDHQMMjAmcy32WL27GbCUnHwABxY,7271ZR6GBzaGqdtP28ZqZ5BKRt2ziu4AnPnVCAL7pump;GfqKCwNeAdHHi97AmgCLP5qrwcSJRDdyZ1huiU6xUXTz;hHc9579gpKUnvYvgcKyjdpe1UhmfVfGzGwMQCADpump;sMe5iUcgTe4VXmg4WaShF5kuk6GmcKF3y4HqKGZpump,4,-23558.841500000002,9.75,4,False,Biw4eeaiYYYq6xSqEd7GzdwsrrndxA8mqdxfAtG3PTUU
CtypBtuREmcupYzfA7Y8afwQtorMRc5HBkbE3qhwroNr,44s336LDz8bXp4rpxy1qwUfysZ4THjpReQWTKQg7pump;47r9YPDeTVpwHjAakoVgnzNTJRChXC8f4KSUqMbEsBbM;5nnWe5SCBaNMC3oNiR7utth6kx3mH1dhmCarjDb91shW;67afrnTxo8DVc52Uev61Yo4Yr9BGQpRw1RpPMWcx42La,4,-196.38275,11.0,4,False,FWznbcNXWQuHTawe9RxvQ2LdCENssh12dsznf4RiouN5
D5d2honrUBF81xyczcAWTXvhKmiX136V7u4fwpMQrBpP,28HydoWU7TZQxWiVQxGZyspE3qgWdCHToNDVgLoNpump;4ZUjJ5EJbwfh7teotB29uHc1SC3SiqbrkwJoNgsxibbU;7Q9VxTczrzgvjXWbJJZibR7hbYAohngsNsuEhdEcpump;DkDwxjD5JFK7hd7qUNHqNaTeqDGcZ1ia3Y6E7EUiehEn,4,-104.962,205.25,4,False,AafSV3e1bdTKteo9NpQg9iuLWHK5pG7hJSUYdzCZHQaE
DpBUrt6HsNvdPXV7eXGvfDZsUD9QLQZvYdno52YqtffV,3GeNgcFpMwH9ts5b3W3jddtfwhwAURaykTy8YjtrGQWT;7xXo3JYBqzh6D91XRppzFRLfw8wJHypeukGaNWwKgZ8m;8ypYfW5cjafrfAZij8TZj5SFHAbPNpiRio96LMzypDkn;Ajz86fyiygsv8kZkUyDxogxkz5VfKRs4HTEABVTfpump,4,-452.9275,5.0,4,False,9Xj7aXj37aREWyyBSYFKYvZjSqwgsUoo9grVomJU8gku
DxhpC9c4kGkYJR34xUrfFeDx9vwb6yoHUMWrTCZybwtH,44s336LDz8bXp4rpxy1qwUfysZ4THjpReQWTKQg7pump;4ZUjJ5EJbwfh7teotB29uHc1SC3SiqbrkwJoNgsxibbU;69N7rm9nnp6sVoULtp5toD26F25rYum8593GupxkUYvH;BE5ciZmcADAX78u2a1GrFiPMPC3rNXtdPGUrhzWB4k5d,4,-187.17025,0.0,4,False,5tzFkiKscXHK5ZXCGbXZxdw7gTjjD1mBwuoFbhUvuAi9
DzRqREhHeiSVpGSurhnHvyqoFrweh99u9yUSdXL6CQft,4GRTznsfLTRqaB2uMAFmmgaWtvfVyBb4qCsTjskUpump;AbpJywMWmkf1MFonRddPVogSwPPZHB9pG4x2nKb1YaPn;DTm66ivA96mhuQnqTy1cv7uELS4MHdYtpbRGJdW9t7Fn;hHc9579gpKUnvYvgcKyjdpe1UhmfVfGzGwMQCADpump,4,-23361.14725,3.5,4,False,FpfsHusKvqc9LhupVPB1R67HuCiWDKrZMN4SJitrMdTj
EANGmhfRYdu8qEYPNGCmCEK2xbfbzjF89wteUUBapBEZ,4ZUjJ5EJbwfh7teotB29uHc1SC3SiqbrkwJoNgsxibbU;4n32UBFWKJNPQayeN25GrLJHswbja41XFMxebcg9pump;F41TwidZvJJcsx9c2BMwS6eH9W6HcUT4LzPmGvK9WU6N;H8oe2SCksJcYzhPeS4TsbteusgZW5k7QaZ4boKyq8C7U,4,-416.01075,46.5,4,False,FpwQQhQQoEaVu3WU2qZMfF1hx48YyfwsLoRgXG83E99Q
EM1ZyNA3g4rr9MBzSEA36QqWd7t7cp54zDidm3YskyeU,5o43e7gYZWFNEpdqkegHY6LXkhMXB1z6f7d6TAVGEMTM;9xhMStAAufkH5jA5nevaGy6M9fCsQ74BZnsXyo93DkfA;hHc9579gpKUnvYvgcKyjdpe1UhmfVfGzGwMQCADpump;rMPLDvnn6KR773WNhZvtFNcgFwnRkc7UbPkUaiMpump,4,-23490.1385,4.75,4,False,AxiomRYAid8ZDhS1bJUAzEaNSr69aTWB9ATfdDLfUbnc
EWdAgcTdywcj5JxK4PEB4wN9zW2vtJDDrZcjbCUo3QaL,6XD1vorwquLXjTSL5W4MJMGewZBeiEcPFmZw527TSwva;6akNLpNd11oq4q5zxhXGwr5jwUi6Ke4CvKmF6QeUwJCQ;BE5ciZmcADAX78u2a1GrFiPMPC3rNXtdPGUrhzWB4k5d;GL7M1C4QeLoURyexYgdhuP8SvaPh5LHQLRqKha3epump,4,-122.00625000000001,5.0,4,False,46Zk9VL676HwJTMWrhFTxLdFeP1oL4vsCwRnK9g2HMbj
FBvxneTq8dY7WKxj924CseuveWzDL5tN9JuSW3S9nJkN,3vfxnHSCS139RZiw6MPZaEvhySnjbEi81GuF5EdNpump;4GRTznsfLTRqaB2uMAFmmgaWtvfVyBb4qCsTjskUpump;CHygERrxnc5QByNCwxUNSMhP7tKJA7rh6hNBdJ2spump;GL7M1C4QeLoURyexYgdhuP8SvaPh5LHQLRqKha3epump,4,-565.71025,2.0,4,False,iGdFcQoyR2MwbXMHQskhmNsqddZ6rinsipHc4TNSdwu
Ft2jWws5CduAu9BB2yqKdsaNVQRNegLm6Sk82nJBRgmd,3coFBLantjJkMRmzaQ4znMQQzfqFYTyBeNhdXYAzpump;4GRTznsfLTRqaB2uMAFmmgaWtvfVyBb4qCsTjskUpump;AmWCcDf6tG7zB3VPeDVjeXL5N567fXAiHcTKw3xXpump;F59cEB3A7RAKHGtkvR577swnPSP6EsdaBoL5AcVZpump,4,-926.8595,4.75,4,False,6aa89USZ9fwM1xAqgwh1kb7pnsuh58ohzBxBnJVtfokZ
GG4EPBKX4mp1ztJ2mPkNpsjC36Ka4QMJ1rFMkHbHzAex,44s336LDz8bXp4rpxy1qwUfysZ4THjpReQWTKQg7pump;AmWCcDf6tG7zB3VPeDVjeXL5N567fXAiHcTKw3xXpump;B3xU49SW3khA7m5Lgata2fmPxZeQRuaJbCruPsVDpump;BUPNYwndVGfzVb6RG6q2PX53VdAimw2Mi98QxqeWpump,4,-550.2284999999999,0.0,4,False,Vs8mZKY6huXzXHRZ8XRegA7oAt5Fc27gcdpJg256JJi
GTnbqqrYg8tv9gsievtfDGxMi9FVGikNu3HiSxb4Wukr,7p4MwwkUaMv4gBThVkW46QjwVaosaUrccbFV1MbXpump;8G7aM6Gco4fHjVpmVvUdVvhKMKaWXJEqkCKRvPdepump;8qT3o4k4aUmyLrgd7hHYmVxin3kFhQ9QsXdSXTP6pump;EkTkjVEfhvgkoCwheMTnr8mhEmJ6Q7ZR8q7ZMCcnpump,4,-555.7165,0.0,4,False,AKdUe9zfRoAytCeNLzF7Kz8Deh4yFZRySQ2Rx4wVMucc
Gg3ska7ScdMZX5nPgsM7wBfprRhNp6cuS2zuG7UFXcDv,7p4MwwkUaMv4gBThVkW46QjwVaosaUrccbFV1MbXpump;8G7aM6Gco4fHjVpmVvUdVvhKMKaWXJEqkCKRvPdepump;8qT3o4k4aUmyLrgd7hHYmVxin3kFhQ9QsXdSXTP6pump;EkTkjVEfhvgkoCwheMTnr8mhEmJ6Q7ZR8q7ZMCcnpump,4,-555.7165,0.0,4,False,AeEz9p5AdV4LwqmNXD7d2v5ZDwLcLdt9GuTUWKEmC8qp
GpWzQoGQRY5Lcb4NTeZvb2HjCcG5y8Wy46TBejzZu18g,3coFBLantjJkMRmzaQ4znMQQzfqFYTyBeNhdXYAzpump;4GRTznsfLTRqaB2uMAFmmgaWtvfVyBb4qCsTjskUpump;CSLP8Vp7u9hrXQi7crPXqCp7BaJaG4JrNxqvR3jDpump;HJPjdsDmcvgCj4MV3NvqCWd78qDP8BMzGfrsk4Nbpump,4,-560.16875,4.75,4,False,8TuTs4KCzRQZNuiJZaEG2JikytsockR4tg4qAQxqt3YL
H54i95gYfvbKe16Z4WUH8P5XV8o7fK5DPAAjBN5QoymZ,7271ZR6GBzaGqdtP28ZqZ5BKRt2ziu4AnPnVCAL7pump;EoKqyKksc4ekiPVuBD9FiztYQHkV59x8KTcZ3ReLpump;Er5RuNhTEwJH5dHv9c3YGATjgkLCETH4dKazntyWEtXY;UsrcsZMqw6p53Fohu16UCBjsbjqc73XmoRFZDcnCtMR,4,-540.5455000000001,8.5,4,False,5tzFkiKscXHK5ZXCGbXZxdw7gTjjD1mBwuoFbhUvuAi9
HW4UkuG9uTuFvrTjJB5euuwPLTRQ1oCQ7doCZSVLRkHC,4GRTznsfLTRqaB2uMAFmmgaWtvfVyBb4qCsTjskUpump;9CzNGAEutxKHJ5CwYC5Lk8X8YzgYrQnvKChP2BFEpump;DQ2H7qcj262RAKfSxGYeL7cYJq54mVdXe4gYxUwxpump;GL7M1C4QeLoURyexYgdhuP8SvaPh5LHQLRqKha3epump,4,-292.368,4.75,4,False,7r5K1W2SpmDoZ7y87QtSPovw93u3bse1cg8N8WaN8ym9
HX3MjY4Ap3wwwrndXEmwAhQwQ6bZCmP9XbdvR2b1RKvw,7271ZR6GBzaGqdtP28ZqZ5BKRt2ziu4AnPnVCAL7pump;GfqKCwNeAdHHi97AmgCLP5qrwcSJRDdyZ1huiU6xUXTz;hHc9579gpKUnvYvgcKyjdpe1UhmfVfGzGwMQCADpump;sMe5iUcgTe4VXmg4WaShF5kuk6GmcKF3y4HqKGZpump,4,-23558.841500000002,9.75,4,False,Biw4eeaiYYYq6xSqEd7GzdwsrrndxA8mqdxfAtG3PTUU
HcWPg6ELLoWAX1rJuqabbu5BUWEoAmJv4JczgohAn3Fq,25GrKYrc3y4LZmmuhppYgFRCKb7JyZ6grum4WhLYvA1z;5EZ7yagvcsHcwH3e17khLwGzhFrCsx7CKS7ZN6J6i4Lh;67afrnTxo8DVc52Uev61Yo4Yr9BGQpRw1RpPMWcx42La;7HiD5rzoZxAYXEJ8Z4t3WgM8VE1iSKWJdxPPyEdDNzwN,4,-315.31850000000003,1.75,4,False,H7sWT7eP83vkim7Gp81qsPwQzuzJK3E6Ps9KLbUezoCc
Hn9B5qcoHAQZg6YsjT6twgugzw1YTNF9qahC1n7UKBao,5nnWe5SCBaNMC3oNiR7utth6kx3mH1dhmCarjDb91shW;6gKx5EMvnymTVz2JgFhJAqpGxTYaBdVsaLb9YfPfvg4Y;B3xU49SW3khA7m5Lgata2fmPxZeQRuaJbCruPsVDpump;JAqRn24FuQ5MFReXNgXb8uFej5vHJDxhVtebpQvHTQZy,4,-375.5745,5.0,4,False,5tzFkiKscXHK5ZXCGbXZxdw7gTjjD1mBwuoFbhUvuAi9
J2L495ZPcJ6Btuyd4YqXz5uw7hpKiQXGcLvALwumabED,5o43e7gYZWFNEpdqkegHY6LXkhMXB1z6f7d6TAVGEMTM;9xhMStAAufkH5jA5nevaGy6M9fCsQ74BZnsXyo93DkfA;hHc9579gpKUnvYvgcKyjdpe1UhmfVfGzGwMQCADpump;rMPLDvnn6KR773WNhZvtFNcgFwnRkc7UbPkUaiMpump,4,-23490.1385,4.75,4,False,5tzFkiKscXHK5ZXCGbXZxdw7gTjjD1mBwuoFbhUvuAi9
J4hrKzU3oNwmAk1L93woL2qVW2uAkZ3XQpx52WnAQupw,5Sg1vv51KGCSDF2gBHgbNATCEXFjYtVhWgztNUwtgJYD;9CzNGAEutxKHJ5CwYC5Lk8X8YzgYrQnvKChP2BFEpump;9xhMStAAufkH5jA5nevaGy6M9fCsQ74BZnsXyo93DkfA;CSLP8Vp7u9hrXQi7crPXqCp7BaJaG4JrNxqvR3jDpump,4,-318.043,5.75,4,False,AaZkwhkiDStDcgrU37XAj9fpNLrD8Erz5PNkdm4k5hjy
PMJA8UQDyWTFw2Smhyp9jGA6aTaP7jKHR7BPudrgyYN,5o43e7gYZWFNEpdqkegHY6LXkhMXB1z6f7d6TAVGEMTM;9xhMStAAufkH5jA5nevaGy6M9fCsQ74BZnsXyo93DkfA;hHc9579gpKUnvYvgcKyjdpe1UhmfVfGzGwMQCADpump;rMPLDvnn6KR773WNhZvtFNcgFwnRkc7UbPkUaiMpump,4,-23490.1385,4.75,4,False,J7pHJSM3SSzjFGs1bV4DQa7ADkj84ynEtFBL92rQjUXF
ssssswdk4RR8HqkE3uwUWzDbd6mXFTTPjcXBKNzQ57E,2iSB473Z7L2ndpWs3n22tb7H3KSGpswDTH3jP7qCCAZT;4n32UBFWKJNPQayeN25GrLJHswbja41XFMxebcg9pump;4prKtarobdhYDY4Hu3uGZMx7Je4HqPJeLVyxN6m4Ld3T;ASftCNtzPNmK3nMDvpQNvpLauKS45Vkq7kwTPutqUBL1,4,-742.33575,31.5,4,False,8NmNgDKZYiqHfB4hgCcg2iYMi6UFcBCsvnatuVBqgZYG
1uVqKCwP2XNYaJrzYjf5jBDJArZdb46h6VQ5b3mzgyf,9mqJNDG2squcqZt2zC7cWWNtVozUbQUnzVnP1jG6pump;B3xU49SW3khA7m5Lgata2fmPxZeQRuaJbCruPsVDpump;BUPNYwndVGfzVb6RG6q2PX53VdAimw2Mi98QxqeWpump,3,-539.7253333333333,0.0,3,False,otkKFLrUvvpc22sX4Qm97cdrp9m5qYExD5LKakC97DM
2F2c5EyXoxreThVusdrQHduDPD6pjDnYfNDrHGprtJKp,AgB5SxiP1DFZbW9uDAH7s8Mhv1HF21nJv67tnAAYpump;EkTkjVEfhvgkoCwheMTnr8mhEmJ6Q7ZR8q7ZMCcnpump;HJPjdsDmcvgCj4MV3NvqCWd78qDP8BMzGfrsk4Nbpump,3,-473.791,3.3333333333333335,3,False,Bf6ZTJ5wrKk73N8Zsq4BSxF11gj3jF6jgqqdueLB2LS7
2M4nec5AdyUKuhg27pLDBBA7V4JunoERcRHtfcfxs5rh,7271ZR6GBzaGqdtP28ZqZ5BKRt2ziu4AnPnVCAL7pump;9xhMStAAufkH5jA5nevaGy6M9fCsQ74BZnsXyo93DkfA;Ajz86fyiygsv8kZkUyDxogxkz5VfKRs4HTEABVTfpump,3,-707.2779999999999,4.333333333333333,3,False,iGdFcQoyR2MwbXMHQskhmNsqddZ6rinsipHc4TNSdwu
2S4b4i8EBsJDdxHTQWibdsuzr8o8QhjUsPpvsW6HhFAe,2iSB473Z7L2ndpWs3n22tb7H3KSGpswDTH3jP7qCCAZT;49aM4HrGABwG9F8iAn385zzcsS6mxHEFY8YN3H7y1Cd9;ASftCNtzPNmK3nMDvpQNvpLauKS45Vkq7kwTPutqUBL1,3,-684.7663333333334,0.0,3,False,DQ5JWbJyWdJeyBxZuuyu36sUBud6L6wo3aN1QC1bRmsR
2UYEBF1wXNDhcsjgRBvG8sp7aWRLbzF3MXU8hdn2yNpU,49aM4HrGABwG9F8iAn385zzcsS6mxHEFY8YN3H7y1Cd9;AbpJywMWmkf1MFonRddPVogSwPPZHB9pG4x2nKb1YaPn;hHc9579gpKUnvYvgcKyjdpe1UhmfVfGzGwMQCADpump,3,-31073.478333333333,3.3333333333333335,3,False,Fhbh1DTUDKt6qu9zVg8Q5VgnZa1WWWbxBxG6pCoJoggA
2kw9zcTqxhtq8MDDb9JXJ1F315nfZvwBRuMTv3NYs4M9,3vfxnHSCS139RZiw6MPZaEvhySnjbEi81GuF5EdNpump;CziyAr14UNUrfkxpioWSumkLXMwWnDWN2bu2WR5ao7kc;sMe5iUcgTe4VXmg4WaShF5kuk6GmcKF3y4HqKGZpump,3,-537.7123333333333,19.0,3,False,8h9qMcPD6EddExbrgaxWNh966WvWZVC8LtwoWYzM7mUV
2mqrindMAjJEQPLhroYWyiYPo5h9iAsahfdd4QtsjwdY,3coFBLantjJkMRmzaQ4znMQQzfqFYTyBeNhdXYAzpump;DQ2H7qcj262RAKfSxGYeL7cYJq54mVdXe4gYxUwxpump;G9r7nnHSgvb7LUfCE8kavRaKokEMMYBjVHGKvQ6dpump,3,-539.6066666666667,0.0,3,False,2ccgxuZv5NEngCwWqj6zjwxHWVc8RDwXgMUfUnmpTYHQ
38V2r5forPyyhGYVEzpU71UVUC5uftCwfoTALaa7RNS3,7aLLQRBpGCaSLmmHGf34MGtbdtTumiB14d14TtDnpump;8qT3o4k4aUmyLrgd7hHYmVxin3kFhQ9QsXdSXTP6pump;EkTkjVEfhvgkoCwheMTnr8mhEmJ6Q7ZR8q7ZMCcnpump,3,-212.93966666666665,5.666666666666667,3,False,5tzFkiKscXHK5ZXCGbXZxdw7gTjjD1mBwuoFbhUvuAi9
38bVgxEww3WXP1vkz84RB5NJHiYKCdDoKo56GMs5rYJG,44s336LDz8bXp4rpxy1qwUfysZ4THjpReQWTKQg7pump;6sFMbTF2VTzutzKekenJujFZBqb4TiBZJKfyLMUbpump;H9GGsNc7vA4hN13N1oU4itq8x3mrdZBdw2XdK3Mipump,3,-240.80633333333333,3.3333333333333335,3,False,6LY1JzAFVZsP2a2xKrtU6znQMQ5h4i7tocWdgrkZzkzF
3H79ieQ7Xfp1nDAbUksbZHWwXzrbN6aU83zpik5yWjMY,3coFBLantjJkMRmzaQ4znMQQzfqFYTyBeNhdXYAzpump;AbpJywMWmkf1MFonRddPVogSwPPZHB9pG4x2nKb1YaPn;DTm66ivA96mhuQnqTy1cv7uELS4MHdYtpbRGJdW9t7Fn,3,-394.67066666666665,1.0,3,False,D89hHJT5Aqyx1trP6EnGY9jJUB3whgnq3aUvvCqedvzf
3PpgE1PkUoftrPkZ5TcYzqaVHJs27baJsd4WathmNkuP,3uYT8w1FxasDGmM4WDG5kXu6D9BGvyP3iEfPJEVb6ewT;44s336LDz8bXp4rpxy1qwUfysZ4THjpReQWTKQg7pump;7xXo3JYBqzh6D91XRppzFRLfw8wJHypeukGaNWwKgZ8m,3,-328.61133333333333,11.0,3,False,HSGt4LrgzToJp3hoGVFkEkD8Ru8gdJnQLZdz4icngrkG
3ansVDDVNHZB7BYVMtyaAiq3jMP6rQ8hQwPXnVsC7KFc,9mqJNDG2squcqZt2zC7cWWNtVozUbQUnzVnP1jG6pump;B3xU49SW3khA7m5Lgata2fmPxZeQRuaJbCruPsVDpump;BUPNYwndVGfzVb6RG6q2PX53VdAimw2Mi98QxqeWpump,3,-539.7253333333333,0.0,3,False,7moqFjvm2MwAiMtCZoqYoTAPzRBxxMRT2ddyHThQuWjr
3crj9TB2QitxSKBCTz9wSFR4wvEcK3RqEdhHtSxEfhgS,49aM4HrGABwG9F8iAn385zzcsS6mxHEFY8YN3H7y1Cd9;5L6As5obMTXxKwjmGBy1LTRwW2Hm1PjSK18JhETrpump;AgB5SxiP1DFZbW9uDAH7s8Mhv1HF21nJv67tnAAYpump,3,-685.167,9.0,3,False,5tzFkiKscXHK5ZXCGbXZxdw7gTjjD1mBwuoFbhUvuAi9
3ffu3rp7qiQb7JwDXyESGFfwRsUAviuSpXm3UGDtNi5T,67afrnTxo8DVc52Uev61Yo4Yr9BGQpRw1RpPMWcx42La;BUPNYwndVGfzVb6RG6q2PX53VdAimw2Mi98QxqeWpump;DQ2H7qcj262RAKfSxGYeL7cYJq54mVdXe4gYxUwxpump,3,-472.36533333333335,0.0,3,False,WLZG31XNaD3GmdRW1GphLTLbWfh7REDQfYCURuxzAhU
3hhcEqz3doh5vSgo3x5ADbjGCdHYrt2UCELhBQQZ2iuS,3vfxnHSCS139RZiw6MPZaEvhySnjbEi81GuF5EdNpump;49aM4HrGABwG9F8iAn385zzcsS6mxHEFY8YN3H7y1Cd9;G9r7nnHSgvb7LUfCE8kavRaKokEMMYBjVHGKvQ6dpump,3,-655.3386666666667,4.0,3,False,D8otN5fvJxSa4uYZSVyD8mcKNbvygBuDUx6V14KLry5U
3tNPvytXB9yTZLgh5RGdjrXVxHp89vGeCiwx9juqgp7q,44s336LDz8bXp4rpxy1qwUfysZ4THjpReQWTKQg7pump;5o43e7gYZWFNEpdqkegHY6LXkhMXB1z6f7d6TAVGEMTM;hHc9579gpKUnvYvgcKyjdpe1UhmfVfGzGwMQCADpump,3,-31009.615333333335,0.0,3,False,PMJA8UQDyWTFw2Smhyp9jGA6aTaP7jKHR7BPudrgyYN
4Bz5ZrF2YNwZMYa3JAgukAxe3v8hytuYobdgxgHaVbzB,57ANN8dAbPX8x1BEFFwzBttkzwpKZBEiJkdiWSzVNQvS;7271ZR6GBzaGqdtP28ZqZ5BKRt2ziu4AnPnVCAL7pump;Ajz86fyiygsv8kZkUyDxogxkz5VfKRs4HTEABVTfpump,3,-697.0186666666667,11.0,3,False,ASTyfSima4LLAdDgoFGkgqoKowG1LZFDr9fAQrg7iaJZ
4Gr9GFoHb9WpCCHVUao6XFEwHq373vtJynwgH7nMTA1K,4prKtarobdhYDY4Hu3uGZMx7Je4HqPJeLVyxN6m4Ld3T;4sjtHGeAKP6DoMUdvFqQuiYKhhPpwa9XCxUyuFD2pump;6wSQipxdE9Suf8tVNaCEbcqavUbLT7gL9tibpm3Jpump,3,-469.3823333333333,15.666666666666666,3,False,EyDaZgLDSfT5GYvvfGcDaQ9oCMrNbXP9yqMUnYooQYHM
4TnayWRQizk4RpxYLusVLKumJooSWRDRAzzwKRELbCRK,69N7rm9nnp6sVoULtp5toD26F25rYum8593GupxkUYvH;6akNLpNd11oq4q5zxhXGwr5jwUi6Ke4CvKmF6QeUwJCQ;H8oe2SCksJcYzhPeS4TsbteusgZW5k7QaZ4boKyq8C7U,3,-276.97433333333333,0.0,3,False,iGdFcQoyR2MwbXMHQskhmNsqddZ6rinsipHc4TNSdwu
4UPvSdt1ki7x4cwFuNxjhxPCnQ4AXnCSTKLxYV1vXK1t,5EZ7yagvcsHcwH3e17khLwGzhFrCsx7CKS7ZN6J6i4Lh;DJejJn1iJntJVTAixy4VRgqJFF3NMKPEMgVzbJFmpump;G9r7nnHSgvb7LUfCE8kavRaKokEMMYBjVHGKvQ6dpump,3,-545.461,4.0,3,False,DQ5JWbJyWdJeyBxZuuyu36sUBud6L6wo3aN1QC1bRmsR
4VYPJRjzD4ujK83puDbfq4wBa9oFjksTNBizk4G3n9nf,7271ZR6GBzaGqdtP28ZqZ5BKRt2ziu4AnPnVCAL7pump;9xhMStAAufkH5jA5nevaGy6M9fCsQ74BZnsXyo93DkfA;Ajz86fyiygsv8kZkUyDxogxkz5VfKRs4HTEABVTfpump,3,-707.2779999999999,4.333333333333333,3,False,iGdFcQoyR2MwbXMHQskhmNsqddZ6rinsipHc4TNSdwu
4Xt42F1RdP3hmS44Nf94C4atsmsrfPgiqqKCVkhhrhvP,7aLLQRBpGCaSLmmHGf34MGtbdtTumiB14d14TtDnpump;8qT3o4k4aUmyLrgd7hHYmVxin3kFhQ9QsXdSXTP6pump;EkTkjVEfhvgkoCwheMTnr8mhEmJ6Q7ZR8q7ZMCcnpump,3,-212.93966666666665,5.666666666666667,3,False,is6MTRHEgyFLNTfYcuV4QBWLjrZBfmhVNYR6ccgr8KV
4dK89Q3VstWHWL86f3XuSv725ZTS22MCFgRy1CRSDuAT,3vfxnHSCS139RZiw6MPZaEvhySnjbEi81GuF5EdNpump;9mqJNDG2squcqZt2zC7cWWNtVozUbQUnzVnP1jG6pump;G9r7nnHSgvb7LUfCE8kavRaKokEMMYBjVHGKvQ6dpump,3,-666.1033333333334,4.333333333333333,3,False,HmnZtJPCcguuuZUxGhNd4hK1QNw11iBpRHzwJf6gaE1B
55EK3V7MApfPL4V6N5Vi6LBQbTrvXYVbFXqFNakY4E88,2Tiw1Tna3kAut868cjXuKoyrv8U8gi1YjTaXw7Czpump;4ZUjJ5EJbwfh7teotB29uHc1SC3SiqbrkwJoNgsxibbU;CziyAr14UNUrfkxpioWSumkLXMwWnDWN2bu2WR5ao7kc,3,-222.32266666666666,17.333333333333332,3,False,5tzFkiKscXHK5ZXCGbXZxdw7gTjjD1mBwuoFbhUvuAi9
5HnzXhdADMB3gn2GphZATAwfrEzzMvG5hBwT36Wtd7JX,4ZUjJ5EJbwfh7teotB29uHc1SC3SiqbrkwJoNgsxibbU;4prKtarobdhYDY4Hu3uGZMx7Je4HqPJeLVyxN6m4Ld3T;D4aEpQLW45YnWrBmztcpJHqabbPtFe9F9PTv8Umvpump,3,-1418.3483333333334,25.666666666666668,3,False,D4YBDBbhbTwfSTPaYPhZ2giiaNKD9qbzRzLMubT4WMoj
5VXEfywc7afkroqUDxVr6KCWNmZpaquwTUvHspXP5edD,3GeNgcFpMwH9ts5b3W3jddtfwhwAURaykTy8YjtrGQWT;FuF2M5T79HJdpJUbp46qwWssLXQ1Xjf1yiNSfyo5UEGC;JAqRn24FuQ5MFReXNgXb8uFej5vHJDxhVtebpQvHTQZy,3,-426.21900000000005,7.333333333333333,3,False,9tbGNjKTcJiYNE8rnCBxnD9kateC7eeposZrzD35d5wt
5ZKd8DNBFMVedS3D1ZkHVuf8X2Ha9tsUTWJZErCrg9Vz,5EZ7yagvcsHcwH3e17khLwGzhFrCsx7CKS7ZN6J6i4Lh;6akNLpNd11oq4q5zxhXGwr5jwUi6Ke4CvKmF6QeUwJCQ;G9r7nnHSgvb7LUfCE8kavRaKokEMMYBjVHGKvQ6dpump,3,-582.188,3.6666666666666665,3,False,G83xr8WJL8BTvWVwSmmcnwvEbjitD8ZDZVKAVHi6tian
62pyhnNMYsuDck9umU2DWk9HEkypke7KQ3tm75eEEDrn,7p4MwwkUaMv4gBThVkW46QjwVaosaUrccbFV1MbXpump;AmWCcDf6tG7zB3VPeDVjeXL5N567fXAiHcTKw3xXpump;B3xU49SW3khA7m5Lgata2fmPxZeQRuaJbCruPsVDpump,3,-385.35200000000003,2.3333333333333335,3,False,3ivfH1naWt6KcmAfXz7Sk235qsgn3aN6aMeFroaaGDCq
634yyAz3EbZKmQusDaQBkoLGgJhgf2UDVEXR4rfZ4aZZ,3GeNgcFpMwH9ts5b3W3jddtfwhwAURaykTy8YjtrGQWT;AbpJywMWmkf1MFonRddPVogSwPPZHB9pG4x2nKb1YaPn;AmWCcDf6tG7zB3VPeDVjeXL5N567fXAiHcTKw3xXpump,3,-389.491,5.0,3,False,HLtEGYa9yQZdhK6xGA2BA6qqQh4FxLBajdEMcUzmrPrt
63otb3qfCMz5bghv2vyEEwMoZnhnqyv7mj6rVco1hwnH,47r9YPDeTVpwHjAakoVgnzNTJRChXC8f4KSUqMbEsBbM;5nnWe5SCBaNMC3oNiR7utth6kx3mH1dhmCarjDb91shW;9ek8utEujXFmiM9wXcWKPF18y57PmeG8rsiBZGzzpump,3,-83.663,64.33366666666667,2,False,CWEd7BM7SBUE7qnmMD56mUpjprCxPm775VPs9aGPdqSq
69Vppxj63mAGdt8fMhgEK9MimbboXn5meMPrLWEegAjS,44s336LDz8bXp4rpxy1qwUfysZ4THjpReQWTKQg7pump;6gKx5EMvnymTVz2JgFhJAqpGxTYaBdVsaLb9YfPfvg4Y;6sFMbTF2VTzutzKekenJujFZBqb4TiBZJKfyLMUbpump,3,-374.835,13.666666666666666,3,False,EGjaj49NJXJTS6ekHFYZhzCPNrq4Nadbbt2h8RHqdRWc
6D14Xppf6m3kSGGXSJ45PPPDSSVAENtPLrCeoiHu6RjX,2BucyGvsg9wwTwsaFsEUFgdphrCtp94pDRtHowJUpump;47r9YPDeTVpwHjAakoVgnzNTJRChXC8f4KSUqMbEsBbM;omskHvyNvQSn3PFak3E8JHQJeSVJFsrc6izWT12pump,3,-417.93233333333336,6.0,3,False,5TjSh51DeZfDF2mWTYPDWzJhYkNkMQk3ZHfq13JaKHkf
6KR7SorsUQtNH6CB6JpAnWCAKeTysa95iyXeWihdNeGT,3GeNgcFpMwH9ts5b3W3jddtfwhwAURaykTy8YjtrGQWT;AmWCcDf6tG7zB3VPeDVjeXL5N567fXAiHcTKw3xXpump;B3xU49SW3khA7m5Lgata2fmPxZeQRuaJbCruPsVDpump,3,-392.4843333333333,5.0,3,False,BThY85WeRSHgwuuj2SPFN4MAzBdc3Mcs5VDwQPe2EtSJ
6VNAfzQKMWvqRimbSzLDf68wC6yjvW5yLn9vteZN7TQJ,57ANN8dAbPX8x1BEFFwzBttkzwpKZBEiJkdiWSzVNQvS;7271ZR6GBzaGqdtP28ZqZ5BKRt2ziu4AnPnVCAL7pump;Ajz86fyiygsv8kZkUyDxogxkz5VfKRs4HTEABVTfpump,3,-708.0186666666667,0.0,3,False,iGdFcQoyR2MwbXMHQskhmNsqddZ6rinsipHc4TNSdwu
6VzXcLk9rCLDHgRBmUGKK8HY2KvhHmR4pZPCxi4tA1kx,5EZ7yagvcsHcwH3e17khLwGzhFrCsx7CKS7ZN6J6i4Lh;7Q9VxTczrzgvjXWbJJZibR7hbYAohngsNsuEhdEcpump;AgB5SxiP1DFZbW9uDAH7s8Mhv1HF21nJv67tnAAYpump,3,-281.509,1.6666666666666667,3,False,Fhbh1DTUDKt6qu9zVg8Q5VgnZa1WWWbxBxG6pCoJoggA
6cUt6WMbsT5xh8j59AD2ZzumVszcPMGey9VB7dHvz6En,67afrnTxo8DVc52Uev61Yo4Yr9BGQpRw1RpPMWcx42La;JAqRn24FuQ5MFReXNgXb8uFej5vHJDxhVtebpQvHTQZy;sMe5iUcgTe4VXmg4WaShF5kuk6GmcKF3y4HqKGZpump,3,-342.4476666666667,19.0,3,False,Ew9xCvSGkzTLSsuBR4cwN8bnFwK6dmVMoHarrqVQfJ6f
6qDMpcMrZSBXBF4SBE8V7bohgHS8iWpMcYWBqaZZsrrM,57ANN8dAbPX8x1BEFFwzBttkzwpKZBEiJkdiWSzVNQvS;7271ZR6GBzaGqdtP28ZqZ5BKRt2ziu4AnPnVCAL7pump;Ajz86fyiygsv8kZkUyDxogxkz5VfKRs4HTEABVTfpump,3,-697.0186666666667,11.0,3,False,iGdFcQoyR2MwbXMHQskhmNsqddZ6rinsipHc4TNSdwu
6vB9VfGpjtSTYdhJ9ZMTLXC32UDCCaKpeQmSVnGNHgXh,5Sg1vv51KGCSDF2gBHgbNATCEXFjYtVhWgztNUwtgJYD;EHUzmwAzmUix7TkwVr7b16U9ChJDr3RpjfXshR5swy5j;omskHvyNvQSn3PFak3E8JHQJeSVJFsrc6izWT12pump,3,-214.44066666666666,3.6666666666666665,3,False,8RvtT8189KpAq5MkXGVHFn6LdZpxq9PkvDeAvs1g5Yj4
76VCjPWLJWHT5v5F7gfsUD7at7T6CEazLs1VGZeZoWkF,7mRDn1rAqjwFQXacodr1UmkNdvAGPbtNP9k5jvBZqt9J;BZYpLHhui3qRNokWFg2JcX8CYtMqzWHR5R4xowjcbPqh;BmU6YJP2YCAo8sc2dkeR8KjvF3rGFBHZL25ejysppump,3,-135.50333333333336,0.0,3,False,3Q3pUQ5fkRjJFaMEuH7j3NQut3SuMRhASU6BRAgwsKMV
7777P2fkxsNCi3DLbfyv16c4PDRaZ1FJDZngvcv5FVu6,67afrnTxo8DVc52Uev61Yo4Yr9BGQpRw1RpPMWcx42La;7mRDn1rAqjwFQXacodr1UmkNdvAGPbtNP9k5jvBZqt9J;Er5RuNhTEwJH5dHv9c3YGATjgkLCETH4dKazntyWEtXY,3,-161.64133333333334,3.6666666666666665,3,False,UUUU14F4t4BMN5D9NLWmxJfmZzTLEgtb11Gats6z69U
77wS9zZHJ57AXR2QvkX8Fu8iqUPBbYvUnJ2irb36QyTG,7HiD5rzoZxAYXEJ8Z4t3WgM8VE1iSKWJdxPPyEdDNzwN;H8oe2SCksJcYzhPeS4TsbteusgZW5k7QaZ4boKyq8C7U;UsrcsZMqw6p53Fohu16UCBjsbjqc73XmoRFZDcnCtMR,3,-228.98266666666666,10.0,3,False,5ZtzVYRuF7sEhot31S68xHRCKDMkDdFtTp1iujTRjowV
7BBGHVx6sQbxhQ2N1HMgeHRqiTYQCHarwLCutJGgiwZr,8ypYfW5cjafrfAZij8TZj5SFHAbPNpiRio96LMzypDkn;9PNfxvTARzdxvQas2uknW57bnfMCS1dxW1He7rPbuhuQ;H8oe2SCksJcYzhPeS4TsbteusgZW5k7QaZ4boKyq8C7U,3,-214.955,7.666666666666667,3,True,8TQq9tVnqaaLYjiQNbQ1E1MLBkBGAffbrba5QdCj3pw8
7moqFjvm2MwAiMtCZoqYoTAPzRBxxMRT2ddyHThQuWjr,9mqJNDG2squcqZt2zC7cWWNtVozUbQUnzVnP1jG6pump;B3xU49SW3khA7m5Lgata2fmPxZeQRuaJbCruPsVDpump;BUPNYwndVGfzVb6RG6q2PX53VdAimw2Mi98QxqeWpump,3,-539.7253333333333,0.0,3,False,9obNtb5GyUegcs3a1CbBkLuc5hEWynWfJC6gjz5uWQkE
7rzHb25KeVs1WeeSaRHTouJWiCiSJKkxE14DvYCNkw3k,55bKo8bj1YVEgsbwkkd4Nwu7JhaZF9trUgbvpZ3YeVCA;ASftCNtzPNmK3nMDvpQNvpLauKS45Vkq7kwTPutqUBL1;sMe5iUcgTe4VXmg4WaShF5kuk6GmcKF3y4HqKGZpump,3,-415.0926666666667,9.666666666666666,3,False,iGdFcQoyR2MwbXMHQskhmNsqddZ6rinsipHc4TNSdwu
8CvFWU1Hfmy7HkS7eWG2x8EMtQxAzCr7KcukKwspGFwB,2BucyGvsg9wwTwsaFsEUFgdphrCtp94pDRtHowJUpump;7271ZR6GBzaGqdtP28ZqZ5BKRt2ziu4AnPnVCAL7pump;7p4MwwkUaMv4gBThVkW46QjwVaosaUrccbFV1MbXpump,3,-755.4863333333333,2.3333333333333335,3,False,AxiomRXZAq1Jgjj9pHmNqVP7Lhu67wLXZJZbaK87TTSk
8DDkEWgV5yergncamSkey91e5hg3LseRHnXts3VKcGAo,3uYT8w1FxasDGmM4WDG5kXu6D9BGvyP3iEfPJEVb6ewT;47r9YPDeTVpwHjAakoVgnzNTJRChXC8f4KSUqMbEsBbM;4ZUjJ5EJbwfh7teotB29uHc1SC3SiqbrkwJoNgsxibbU,3,-132.352,25.666666666666668,3,False,99RvUgWCWZVmV1f68AJS43eLn24uugEtiq7Xx1LiyobK
8FjipgAr2qxD7hVVkidEmTodNa1pCv1eMEFHk7TbJmED,3GeNgcFpMwH9ts5b3W3jddtfwhwAURaykTy8YjtrGQWT;5DoZAeBkoci5t5zPhUiuhQFjuzYTfkSv5Seojsxppump;6gKx5EMvnymTVz2JgFhJAqpGxTYaBdVsaLb9YfPfvg4Y,3,-364.16333333333336,6.666666666666667,3,False,G2YxRa6wt1qePMwfJzdXZG62ej4qaTC7YURzuh2Lwd3t
8NJ7Ujpji8uMF2675mqaTSEm2DCbfJA7fiRKtiaqkaLN,44s336LDz8bXp4rpxy1qwUfysZ4THjpReQWTKQg7pump;5o43e7gYZWFNEpdqkegHY6LXkhMXB1z6f7d6TAVGEMTM;hHc9579gpKUnvYvgcKyjdpe1UhmfVfGzGwMQCADpump,3,-31009.615333333335,0.0,3,False,J2L495ZPcJ6Btuyd4YqXz5uw7hpKiQXGcLvALwumabED
8QLGSQ7EPAiTAUtqDDtTn1pkdRvGHS5QFxZhR8Aiazaq,28HydoWU7TZQxWiVQxGZyspE3qgWdCHToNDVgLoNpump;2Tiw1Tna3kAut868cjXuKoyrv8U8gi1YjTaXw7Czpump;9ek8utEujXFmiM9wXcWKPF18y57PmeG8rsiBZGzzpump,3,-60.12466666666666,79.667,2,False,7KV697MNagyACpt45qe74oMq4D4SFDW8Sd6TJYLSLDtk
8XEsovzLjQQZWMTj2xPsJeVRKcztQmnAQTqiZyDnkhFa,2iSB473Z7L2ndpWs3n22tb7H3KSGpswDTH3jP7qCCAZT;49aM4HrGABwG9F8iAn385zzcsS6mxHEFY8YN3H7y1Cd9;ASftCNtzPNmK3nMDvpQNvpLauKS45Vkq7kwTPutqUBL1,3,-684.7663333333334,0.0,3,False,6LY1JzAFVZsP2a2xKrtU6znQMQ5h4i7tocWdgrkZzkzF
8dwubKnL4FmmZsFt9cobpneFWH5azwRqDvciT2vsuQxS,3GeNgcFpMwH9ts5b3W3jddtfwhwAURaykTy8YjtrGQWT;5DoZAeBkoci5t5zPhUiuhQFjuzYTfkSv5Seojsxppump;6gKx5EMvnymTVz2JgFhJAqpGxTYaBdVsaLb9YfPfvg4Y,3,-364.16333333333336,6.666666666666667,3,False,G2YxRa6wt1qePMwfJzdXZG62ej4qaTC7YURzuh2Lwd3t
91RpCePwmwCvSq5FjnBLvzCG748rMu4xcCCoxLedfejs,49aM4HrGABwG9F8iAn385zzcsS6mxHEFY8YN3H7y1Cd9;4ZUjJ5EJbwfh7teotB29uHc1SC3SiqbrkwJoNgsxibbU;AgB5SxiP1DFZbW9uDAH7s8Mhv1HF21nJv67tnAAYpump,3,-176.98366666666666,4.333333333333333,3,False,5tzFkiKscXHK5ZXCGbXZxdw7gTjjD1mBwuoFbhUvuAi9
99xnE2zEFi8YhmKDaikc1EvH6ELTQJppnqUwMzmpLXrs,3uYT8w1FxasDGmM4WDG5kXu6D9BGvyP3iEfPJEVb6ewT;5nnWe5SCBaNMC3oNiR7utth6kx3mH1dhmCarjDb91shW;xeKm1qmxyHLJZLdwKpsZdx5UFtYyb124GTWRZWypump,3,-153.56866666666664,12.0,3,False,GYxtyhiD92WDbUxbGMtCmyTpwXejXFWrSjNEhFtCk5aZ
9B3R9F54rtugc1QoFa8o3z8uUCnxcTTAJqnkF6mRkf8b,3GeNgcFpMwH9ts5b3W3jddtfwhwAURaykTy8YjtrGQWT;55bKo8bj1YVEgsbwkkd4Nwu7JhaZF9trUgbvpZ3YeVCA;6wSQipxdE9Suf8tVNaCEbcqavUbLT7gL9tibpm3Jpump,3,-217.47933333333333,16.0,3,False,4vUhZCb8FHDUtVrY7Ud2jrQ4TgfEXMvq1s4KP5thj197
9UEU5WSTcMfnuLZ2KFmSRpatYfabp4kaaBRZZwpRbRNA,13V3CbY7Q7AXnf24FMsUaQrmLxnRU4Md9phDEWZvpump;9mqJNDG2squcqZt2zC7cWWNtVozUbQUnzVnP1jG6pump;AmWCcDf6tG7zB3VPeDVjeXL5N567fXAiHcTKw3xXpump,3,-449.61899999999997,3.6666666666666665,3,False,2RLMU5oeepXyQ98u6vG6Ssusr4ZRFRH7RxDWvkAEcDi5
9tbGNjKTcJiYNE8rnCBxnD9kateC7eeposZrzD35d5wt,3GeNgcFpMwH9ts5b3W3jddtfwhwAURaykTy8YjtrGQWT;FuF2M5T79HJdpJUbp46qwWssLXQ1Xjf1yiNSfyo5UEGC;JAqRn24FuQ5MFReXNgXb8uFej5vHJDxhVtebpQvHTQZy,3,-426.21900000000005,7.333333333333333,3,False,4domd1azK6PRgeZD5bnGxrkf2KzBJmoq8U9aNDSGimRR
AA3r25VTmVGWjQNCPZnuJkqGBcrCgtfkB6jZtDUSBYYt,47r9YPDeTVpwHjAakoVgnzNTJRChXC8f4KSUqMbEsBbM;6sFMbTF2VTzutzKekenJujFZBqb4TiBZJKfyLMUbpump;AbpJywMWmkf1MFonRddPVogSwPPZHB9pG4x2nKb1YaPn,3,-270.22633333333334,7.0,3,False,HS2MU94rj7bvjafDV3vkmiNQZfFUPPZsM3As8U9TME2Z
ADkquSiH1zS6LmGoJxzwE6x44gpE6S3KWLALqNc3sTDs,9mqJNDG2squcqZt2zC7cWWNtVozUbQUnzVnP1jG6pump;BZYpLHhui3qRNokWFg2JcX8CYtMqzWHR5R4xowjcbPqh;F59cEB3A7RAKHGtkvR577swnPSP6EsdaBoL5AcVZpump,3,-863.494,0.6666666666666666,3,False,iGdFcQoyR2MwbXMHQskhmNsqddZ6rinsipHc4TNSdwu
AJEoYSg3KFGm8VLaZqPf4QC8pkQHFikfmVg57AZv1HHZ,57ANN8dAbPX8x1BEFFwzBttkzwpKZBEiJkdiWSzVNQvS;7271ZR6GBzaGqdtP28ZqZ5BKRt2ziu4AnPnVCAL7pump;Ajz86fyiygsv8kZkUyDxogxkz5VfKRs4HTEABVTfpump,3,-708.0186666666667,0.0,3,False,iGdFcQoyR2MwbXMHQskhmNsqddZ6rinsipHc4TNSdwu
AS6akYpZQydPnhrphuEkzAajBLYmkByHcKcMuLHfbEg8,3f8CKfznVUGrFfhcq8ZBY9M1xyDeEQGrh6iH372h3ebN;BE5ciZmcADAX78u2a1GrFiPMPC3rNXtdPGUrhzWB4k5d;GfqKCwNeAdHHi97AmgCLP5qrwcSJRDdyZ1huiU6xUXTz,3,-70.82266666666668,18.333333333333332,3,False,5bf8yayaK5gSLxLY48ryuqrBpmrxVPrDzwLXE5u3Dj48
AYJpwUnCZWaAhgTfU85eGUbSy59c5u9VzM8mbE6VLrUV,6XD1vorwquLXjTSL5W4MJMGewZBeiEcPFmZw527TSwva;9PNfxvTARzdxvQas2uknW57bnfMCS1dxW1He7rPbuhuQ;H9GGsNc7vA4hN13N1oU4itq8x3mrdZBdw2XdK3Mipump,3,-104.89866666666667,9.666666666666666,3,False,HptqceDZkTdBuErSag8pjmGb9ScozyT9nZiRWPniSDCi
AbibCB5obxY8bQdq4W91FuCP1Wcc7FNXVUp4KJbtwFKJ,5pSEZw1iytqYznD7crsGyKNek7q5JkjBqj2KmfqxUVZd;8qT3o4k4aUmyLrgd7hHYmVxin3kFhQ9QsXdSXTP6pump;EkTkjVEfhvgkoCwheMTnr8mhEmJ6Q7ZR8q7ZMCcnpump,3,-185.26500000000001,9.666666666666666,3,False,8mowmVCEewZ9W2cEaQyQeQEeSxhGr1hvRviLwozwNtBt
Akr3DzP8ZFKo8J2YmEBCpDoUqZKiFwea9E4UvqChnTV7,57ANN8dAbPX8x1BEFFwzBttkzwpKZBEiJkdiWSzVNQvS;CSLP8Vp7u9hrXQi7crPXqCp7BaJaG4JrNxqvR3jDpump;GfqKCwNeAdHHi97AmgCLP5qrwcSJRDdyZ1huiU6xUXTz,3,-162.05266666666668,0.3333333333333333,3,False,BKZdjzgsvGyukhsFpUBV5nbwVUQfn6Y3hsnG7GNp2G83
Anubis512ho5t7S6LNSwoxUWdeQmX2kf3RvZ8ApHHF5w,9mqJNDG2squcqZt2zC7cWWNtVozUbQUnzVnP1jG6pump;CSLP8Vp7u9hrXQi7crPXqCp7BaJaG4JrNxqvR3jDpump;EHUzmwAzmUix7TkwVr7b16U9ChJDr3RpjfXshR5swy5j,3,-245.5186666666667,2.0,3,False,3pipuMLaV85fAtxYWJkmpFnPfsKeacyZVLgsAJ799LTz
AoFQouMn7LLo6NfzRcBu8obUdxF6KfzPZSy6SwRv88Mv,7mRDn1rAqjwFQXacodr1UmkNdvAGPbtNP9k5jvBZqt9J;BZYpLHhui3qRNokWFg2JcX8CYtMqzWHR5R4xowjcbPqh;BmU6YJP2YCAo8sc2dkeR8KjvF3rGFBHZL25ejysppump,3,-135.50333333333336,0.0,3,False,3Q3pUQ5fkRjJFaMEuH7j3NQut3SuMRhASU6BRAgwsKMV
ApSqUG7VPy8dr5adZW6CNCcANshz9LgYarvnTYv8tMhM,2iSB473Z7L2ndpWs3n22tb7H3KSGpswDTH3jP7qCCAZT;5pSEZw1iytqYznD7crsGyKNek7q5JkjBqj2KmfqxUVZd;BE5ciZmcADAX78u2a1GrFiPMPC3rNXtdPGUrhzWB4k5d,3,-459.57033333333334,13.0,3,False,4GcCNFbMnCw1GX157hHCYyrSZFoxbWBdPbvZMboZHGfV
AxUfULyBzPc8LA9HwBePCg3E5PYGgjJjCBgvqGMaGnHd,57ANN8dAbPX8x1BEFFwzBttkzwpKZBEiJkdiWSzVNQvS;7271ZR6GBzaGqdtP28ZqZ5BKRt2ziu4AnPnVCAL7pump;Ajz86fyiygsv8kZkUyDxogxkz5VfKRs4HTEABVTfpump,3,-708.0186666666667,0.0,3,False,8mowmVCEewZ9W2cEaQyQeQEeSxhGr1hvRviLwozwNtBt
B3tzc5vz2XrK9Hjd3r8Mxb1zk2rnAShP3tDQ56PJjV4S,3vfxnHSCS139RZiw6MPZaEvhySnjbEi81GuF5EdNpump;7aLLQRBpGCaSLmmHGf34MGtbdtTumiB14d14TtDnpump;DTm66ivA96mhuQnqTy1cv7uELS4MHdYtpbRGJdW9t7Fn,3,-441.53933333333333,0.0,3,False,ErCFj962LNokSLesjFtHjvh8DoXD23P866zJsMS61KZ2
BAscvCT17s9uUZCmaETRJ2rBYUEnytrisCJ7xoyS8ap3,6akNLpNd11oq4q5zxhXGwr5jwUi6Ke4CvKmF6QeUwJCQ;9PNfxvTARzdxvQas2uknW57bnfMCS1dxW1He7rPbuhuQ;UsrcsZMqw6p53Fohu16UCBjsbjqc73XmoRFZDcnCtMR,3,-148.58233333333334,6.666666666666667,3,False,iGdFcQoyR2MwbXMHQskhmNsqddZ6rinsipHc4TNSdwu
BGVobQzqq7B8jFMXSBq25Cn9m4CpZPuD5pHmarm48GXS,2Tiw1Tna3kAut868cjXuKoyrv8U8gi1YjTaXw7Czpump;9ek8utEujXFmiM9wXcWKPF18y57PmeG8rsiBZGzzpump;F41TwidZvJJcsx9c2BMwS6eH9W6HcUT4LzPmGvK9WU6N,3,-104.11466666666666,95.00033333333333,2,False,8YyVbhWWkoXZu4Az3b9QbgB4KY4FkCijFoyKB4LKaKv7
BU99XYHSueULuTN3V3GuTfmXXWgNCrQXWwNsw9Ku1MPk,3uYT8w1FxasDGmM4WDG5kXu6D9BGvyP3iEfPJEVb6ewT;5nnWe5SCBaNMC3oNiR7utth6kx3mH1dhmCarjDb91shW;xeKm1qmxyHLJZLdwKpsZdx5UFtYyb124GTWRZWypump,3,-153.56866666666664,12.0,3,False,5tzFkiKscXHK5ZXCGbXZxdw7gTjjD1mBwuoFbhUvuAi9
BUBBLEtr8BEJZ9PyC2DFYxG58r8tu5PiyAKMVm14hCg9,28HydoWU7TZQxWiVQxGZyspE3qgWdCHToNDVgLoNpump;2Tiw1Tna3kAut868cjXuKoyrv8U8gi1YjTaXw7Czpump;CHygERrxnc5QByNCwxUNSMhP7tKJA7rh6hNBdJ2spump,3,-284.956,151.0,3,False,6hh9uNdE2idxjZ2SUit4M2z2tGKe14sNsLiN6tZNNfew
BZxtqKj99iYqDZFPxiXtEsCq9ffWPLkFuTkbW4LW23EF,3uYT8w1FxasDGmM4WDG5kXu6D9BGvyP3iEfPJEVb6ewT;5nnWe5SCBaNMC3oNiR7utth6kx3mH1dhmCarjDb91shW;xeKm1qmxyHLJZLdwKpsZdx5UFtYyb124GTWRZWypump,3,-153.56866666666664,12.0,3,False,7xVkXKdtCzprmLBMHuMVdM61AN1sgfgL6cGBZnNv6MWX
Bb7iZcL3qj88yViNmUF37TZoQCJcLREjURY77rkJxGmA,25GrKYrc3y4LZmmuhppYgFRCKb7JyZ6grum4WhLYvA1z;3f8CKfznVUGrFfhcq8ZBY9M1xyDeEQGrh6iH372h3ebN;69N7rm9nnp6sVoULtp5toD26F25rYum8593GupxkUYvH,3,-150.26533333333333,0.0,3,False,DQ5JWbJyWdJeyBxZuuyu36sUBud6L6wo3aN1QC1bRmsR
BiE9oXEC74jqmsy7ASget6wcRZg5Sd9LRtKFbNE61r2E,4n32UBFWKJNPQayeN25GrLJHswbja41XFMxebcg9pump;EkTkjVEfhvgkoCwheMTnr8mhEmJ6Q7ZR8q7ZMCcnpump;HJPjdsDmcvgCj4MV3NvqCWd78qDP8BMzGfrsk4Nbpump,3,-725.929,18.333333333333332,3,False,66tLEBatrZdSivwLHT1BbJYrW6mWE5yQDoCbmHDVQu7A
BuekUk3YMmm7Agnb4ni1qMCmShVpeBTdQZYNyihyzr7u,5pSEZw1iytqYznD7crsGyKNek7q5JkjBqj2KmfqxUVZd;BZYpLHhui3qRNokWFg2JcX8CYtMqzWHR5R4xowjcbPqh;GKTxLXsmkjLDo89XmPa5htwK7sAzdqZ3jmfV6gaTvK67,3,-94.22466666666666,7.0,3,False,Bo1CP6htwmeb7KdS7FqFCGiAGytY9amm6gzHuBGTQNyz
Bxj8UY2XsScusb42vNjwABGNZVhBuK1yjifxDhHsX8Ga,5o43e7gYZWFNEpdqkegHY6LXkhMXB1z6f7d6TAVGEMTM;9CzNGAEutxKHJ5CwYC5Lk8X8YzgYrQnvKChP2BFEpump;B3xU49SW3khA7m5Lgata2fmPxZeQRuaJbCruPsVDpump,3,-388.73566666666665,10.0,3,False,A6jd66HXfccpoJFMr1AMzYDLM5EdJpHh72qWXxvqTzJ9
CMcdFuBcRi68oKhUCmG6NXEGaxzRaQGvPpaD9jZfLTPq,2BucyGvsg9wwTwsaFsEUFgdphrCtp94pDRtHowJUpump;47r9YPDeTVpwHjAakoVgnzNTJRChXC8f4KSUqMbEsBbM;omskHvyNvQSn3PFak3E8JHQJeSVJFsrc6izWT12pump,3,-417.93233333333336,6.0,3,False,5TjSh51DeZfDF2mWTYPDWzJhYkNkMQk3ZHfq13JaKHkf
CNMbjihxUkGhwrHmpFNh4ixSdERNHfZtUQ8TA95ZXXZr,5pSEZw1iytqYznD7crsGyKNek7q5JkjBqj2KmfqxUVZd;8qT3o4k4aUmyLrgd7hHYmVxin3kFhQ9QsXdSXTP6pump;EkTkjVEfhvgkoCwheMTnr8mhEmJ6Q7ZR8q7ZMCcnpump,3,-185.26500000000001,9.666666666666666,3,False,ASTyfSima4LLAdDgoFGkgqoKowG1LZFDr9fAQrg7iaJZ
CR7K5qzzcEHNPfwTKCZDYV7x6cE2QK8SdYdpM4cQya1f,3f8CKfznVUGrFfhcq8ZBY9M1xyDeEQGrh6iH372h3ebN;DJejJn1iJntJVTAixy4VRgqJFF3NMKPEMgVzbJFmpump;sMe5iUcgTe4VXmg4WaShF5kuk6GmcKF3y4HqKGZpump,3,-181.0776666666667,11.0,3,False,C8kdWFw16jtmVuS8mTcTknyp3XhNdmKm6cwKhhfh3LLr
CdiaH9LhKFLZTebpN3qgSqva3DnYUrwizxBmTFSTntMr,2BucyGvsg9wwTwsaFsEUFgdphrCtp94pDRtHowJUpump;47r9YPDeTVpwHjAakoVgnzNTJRChXC8f4KSUqMbEsBbM;omskHvyNvQSn3PFak3E8JHQJeSVJFsrc6izWT12pump,3,-417.93233333333336,6.0,3,False,5TjSh51DeZfDF2mWTYPDWzJhYkNkMQk3ZHfq13JaKHkf
CxkxCQYLWVRStkWwdCcsAX6BWcPnMeKGQ3zm2m6jVjV8,4n32UBFWKJNPQayeN25GrLJHswbja41XFMxebcg9pump;9ek8utEujXFmiM9wXcWKPF18y57PmeG8rsiBZGzzpump;CHygERrxnc5QByNCwxUNSMhP7tKJA7rh6hNBdJ2spump,3,-462.6123333333333,233.33366666666666,2,False,8pmpt8nouiuNc3QWsJ8JMJ9NpjhrftetBirjoZzdg2vQ
D1QuMgpvKjaaEMbyFRpSwzLgec8CgqEeNiMsMQ3zSDb3,5EZ7yagvcsHcwH3e17khLwGzhFrCsx7CKS7ZN6J6i4Lh;7HiD5rzoZxAYXEJ8Z4t3WgM8VE1iSKWJdxPPyEdDNzwN;BE5ciZmcADAX78u2a1GrFiPMPC3rNXtdPGUrhzWB4k5d,3,-304.6693333333333,3.0,3,False,Fhbh1DTUDKt6qu9zVg8Q5VgnZa1WWWbxBxG6pCoJoggA
D6dnnGojGRnvXxWuSSNdEPjMGadt6fFTx59YkxYNQkyc,44s336LDz8bXp4rpxy1qwUfysZ4THjpReQWTKQg7pump;5o43e7gYZWFNEpdqkegHY6LXkhMXB1z6f7d6TAVGEMTM;hHc9579gpKUnvYvgcKyjdpe1UhmfVfGzGwMQCADpump,3,-31009.615333333335,0.0,3,False,PMJA8UQDyWTFw2Smhyp9jGA6aTaP7jKHR7BPudrgyYN
D9aKypN8x9qNXpHggnY3braFoHJDSTVHbM2rrno1LPpW,8qT3o4k4aUmyLrgd7hHYmVxin3kFhQ9QsXdSXTP6pump;AmWCcDf6tG7zB3VPeDVjeXL5N567fXAiHcTKw3xXpump;F59cEB3A7RAKHGtkvR577swnPSP6EsdaBoL5AcVZpump,3,-1041.6166666666666,5.0,3,False,4jqn2zUtoLPqJQJctojVgXMnBEgPpkZMHhki6JP55snq
DEEBeFwq8yLtN9dT9vwkgHfPz6KdNkGRA36A4CoKpGAG,9mqJNDG2squcqZt2zC7cWWNtVozUbQUnzVnP1jG6pump;B3xU49SW3khA7m5Lgata2fmPxZeQRuaJbCruPsVDpump;BUPNYwndVGfzVb6RG6q2PX53VdAimw2Mi98QxqeWpump,3,-539.7253333333333,0.0,3,False,7fUaeJtTSg9NcgerLpbByEAwsGyu2goXC4r3j439v4am
DFFXHcmTgdBe5NPVXryoarPc4KYGNM3zWQ5K1PhPZccn,3f8CKfznVUGrFfhcq8ZBY9M1xyDeEQGrh6iH372h3ebN;H8oe2SCksJcYzhPeS4TsbteusgZW5k7QaZ4boKyq8C7U;UsrcsZMqw6p53Fohu16UCBjsbjqc73XmoRFZDcnCtMR,3,-210.15,8.666666666666666,3,False,46Zk9VL676HwJTMWrhFTxLdFeP1oL4vsCwRnK9g2HMbj
DQeaFM7FNQYpsHQrtQRk1PFNTCFdjkqbCxYYxi4BWYYC,25GrKYrc3y4LZmmuhppYgFRCKb7JyZ6grum4WhLYvA1z;2Tiw1Tna3kAut868cjXuKoyrv8U8gi1YjTaXw7Czpump;9ek8utEujXFmiM9wXcWKPF18y57PmeG8rsiBZGzzpump,3,-65.57866666666666,68.667,3,False,J1mUTNN7cdPwCgBjjU3E6wnzk6dq1g8aME8o1esZ2wTT
DWHEZ8JnfGtud25Gjhn3MndpTMshNEd12WMu2ciCa7ri,7mRDn1rAqjwFQXacodr1UmkNdvAGPbtNP9k5jvBZqt9J;BZYpLHhui3qRNokWFg2JcX8CYtMqzWHR5R4xowjcbPqh;BmU6YJP2YCAo8sc2dkeR8KjvF3rGFBHZL25ejysppump,3,-135.50333333333336,0.0,3,False,5DvkepygZ2reBb36dDHFGcJgLKCq4sBJGGme5k5Zcv56
DWja6UWwLhX3uK4joHd7JwGHU2cpZP4cvevEQ69rxxqu,49aM4HrGABwG9F8iAn385zzcsS6mxHEFY8YN3H7y1Cd9;7mRDn1rAqjwFQXacodr1UmkNdvAGPbtNP9k5jvBZqt9J;BUPNYwndVGfzVb6RG6q2PX53VdAimw2Mi98QxqeWpump,3,-426.33,0.3333333333333333,3,False,7uqNU9d8KPRFATwkxMySWwyQUEjxuuxNRCYoTSej8KYp
DXm1fbz4y7GsxX5NZjjW5u2sUdiiRVZYqhQhhLvL7G1J,44s336LDz8bXp4rpxy1qwUfysZ4THjpReQWTKQg7pump;4kkrecvSVnnkK3RZcJ85tNFiZu9pWg584yHjNCqEpump;5nnWe5SCBaNMC3oNiR7utth6kx3mH1dhmCarjDb91shW,3,-227.02066666666667,8.666666666666666,3,False,Biw4eeaiYYYq6xSqEd7GzdwsrrndxA8mqdxfAtG3PTUU
DY8UwCLYdUtbgCZw9SiFPTtBz3WGZXvhHbvKjCRyuhLE,57ANN8dAbPX8x1BEFFwzBttkzwpKZBEiJkdiWSzVNQvS;7271ZR6GBzaGqdtP28ZqZ5BKRt2ziu4AnPnVCAL7pump;Ajz86fyiygsv8kZkUyDxogxkz5VfKRs4HTEABVTfpump,3,-697.0186666666667,11.0,3,False,8mowmVCEewZ9W2cEaQyQeQEeSxhGr1hvRviLwozwNtBt
DiJF3L3796seiwyjmwfTz9wHUCCP5kmeMQM6kDzzjXax,47r9YPDeTVpwHjAakoVgnzNTJRChXC8f4KSUqMbEsBbM;ASftCNtzPNmK3nMDvpQNvpLauKS45Vkq7kwTPutqUBL1;rMPLDvnn6KR773WNhZvtFNcgFwnRkc7UbPkUaiMpump,3,-580.8413333333334,20.0,3,False,BHzUgVfdVVVqZF86v9S6aye8tizs4d8cZdAFXG6ku2EG
DjQ5U31K1XfGTrZNczTtmYG76tvn4FZu7VzunhUjhehC,H8oe2SCksJcYzhPeS4TsbteusgZW5k7QaZ4boKyq8C7U;H9GGsNc7vA4hN13N1oU4itq8x3mrdZBdw2XdK3Mipump;HJPjdsDmcvgCj4MV3NvqCWd78qDP8BMzGfrsk4Nbpump,3,-561.32,9.0,3,False,D4YBDBbhbTwfSTPaYPhZ2giiaNKD9qbzRzLMubT4WMoj
Dop8sxsJqy3cfdWgmwjhLTGhSRkm7z6XN7C6gQmNPrDX,2iSB473Z7L2ndpWs3n22tb7H3KSGpswDTH3jP7qCCAZT;49aM4HrGABwG9F8iAn385zzcsS6mxHEFY8YN3H7y1Cd9;ASftCNtzPNmK3nMDvpQNvpLauKS45Vkq7kwTPutqUBL1,3,-684.7663333333334,0.0,3,False,9obNtb5GyUegcs3a1CbBkLuc5hEWynWfJC6gjz5uWQkE
E73eXATCi3YyejMdomdMXboR7zgDDrK74uF8VmmdP2i1,9PNfxvTARzdxvQas2uknW57bnfMCS1dxW1He7rPbuhuQ;CziyAr14UNUrfkxpioWSumkLXMwWnDWN2bu2WR5ao7kc;Er5RuNhTEwJH5dHv9c3YGATjgkLCETH4dKazntyWEtXY,3,-207.6063333333333,9.0,3,False,FkGedMtvTxECqNaCyhuVMBVxx1aFDdrKDoR2mrXUHjww
E83AvoFVWPbVx6m5TvCQytifvBts7p1YF6f4bbNVoydU,5EZ7yagvcsHcwH3e17khLwGzhFrCsx7CKS7ZN6J6i4Lh;7HiD5rzoZxAYXEJ8Z4t3WgM8VE1iSKWJdxPPyEdDNzwN;G9r7nnHSgvb7LUfCE8kavRaKokEMMYBjVHGKvQ6dpump,3,-564.9573333333334,1.3333333333333333,3,False,H7sWT7eP83vkim7Gp81qsPwQzuzJK3E6Ps9KLbUezoCc
EHhEH9HwguHBvx5SEXtbrRHHdYerjTvEqB8NB1Pm5qx7,13V3CbY7Q7AXnf24FMsUaQrmLxnRU4Md9phDEWZvpump;9mqJNDG2squcqZt2zC7cWWNtVozUbQUnzVnP1jG6pump;AmWCcDf6tG7zB3VPeDVjeXL5N567fXAiHcTKw3xXpump,3,-449.61899999999997,3.6666666666666665,3,False,9UEU5WSTcMfnuLZ2KFmSRpatYfabp4kaaBRZZwpRbRNA
EJWy9QChNP47pDX5N3gkL5YLr2JHXWav6f2RkA6YEyun,BE5ciZmcADAX78u2a1GrFiPMPC3rNXtdPGUrhzWB4k5d;F41TwidZvJJcsx9c2BMwS6eH9W6HcUT4LzPmGvK9WU6N;UsrcsZMqw6p53Fohu16UCBjsbjqc73XmoRFZDcnCtMR,3,-178.88633333333334,15.333333333333334,3,False,rN2LtkfeC59LkAA9joNN1mJawUemeYvzCXsc4qgFZ3i
ESrdxDfxD1SS5qUXPTMQxydvLcT55G6wCexAnKvfPfRi,3coFBLantjJkMRmzaQ4znMQQzfqFYTyBeNhdXYAzpump;5L6As5obMTXxKwjmGBy1LTRwW2Hm1PjSK18JhETrpump;8qT3o4k4aUmyLrgd7hHYmVxin3kFhQ9QsXdSXTP6pump,3,-866.83,5.666666666666667,3,False,5tzFkiKscXHK5ZXCGbXZxdw7gTjjD1mBwuoFbhUvuAi9
EeHJn4X6FUGEbcjJE5ysB8usN8C7AY75Ej8TrvfgPRrZ,2Tiw1Tna3kAut868cjXuKoyrv8U8gi1YjTaXw7Czpump;BE5ciZmcADAX78u2a1GrFiPMPC3rNXtdPGUrhzWB4k5d;CziyAr14UNUrfkxpioWSumkLXMwWnDWN2bu2WR5ao7kc,3,-176.90333333333334,23.333333333333332,3,False,86W2aDu27zrxRhyb7iahuFBhisnLhEkJu7HGepEeWKwB
EkXxonwVB27DoBqSEnYYjNPmF83trANHNZkq6ffkRA62,3uYT8w1FxasDGmM4WDG5kXu6D9BGvyP3iEfPJEVb6ewT;44s336LDz8bXp4rpxy1qwUfysZ4THjpReQWTKQg7pump;7xXo3JYBqzh6D91XRppzFRLfw8wJHypeukGaNWwKgZ8m,3,-328.61133333333333,11.0,3,False,F7p3dFrjRTbtRp8FRF6qHLomXbKRBzpvBLjtQcfcgmNe
ExLao2MoBk6AMjECFaB7bKwWPZW4WUz7M34MwW72G8Jb,5o9sE9FEVC12zWBd2zqPXAhoVyRiNjGfaYX6hS3Ppump;7aLLQRBpGCaSLmmHGf34MGtbdtTumiB14d14TtDnpump;EoKqyKksc4ekiPVuBD9FiztYQHkV59x8KTcZ3ReLpump,3,-414.34999999999997,2.0,3,False,4BANhFgDVFh9WL8MDb3jbYS1D7oW9LaoWaPAMpV65kbU
Ezt2W9FjaBGwXpjLtfEXu5MiVAzmKWdRecqr3UbtkNU6,2iSB473Z7L2ndpWs3n22tb7H3KSGpswDTH3jP7qCCAZT;3f8CKfznVUGrFfhcq8ZBY9M1xyDeEQGrh6iH372h3ebN;GfqKCwNeAdHHi97AmgCLP5qrwcSJRDdyZ1huiU6xUXTz,3,-435.66966666666667,19.666666666666668,3,False,7Vb6UZnndLUKx5pUwrzgPThRyo7tMnwZAZzgsZ67BqzL
FaCYdntuk2w3KZBj4Jgm1THMG5dHAHGrW8X7VGU3wh9X,49aM4HrGABwG9F8iAn385zzcsS6mxHEFY8YN3H7y1Cd9;5pSEZw1iytqYznD7crsGyKNek7q5JkjBqj2KmfqxUVZd;rMPLDvnn6KR773WNhZvtFNcgFwnRkc7UbPkUaiMpump,3,-467.8813333333333,7.333333333333333,3,False,Dyn24wGvD4TuB2uJofAbMy1daS2tnaQPMaQyHnwXxsMk
FiQWdtDD79kSbrdw6wdEtwxokQjQVuW12Zsnv2NPKZ4B,57ANN8dAbPX8x1BEFFwzBttkzwpKZBEiJkdiWSzVNQvS;7271ZR6GBzaGqdtP28ZqZ5BKRt2ziu4AnPnVCAL7pump;Ajz86fyiygsv8kZkUyDxogxkz5VfKRs4HTEABVTfpump,3,-697.0186666666667,11.0,3,False,8mowmVCEewZ9W2cEaQyQeQEeSxhGr1hvRviLwozwNtBt
Fsx82i7Wr1xY77PaTJEuVn74CVF2Yp817GdLKhaWzk7R,3coFBLantjJkMRmzaQ4znMQQzfqFYTyBeNhdXYAzpump;BUPNYwndVGfzVb6RG6q2PX53VdAimw2Mi98QxqeWpump;sMe5iUcgTe4VXmg4WaShF5kuk6GmcKF3y4HqKGZpump,3,-651.371,7.0,3,False,5tzFkiKscXHK5ZXCGbXZxdw7gTjjD1mBwuoFbhUvuAi9
FzVQSzj8JJr6WMGqbUHzx2XH1KkrfxRrRPv6WcbbZmND,AbpJywMWmkf1MFonRddPVogSwPPZHB9pG4x2nKb1YaPn;HJPjdsDmcvgCj4MV3NvqCWd78qDP8BMzGfrsk4Nbpump;dy6zeSw9j2zHprXLwk1uUGAD4d2HF5R3pAFrL6bRAKs,3,-632.9086666666667,2.6666666666666665,3,False,GJRs4FwHtemZ5ZE9x3FNvJ8TMwitKTh21yxdRPqn7npE
G35xnx776ZUYnAefJxksK8weEcgvqTXhdcscHGQDDBs1,5L6As5obMTXxKwjmGBy1LTRwW2Hm1PjSK18JhETrpump;8qT3o4k4aUmyLrgd7hHYmVxin3kFhQ9QsXdSXTP6pump;sMe5iUcgTe4VXmg4WaShF5kuk6GmcKF3y4HqKGZpump,3,-784.611,13.0,3,False,9UY5ewzDsCbaybQEXRJ4woHy2UatvQnXjGSAELTiSMGC
G3JfEedn7GjYs3ZtMAkDgj1MAfBL9MBYyWirwaw3Pv6D,3coFBLantjJkMRmzaQ4znMQQzfqFYTyBeNhdXYAzpump;Ajz86fyiygsv8kZkUyDxogxkz5VfKRs4HTEABVTfpump;CHygERrxnc5QByNCwxUNSMhP7tKJA7rh6hNBdJ2spump,3,-612.335,206.0,3,False,5tzFkiKscXHK5ZXCGbXZxdw7gTjjD1mBwuoFbhUvuAi9
GAYeu4sM42VJANeJBJ4ckKyGD2gBcmrjMEtwwCe1yGBh,9hAojtonqe4RUQarvUYZhFqC99VK1S3LCewYkSjnpump;CSLP8Vp7u9hrXQi7crPXqCp7BaJaG4JrNxqvR3jDpump;DQ2H7qcj262RAKfSxGYeL7cYJq54mVdXe4gYxUwxpump,3,-182.84633333333332,12.0,3,False,91CJryJVoj7uwaeXikhcGktKk7yvPZRk7ua6Yz9furpb
GC6jyQ25JWFNnmmvzQQMmZjDtbK8PhEdQzBkVTqaMZMG,6XD1vorwquLXjTSL5W4MJMGewZBeiEcPFmZw527TSwva;6akNLpNd11oq4q5zxhXGwr5jwUi6Ke4CvKmF6QeUwJCQ;EHUzmwAzmUix7TkwVr7b16U9ChJDr3RpjfXshR5swy5j,3,-177.184,4.333333333333333,3,False,Bcn2qwBC6nqnD2FcXxHjGNeQaWjqghwJcGFnQJHbej91
GDC4QSVZiaZBCKkm89vWPfTgJDvNTu8nCK4o2d9ZwPfX,5pSEZw1iytqYznD7crsGyKNek7q5JkjBqj2KmfqxUVZd;8qT3o4k4aUmyLrgd7hHYmVxin3kFhQ9QsXdSXTP6pump;EkTkjVEfhvgkoCwheMTnr8mhEmJ6Q7ZR8q7ZMCcnpump,3,-185.26500000000001,9.666666666666666,3,False,ASTyfSima4LLAdDgoFGkgqoKowG1LZFDr9fAQrg7iaJZ
GG8hd6XKsDjLpviYEyt3EKaZs8WXmZ86uqVto6zVmsjt,21XJbyQWEhmeoxKRHdGrEjetSfHopvtp68LWzdvT471M;47r9YPDeTVpwHjAakoVgnzNTJRChXC8f4KSUqMbEsBbM;4GRTznsfLTRqaB2uMAFmmgaWtvfVyBb4qCsTjskUpump,3,-205.39533333333335,15.0,3,False,3AgQMVQ7QyXmwfEcz8UXaGyHRmFuYnnYsaTKvAr6XTi6
GTFfTbpvNC7rNb2fJvJynjixXSXHCJpEp6iCZaUBZQCZ,55bKo8bj1YVEgsbwkkd4Nwu7JhaZF9trUgbvpZ3YeVCA;7mRDn1rAqjwFQXacodr1UmkNdvAGPbtNP9k5jvBZqt9J;GKTxLXsmkjLDo89XmPa5htwK7sAzdqZ3jmfV6gaTvK67,3,-117.32733333333334,20.0,3,False,8wggdJR2DnU6bnkRMD5ZPuppwWESa8mRcUpLG9iah9FV
Go9BEhJGCpbXFzky6SWcofqQyuiKrtE1m9Knx1aiZCc8,55bKo8bj1YVEgsbwkkd4Nwu7JhaZF9trUgbvpZ3YeVCA;ASftCNtzPNmK3nMDvpQNvpLauKS45Vkq7kwTPutqUBL1;sMe5iUcgTe4VXmg4WaShF5kuk6GmcKF3y4HqKGZpump,3,-415.0926666666667,9.666666666666666,3,False,5tzFkiKscXHK5ZXCGbXZxdw7gTjjD1mBwuoFbhUvuAi9
GpTXmkdvrTajqkzX1fBmC4BUjSboF9dHgfnqPqj8WAc4,57ANN8dAbPX8x1BEFFwzBttkzwpKZBEiJkdiWSzVNQvS;7271ZR6GBzaGqdtP28ZqZ5BKRt2ziu4AnPnVCAL7pump;Ajz86fyiygsv8kZkUyDxogxkz5VfKRs4HTEABVTfpump,3,-708.0186666666667,0.0,3,False,jHtGznWGEkWy3dQEfyyaKBrnZYVexVowU8iB5cauGLU
HCd5CSegZaPdrYFHDEnvByJPCx1NDhgKeWMA6H6hL4Je,4ZUjJ5EJbwfh7teotB29uHc1SC3SiqbrkwJoNgsxibbU;BE5ciZmcADAX78u2a1GrFiPMPC3rNXtdPGUrhzWB4k5d;F41TwidZvJJcsx9c2BMwS6eH9W6HcUT4LzPmGvK9WU6N,3,-166.75300000000001,41.0,3,False,BvXctj4DfHHLRUR6TCduTnPcjEG8y9UGQpnfWsMFpL1i
HDUApJgLvgydExUht2MpEwfGmB1z8ifBHm2HjRF2d7Ce,47r9YPDeTVpwHjAakoVgnzNTJRChXC8f4KSUqMbEsBbM;6sFMbTF2VTzutzKekenJujFZBqb4TiBZJKfyLMUbpump;AbpJywMWmkf1MFonRddPVogSwPPZHB9pG4x2nKb1YaPn,3,-270.22633333333334,7.0,3,False,HwEKcgZhVgyQMsw12eQH3JLotGBxqVdbiTEbHeFATXPR
HEF3wZBiLJeAAxJWdPHZJEzC6AMgbFQdfavSU7Hm88xq,44s336LDz8bXp4rpxy1qwUfysZ4THjpReQWTKQg7pump;6gKx5EMvnymTVz2JgFhJAqpGxTYaBdVsaLb9YfPfvg4Y;AgB5SxiP1DFZbW9uDAH7s8Mhv1HF21nJv67tnAAYpump,3,-306.4436666666666,3.0,3,False,GRFXCu8vhHbDz5NMwyab9LrYNaMgunMfwKB7281mpiAa
HNwEoMmVS3rSNWLT4omZ4D7VqNpD9TaDy2yN3MTpEm9H,55bKo8bj1YVEgsbwkkd4Nwu7JhaZF9trUgbvpZ3YeVCA;ASftCNtzPNmK3nMDvpQNvpLauKS45Vkq7kwTPutqUBL1;sMe5iUcgTe4VXmg4WaShF5kuk6GmcKF3y4HqKGZpump,3,-414.426,10.333333333333334,3,False,iGdFcQoyR2MwbXMHQskhmNsqddZ6rinsipHc4TNSdwu
HYFhXZ3Gugdcag7PEbzgcx3vAs84wRpVP3B1Et2Gffna,2BucyGvsg9wwTwsaFsEUFgdphrCtp94pDRtHowJUpump;49aM4HrGABwG9F8iAn385zzcsS6mxHEFY8YN3H7y1Cd9;6XD1vorwquLXjTSL5W4MJMGewZBeiEcPFmZw527TSwva,3,-419.078,2.3333333333333335,3,False,4DiNzHdJiSBNXyYwv2V3VrfdSQ19KpX9PTsdom8uSFE8
HhiYx4RA3NCxn2dQ7TUonPFgrTh45WKcqQjscDWrpHcr,7271ZR6GBzaGqdtP28ZqZ5BKRt2ziu4AnPnVCAL7pump;Ajz86fyiygsv8kZkUyDxogxkz5VfKRs4HTEABVTfpump;hHc9579gpKUnvYvgcKyjdpe1UhmfVfGzGwMQCADpump,3,-31535.77566666667,0.0,3,False,5tzFkiKscXHK5ZXCGbXZxdw7gTjjD1mBwuoFbhUvuAi9
Hp34goKgAhAYW6sw9iFAZofvDTr3DAhtkSKF1R9bAk2P,2iSB473Z7L2ndpWs3n22tb7H3KSGpswDTH3jP7qCCAZT;49aM4HrGABwG9F8iAn385zzcsS6mxHEFY8YN3H7y1Cd9;ASftCNtzPNmK3nMDvpQNvpLauKS45Vkq7kwTPutqUBL1,3,-684.7663333333334,0.0,3,False,AcxSZuEJanntTJLKBNWmVrQNVourKhwLHehLbDLdQLUv
HwEKcgZhVgyQMsw12eQH3JLotGBxqVdbiTEbHeFATXPR,47r9YPDeTVpwHjAakoVgnzNTJRChXC8f4KSUqMbEsBbM;6sFMbTF2VTzutzKekenJujFZBqb4TiBZJKfyLMUbpump;AbpJywMWmkf1MFonRddPVogSwPPZHB9pG4x2nKb1YaPn,3,-270.22633333333334,7.0,3,False,6xzdsrRyYvwu5M3z5cZFCDPfWzV1TZ1R19Anfz5NBNq7
J3hJBr4CemR7ak3BZg4dMwZbPDNCoLfoVDVwCt67M6ME,47r9YPDeTVpwHjAakoVgnzNTJRChXC8f4KSUqMbEsBbM;4prKtarobdhYDY4Hu3uGZMx7Je4HqPJeLVyxN6m4Ld3T;EoKqyKksc4ekiPVuBD9FiztYQHkV59x8KTcZ3ReLpump,3,-392.07666666666665,17.666666666666668,3,False,5tzFkiKscXHK5ZXCGbXZxdw7gTjjD1mBwuoFbhUvuAi9
JA31Cm2u6v51FuN7HMzhJ7vnCkgo38vNcU5tA6o5Z3Q2,7mRDn1rAqjwFQXacodr1UmkNdvAGPbtNP9k5jvBZqt9J;BZYpLHhui3qRNokWFg2JcX8CYtMqzWHR5R4xowjcbPqh;BmU6YJP2YCAo8sc2dkeR8KjvF3rGFBHZL25ejysppump,3,-135.50333333333336,0.0,3,False,5tzFkiKscXHK5ZXCGbXZxdw7gTjjD1mBwuoFbhUvuAi9
JAunzNqs3bVBcWDjDxfq9rgLzJMCadNXoaCgfzLGMtYs,2BucyGvsg9wwTwsaFsEUFgdphrCtp94pDRtHowJUpump;7271ZR6GBzaGqdtP28ZqZ5BKRt2ziu4AnPnVCAL7pump;7p4MwwkUaMv4gBThVkW46QjwVaosaUrccbFV1MbXpump,3,-755.4863333333333,2.3333333333333335,3,False,AxiomRXZAq1Jgjj9pHmNqVP7Lhu67wLXZJZbaK87TTSk
ardinRsN1mNYVeoJWTBsWeYeXvuR9UUDGMsCDKpb6AT,6sFMbTF2VTzutzKekenJujFZBqb4TiBZJKfyLMUbpump;8ypYfW5cjafrfAZij8TZj5SFHAbPNpiRio96LMzypDkn;DJejJn1iJntJVTAixy4VRgqJFF3NMKPEMgVzbJFmpump,3,-198.38366666666664,5.333333333333333,3,False,2AQdpHJ2JpcEgPiATUXjQxA8QmafFegfQwSLWSprPicm
iNyUtaMtqWNyJcwy3CyENdou1YK7F7eGcXaqC7FioxQ,6gKx5EMvnymTVz2JgFhJAqpGxTYaBdVsaLb9YfPfvg4Y;8G7aM6Gco4fHjVpmVvUdVvhKMKaWXJEqkCKRvPdepump;8qT3o4k4aUmyLrgd7hHYmVxin3kFhQ9QsXdSXTP6pump,3,-797.151,17.666666666666668,3,False,6gvSkLMB6j2dJwrcFVaTLnY4Jes3FKBdv62gxWFwjhUn
pBTiFEds716DaFSkjGbetxk6eQMYaoDQ7ySU2b1Y7ow,6akNLpNd11oq4q5zxhXGwr5jwUi6Ke4CvKmF6QeUwJCQ;BE5ciZmcADAX78u2a1GrFiPMPC3rNXtdPGUrhzWB4k5d;UsrcsZMqw6p53Fohu16UCBjsbjqc73XmoRFZDcnCtMR,3,-146.191,5.333333333333333,3,True,AsoixsLotjvqdo1tu2CfXga1YpHmc2ZQoS1gAuv6x9ig
14g7Z2882kZeXNmMYVUUxjQLf78DVafwMRwQEPJRS31u,9ek8utEujXFmiM9wXcWKPF18y57PmeG8rsiBZGzzpump;Ajz86fyiygsv8kZkUyDxogxkz5VfKRs4HTEABVTfpump,2,-340.698,138.0005,1,False,2M1zhZqN1ahRzNxn6zrYu8QBomsj5iX67Mn28WF43ZM7
22gbWREnUi9BDCnKZQD24sgpWX11AHWB8D75Pc1EcHWr,5L6As5obMTXxKwjmGBy1LTRwW2Hm1PjSK18JhETrpump;7Q9VxTczrzgvjXWbJJZibR7hbYAohngsNsuEhdEcpump,2,-897.1235,1.5,2,False,5tzFkiKscXHK5ZXCGbXZxdw7gTjjD1mBwuoFbhUvuAi9
2F6p8TXy3DXDx8zygmMJXXvpCJVBPznq9jaqbNVQpT18,6VMsrZvNaSzddT6vkY6dEDoFMeK5EoHD4KCAycfQpump;GL7M1C4QeLoURyexYgdhuP8SvaPh5LHQLRqKha3epump,2,-190.48600000000002,0.0,2,False,J69XgzMHsZMjaoDA9DHrVA6zzBdzoc8tCQk6LQfZWBsc
2H6oKABT1cPHsSmLWBXJjYGTGnkJew9JZMGGswRafp6W,5o9sE9FEVC12zWBd2zqPXAhoVyRiNjGfaYX6hS3Ppump;9mqJNDG2squcqZt2zC7cWWNtVozUbQUnzVnP1jG6pump,2,-283.418,3.5,2,False,5tzFkiKscXHK5ZXCGbXZxdw7gTjjD1mBwuoFbhUvuAi9
2LSncYjJrRsorTTG7UeTia9rmGo8pw8JtaAoYbq7CV5F,EkTkjVEfhvgkoCwheMTnr8mhEmJ6Q7ZR8q7ZMCcnpump;EoKqyKksc4ekiPVuBD9FiztYQHkV59x8KTcZ3ReLpump,2,-438.723,5.0,2,False,Fhbh1DTUDKt6qu9zVg8Q5VgnZa1WWWbxBxG6pCoJoggA
2QtzCnA4h93wxw2toBgGm7Q52DHGNThS1LexWVipB18y,3vfxnHSCS139RZiw6MPZaEvhySnjbEi81GuF5EdNpump;6wSQipxdE9Suf8tVNaCEbcqavUbLT7gL9tibpm3Jpump,2,-544.7249999999999,8.0,2,False,3xYfhqySdnV8aJvkXnhRRpKJjV4ske3YnjVzEcJw99L5
2YF4WdLM6s2yKUCarrtBCB1jbjxeHUjoghPrJShDaqvW,7dACCWZXF4Lr9ftxFpi7TJk7a3hcPpUwGPAcTuXDpump;omskHvyNvQSn3PFak3E8JHQJeSVJFsrc6izWT12pump,2,-157.8625,0.0,2,False,4kAsV9ZBCZV6dvgpxxf5Yes2ZKUQ42nJvbwYUeUR9PhS
2dVDXVC8JD865FKSnywSK81sbg2enXd6Wd8VTfEXLgiP,2iSB473Z7L2ndpWs3n22tb7H3KSGpswDTH3jP7qCCAZT;67afrnTxo8DVc52Uev61Yo4Yr9BGQpRw1RpPMWcx42La,2,-731.049,2.5,2,True,Dv34prGm2BT7Ph2n6qKLgzeLgjnii87RJJ7Db6ZQQvKM
2fg5QD1eD7rzNNCsvnhmXFm5hqNgwTTG8p7kQ6f3rx6f,AgB5SxiP1DFZbW9uDAH7s8Mhv1HF21nJv67tnAAYpump;EoKqyKksc4ekiPVuBD9FiztYQHkV59x8KTcZ3ReLpump,2,-409.214,4.5,2,False,suqh5sHtr8HyJ7q8scBimULPkPpA557prMG47xCHQfK
2jJSJJCnJKCdrgbJxvD9zJQiWSAxEQFadksPSRxsf85P,28HydoWU7TZQxWiVQxGZyspE3qgWdCHToNDVgLoNpump;F41TwidZvJJcsx9c2BMwS6eH9W6HcUT4LzPmGvK9WU6N,2,-217.67399999999998,31.5,2,False,6aRA5ria2P3qmMMadA6zs1R6QTFxxpXUBUEp35gR8Ax6
2m4vToFf7sQjazRhToW4qKCfS33zyeMHSrFocxmfqZBC,7HiD5rzoZxAYXEJ8Z4t3WgM8VE1iSKWJdxPPyEdDNzwN;H8oe2SCksJcYzhPeS4TsbteusgZW5k7QaZ4boKyq8C7U,2,-277.9345,0.0,2,False,iGdFcQoyR2MwbXMHQskhmNsqddZ6rinsipHc4TNSdwu
2nU1AogLMqD6iLr8u2itPPimAozyZoyZ24f9TmbRW7vM,9hAojtonqe4RUQarvUYZhFqC99VK1S3LCewYkSjnpump;BmU6YJP2YCAo8sc2dkeR8KjvF3rGFBHZL25ejysppump,2,-241.3295,0.0,2,False,8d9aV5LRyFV17xm3EBhaWbXv6vYMF8AerZCPPCN3EAGj
2sMEsaPfYD9mgjigTwKQEgvGUehySbJuiFDHMhUUtHgV,13V3CbY7Q7AXnf24FMsUaQrmLxnRU4Md9phDEWZvpump;9CzNGAEutxKHJ5CwYC5Lk8X8YzgYrQnvKChP2BFEpump,2,-572.546,10.5,2,False,BV3oEDcQB5XGpZ2pmC9yk385YeZfzfAkpyD7nUN5BYXJ
2zMj6wNqNKSa3dG8ioUDi71P2uijKiojLwEizVGKWRjG,ASftCNtzPNmK3nMDvpQNvpLauKS45Vkq7kwTPutqUBL1;rMPLDvnn6KR773WNhZvtFNcgFwnRkc7UbPkUaiMpump,2,-818.8575000000001,16.0,2,False,BHzUgVfdVVVqZF86v9S6aye8tizs4d8cZdAFXG6ku2EG
31G1ryWxXJ48yFW3rN3mm9Yr82mxmXnYdfU8qv3W6rwM,2iSB473Z7L2ndpWs3n22tb7H3KSGpswDTH3jP7qCCAZT;ASftCNtzPNmK3nMDvpQNvpLauKS45Vkq7kwTPutqUBL1,2,-906.165,2.0,2,True,791eGAi3H3KjFPq9Fg9nwLk46UxYACcPGLJKtAzvx87Y
33Xdt43iMSXvkAKANUEKJiVa5Fnpx7abSV6tsu2ZC5PU,28HydoWU7TZQxWiVQxGZyspE3qgWdCHToNDVgLoNpump;Ajz86fyiygsv8kZkUyDxogxkz5VfKRs4HTEABVTfpump,2,-399.88599999999997,85.5,2,False,5tzFkiKscXHK5ZXCGbXZxdw7gTjjD1mBwuoFbhUvuAi9
37V1znU2AxgHM67xjwHdvtg7ASKEii7nQU9kp5FM8PXN,25GrKYrc3y4LZmmuhppYgFRCKb7JyZ6grum4WhLYvA1z;2iSB473Z7L2ndpWs3n22tb7H3KSGpswDTH3jP7qCCAZT,2,-659.7565,3.0,2,False,GYk1dgkvGn3DxR5GhuuG2mnRmoaCNUtC3FASzeysUkT1
38FQzJyqG6zd2ZiHCxdHFoVUyQ9drUTxcsQp7zshQto3,GfqKCwNeAdHHi97AmgCLP5qrwcSJRDdyZ1huiU6xUXTz;H9GGsNc7vA4hN13N1oU4itq8x3mrdZBdw2XdK3Mipump,2,-104.9435,13.5,2,False,FPz9HZv346Cv556ujDfdcdta5wQ4o9yopvmBCoHz44Dx
38HSMr1h8ZMJCkpg2ED4JwrtXdyYbBu8Nb3694cWZpmG,57ANN8dAbPX8x1BEFFwzBttkzwpKZBEiJkdiWSzVNQvS;EHUzmwAzmUix7TkwVr7b16U9ChJDr3RpjfXshR5swy5j,2,-184.4515,6.0,2,False,Gb3gxsnsRNcQdB8EcDdUmXXj1urp6CYhswdstRfTY9k5
39nduMYSoWBE1pUiQty7xB5hWrMy9CprKtNdLCKfLSnS,5EZ7yagvcsHcwH3e17khLwGzhFrCsx7CKS7ZN6J6i4Lh;EHUzmwAzmUix7TkwVr7b16U9ChJDr3RpjfXshR5swy5j,2,-455.1535,3.5,2,True,6dUaYX9Z6aQPY66BgD4yzu1saifGAZLrhQqF9BugJxJ1
3BaohEHrGjGVDLY3d8DzyMLTYFnudJGwgGgKh84TqzZx,3vfxnHSCS139RZiw6MPZaEvhySnjbEi81GuF5EdNpump;JAqRn24FuQ5MFReXNgXb8uFej5vHJDxhVtebpQvHTQZy,2,-637.7555,10.0,2,False,5AgJ3GpTnBwFhxUQzYNFmcCmXe27UkYMW25xzGmahPax
3JZ2hjzyUZdF8Fwi1mQEM98CJQjNNZuF9XfLdWx9KMGL,5o43e7gYZWFNEpdqkegHY6LXkhMXB1z6f7d6TAVGEMTM;rMPLDvnn6KR773WNhZvtFNcgFwnRkc7UbPkUaiMpump,2,-571.9505,19.0,2,False,G2YxRa6wt1qePMwfJzdXZG62ej4qaTC7YURzuh2Lwd3t
3Sfme9Wt5S3NPzhc7xZpxwByn3EVYUXgkbHXi9im93An,7HiD5rzoZxAYXEJ8Z4t3WgM8VE1iSKWJdxPPyEdDNzwN;Ajz86fyiygsv8kZkUyDxogxkz5VfKRs4HTEABVTfpump,2,-428.98199999999997,52.0,2,False,6LY1JzAFVZsP2a2xKrtU6znQMQ5h4i7tocWdgrkZzkzF
3TZkRoVa8inezaasnMe7rWCPZJztT4P4EyD21ST4rSRg,5Sg1vv51KGCSDF2gBHgbNATCEXFjYtVhWgztNUwtgJYD;7dACCWZXF4Lr9ftxFpi7TJk7a3hcPpUwGPAcTuXDpump,2,-148.872,3.5,2,False,2SNH1HtPHSXmyAEsM61FfLqz7xJXxCm2ur5UYpbrfqgc
3U6o5LDawtHaRjwX8Hy6QJiCjSukM1t9W6gSbSeLmq3G,7HiD5rzoZxAYXEJ8Z4t3WgM8VE1iSKWJdxPPyEdDNzwN;H8oe2SCksJcYzhPeS4TsbteusgZW5k7QaZ4boKyq8C7U,2,-277.9345,0.0,2,False,EsynuVtJPpuU8xxmKnRF5mcJCyN19wh3CfNngEw4C2rM
3UZiXyAkPTn3L7ziRct2rzfEqzXMdFQ5vDLLSDP6XLJY,3vfxnHSCS139RZiw6MPZaEvhySnjbEi81GuF5EdNpump;GKTxLXsmkjLDo89XmPa5htwK7sAzdqZ3jmfV6gaTvK67,2,-488.40549999999996,0.0,2,False,5tzFkiKscXHK5ZXCGbXZxdw7gTjjD1mBwuoFbhUvuAi9
3VW5qAB8zASzMizyrauToRxuxMnS659K6CGqDgYiroFe,6akNLpNd11oq4q5zxhXGwr5jwUi6Ke4CvKmF6QeUwJCQ;7mRDn1rAqjwFQXacodr1UmkNdvAGPbtNP9k5jvBZqt9J,2,-135.27700000000002,0.0,2,False,9KprMcpEmKZzjVXtGtLYQ9PFWivhj5toeU8pVVptDpQX
3Vru9qA45tKCdWR2Fzbqp43Wc7khkLn2RVS1dsJLHMHV,13V3CbY7Q7AXnf24FMsUaQrmLxnRU4Md9phDEWZvpump;DQ2H7qcj262RAKfSxGYeL7cYJq54mVdXe4gYxUwxpump,2,-315.116,1.5,2,False,CqZKq8ekXG9CbBdtJNBU71rgy1W5156yw1LGvZriRmgy
3aEoBZFwEPB6LeSixoWucBWXFpjRxTESi4vkssZHB6JU,8G7aM6Gco4fHjVpmVvUdVvhKMKaWXJEqkCKRvPdepump;CHygERrxnc5QByNCwxUNSMhP7tKJA7rh6hNBdJ2spump,2,-1079.4025000000001,238.0,2,False,is6MTRHEgyFLNTfYcuV4QBWLjrZBfmhVNYR6ccgr8KV
3bTYzG94soZcUPD3qX3JGv6AY5Vp1dhGi9GxorbbzH7s,2BucyGvsg9wwTwsaFsEUFgdphrCtp94pDRtHowJUpump;B3xU49SW3khA7m5Lgata2fmPxZeQRuaJbCruPsVDpump,2,-643.63,0.0,2,False,ASTyfSima4LLAdDgoFGkgqoKowG1LZFDr9fAQrg7iaJZ
3omJTvRdpTuWiWNegT6YFXJbXAUnkDbX8ELZsa4gb7CQ,EHUzmwAzmUix7TkwVr7b16U9ChJDr3RpjfXshR5swy5j;G9r7nnHSgvb7LUfCE8kavRaKokEMMYBjVHGKvQ6dpump,2,-544.193,0.0,2,False,6xmGtMvbphSMax45f8qcepv2LPeLPrgxVSzNSd3BFDX1
3w2XwgAFq4v8jt3ZgsK7vPHbmXGHrnFgoMzLaZKqxQT4,5L6As5obMTXxKwjmGBy1LTRwW2Hm1PjSK18JhETrpump;67afrnTxo8DVc52Uev61Yo4Yr9BGQpRw1RpPMWcx42La,2,-1012.6825,0.0,2,False,5REmXqXpb3pci2zMgENAhWE2Ke8uSze5EUnFfFGTgyoA
45vGZ148Chx1Kf17Gu75cGzrvp8MiRXSb37J642Siqya,9PNfxvTARzdxvQas2uknW57bnfMCS1dxW1He7rPbuhuQ;UsrcsZMqw6p53Fohu16UCBjsbjqc73XmoRFZDcnCtMR,2,-120.337,7.5,2,False,Hq5JiZfK3irLYYe2KQNr6Lid62VtyvJZM2VY3HVZEF4Y
49Sx66TcCQvptmqFuRxXMuRrkDYKb4Wr9zPdMyyQT7um,6gKx5EMvnymTVz2JgFhJAqpGxTYaBdVsaLb9YfPfvg4Y;DTm66ivA96mhuQnqTy1cv7uELS4MHdYtpbRGJdW9t7Fn,2,-380.1565,18.5,2,False,GvFd56B3MtbQiNyQK9pUM8N12DRvGBJnpxNArjghsomc
49uoiBfP9tVEecCeeLaj7CgpoX2JUoSbB1VzANK8Wjku,4n32UBFWKJNPQayeN25GrLJHswbja41XFMxebcg9pump;6VMsrZvNaSzddT6vkY6dEDoFMeK5EoHD4KCAycfQpump,2,-565.268,23.5,2,False,AgmLJBMDCqWynYnQiPCuj9ewsNNsBJXyzoUhD9LJzN51
4D2rHp2hAiGpgYimzVKoYvtemtX69gaLaSHX9ZnUT9bt,6akNLpNd11oq4q5zxhXGwr5jwUi6Ke4CvKmF6QeUwJCQ;7HiD5rzoZxAYXEJ8Z4t3WgM8VE1iSKWJdxPPyEdDNzwN,2,-175.227,5.5,2,False,6p8N4RHeaJMyVNaDuLjCeuJBgyhCCCh4BjsceP3BYFJ5
4DNUKHqtUhrLzbv7YYdnkAhyQNRitWj7ADLedswYeX77,2A6sLqrw8WN6KkgnCsN4xJkyAowBZHr2H9xQ4u3Mpump;BmU6YJP2YCAo8sc2dkeR8KjvF3rGFBHZL25ejysppump,2,-554.673,3.5,2,False,BFoNkyQstuDmPg9iF3Jj5RqDqWDzAQRMYSphVhHwrMxt
4HgMCR7abFKHDPgYfMrtjvKniPXj4zHwuSNNRVx7QEzQ,7271ZR6GBzaGqdtP28ZqZ5BKRt2ziu4AnPnVCAL7pump;BUPNYwndVGfzVb6RG6q2PX53VdAimw2Mi98QxqeWpump,2,-1070.1055000000001,1.5,2,False,5tzFkiKscXHK5ZXCGbXZxdw7gTjjD1mBwuoFbhUvuAi9
4HgQDLskD1MpS6scVwRYZvAk1zrfQdqu1651uEMq4HJ3,44s336LDz8bXp4rpxy1qwUfysZ4THjpReQWTKQg7pump;BmU6YJP2YCAo8sc2dkeR8KjvF3rGFBHZL25ejysppump,2,-260.4755,8.5,2,False,E6dTSmM57h33wCzw2tqPbFYudUzS1zjwLHciysNhQV9p
4PY3MLrKPV4H3k477XYNC5ngGnYivstKhjc4e28ajYRu,5nnWe5SCBaNMC3oNiR7utth6kx3mH1dhmCarjDb91shW;DTm66ivA96mhuQnqTy1cv7uELS4MHdYtpbRGJdW9t7Fn,2,-188.9355,3.5,2,False,Fta3fmTRZvoT8WPX2BGrk6MAyDeG9ap7DpxjdQD6SvAS
4RHoTDWziM3kx12xYsUXmdRZWQFiobNA2ny6J6nYcFqg,44s336LDz8bXp4rpxy1qwUfysZ4THjpReQWTKQg7pump;EkTkjVEfhvgkoCwheMTnr8mhEmJ6Q7ZR8q7ZMCcnpump,2,-200.76999999999998,5.0,2,True,DzB5e5wJLGDEm3R95xdoSZD8MfWtC8T52ZreJYXqZHj8
4SPbsqxbw6HRFgovwMtE7JjSSP9ZRkUT6TitL14biURG,5Sg1vv51KGCSDF2gBHgbNATCEXFjYtVhWgztNUwtgJYD;GKTxLXsmkjLDo89XmPa5htwK7sAzdqZ3jmfV6gaTvK67,2,-144.0845,7.5,2,False,8mowmVCEewZ9W2cEaQyQeQEeSxhGr1hvRviLwozwNtBt
4VJj2frqFP2yJNnX1xuLHdeM7BvratwKbeYuG18TchYd,9xhMStAAufkH5jA5nevaGy6M9fCsQ74BZnsXyo93DkfA;BZYpLHhui3qRNokWFg2JcX8CYtMqzWHR5R4xowjcbPqh,2,-103.4385,5.5,2,False,6tzfeomWmTybfVEf2aQ4yWHbHZMDhBfYzs6GkkS9oN2v
4d8c4sgB9iTTorEc1hvQ9Fp2gZ2oTnp4q2zQgvjSpfeT,8G7aM6Gco4fHjVpmVvUdVvhKMKaWXJEqkCKRvPdepump;BmU6YJP2YCAo8sc2dkeR8KjvF3rGFBHZL25ejysppump,2,-934.615,10.5,2,False,8RSK6oMRHGfTXm3oKHTpWUACHRvug4xGFjFCCKvGz5Zi
4kfbgjxuk3tiarRunDcaEarrktUdxJ1yuryYrDofqBFr,3f8CKfznVUGrFfhcq8ZBY9M1xyDeEQGrh6iH372h3ebN;GfqKCwNeAdHHi97AmgCLP5qrwcSJRDdyZ1huiU6xUXTz,2,-81.0235,11.0,2,False,615ZwKY3zWTYTW1eAUrapDshBziKBiTSNgM2heWc4kwj
4r2Xk65EPbgGWUJ2GqspnMoqBsTJKsaTJCi5TFwsnZLC,5DoZAeBkoci5t5zPhUiuhQFjuzYTfkSv5Seojsxppump;xeKm1qmxyHLJZLdwKpsZdx5UFtYyb124GTWRZWypump,2,-247.577,6.5,2,False,3bjQeHurKbSR3bHXuKdLTLrFsxwysLLk8JS9EChgi4LG
4uBqztBzwjbb4HS7ZUspeordDkagY5fYENAeiqi8xcYU,ASftCNtzPNmK3nMDvpQNvpLauKS45Vkq7kwTPutqUBL1;xeKm1qmxyHLJZLdwKpsZdx5UFtYyb124GTWRZWypump,2,-409.5695,4.0,2,False,9Uemm2d9nUkXBpPPYS8v3ALwethTRxCtre3CeVtmJunb
4uCT4g7YHH4xxfmfNfKUDenwGrRNGoZ9Ay1XFxfUGhQG,6XD1vorwquLXjTSL5W4MJMGewZBeiEcPFmZw527TSwva;9PNfxvTARzdxvQas2uknW57bnfMCS1dxW1He7rPbuhuQ,2,-88.4865,11.5,2,False,AJmbna9ftuv9GtS8SAgBbJpWJpURrUJueLqwnCq2D8iC
4xv6f2m1xGnVnk42XVNmrvyPvCYHegndXzh1UtJXRRuQ,6gKx5EMvnymTVz2JgFhJAqpGxTYaBdVsaLb9YfPfvg4Y;Er5RuNhTEwJH5dHv9c3YGATjgkLCETH4dKazntyWEtXY,2,-353.058,10.5,2,False,6Jmo6giE6mWTf1pFxbv4hSS5JSunXaMeqdwxi6otd3o9
4yFAz7dp5WwuZs3vbWKedbRiUmSFxTVGCdsLAxfEQrG3,25GrKYrc3y4LZmmuhppYgFRCKb7JyZ6grum4WhLYvA1z;UsrcsZMqw6p53Fohu16UCBjsbjqc73XmoRFZDcnCtMR,2,-152.315,0.0,2,False,5bb5kQKhp4zT3MYuFp7QSpkvJkghfLp6yjQbvTDLK2vy
4zQG6oUwbjRrzVCG3wMAo6xuEBXe2doupdeeekKmPYUu,2BucyGvsg9wwTwsaFsEUFgdphrCtp94pDRtHowJUpump;6wSQipxdE9Suf8tVNaCEbcqavUbLT7gL9tibpm3Jpump,2,-572.7874999999999,0.0,2,False,DsMFNuYhbHP6m4x3XEHV36SjXQV68WLgXPwqmPLDRsAN
53ySUBVJCkvAkw72CojfAa8Ms8F5t8hDYCAyxXsJwTdp,2Tiw1Tna3kAut868cjXuKoyrv8U8gi1YjTaXw7Czpump;GfqKCwNeAdHHi97AmgCLP5qrwcSJRDdyZ1huiU6xUXTz,2,-76.268,26.5,2,False,Hmc2dLxZZ4xfHqn2wFCTBu11oCpYiuwsj23JBjJmD4ni
56e2PjxqjQLh1Ew2mQVRQovZWWjErtPdjkkJvhwBSFHy,25GrKYrc3y4LZmmuhppYgFRCKb7JyZ6grum4WhLYvA1z;Ajz86fyiygsv8kZkUyDxogxkz5VfKRs4HTEABVTfpump,2,-407.567,69.5,2,False,is6MTRHEgyFLNTfYcuV4QBWLjrZBfmhVNYR6ccgr8KV
5CPUZppe7TzV8ryQubwNStVX2FSMBBqcpJuKDkL3trpU,6VMsrZvNaSzddT6vkY6dEDoFMeK5EoHD4KCAycfQpump;GL7M1C4QeLoURyexYgdhuP8SvaPh5LHQLRqKha3epump,2,-185.98600000000002,4.5,2,False,3u5RzXNjpi6MCV2BwVETc6rPkTk8PEYrmvpefqpgti6P
5FnE3q4tcDkEjRGuHgcxoBLXoZjWXDE5xEpJyneHDc9g,21XJbyQWEhmeoxKRHdGrEjetSfHopvtp68LWzdvT471M;DkDwxjD5JFK7hd7qUNHqNaTeqDGcZ1ia3Y6E7EUiehEn,2,-503.86,48.5,2,False,3kBtcWLX3aaXEVG5dF6Nicg3dK3dB3GbRnkYSQm2Goz5
5FqUo9aBjsp7QeeyN6Vi2ZmF2fjS4H5EU7wnAQwPy17z,3vfxnHSCS139RZiw6MPZaEvhySnjbEi81GuF5EdNpump;GKTxLXsmkjLDo89XmPa5htwK7sAzdqZ3jmfV6gaTvK67,2,-488.40549999999996,0.0,2,False,BMTPXLDFpUCBbTm1iyLe7gWXxNMnG2Zc1xQFoha2dhPY
5H4N8o4aP8Lw6tkoTwuSm1svR5nmRRRiwwYjCxaE5PNT,6gKx5EMvnymTVz2JgFhJAqpGxTYaBdVsaLb9YfPfvg4Y;DTm66ivA96mhuQnqTy1cv7uELS4MHdYtpbRGJdW9t7Fn,2,-380.1565,18.5,2,False,5EekJWsm3rgCzxtjpkUmxej7hz9EjTp6bo2wgMpKLtVP
5PE3gSfywhfjq5u5SHf6G3XRNeWkqoy6URZYSRCsXwEf,3uYT8w1FxasDGmM4WDG5kXu6D9BGvyP3iEfPJEVb6ewT;Er5RuNhTEwJH5dHv9c3YGATjgkLCETH4dKazntyWEtXY,2,-134.4375,10.5,2,False,5tzFkiKscXHK5ZXCGbXZxdw7gTjjD1mBwuoFbhUvuAi9
5ZtzVYRuF7sEhot31S68xHRCKDMkDdFtTp1iujTRjowV,25GrKYrc3y4LZmmuhppYgFRCKb7JyZ6grum4WhLYvA1z;3f8CKfznVUGrFfhcq8ZBY9M1xyDeEQGrh6iH372h3ebN,2,-91.717,25.5,2,False,BuaZosYJeooUaFiupEmd6YCNojJGY2AJnSrZVhZHSmdR
5c5WNCnQnPkWAQcwHcm4x2R4JX9sV8YL4BiDEZ5fKqCd,3vfxnHSCS139RZiw6MPZaEvhySnjbEi81GuF5EdNpump;GKTxLXsmkjLDo89XmPa5htwK7sAzdqZ3jmfV6gaTvK67,2,-488.40549999999996,0.0,2,False,8mowmVCEewZ9W2cEaQyQeQEeSxhGr1hvRviLwozwNtBt
5cPfNrmpCaLUV5Ji5LJHJatWbb41996W3HnrBgkzEBRb,28HydoWU7TZQxWiVQxGZyspE3qgWdCHToNDVgLoNpump;AmWCcDf6tG7zB3VPeDVjeXL5N567fXAiHcTKw3xXpump,2,-379.9855,3.0,2,False,A2JJrxHVxuAZUFSYX8ibMD5iFK1UEpetUEkW4wMeQbkK
5dsFAqxAoUYFxnUBfufADUMn4k8BZEkr43eoHr4v2rWd,9ek8utEujXFmiM9wXcWKPF18y57PmeG8rsiBZGzzpump;F41TwidZvJJcsx9c2BMwS6eH9W6HcUT4LzPmGvK9WU6N,2,-166.986,75.5005,2,False,Cc3bpPzUvgAzdW9Nv7dUQ8cpap8Xa7ujJgLdpqGrTCu6
5hAgYC8TJCcEZV7LTXAzkTrm7YL29YXyQQJPCNrG84zM,4kkrecvSVnnkK3RZcJ85tNFiZu9pWg584yHjNCqEpump;5o43e7gYZWFNEpdqkegHY6LXkhMXB1z6f7d6TAVGEMTM,2,-208.515,12.5,2,False,H8sMJSCQxfKiFTCfDR3DUMLPwcRbM61LGFJ8N4dK3WjS
5mRLLd7fepXzwxx7ZW8FTneqpSbh1cqyPqmGCVyFkc8P,6VMsrZvNaSzddT6vkY6dEDoFMeK5EoHD4KCAycfQpump;9CzNGAEutxKHJ5CwYC5Lk8X8YzgYrQnvKChP2BFEpump,2,-471.04949999999997,6.5,2,False,7WFh9CcdP2uZHCEntLhbcU4DxSQUuys5YMWaSETgsCFB
5vHKMqiV9DhEYfp4qAQ6rUbmF4wNr97rwkqowxnC9XAk,3uYT8w1FxasDGmM4WDG5kXu6D9BGvyP3iEfPJEVb6ewT;CziyAr14UNUrfkxpioWSumkLXMwWnDWN2bu2WR5ao7kc,2,-250.74249999999998,21.5,2,False,4JmWfDRwEajVhbG1xVNWv2w3JgDvMq1Xj9ggQSJYtCoL
5veTCy9eDaL66LqABfpywN6jr1s7zaXP4uit8sMRAaHA,5nnWe5SCBaNMC3oNiR7utth6kx3mH1dhmCarjDb91shW;9ek8utEujXFmiM9wXcWKPF18y57PmeG8rsiBZGzzpump,2,-78.08999999999999,77.5005,1,False,FZpXAr3MNrTund754aMj95eXtQXCTN9eV43we8Lf8NNY
618CHAKV1Ugsbdp4zfP2PYoGDwrfAUgGYPg8BK1sfxJA,ASftCNtzPNmK3nMDvpQNvpLauKS45Vkq7kwTPutqUBL1;GL7M1C4QeLoURyexYgdhuP8SvaPh5LHQLRqKha3epump,2,-360.76050000000004,11.0,2,False,5tzFkiKscXHK5ZXCGbXZxdw7gTjjD1mBwuoFbhUvuAi9
63wnCAg3eQrGwh5Uk1sPWAARdKz7hebHuhLsbUQw5Z6B,6VMsrZvNaSzddT6vkY6dEDoFMeK5EoHD4KCAycfQpump;GL7M1C4QeLoURyexYgdhuP8SvaPh5LHQLRqKha3epump,2,-188.48600000000002,2.0,2,False,H8sMJSCQxfKiFTCfDR3DUMLPwcRbM61LGFJ8N4dK3WjS
643fC2hoV2bsW7b8oJ29XQunFT7JbbDtJLKyZXCb8iac,9hAojtonqe4RUQarvUYZhFqC99VK1S3LCewYkSjnpump;JAqRn24FuQ5MFReXNgXb8uFej5vHJDxhVtebpQvHTQZy,2,-297.838,5.5,2,True,7wu4hpm8YBna94TSMBXrrYKDKPWqeFrJMYus9rKTzBeM
6PQ6ff7bvjtBynYuKbjJkcVNx8V6SDqyT84vX8rKXjRF,6wSQipxdE9Suf8tVNaCEbcqavUbLT7gL9tibpm3Jpump;7p4MwwkUaMv4gBThVkW46QjwVaosaUrccbFV1MbXpump,2,-197.2945,10.5,2,False,7q9ub58kXjXyaL8wURekkE2wVFDEmpFkyc3rr4yuCPxL
6Qt8a3Y6B4nekSRQ1p2e5yqP5bSCbE6HzUTdWwdfYXmR,28HydoWU7TZQxWiVQxGZyspE3qgWdCHToNDVgLoNpump;H9GGsNc7vA4hN13N1oU4itq8x3mrdZBdw2XdK3Mipump,2,-119.456,32.5,2,False,HoVxKFZZrixCdZ84H18PrpBXh8QwcbwEjnGAufejxGbd
6Sx7pb1792ibStiGr11VsZjHcHUA2gg58eh9Cq7gPVZY,6XD1vorwquLXjTSL5W4MJMGewZBeiEcPFmZw527TSwva;9PNfxvTARzdxvQas2uknW57bnfMCS1dxW1He7rPbuhuQ,2,-88.4865,11.5,2,False,GUACJy8rib8h3rWjgEzPBJj9qeCaz2KM1DCj1AnJGG7L
6WxiAPEuDrKncBDfm87zA1DiSbtCksSrM5oGgdN3HBug,4kkrecvSVnnkK3RZcJ85tNFiZu9pWg584yHjNCqEpump;57ANN8dAbPX8x1BEFFwzBttkzwpKZBEiJkdiWSzVNQvS,2,-214.639,9.0,2,False,GuKhxddRMPMusqxZjnuagzNe7mpTgqESi6SSN62fHeFF
6YANuDjxANKngz6XyjCUaY4aVujBpebUs12RXMYAqXS3,rMPLDvnn6KR773WNhZvtFNcgFwnRkc7UbPkUaiMpump;sMe5iUcgTe4VXmg4WaShF5kuk6GmcKF3y4HqKGZpump,2,-702.4025,7.5,2,False,AgmLJBMDCqWynYnQiPCuj9ewsNNsBJXyzoUhD9LJzN51
6YF1jopu1B6TdfmhiwURzAxef6w9ukDRnszUEaVcNb95,CSLP8Vp7u9hrXQi7crPXqCp7BaJaG4JrNxqvR3jDpump;DQ2H7qcj262RAKfSxGYeL7cYJq54mVdXe4gYxUwxpump,2,-192.30599999999998,4.0,2,False,4Eye49HG88GRDC4gwz3ezyG4TjJgoadHRpB4hpM24Lew
6Zx9wRV4kMQPv9x3atiyqDr1qxT3LfYJYEMJyPxYwT7F,13V3CbY7Q7AXnf24FMsUaQrmLxnRU4Md9phDEWZvpump;3GeNgcFpMwH9ts5b3W3jddtfwhwAURaykTy8YjtrGQWT,2,-344.055,7.5,2,False,FBvxneTq8dY7WKxj924CseuveWzDL5tN9JuSW3S9nJkN
6abTpionfdvkiQAXQf9gLdpkXU57NeCZ2Dnwb5GSmMsX,BUPNYwndVGfzVb6RG6q2PX53VdAimw2Mi98QxqeWpump;CSLP8Vp7u9hrXQi7crPXqCp7BaJaG4JrNxqvR3jDpump,2,-610.866,1.0,2,False,CJCUQo5EV7QGgWhG1RmgdYAFCWeXSAPKr4LMU6nqBqwT
6agRVLmoLaqqHfRVxkDsCswN5qsNkHftVmmchaMyafsg,H8oe2SCksJcYzhPeS4TsbteusgZW5k7QaZ4boKyq8C7U;omskHvyNvQSn3PFak3E8JHQJeSVJFsrc6izWT12pump,2,-309.79449999999997,1.5,2,False,GfDh8LF56byQ3ejp6yLFE2uuv6XZJ4c91St1SDyRLEfC
6eGsqwhvLDCgsFykN8UdBSF4hscuZNmjtmVFrNssM77B,7dACCWZXF4Lr9ftxFpi7TJk7a3hcPpUwGPAcTuXDpump;rMPLDvnn6KR773WNhZvtFNcgFwnRkc7UbPkUaiMpump,2,-557.4855,9.0,2,False,599zpgHycc7uyWBgnhhsRSVXAfGDPWaameLkwUnTGd1k
6ed94GSojZofqzqg2UPessdWqQAmstZX1EDqz347ASrD,JAqRn24FuQ5MFReXNgXb8uFej5vHJDxhVtebpQvHTQZy;rMPLDvnn6KR773WNhZvtFNcgFwnRkc7UbPkUaiMpump,2,-709.548,15.5,2,False,73LrpdfjZF8E7unF5x1GHpcTvSX5SisSu6FTUqY4gofp
6f9oaKvYRuJ2NrzHV7iMGYF6NRv8NkjzMn2c5HC2pf5D,9mqJNDG2squcqZt2zC7cWWNtVozUbQUnzVnP1jG6pump;CziyAr14UNUrfkxpioWSumkLXMwWnDWN2bu2WR5ao7kc,2,-338.09,0.0,2,False,66D1Lth3Qkgoh9Jj8uSWYASv8WnycTQkXXMct36bxJaL
6fAV85kfyqXexp7uJVqByxDehU61WGVq8YD3CSWrYwQ8,5pSEZw1iytqYznD7crsGyKNek7q5JkjBqj2KmfqxUVZd;UsrcsZMqw6p53Fohu16UCBjsbjqc73XmoRFZDcnCtMR,2,-156.70350000000002,0.0,2,False,8d9aV5LRyFV17xm3EBhaWbXv6vYMF8AerZCPPCN3EAGj
6gf1zR5niLW2d5pRu3mf5xeF7Whkt37THtwMU5J9m7Nh,2iSB473Z7L2ndpWs3n22tb7H3KSGpswDTH3jP7qCCAZT;ASftCNtzPNmK3nMDvpQNvpLauKS45Vkq7kwTPutqUBL1,2,-906.165,2.0,2,True,791eGAi3H3KjFPq9Fg9nwLk46UxYACcPGLJKtAzvx87Y
6hVFtyYLovFvsigSquo3wqef54m6tFFFJPzxMv7ZZnGN,3coFBLantjJkMRmzaQ4znMQQzfqFYTyBeNhdXYAzpump;AmWCcDf6tG7zB3VPeDVjeXL5N567fXAiHcTKw3xXpump,2,-602.9485,4.5,2,False,Bney7YfJwsNimbSYFzMimsCrZB78f41eazqMJei6iWZP
6kkjU6JUUwP7v3wsZPvXbmEjvTTQvfAiUhWZTCQ8p1Qh,7dACCWZXF4Lr9ftxFpi7TJk7a3hcPpUwGPAcTuXDpump;omskHvyNvQSn3PFak3E8JHQJeSVJFsrc6izWT12pump,2,-157.8625,0.0,2,False,2rV4Noxv419KXFXwBZGmNocF6Bfn8FwFCzqHXxeS6Vmg
6ptyouHwvLCrbkuDZTN7tuBkBMU3G9QmzyRmaGP4X34v,4prKtarobdhYDY4Hu3uGZMx7Je4HqPJeLVyxN6m4Ld3T;7xXo3JYBqzh6D91XRppzFRLfw8wJHypeukGaNWwKgZ8m,2,-496.17150000000004,6.5,2,False,7QVBbxMFdH7H8GaA9ohwpRBGqUMdrTTDQ5asNrF2s3Rf
6rRLtKPTc5DWTaJk2hbQw1vgrRjGB4K9se6TWcXjbiFM,7mRDn1rAqjwFQXacodr1UmkNdvAGPbtNP9k5jvBZqt9J;EHUzmwAzmUix7TkwVr7b16U9ChJDr3RpjfXshR5swy5j,2,-139.791,5.0,2,False,EkuXDEQKrBTqfadB1SecQ4WTLoVj4n2zNua9wUi7z5Wr
76VMCqqzCdny4658aDFFU7jw44jRTiqCCRdtWF8cAJwb,D4aEpQLW45YnWrBmztcpJHqabbPtFe9F9PTv8Umvpump;GL7M1C4QeLoURyexYgdhuP8SvaPh5LHQLRqKha3epump,2,-1931.1115,2.0,2,False,H3n5JUhCL2kBmYV5ve4VLjZMcN6WKDuASxHATs5PYeUq
7BXREvJj2NzASSabL66nLBLnePNzxat59pVi8NmAY1DJ,7dACCWZXF4Lr9ftxFpi7TJk7a3hcPpUwGPAcTuXDpump;omskHvyNvQSn3PFak3E8JHQJeSVJFsrc6izWT12pump,2,-157.8625,0.0,2,False,48uyC7N8JA7GUqhCX5KHgksAqu8BYoTmiLGLQx78ETpf
7JULSQyxhhTBzKjbAuDuxYYvcM4QgbkxErTRA5oz6pVg,55bKo8bj1YVEgsbwkkd4Nwu7JhaZF9trUgbvpZ3YeVCA;BmU6YJP2YCAo8sc2dkeR8KjvF3rGFBHZL25ejysppump,2,-263.092,10.0,2,False,G9qZLEJwX5UY2btv1GkwHZojgEbcsHgev2Ppn1QpAE1v
7K8JxX9wEiNw6pMoP5fCX8jQ9dqRenKe6ucZRN7aVRoa,5EZ7yagvcsHcwH3e17khLwGzhFrCsx7CKS7ZN6J6i4Lh;7HiD5rzoZxAYXEJ8Z4t3WgM8VE1iSKWJdxPPyEdDNzwN,2,-418.2935,1.5,2,False,H7sWT7eP83vkim7Gp81qsPwQzuzJK3E6Ps9KLbUezoCc
7NAd2EpYGGeFofpyvgehSXhH5vg6Ry6VRMW2Y6jiqCu1,AgB5SxiP1DFZbW9uDAH7s8Mhv1HF21nJv67tnAAYpump;EoKqyKksc4ekiPVuBD9FiztYQHkV59x8KTcZ3ReLpump,2,-409.214,4.5,2,False,2fg5QD1eD7rzNNCsvnhmXFm5hqNgwTTG8p7kQ6f3rx6f
7Qdc5LRRdPrfSmhRgcuV6PGg91NSYzbJ5WwE3yL6LXTu,BUPNYwndVGfzVb6RG6q2PX53VdAimw2Mi98QxqeWpump;CSLP8Vp7u9hrXQi7crPXqCp7BaJaG4JrNxqvR3jDpump,2,-610.866,1.0,2,False,CJCUQo5EV7QGgWhG1RmgdYAFCWeXSAPKr4LMU6nqBqwT
7RKK7VRNmvrvwuvknCC17TAbt1rfjTsA47Pf2z7NL98w,55bKo8bj1YVEgsbwkkd4Nwu7JhaZF9trUgbvpZ3YeVCA;BmU6YJP2YCAo8sc2dkeR8KjvF3rGFBHZL25ejysppump,2,-263.092,10.0,2,False,2BRbsWadYFHXaFpW9x1EdmNuaHeSzgYwfq5DsXaBehBD
7YP2uswqQJxtAV9JW3H4nwyVxgpFKVLVSMjfuvsTepc8,3coFBLantjJkMRmzaQ4znMQQzfqFYTyBeNhdXYAzpump;Ajz86fyiygsv8kZkUyDxogxkz5VfKRs4HTEABVTfpump,2,-709.8489999999999,0.0,2,False,Bev8STF3nRAUNVunKDBCPmYv9K6Gr1XQE1HvfhX5DuRT
7bBpvrmVeCF3hyFWAMynNcaAxprfL2WCnfEpiotKYRfU,2A6sLqrw8WN6KkgnCsN4xJkyAowBZHr2H9xQ4u3Mpump;AgB5SxiP1DFZbW9uDAH7s8Mhv1HF21nJv67tnAAYpump,2,-461.9585,3.0,2,False,AxiomRXZAq1Jgjj9pHmNqVP7Lhu67wLXZJZbaK87TTSk
7bmgatCuYEkdHfK7tfPomirwfhTCEcXax6wXmTN7iGya,5o9sE9FEVC12zWBd2zqPXAhoVyRiNjGfaYX6hS3Ppump;7dACCWZXF4Lr9ftxFpi7TJk7a3hcPpUwGPAcTuXDpump,2,-197.0985,3.0,2,False,iGdFcQoyR2MwbXMHQskhmNsqddZ6rinsipHc4TNSdwu
7jGhmzxYKP2oJvjSaUuTZqeww6JDvszAFQvwhn8vznZX,3f8CKfznVUGrFfhcq8ZBY9M1xyDeEQGrh6iH372h3ebN;6akNLpNd11oq4q5zxhXGwr5jwUi6Ke4CvKmF6QeUwJCQ,2,-140.478,10.0,2,False,DPqsobysNf5iA9w7zrQM8HLzCKZEDMkZsWbiidsAt1xo
7qHQQ8Q6bauhbWT7xmLvDWU5rXGoAUaxSu4AGHpjV4jP,6XD1vorwquLXjTSL5W4MJMGewZBeiEcPFmZw527TSwva;6akNLpNd11oq4q5zxhXGwr5jwUi6Ke4CvKmF6QeUwJCQ,2,-152.2255,5.5,2,False,boLt4T3KzcFxhENKgQMgPZ24pPDS2Kwawie877JH8sn
7vYTofeWUzF2Cxent3RFp5tQedWkiCARz2o67wUxsqi9,DJejJn1iJntJVTAixy4VRgqJFF3NMKPEMgVzbJFmpump;omskHvyNvQSn3PFak3E8JHQJeSVJFsrc6izWT12pump,2,-152.4965,7.0,2,False,iGdFcQoyR2MwbXMHQskhmNsqddZ6rinsipHc4TNSdwu
7zGdmBpkRapRLxfgWYNAzjngp7mFJuD7AhGZ4rHmjn5L,67afrnTxo8DVc52Uev61Yo4Yr9BGQpRw1RpPMWcx42La;7dACCWZXF4Lr9ftxFpi7TJk7a3hcPpUwGPAcTuXDpump,2,-189.38,2.0,2,False,3DBkcC9mBpLjWufzD2RwRVrLHbeoZtoEpZxTTwkuJG7e
86hH7CwMbFqqmRkXf2S4bPe61JurGcn9qsfdrertNKjV,3uYT8w1FxasDGmM4WDG5kXu6D9BGvyP3iEfPJEVb6ewT;7mRDn1rAqjwFQXacodr1UmkNdvAGPbtNP9k5jvBZqt9J,2,-87.5245,12.5,2,False,Eowmf2TxKyuagquWhF7QxWQKPMoYnprSmP4oXVrTe7dq
87nJZku6KRrRmhAKFX29bb3uVZs2K4EgNAKHod5FZANP,3vfxnHSCS139RZiw6MPZaEvhySnjbEi81GuF5EdNpump;BmU6YJP2YCAo8sc2dkeR8KjvF3rGFBHZL25ejysppump,2,-571.747,14.0,2,False,FLzmJWsaUf1K2C2AUEWrepnzvnntfJPPVx67FEhBzuVu
8C9vXEtsDCnm3DPSyZAzkVb6PabrZYioE2iZgHcdNT4D,3uYT8w1FxasDGmM4WDG5kXu6D9BGvyP3iEfPJEVb6ewT;GL7M1C4QeLoURyexYgdhuP8SvaPh5LHQLRqKha3epump,2,-120.8605,3.5,2,False,is6MTRHEgyFLNTfYcuV4QBWLjrZBfmhVNYR6ccgr8KV
8DQpEBcHZBBnB5FfbMC4m4oPhcUidjkQjkx88Fdu2G5V,7dACCWZXF4Lr9ftxFpi7TJk7a3hcPpUwGPAcTuXDpump;omskHvyNvQSn3PFak3E8JHQJeSVJFsrc6izWT12pump,2,-157.8625,0.0,2,False,4kAsV9ZBCZV6dvgpxxf5Yes2ZKUQ42nJvbwYUeUR9PhS
8DUME78c7tLoyPVsgZa74HyfKAU5N6SAen9C4mRjk7kB,6sFMbTF2VTzutzKekenJujFZBqb4TiBZJKfyLMUbpump;H9GGsNc7vA4hN13N1oU4itq8x3mrdZBdw2XdK3Mipump,2,-239.1,3.5,2,False,tSvJ4jw9nxKW88QBELk2K4RswT2ijMyDbZ3bfe9dRqQ
8DZZsi4aWxbn5BBW5XnksoiC5oMZiZZyg8y5PYG7XNQk,BUPNYwndVGfzVb6RG6q2PX53VdAimw2Mi98QxqeWpump;GL7M1C4QeLoURyexYgdhuP8SvaPh5LHQLRqKha3epump,2,-543.8465,1.5,2,False,5tzFkiKscXHK5ZXCGbXZxdw7gTjjD1mBwuoFbhUvuAi9
8DgVVtnNZQRKu4Cx6xeAMTukUHMTE3f2Cqb1wMzJ9beU,5o43e7gYZWFNEpdqkegHY6LXkhMXB1z6f7d6TAVGEMTM;JAqRn24FuQ5MFReXNgXb8uFej5vHJDxhVtebpQvHTQZy,2,-254.1515,26.5,2,False,5tzFkiKscXHK5ZXCGbXZxdw7gTjjD1mBwuoFbhUvuAi9
8FySgd7VmjnXsGjUbgtDxDjZVEJ1FsQJkG5K2FKY7mMq,2A6sLqrw8WN6KkgnCsN4xJkyAowBZHr2H9xQ4u3Mpump;EoKqyKksc4ekiPVuBD9FiztYQHkV59x8KTcZ3ReLpump,2,-772.8695,1.5,2,False,iGdFcQoyR2MwbXMHQskhmNsqddZ6rinsipHc4TNSdwu
8UN881KsS33fQJnEtC2B1XDMWQzvJBiAqfLsKzr5g67,4n32UBFWKJNPQayeN25GrLJHswbja41XFMxebcg9pump;hHc9579gpKUnvYvgcKyjdpe1UhmfVfGzGwMQCADpump,2,-46747.395000000004,23.0,2,False,D89hHJT5Aqyx1trP6EnGY9jJUB3whgnq3aUvvCqedvzf
8ZatX3uYfVxH1emrDQd3erxwGsX8tdrqxH1mHiKh3GCw,2BucyGvsg9wwTwsaFsEUFgdphrCtp94pDRtHowJUpump;6wSQipxdE9Suf8tVNaCEbcqavUbLT7gL9tibpm3Jpump,2,-572.7874999999999,0.0,2,False,ASTyfSima4LLAdDgoFGkgqoKowG1LZFDr9fAQrg7iaJZ
8dtx2tr4TuJsYpri2suggFu1pg3DVjFLBBVmhtDy1MEF,Ajz86fyiygsv8kZkUyDxogxkz5VfKRs4HTEABVTfpump;FuF2M5T79HJdpJUbp46qwWssLXQ1Xjf1yiNSfyo5UEGC,2,-669.0965,69.0,2,False,7G1Lxn6ahKg8PQFiJoZyZSt9JSZ1egB2dy9VeBYAghMz
8eftoRDpRcjkrT6VZ1HPSB1mJfE9SdgkNKqid58F5XKi,7HiD5rzoZxAYXEJ8Z4t3WgM8VE1iSKWJdxPPyEdDNzwN;G9r7nnHSgvb7LUfCE8kavRaKokEMMYBjVHGKvQ6dpump,2,-502.33299999999997,3.0,2,True,5tzFkiKscXHK5ZXCGbXZxdw7gTjjD1mBwuoFbhUvuAi9
8g1w4PNCHooeQbAhYbNAM9yv4pbQJthPRpiqSpiSeVQh,5EZ7yagvcsHcwH3e17khLwGzhFrCsx7CKS7ZN6J6i4Lh;6akNLpNd11oq4q5zxhXGwr5jwUi6Ke4CvKmF6QeUwJCQ,2,-445.1395,4.0,2,False,G83xr8WJL8BTvWVwSmmcnwvEbjitD8ZDZVKAVHi6tian
8jaQARxGU1KCBypSgPcFNkQanFbczZ9DpHEupZ1YHGrJ,3GeNgcFpMwH9ts5b3W3jddtfwhwAURaykTy8YjtrGQWT;CSLP8Vp7u9hrXQi7crPXqCp7BaJaG4JrNxqvR3jDpump,2,-226.245,5.0,2,False,iGdFcQoyR2MwbXMHQskhmNsqddZ6rinsipHc4TNSdwu
8oEdDewyhPhVNnizQFFfCUSzP27qVpHX4WXqFJKdZrYc,DJejJn1iJntJVTAixy4VRgqJFF3NMKPEMgVzbJFmpump;JAqRn24FuQ5MFReXNgXb8uFej5vHJDxhVtebpQvHTQZy,2,-239.3205,18.5,2,False,9xziNSwNxLEKPruLBbYNvcyctmFz79cL3uc5smUj14Ym
8onxzPhFeCTkwELU1d4Y3qaT4VXVNZ1zrTYtevqkPKse,5EZ7yagvcsHcwH3e17khLwGzhFrCsx7CKS7ZN6J6i4Lh;7HiD5rzoZxAYXEJ8Z4t3WgM8VE1iSKWJdxPPyEdDNzwN,2,-417.7935,2.0,2,False,H7sWT7eP83vkim7Gp81qsPwQzuzJK3E6Ps9KLbUezoCc
8oq9LQS3Eqy7Gr9ehKxVjgmNHYEaVHM3gh5aBa6pC2m5,5EZ7yagvcsHcwH3e17khLwGzhFrCsx7CKS7ZN6J6i4Lh;7HiD5rzoZxAYXEJ8Z4t3WgM8VE1iSKWJdxPPyEdDNzwN,2,-415.2935,4.5,2,True,F7p3dFrjRTbtRp8FRF6qHLomXbKRBzpvBLjtQcfcgmNe
8qHBtZMpvZxkGATGmX3B7TSoBJpVBrTXAJ3CzKKTKBtG,AbpJywMWmkf1MFonRddPVogSwPPZHB9pG4x2nKb1YaPn;BmU6YJP2YCAo8sc2dkeR8KjvF3rGFBHZL25ejysppump,2,-320.0625,4.0,2,False,5tzFkiKscXHK5ZXCGbXZxdw7gTjjD1mBwuoFbhUvuAi9
8s1ZGsVRoeKAk96JwqmbFZ7wjEXkRgbH52q2L2PXhudX,EoKqyKksc4ekiPVuBD9FiztYQHkV59x8KTcZ3ReLpump;xeKm1qmxyHLJZLdwKpsZdx5UFtYyb124GTWRZWypump,2,-453.448,4.5,2,False,ybhs3gRRvtyeaWkc2DaJTbkesjmYnY34oYinpEbUGvP
8tWJGxjFWSj8sbBiUGFam8mm79aavBtq1zYxv7Le4n9L,44s336LDz8bXp4rpxy1qwUfysZ4THjpReQWTKQg7pump;7p4MwwkUaMv4gBThVkW46QjwVaosaUrccbFV1MbXpump,2,-210.06,9.0,2,False,iGdFcQoyR2MwbXMHQskhmNsqddZ6rinsipHc4TNSdwu
8xdRQ9VGqwzT4AYgbRB6ZNMFaJQ6rr1nFGLop5BiM8z,47r9YPDeTVpwHjAakoVgnzNTJRChXC8f4KSUqMbEsBbM;4sjtHGeAKP6DoMUdvFqQuiYKhhPpwa9XCxUyuFD2pump,2,-492.986,2.0,2,False,H7sWT7eP83vkim7Gp81qsPwQzuzJK3E6Ps9KLbUezoCc
95ZCf3jKMHeFYvPXVZW3Ek6AEPDyjebosqnc7eNioVMo,6sFMbTF2VTzutzKekenJujFZBqb4TiBZJKfyLMUbpump;H9GGsNc7vA4hN13N1oU4itq8x3mrdZBdw2XdK3Mipump,2,-242.6,0.0,2,False,75N7DwtstWsc7oHE4KCynyAkwLwoReCgvvuaMthrXPso
99JTmhMR9JrvrKutmRRD4ygNxAC3yR9EXhyBcq4nehXE,AmWCcDf6tG7zB3VPeDVjeXL5N567fXAiHcTKw3xXpump;CziyAr14UNUrfkxpioWSumkLXMwWnDWN2bu2WR5ao7kc,2,-493.34950000000003,12.0,2,True,6DdSk3tSwjkLsMwESZN9SYpGuUkVYv76bDhUbztWc8ao
99Xy6CWaX9Gi6jDs4Pju9UETZPGXFFDpG666V5D86d6w,13V3CbY7Q7AXnf24FMsUaQrmLxnRU4Md9phDEWZvpump;6VMsrZvNaSzddT6vkY6dEDoFMeK5EoHD4KCAycfQpump,2,-371.81550000000004,5.5,2,False,5tzFkiKscXHK5ZXCGbXZxdw7gTjjD1mBwuoFbhUvuAi9
9FB3vVCvz7aPEqXFSqSHu6nPBASKGy38pFSUMyKACqrf,7xXo3JYBqzh6D91XRppzFRLfw8wJHypeukGaNWwKgZ8m;DQ2H7qcj262RAKfSxGYeL7cYJq54mVdXe4gYxUwxpump,2,-383.7335,7.5,2,False,9sBMHMKXsrjwZjZKFwNzgJPpBsv16UCTba249FxtpWNw
9FeRS4nh8T2HHFuRspqYTVqptLTHETCPQgoQ538KLjts,2BucyGvsg9wwTwsaFsEUFgdphrCtp94pDRtHowJUpump;9CzNGAEutxKHJ5CwYC5Lk8X8YzgYrQnvKChP2BFEpump,2,-792.0835,10.0,2,False,iGdFcQoyR2MwbXMHQskhmNsqddZ6rinsipHc4TNSdwu
9GWnZKnAa4jcrQUd91qVSNpYikeBRkTeMXDTALF4aGqZ,6VMsrZvNaSzddT6vkY6dEDoFMeK5EoHD4KCAycfQpump;AgB5SxiP1DFZbW9uDAH7s8Mhv1HF21nJv67tnAAYpump,2,-184.561,3.5,2,False,DGFW1Effv88XzXkgfgyoFfmefzEU5Pp9zWJACBmCSh8K
9HpRCnTGrEnavZokww59BGzsBanFiXdCnbiT4MHhuM35,6sFMbTF2VTzutzKekenJujFZBqb4TiBZJKfyLMUbpump;BUPNYwndVGfzVb6RG6q2PX53VdAimw2Mi98QxqeWpump,2,-659.5084999999999,2.0,2,False,5XauEY7xQQoH8QhfckTYR7dgiGSgi4fT2XN8NUguS75u
9HvLxQwEgnT7nfXctCVBRN6KdNkT2hsNtXBKV69yYiAr,6wSQipxdE9Suf8tVNaCEbcqavUbLT7gL9tibpm3Jpump;Er5RuNhTEwJH5dHv9c3YGATjgkLCETH4dKazntyWEtXY,2,-179.4975,8.0,2,False,iGdFcQoyR2MwbXMHQskhmNsqddZ6rinsipHc4TNSdwu
9LMeW9Sx3xRHc2zSTFZ4AXPq3rTSA8zfoz8vTNi45PtU,6VMsrZvNaSzddT6vkY6dEDoFMeK5EoHD4KCAycfQpump;GL7M1C4QeLoURyexYgdhuP8SvaPh5LHQLRqKha3epump,2,-190.48600000000002,0.0,2,False,FpwQQhQQoEaVu3WU2qZMfF1hx48YyfwsLoRgXG83E99Q
9XnaVjr6AmpXNGeugiAJMvUvUA2r3U7snZ9gpjand6NL,8ypYfW5cjafrfAZij8TZj5SFHAbPNpiRio96LMzypDkn;DJejJn1iJntJVTAixy4VRgqJFF3NMKPEMgVzbJFmpump,2,-128.837,6.0,2,False,GJRs4FwHtemZ5ZE9x3FNvJ8TMwitKTh21yxdRPqn7npE
9bwHbhAEDTWgF8NMdxZkJLwooDcy3fshSxGanGWeskHC,7HiD5rzoZxAYXEJ8Z4t3WgM8VE1iSKWJdxPPyEdDNzwN;8ypYfW5cjafrfAZij8TZj5SFHAbPNpiRio96LMzypDkn,2,-153.5815,6.5,2,False,iGdFcQoyR2MwbXMHQskhmNsqddZ6rinsipHc4TNSdwu
9c4hh87C6TbfYwBKiha85jtuZkL6W6E6pcbUYG8dfP35,F59cEB3A7RAKHGtkvR577swnPSP6EsdaBoL5AcVZpump;xeKm1qmxyHLJZLdwKpsZdx5UFtYyb124GTWRZWypump,2,-1222.3465,7.0,2,False,D89hHJT5Aqyx1trP6EnGY9jJUB3whgnq3aUvvCqedvzf
9ecRdqNCBxwReiY2pxtnLeayeBzE1CrSSmKKJJGdmsaJ,5Sg1vv51KGCSDF2gBHgbNATCEXFjYtVhWgztNUwtgJYD;GKTxLXsmkjLDo89XmPa5htwK7sAzdqZ3jmfV6gaTvK67,2,-144.0845,7.5,2,False,GGXp6RyM38MrzoRnZ82k3Rgp8XzKSoSo77bUXypPT7bo
9g7X8SbLZcvG2N4tyewD6S5sab1isH7ywevixny5xQE2,6XD1vorwquLXjTSL5W4MJMGewZBeiEcPFmZw527TSwva;7mRDn1rAqjwFQXacodr1UmkNdvAGPbtNP9k5jvBZqt9J,2,-79.4295,3.5,2,False,9s4C4BjHoKtSwp5PgEtowSTWzxkmpA1nFsvJDNT1gQ9j
9iYpKAGTuW1hNrf9A9CYvNYPWz21aV2cwq8jFHhrZ1Gz,28HydoWU7TZQxWiVQxGZyspE3qgWdCHToNDVgLoNpump;EoKqyKksc4ekiPVuBD9FiztYQHkV59x8KTcZ3ReLpump,2,-441.657,0.0,2,False,AmN88ff21osxR5CWnawN3GWDbpKtReCzDABdGWQvdLyB
9kXTVj6xsBugfoa22nGRBJCyd3EYHqz7b3YqooPB6cDj,HJPjdsDmcvgCj4MV3NvqCWd78qDP8BMzGfrsk4Nbpump;dy6zeSw9j2zHprXLwk1uUGAD4d2HF5R3pAFrL6bRAKs,2,-771.6665,3.0,2,False,HUJnCTq4kZNSFfc5TAtJaSvvHvA8bMRRkQkrcTgznasz
9pkcMws3WtQcfxa5ArH1xgBkKvms69mbUxQEyf2EugLB,6VMsrZvNaSzddT6vkY6dEDoFMeK5EoHD4KCAycfQpump;GL7M1C4QeLoURyexYgdhuP8SvaPh5LHQLRqKha3epump,2,-188.48600000000002,2.0,2,False,G2YxRa6wt1qePMwfJzdXZG62ej4qaTC7YURzuh2Lwd3t
9qz7cWBqYBP2TnGfzMmxX64G4PQip7HtogjPBBnMhWpw,5o43e7gYZWFNEpdqkegHY6LXkhMXB1z6f7d6TAVGEMTM;7mRDn1rAqjwFQXacodr1UmkNdvAGPbtNP9k5jvBZqt9J,2,-96.5175,7.0,2,False,9BhkaAybG824w5Hk2A1Np22ZwYN74f6kisJtLEK9C6Ns
A5dFP3a3cMBhYcXZc2UstXuQzkbT7psSb7P4Wva7qM9J,7mRDn1rAqjwFQXacodr1UmkNdvAGPbtNP9k5jvBZqt9J;9PNfxvTARzdxvQas2uknW57bnfMCS1dxW1He7rPbuhuQ,2,-70.038,7.5,2,False,FpwQQhQQoEaVu3WU2qZMfF1hx48YyfwsLoRgXG83E99Q
AAjjzMZc6pMHnrZmjZhFwU5N8TBs5qpsNa84a8Pc7iyN,2iSB473Z7L2ndpWs3n22tb7H3KSGpswDTH3jP7qCCAZT;67afrnTxo8DVc52Uev61Yo4Yr9BGQpRw1RpPMWcx42La,2,-731.049,2.5,2,True,5tzFkiKscXHK5ZXCGbXZxdw7gTjjD1mBwuoFbhUvuAi9
ACUqQFHiuyobxeJUW6dvppZyfqkce2EJLhVu9Zf2iL1E,BmU6YJP2YCAo8sc2dkeR8KjvF3rGFBHZL25ejysppump;FuF2M5T79HJdpJUbp46qwWssLXQ1Xjf1yiNSfyo5UEGC,2,-458.67100000000005,19.5,2,False,EBNpfTHHU3bJdxHA3ktiKs2MUA66UwEFsmhNGDJbkaPb
AE9myP21FZTstAX6HijJ9F2aoJFZzJpiXaeQbgiYDTKu,CziyAr14UNUrfkxpioWSumkLXMwWnDWN2bu2WR5ao7kc;F41TwidZvJJcsx9c2BMwS6eH9W6HcUT4LzPmGvK9WU6N,2,-345.538,26.0,2,False,AaZkwhkiDStDcgrU37XAj9fpNLrD8Erz5PNkdm4k5hjy
AEgTuy8Lg4wfnjm285mk3P2k1p39ofqNXk8b5VtYhdCs,7dACCWZXF4Lr9ftxFpi7TJk7a3hcPpUwGPAcTuXDpump;EHUzmwAzmUix7TkwVr7b16U9ChJDr3RpjfXshR5swy5j,2,-163.3625,0.0,2,False,CTfmUVKVRrVLMBssybWstPsVKdDVrwUB1nX7CrmGDh1G
AEwwH6hq5sqf6DBeMPyf4uiZE2N24A3G5mX47816WttS,44s336LDz8bXp4rpxy1qwUfysZ4THjpReQWTKQg7pump;6sFMbTF2VTzutzKekenJujFZBqb4TiBZJKfyLMUbpump,2,-291.34799999999996,3.0,2,False,9ksCj1TDT7z1f7vWzpd9JCYx3xJ3GkPwuNAZmoU2KsoV
AFQyb1m5P3GoYUpgB5T3HonYP1WWAzhGRKpL8okaf1AQ,7xXo3JYBqzh6D91XRppzFRLfw8wJHypeukGaNWwKgZ8m;F59cEB3A7RAKHGtkvR577swnPSP6EsdaBoL5AcVZpump,2,-1435.4845,13.5,2,False,iGdFcQoyR2MwbXMHQskhmNsqddZ6rinsipHc4TNSdwu
AJLcuB9ZWYvJuVr2kvrzr182NupVrRpYtrCJbw8msfEu,4prKtarobdhYDY4Hu3uGZMx7Je4HqPJeLVyxN6m4Ld3T;EoKqyKksc4ekiPVuBD9FiztYQHkV59x8KTcZ3ReLpump,2,-534.7105,13.5,2,False,EXueF6jatgRR3Dneof9ipvNxKnuAGM5HKZefUs8Ue3zJ
ALC9QNsMaFV8cCCpyL6vHDQdwmPzMkdpx6yiwFnVE3L8,5EZ7yagvcsHcwH3e17khLwGzhFrCsx7CKS7ZN6J6i4Lh;H8oe2SCksJcYzhPeS4TsbteusgZW5k7QaZ4boKyq8C7U,2,-545.347,1.0,2,False,iGdFcQoyR2MwbXMHQskhmNsqddZ6rinsipHc4TNSdwu
ANQAWcduKeTYn3fVki7hdkTDRUWgB5DTLyissf6AU6Ty,7xXo3JYBqzh6D91XRppzFRLfw8wJHypeukGaNWwKgZ8m;omskHvyNvQSn3PFak3E8JHQJeSVJFsrc6izWT12pump,2,-416.074,9.0,2,False,D4YBDBbhbTwfSTPaYPhZ2giiaNKD9qbzRzLMubT4WMoj
AQ46kfYT3hW28Xg5gWHrJkzFSz1oGWBHC3FsTbqgMEco,4sjtHGeAKP6DoMUdvFqQuiYKhhPpwa9XCxUyuFD2pump;F59cEB3A7RAKHGtkvR577swnPSP6EsdaBoL5AcVZpump,2,-1555.5425,6.0,2,False,ASTyfSima4LLAdDgoFGkgqoKowG1LZFDr9fAQrg7iaJZ
AQUvxU4TEWEpwFe7X9hy5ZjSGYoihcwdzrz7ZB5G5Cyf,2Tiw1Tna3kAut868cjXuKoyrv8U8gi1YjTaXw7Czpump;CSLP8Vp7u9hrXQi7crPXqCp7BaJaG4JrNxqvR3jDpump,2,-171.282,6.0,2,False,FAiw9NfTwvR3iiudfdRFkGwcYgYdPAmov68xgBZpwV74
AWNVYDYDRqZg4NMBFB4Qqnda8FdgffLRUwnF1Pq81faw,7mRDn1rAqjwFQXacodr1UmkNdvAGPbtNP9k5jvBZqt9J;Er5RuNhTEwJH5dHv9c3YGATjgkLCETH4dKazntyWEtXY,2,-99.39399999999999,6.0,2,True,9agdHSZFfFpMBaWkdosM2CCEEjxozPc6sRrrmZgYrddm
AZ5sVzrJMUPjNY37xJiCDeAyUKF5PCfXicdXUoR4ts7s,2A6sLqrw8WN6KkgnCsN4xJkyAowBZHr2H9xQ4u3Mpump;FuF2M5T79HJdpJUbp46qwWssLXQ1Xjf1yiNSfyo5UEGC,2,-744.1120000000001,1.5,2,False,iGdFcQoyR2MwbXMHQskhmNsqddZ6rinsipHc4TNSdwu
AZpLDS1Kjn9FiCVQxBrvjb25J1rqbzVVh4U388Q9e8su,4GRTznsfLTRqaB2uMAFmmgaWtvfVyBb4qCsTjskUpump;AmWCcDf6tG7zB3VPeDVjeXL5N567fXAiHcTKw3xXpump,2,-422.70050000000003,3.0,2,False,JCm6wzuybdmMj4kyXSVPP324Cq2b2qzudfv5gs9ckwvH
AiQBuxbtoMZgi9s3P58j8TTpukedbhxrx3dPR35pwDtC,BE5ciZmcADAX78u2a1GrFiPMPC3rNXtdPGUrhzWB4k5d;H8oe2SCksJcYzhPeS4TsbteusgZW5k7QaZ4boKyq8C7U,2,-221.9545,22.0,2,False,5F1seMKUqSNhv45f6FhB2cFmgJbk8U1avJw7M6TexUq1
AjRr4S5CGAHATKSgLTseJAgU7NadtEvRDxshitxC89eT,GfqKCwNeAdHHi97AmgCLP5qrwcSJRDdyZ1huiU6xUXTz;omskHvyNvQSn3PFak3E8JHQJeSVJFsrc6izWT12pump,2,-145.6325,10.0,2,False,HD2S9DojnmY5nTQp4amGWnA91Zedf1b4DpqC5yw6zx4K
Anva6JEutaUxW9JDp2WZ9yq8yHFUpaBrV2BXshQHVJMf,4n32UBFWKJNPQayeN25GrLJHswbja41XFMxebcg9pump;9ek8utEujXFmiM9wXcWKPF18y57PmeG8rsiBZGzzpump,2,-427.765,98.5005,1,False,4bHUoZY36hmtW1FbJ1XJ5umWmFWXxx9voAe94M8PWNpL
ArQGq689asxfkS6veDmL2BrdRCvRGYsXBkTYvY63Qwwt,CziyAr14UNUrfkxpioWSumkLXMwWnDWN2bu2WR5ao7kc;Er5RuNhTEwJH5dHv9c3YGATjgkLCETH4dKazntyWEtXY,2,-261.61199999999997,16.0,2,False,AxiomRXZAq1Jgjj9pHmNqVP7Lhu67wLXZJZbaK87TTSk
AreSXNRAsnwrKaQvg2H5trpQNqfprRPT62Y5EDU5h7xf,47r9YPDeTVpwHjAakoVgnzNTJRChXC8f4KSUqMbEsBbM;7mRDn1rAqjwFQXacodr1UmkNdvAGPbtNP9k5jvBZqt9J,2,-88.645,8.0,2,False,53JXZS48ijb5iFr2KSo44gdBszE7t9gwYaqPx2yBza9Y
AsibLmSGjDUDE4o8NzhtSjZUmJ7FuQzZbdQWHF7hLoY4,4ZUjJ5EJbwfh7teotB29uHc1SC3SiqbrkwJoNgsxibbU;DkDwxjD5JFK7hd7qUNHqNaTeqDGcZ1ia3Y6E7EUiehEn,2,-511.8205,0.0,2,True,5tzFkiKscXHK5ZXCGbXZxdw7gTjjD1mBwuoFbhUvuAi9
AzcvjR3YbA7KGzALXtW1HPjrGuKc8B3vjWhZwg6Rrgpc,5EZ7yagvcsHcwH3e17khLwGzhFrCsx7CKS7ZN6J6i4Lh;DJejJn1iJntJVTAixy4VRgqJFF3NMKPEMgVzbJFmpump,2,-389.549,5.0,2,False,2BjxxWBnqQr37RTeBJs4azzbGc8iRHQU2zJaZNem89qm
B8cJjRnS69ikJ7iE7gSW4isc6WFAz3jfH6XnZ8g5uWyL,7Q9VxTczrzgvjXWbJJZibR7hbYAohngsNsuEhdEcpump;Ajz86fyiygsv8kZkUyDxogxkz5VfKRs4HTEABVTfpump,2,-425.3005,8.5,2,False,6aa89USZ9fwM1xAqgwh1kb7pnsuh58ohzBxBnJVtfokZ
BBFhtuEJU4qcffp2r3XJJpq7gnsfVuDhHepQzDKLfyhk,8qT3o4k4aUmyLrgd7hHYmVxin3kFhQ9QsXdSXTP6pump;CSLP8Vp7u9hrXQi7crPXqCp7BaJaG4JrNxqvR3jDpump,2,-251.669,3.5,2,False,5tzFkiKscXHK5ZXCGbXZxdw7gTjjD1mBwuoFbhUvuAi9
BByZPd5C7R8vSX3MivG7onXgebLRpq2L1x41aTCo2oAj,3coFBLantjJkMRmzaQ4znMQQzfqFYTyBeNhdXYAzpump;3uYT8w1FxasDGmM4WDG5kXu6D9BGvyP3iEfPJEVb6ewT,2,-362.8415,11.5,2,False,GJRs4FwHtemZ5ZE9x3FNvJ8TMwitKTh21yxdRPqn7npE
BCCwRKh4MLBKH5MpdJ1TAcjUK4hfPDSAyuyBViBBU6rf,6VMsrZvNaSzddT6vkY6dEDoFMeK5EoHD4KCAycfQpump;ASftCNtzPNmK3nMDvpQNvpLauKS45Vkq7kwTPutqUBL1,2,-450.59350000000006,2.5,2,False,GXiqNxeHhWc42G79TCXFkvd9YR5BxfcVvnsqWS5fWycZ
BDuAJGTuPcUgfxWyKJVrWPASRyVTT8iTEc3j6xXPt1My,2A6sLqrw8WN6KkgnCsN4xJkyAowBZHr2H9xQ4u3Mpump;DQ2H7qcj262RAKfSxGYeL7cYJq54mVdXe4gYxUwxpump,2,-487.517,0.5,2,False,4BANhFgDVFh9WL8MDb3jbYS1D7oW9LaoWaPAMpV65kbU
BGMxmMAWE8HxXNVHY7y8gVvayf65T6mvYuXa75LD1sha,6wSQipxdE9Suf8tVNaCEbcqavUbLT7gL9tibpm3Jpump;GKTxLXsmkjLDo89XmPa5htwK7sAzdqZ3jmfV6gaTvK67,2,-149.36849999999998,11.0,2,False,5tzFkiKscXHK5ZXCGbXZxdw7gTjjD1mBwuoFbhUvuAi9
BNS2aS6C8igpBvtvTW2s9y5pqLggPk8qySkHJDryfzXq,2A6sLqrw8WN6KkgnCsN4xJkyAowBZHr2H9xQ4u3Mpump;EoKqyKksc4ekiPVuBD9FiztYQHkV59x8KTcZ3ReLpump,2,-772.8695,1.5,2,False,BmFdpraQhkiDQE6SnfG5omcA1VwzqfXrwtNYBwWTymy6
BQF5jTmkBpnuYVe47VhTJGVJXyzxsq5smaxA3VTGqMgD,2BucyGvsg9wwTwsaFsEUFgdphrCtp94pDRtHowJUpump;5DoZAeBkoci5t5zPhUiuhQFjuzYTfkSv5Seojsxppump,2,-608.135,10.0,2,False,Biw4eeaiYYYq6xSqEd7GzdwsrrndxA8mqdxfAtG3PTUU
BSwWpdoRhtcM3JSnwdhz9bAkWztibTSkdLLQA8Y5xFbz,6VMsrZvNaSzddT6vkY6dEDoFMeK5EoHD4KCAycfQpump;GL7M1C4QeLoURyexYgdhuP8SvaPh5LHQLRqKha3epump,2,-187.98600000000002,2.5,2,False,GJRs4FwHtemZ5ZE9x3FNvJ8TMwitKTh21yxdRPqn7npE
BTf4A2exGK9BCVDNzy65b9dUzXgMqB4weVkvTMFQsadd,57ANN8dAbPX8x1BEFFwzBttkzwpKZBEiJkdiWSzVNQvS;8G7aM6Gco4fHjVpmVvUdVvhKMKaWXJEqkCKRvPdepump,2,-870.65,5.0,2,False,DHL9hiHLmRR4kQb1Y513W6BRss6yxzwkR6vLN85SzGDu
BTgZevYNx5PyhN36JSq8U8eUpU8mKAELfYA2AHP54Dts,2Tiw1Tna3kAut868cjXuKoyrv8U8gi1YjTaXw7Czpump;9ek8utEujXFmiM9wXcWKPF18y57PmeG8rsiBZGzzpump,2,-31.0925,98.5005,1,False,7WGp6ZkX8JoKs8msMWzKQpDNTT7cQKQLVEtnR1aGDrFm
BYxxKQ7crodCMHBydmsg2pBonuuaHFRKxafBprNdVTTh,3uYT8w1FxasDGmM4WDG5kXu6D9BGvyP3iEfPJEVb6ewT;44s336LDz8bXp4rpxy1qwUfysZ4THjpReQWTKQg7pump,2,-182.3935,11.0,2,False,G2YxRa6wt1qePMwfJzdXZG62ej4qaTC7YURzuh2Lwd3t
BbwF4wSwmxMVp7xubA7qigCUU6RMcvK2soMu8VrDHjDH,2A6sLqrw8WN6KkgnCsN4xJkyAowBZHr2H9xQ4u3Mpump;AgB5SxiP1DFZbW9uDAH7s8Mhv1HF21nJv67tnAAYpump,2,-461.9585,3.0,2,False,3b99xDNuMHxr9WHpMrpagH5ktBRKScyEA79sU57GimTH
Bcn2qwBC6nqnD2FcXxHjGNeQaWjqghwJcGFnQJHbej91,8ypYfW5cjafrfAZij8TZj5SFHAbPNpiRio96LMzypDkn;DJejJn1iJntJVTAixy4VRgqJFF3NMKPEMgVzbJFmpump,2,-132.837,2.0,2,False,BTLG71P7eH7hxT4MMv1DUaSkH6G2aYp7hRKqocjeYrSy
Bgj779K3T4pvSCkZrwohhAGNk2xVNGNVBXXnYTHpLUTD,7aLLQRBpGCaSLmmHGf34MGtbdtTumiB14d14TtDnpump;EkTkjVEfhvgkoCwheMTnr8mhEmJ6Q7ZR8q7ZMCcnpump,2,-189.8365,4.0,2,False,9xziNSwNxLEKPruLBbYNvcyctmFz79cL3uc5smUj14Ym
BkV37yAWJnm6CXfSjFUFopxaVYG8wyjzevRVb8L4mFPj,6XD1vorwquLXjTSL5W4MJMGewZBeiEcPFmZw527TSwva;BZYpLHhui3qRNokWFg2JcX8CYtMqzWHR5R4xowjcbPqh,2,-74.8375,5.5,2,False,iGdFcQoyR2MwbXMHQskhmNsqddZ6rinsipHc4TNSdwu
Bo8Gm2t6KbbVmmfiTVBuyfVxFftptHakByVTbrsm45D2,4ZUjJ5EJbwfh7teotB29uHc1SC3SiqbrkwJoNgsxibbU;F41TwidZvJJcsx9c2BMwS6eH9W6HcUT4LzPmGvK9WU6N,2,-259.419,10.5,2,False,nRrN5xd9sG6G1sF84J9J55x6YwkGT1oByUsVbw9G5yP
BobfTFKsxnJj6GTDQuh6SVMotGnF3TVNT2v6U3Yq4iTJ,DTm66ivA96mhuQnqTy1cv7uELS4MHdYtpbRGJdW9t7Fn;GL7M1C4QeLoURyexYgdhuP8SvaPh5LHQLRqKha3epump,2,-160.3285,4.5,2,False,ByXfi6NMiKXFEyR4RaFrXrkqbNMRBU63xeKThB7rKVfb
BzzzWS9hrhviTyWD4jGaVfpBAREwAZh1KiHorBc2CNvE,9xhMStAAufkH5jA5nevaGy6M9fCsQ74BZnsXyo93DkfA;BZYpLHhui3qRNokWFg2JcX8CYtMqzWHR5R4xowjcbPqh,2,-99.4385,9.5,2,False,Ax6x5J8axuofRwPNEPkLsd3HnyTJJ8RPHtoALtWawqMK
C4eNLxxC7XLUivghMi35YUeSfvACgnvKB18115uPUqjg,2BucyGvsg9wwTwsaFsEUFgdphrCtp94pDRtHowJUpump;4sjtHGeAKP6DoMUdvFqQuiYKhhPpwa9XCxUyuFD2pump,2,-886.025,3.0,2,False,9EdU9aj697y8ft9emnYGT4r1NUYFYtBNYSiDgDvXF6X
C65s6TEuoFzRvbPQ5CU1WTJaZyviviHXnHyjHLyPvRja,49aM4HrGABwG9F8iAn385zzcsS6mxHEFY8YN3H7y1Cd9;6XD1vorwquLXjTSL5W4MJMGewZBeiEcPFmZw527TSwva,2,-169.1735,2.5,2,True,FS4kgJwxj2Z2Dq2D4rQ348BvBHC2dP9n7x9D4yK2ZPAS
CBfcB2JgsRkjKF4CjN91oVuQDKztbUfvFX5Cf6X6Ma7J,21XJbyQWEhmeoxKRHdGrEjetSfHopvtp68LWzdvT471M;G9r7nnHSgvb7LUfCE8kavRaKokEMMYBjVHGKvQ6dpump,2,-564.0215,7.0,2,False,2nvBrX3EdKqhpqUMAhCu3LcEDno1tkbn8A95aGAocUNQ
CC3oFqcsqPdcjyyiC7RcshssjWEvu3zMxS68fNsFsn9,BE5ciZmcADAX78u2a1GrFiPMPC3rNXtdPGUrhzWB4k5d;UsrcsZMqw6p53Fohu16UCBjsbjqc73XmoRFZDcnCtMR,2,-116.75,5.5,2,False,v84npn1bP1AUwssY6dvfr8mmoFBWvD7ERgv2JE8r2w5
CFxV5thMrC2zePzDqtegAMPMENP1R5iayRWFq2TFM9kN,55bKo8bj1YVEgsbwkkd4Nwu7JhaZF9trUgbvpZ3YeVCA;6wSQipxdE9Suf8tVNaCEbcqavUbLT7gL9tibpm3Jpump,2,-223.57,16.5,2,False,DbkCBqE29XoUk7fiuSR3cDkmDkELLF6f9g5YimeDjDL3
CJ2EeY5dH625NEuuiLLUtnqjzT2xrDmNELnQajDm4nSC,3coFBLantjJkMRmzaQ4znMQQzfqFYTyBeNhdXYAzpump;7mRDn1rAqjwFQXacodr1UmkNdvAGPbtNP9k5jvBZqt9J,2,-331.298,3.5,2,False,D8uk51fwP8N8RR7Mb7R1XMRCkUdiQCrm8KePA3JDXJ1h
CJCUQo5EV7QGgWhG1RmgdYAFCWeXSAPKr4LMU6nqBqwT,BUPNYwndVGfzVb6RG6q2PX53VdAimw2Mi98QxqeWpump;CSLP8Vp7u9hrXQi7crPXqCp7BaJaG4JrNxqvR3jDpump,2,-610.866,1.0,2,False,5tzFkiKscXHK5ZXCGbXZxdw7gTjjD1mBwuoFbhUvuAi9
CKnzTzYpxefpd1kuxXeprUoJUdgm4DJR5i2kiF34Kc1f,5o9sE9FEVC12zWBd2zqPXAhoVyRiNjGfaYX6hS3Ppump;7aLLQRBpGCaSLmmHGf34MGtbdtTumiB14d14TtDnpump,2,-258.9625,4.0,2,True,791eGAi3H3KjFPq9Fg9nwLk46UxYACcPGLJKtAzvx87Y
CN1vNmYJW3aEYHhx3GY16mYEVTAkZ2hDz7asEoqhcLEm,GfqKCwNeAdHHi97AmgCLP5qrwcSJRDdyZ1huiU6xUXTz;omskHvyNvQSn3PFak3E8JHQJeSVJFsrc6izWT12pump,2,-145.6325,10.0,2,False,7PZyFCPKadHRFYVauXXuytrDAX9dM9X1PEkESnUtMhMV
CT6td8mRxLQCDWN3xynGEZWPFX9s3TGJ2qgAo7oFTXto,5DoZAeBkoci5t5zPhUiuhQFjuzYTfkSv5Seojsxppump;xeKm1qmxyHLJZLdwKpsZdx5UFtYyb124GTWRZWypump,2,-247.577,6.5,2,False,4r2Xk65EPbgGWUJ2GqspnMoqBsTJKsaTJCi5TFwsnZLC
CVxUKFrWDYkE3gsZP9gyVmLD6XkXykk2ukKhAfNrJev8,8ypYfW5cjafrfAZij8TZj5SFHAbPNpiRio96LMzypDkn;BUPNYwndVGfzVb6RG6q2PX53VdAimw2Mi98QxqeWpump,2,-572.661,2.5,2,False,7uqNU9d8KPRFATwkxMySWwyQUEjxuuxNRCYoTSej8KYp
CWNAJ1ZTPxWpKH3CTGpZPAtFpTzsVuuXabCw16RbaVjp,49aM4HrGABwG9F8iAn385zzcsS6mxHEFY8YN3H7y1Cd9;7mRDn1rAqjwFQXacodr1UmkNdvAGPbtNP9k5jvBZqt9J,2,-149.225,0.0,2,False,3SmnSapyT84wx74x5iJyf73UXS16i5nwaaFaLFtKKuxJ
CXoUJHtBGnuNR6zJ3zm8nTnNzCwXxFViXh29d1kTJQmK,CSLP8Vp7u9hrXQi7crPXqCp7BaJaG4JrNxqvR3jDpump;EHUzmwAzmUix7TkwVr7b16U9ChJDr3RpjfXshR5swy5j,2,-235.6465,0.0,2,False,2Kr5MG6mkBXWUGXkYVJxmgSR5sLaFmkkHGEQDUujmNKS
CXsAdUqDvpumLW9588VhZDxgtNR5GuPiyqsjn9VnaG1,13V3CbY7Q7AXnf24FMsUaQrmLxnRU4Md9phDEWZvpump;55bKo8bj1YVEgsbwkkd4Nwu7JhaZF9trUgbvpZ3YeVCA,2,-346.132,23.0,2,False,4f6ZJzTf8Sq3MSjtP9A94R8RDPksM7xwZ4ZNBYjsqepo
Cc3Z5ZAVq4oM5VifZeZPKTuwSeCzjQGpsdXAJLD9DPGe,9xhMStAAufkH5jA5nevaGy6M9fCsQ74BZnsXyo93DkfA;GL7M1C4QeLoURyexYgdhuP8SvaPh5LHQLRqKha3epump,2,-132.8665,3.0,2,False,Ed8bLexkxP9UsJ4CrZyR22KyVUU72AEaL6RM2PSGcbwq
CdP6qd97kg1xJUsk56CWHKi4cGDKp4Uxa6EpHPfgTZUR,CSLP8Vp7u9hrXQi7crPXqCp7BaJaG4JrNxqvR3jDpump;DQ2H7qcj262RAKfSxGYeL7cYJq54mVdXe4gYxUwxpump,2,-193.80599999999998,2.5,2,False,4Ri6Rd7zN6M6H8jF3vPc6MqnmFioVcPaizZt3crLVGXd
Ci2uW1FoLwuFPdMEri5yxZWRHBURkiMWcb7dRuQYvXvS,7aLLQRBpGCaSLmmHGf34MGtbdtTumiB14d14TtDnpump;7dACCWZXF4Lr9ftxFpi7TJk7a3hcPpUwGPAcTuXDpump,2,-156.988,3.5,2,False,4bKW14YxGjLKqjRZCxyXPpNn46CmNdsCr1t7aSPiM3Ek
Cj6gmebMrgzWJpQh6k2R7mzfzxQr9zyx5FafRVJpBU9N,21XJbyQWEhmeoxKRHdGrEjetSfHopvtp68LWzdvT471M;6gKx5EMvnymTVz2JgFhJAqpGxTYaBdVsaLb9YfPfvg4Y,2,-405.7835,24.0,2,False,5tzFkiKscXHK5ZXCGbXZxdw7gTjjD1mBwuoFbhUvuAi9
Cjud2kUcU3WYki6meUmaHsBN1aNCzzBw2d18aXoFYojd,6sFMbTF2VTzutzKekenJujFZBqb4TiBZJKfyLMUbpump;H9GGsNc7vA4hN13N1oU4itq8x3mrdZBdw2XdK3Mipump,2,-242.6,0.0,2,False,CPMAPMdw3UoWJUUccUa7PJfWEnmTDVuFEeRvbdkKfLe4
Cv5GgkpXvtXcsrMcKCJvx46BpMjiM61mpPU1j8RbbbVL,3uYT8w1FxasDGmM4WDG5kXu6D9BGvyP3iEfPJEVb6ewT;FuF2M5T79HJdpJUbp46qwWssLXQ1Xjf1yiNSfyo5UEGC,2,-378.089,24.5,2,False,5MFAw5y4yJ2ZRUJRZfjcCtDZQiLk3RaVP7G4Eg141dxV
CzVCe1D9CG7YhdKLn5525D7nfvf3H27XdAssQbGaFCjE,3vfxnHSCS139RZiw6MPZaEvhySnjbEi81GuF5EdNpump;Er5RuNhTEwJH5dHv9c3YGATjgkLCETH4dKazntyWEtXY,2,-508.0345,7.5,2,False,iGdFcQoyR2MwbXMHQskhmNsqddZ6rinsipHc4TNSdwu
D4CboCGLb1YBozXY2ShGrJ4cGVRUBMP7tDcuWbjJ98D9,6wSQipxdE9Suf8tVNaCEbcqavUbLT7gL9tibpm3Jpump;GKTxLXsmkjLDo89XmPa5htwK7sAzdqZ3jmfV6gaTvK67,2,-149.36849999999998,11.0,2,False,5tzFkiKscXHK5ZXCGbXZxdw7gTjjD1mBwuoFbhUvuAi9
D9UzqMe1T4u95Zztmu4CdxCZg7rSgiW9Qj13TBhGybR3,9mqJNDG2squcqZt2zC7cWWNtVozUbQUnzVnP1jG6pump;omskHvyNvQSn3PFak3E8JHQJeSVJFsrc6izWT12pump,2,-241.682,3.0,2,False,GDrX9NBTxWW7tuM756ki8LFaFhwNS2ZySyjsunNKkyWr
D9gQ6RhKEpnobPBUdWY5bPQt2p3zGk3iVz6ChpUi2ArA,2BucyGvsg9wwTwsaFsEUFgdphrCtp94pDRtHowJUpump;6wSQipxdE9Suf8tVNaCEbcqavUbLT7gL9tibpm3Jpump,2,-572.7874999999999,0.0,2,False,9UMT5rc1XhzqeMwNyxMAeR8Nq3FJ3RZzGzY9M4z7PmCu
DB6qhfFFWnZehFcuGLEUCWraA9p62AfXnzm6veQPTShf,44s336LDz8bXp4rpxy1qwUfysZ4THjpReQWTKQg7pump;6VMsrZvNaSzddT6vkY6dEDoFMeK5EoHD4KCAycfQpump,2,-255.019,4.5,2,False,5tzFkiKscXHK5ZXCGbXZxdw7gTjjD1mBwuoFbhUvuAi9
DEXGUYMrUaNTAkVgVvuDuMjycdwTcq2qhqhbv1EdNuTS,9CzNGAEutxKHJ5CwYC5Lk8X8YzgYrQnvKChP2BFEpump;BE5ciZmcADAX78u2a1GrFiPMPC3rNXtdPGUrhzWB4k5d,2,-381.3505,2.0,2,False,95ipm63sgxs1oHtn9rHfuvPKRRA6ZGeL7yBni8aynDW5
DF9MXmawYzbqskNxL1wTSYRcG2Gv25pqvVxVKD4kvkM4,ASftCNtzPNmK3nMDvpQNvpLauKS45Vkq7kwTPutqUBL1;omskHvyNvQSn3PFak3E8JHQJeSVJFsrc6izWT12pump,2,-425.2345,1.0,2,False,6LY1JzAFVZsP2a2xKrtU6znQMQ5h4i7tocWdgrkZzkzF
DHtR2UMM2p6RTjSGqvB5HQeBmKcbi6ojVX5mqqdjesb8,5EZ7yagvcsHcwH3e17khLwGzhFrCsx7CKS7ZN6J6i4Lh;7HiD5rzoZxAYXEJ8Z4t3WgM8VE1iSKWJdxPPyEdDNzwN,2,-419.7935,0.0,2,False,HXyTRGuxHCudZM92ZMFGoGU8oqcxemfonpPYZTNPTMgg
DJ7zsf86CMjKJSuAzBwk2TiTvJ6eTivyZJz9X5caTuUL,7dACCWZXF4Lr9ftxFpi7TJk7a3hcPpUwGPAcTuXDpump;G9r7nnHSgvb7LUfCE8kavRaKokEMMYBjVHGKvQ6dpump,2,-474.4545,4.0,2,False,AdnSEqnsrUsCNwVTw8bbfVfGJug9BKB8DgRzZAjrDhzY
DTpzoWbmGb2TiChBcBBNEvZCGkM682q5Xt4RMNwtqdZ3,8G7aM6Gco4fHjVpmVvUdVvhKMKaWXJEqkCKRvPdepump;8qT3o4k4aUmyLrgd7hHYmVxin3kFhQ9QsXdSXTP6pump,2,-933.822,0.0,2,False,5tzFkiKscXHK5ZXCGbXZxdw7gTjjD1mBwuoFbhUvuAi9
DWPWqoT9axSvFEtB4pyvPQDVqATE7GtaAGi6fHrfXcJw,3vfxnHSCS139RZiw6MPZaEvhySnjbEi81GuF5EdNpump;5DoZAeBkoci5t5zPhUiuhQFjuzYTfkSv5Seojsxppump,2,-586.5725,11.5,2,False,3bSg6cJYt3SAxykHS5YgEHUS4DhTHHVYJFfh8PAQaAfy
Da1Erpm3FoS2f3Sto7FfVVnd8S2acvQyxY52VDmpH2iQ,8G7aM6Gco4fHjVpmVvUdVvhKMKaWXJEqkCKRvPdepump;GfqKCwNeAdHHi97AmgCLP5qrwcSJRDdyZ1huiU6xUXTz,2,-835.331,11.0,2,False,iGdFcQoyR2MwbXMHQskhmNsqddZ6rinsipHc4TNSdwu
DgVDcsjTbTA3iv45ZU1WeqxHGwJxg6yvrs9HD5u1sViE,CziyAr14UNUrfkxpioWSumkLXMwWnDWN2bu2WR5ao7kc;F41TwidZvJJcsx9c2BMwS6eH9W6HcUT4LzPmGvK9WU6N,2,-345.538,26.0,2,True,B48kNVXs4YK4amkBCH2XokQiv1SeiVQGHDR17xDeKAAn
DhvMrV29pYmi7g8zX1d7bnMNdUuB3mPxLcRN66TpJzji,3GeNgcFpMwH9ts5b3W3jddtfwhwAURaykTy8YjtrGQWT;AbpJywMWmkf1MFonRddPVogSwPPZHB9pG4x2nKb1YaPn,2,-287.8455,1.0,2,False,BYqcsDN5spc54VRezXCrjHcxfg9pbiGMYD3NJ65vMin8
Dk1rLGgMhdCvV4c5LsCuPTJSbejAbtnHbifrct9Uj3aU,3vfxnHSCS139RZiw6MPZaEvhySnjbEi81GuF5EdNpump;6wSQipxdE9Suf8tVNaCEbcqavUbLT7gL9tibpm3Jpump,2,-543.2249999999999,9.5,2,False,62jHHJcdJCAqwE5bBuWQfpfSQyiXyTRpPpTHxXn8wvp4
Dqv8whmAjdC4EtQ22AEgaYymfaD4mCPvyz5Uy3ghE67c,9CzNGAEutxKHJ5CwYC5Lk8X8YzgYrQnvKChP2BFEpump;dy6zeSw9j2zHprXLwk1uUGAD4d2HF5R3pAFrL6bRAKs,2,-534.932,0.0,2,False,5tzFkiKscXHK5ZXCGbXZxdw7gTjjD1mBwuoFbhUvuAi9
DsGJkPzFEQZuwy7JjZzPcJEyEfdC6StV7rarXG4ftRSA,4ZUjJ5EJbwfh7teotB29uHc1SC3SiqbrkwJoNgsxibbU;BE5ciZmcADAX78u2a1GrFiPMPC3rNXtdPGUrhzWB4k5d,2,-142.55,0.0,2,False,C5EMTGGE87SqLyuvhShLDMj2jUBwqBLJAZF6ybK8Jyqw
Dv7pbcYGrYGFuZ4XGAEFYZvCstvZUa8yXJeZnUxv2DMC,ASftCNtzPNmK3nMDvpQNvpLauKS45Vkq7kwTPutqUBL1;omskHvyNvQSn3PFak3E8JHQJeSVJFsrc6izWT12pump,2,-426.2345,0.0,2,False,6MaqJPii4YWZfokkVFU9YH1tAeVayEV8ubBrRTt1xNZG
DwTxH8MM2HwYGMzAGuQLSTi4JXYPHnbgipetHke3pfir,3uYT8w1FxasDGmM4WDG5kXu6D9BGvyP3iEfPJEVb6ewT;GL7M1C4QeLoURyexYgdhuP8SvaPh5LHQLRqKha3epump,2,-120.8605,3.5,2,False,is6MTRHEgyFLNTfYcuV4QBWLjrZBfmhVNYR6ccgr8KV
E5j2karHHQZpRQHxPPfSbnaSrbW4hPijv2wV5JNUj9K1,55bKo8bj1YVEgsbwkkd4Nwu7JhaZF9trUgbvpZ3YeVCA;BmU6YJP2YCAo8sc2dkeR8KjvF3rGFBHZL25ejysppump,2,-263.092,10.0,2,False,7JULSQyxhhTBzKjbAuDuxYYvcM4QgbkxErTRA5oz6pVg
EB5tsAi9wN1Rp43TgXdADpyKoAgwD1PqYhyJKvBuVQUF,4sjtHGeAKP6DoMUdvFqQuiYKhhPpwa9XCxUyuFD2pump;F59cEB3A7RAKHGtkvR577swnPSP6EsdaBoL5AcVZpump,2,-1555.5425,6.0,2,False,AQ46kfYT3hW28Xg5gWHrJkzFSz1oGWBHC3FsTbqgMEco
EBNpfTHHU3bJdxHA3ktiKs2MUA66UwEFsmhNGDJbkaPb,BmU6YJP2YCAo8sc2dkeR8KjvF3rGFBHZL25ejysppump;FuF2M5T79HJdpJUbp46qwWssLXQ1Xjf1yiNSfyo5UEGC,2,-458.67100000000005,19.5,2,False,7HvrZKuescAny7bYoFv4v7uwWqdPAbPWcCD95Z7g4zh1
EDXHdSFdadFbYFFjxPXBqMe1kCEDFqpPu552uvp48HR8,3uYT8w1FxasDGmM4WDG5kXu6D9BGvyP3iEfPJEVb6ewT;Er5RuNhTEwJH5dHv9c3YGATjgkLCETH4dKazntyWEtXY,2,-134.4375,10.5,2,False,3zwCG3LbU7wPyPa6A4Ly7g7Ru4yC55tRotBtJeMzeq2t
EHFGraJiDaWnxYHVu1s9sFx1oeMKieWVhTiDRezqZXCj,5o9sE9FEVC12zWBd2zqPXAhoVyRiNjGfaYX6hS3Ppump;xeKm1qmxyHLJZLdwKpsZdx5UFtYyb124GTWRZWypump,2,-241.67199999999997,6.0,2,False,5tzFkiKscXHK5ZXCGbXZxdw7gTjjD1mBwuoFbhUvuAi9
EMPvzc2iYeGtrb7EKVezn2ctnBQUs3pykyktTUbmqXwK,AmWCcDf6tG7zB3VPeDVjeXL5N567fXAiHcTKw3xXpump;B3xU49SW3khA7m5Lgata2fmPxZeQRuaJbCruPsVDpump,2,-482.0775,4.0,2,False,4ZD9Jhp3JtJY6NEEWJQaEpZkw8vpJu2qT4rnPibm37ct
EN99z91jxRDqrDEgXN61XkWEaVB4p9yugy8ZKvz92kb5,13V3CbY7Q7AXnf24FMsUaQrmLxnRU4Md9phDEWZvpump;HJPjdsDmcvgCj4MV3NvqCWd78qDP8BMzGfrsk4Nbpump,2,-817.7805000000001,5.0,2,False,6QNhUZmRrZh9KLgz4RaNEsnv6VnZLVadH1dbdJzcufVG
EXitjPp2zEW1gNCHsM4KSCffn9igdM7APXjgRtd8pUmP,55bKo8bj1YVEgsbwkkd4Nwu7JhaZF9trUgbvpZ3YeVCA;BZYpLHhui3qRNokWFg2JcX8CYtMqzWHR5R4xowjcbPqh,2,-148.8745,6.5,2,False,9QmhozJJdNkbGYYfFiyyExPTLi71g9P4fuGnHEqbJRY8
EXueF6jatgRR3Dneof9ipvNxKnuAGM5HKZefUs8Ue3zJ,4prKtarobdhYDY4Hu3uGZMx7Je4HqPJeLVyxN6m4Ld3T;EoKqyKksc4ekiPVuBD9FiztYQHkV59x8KTcZ3ReLpump,2,-534.7105,13.5,2,False,2SkV88PoqCgigc6AHArQYAffi4xrMzxihEhYt6ghKfMt
EZbw9MrMwGKE3PCYDos7Y7cQsaqoRAby9i18MjGjzxMk,DJejJn1iJntJVTAixy4VRgqJFF3NMKPEMgVzbJFmpump;GfqKCwNeAdHHi97AmgCLP5qrwcSJRDdyZ1huiU6xUXTz,2,-73.52799999999999,23.5,2,False,93xp5iGTMw6SKXsjnSKmCHNuZ78MncihFoHrZXdqqivi
EZijEsAErJ2nr3i9RiJxvzRqyDV1Vu6tARfqt2mYh1gy,4GRTznsfLTRqaB2uMAFmmgaWtvfVyBb4qCsTjskUpump;DQ2H7qcj262RAKfSxGYeL7cYJq54mVdXe4gYxUwxpump,2,-195.5195,2.5,2,False,iGdFcQoyR2MwbXMHQskhmNsqddZ6rinsipHc4TNSdwu
Ec1ppyYrai72DM5B8wqYmQU7HrS1kk1xQDx8DUxEFnSL,3coFBLantjJkMRmzaQ4znMQQzfqFYTyBeNhdXYAzpump;9CzNGAEutxKHJ5CwYC5Lk8X8YzgYrQnvKChP2BFEpump,2,-640.1975,6.0,2,False,3LFzzenBs2uCE1PSqEGdpmT7kKPyHB5B3yFtpr3kgpAY
EeYUvv1GDpNn7PRiD8KpsHPLG7zSWN4PhBPZ9gZm1Yjv,AmWCcDf6tG7zB3VPeDVjeXL5N567fXAiHcTKw3xXpump;B3xU49SW3khA7m5Lgata2fmPxZeQRuaJbCruPsVDpump,2,-485.5775,0.5,2,False,7FWLMbttY6xeNZNfAsy9dscNgny7K6j2SvRmMSXtQ7ng
EiY6RowjfgN1LZvstQUSyLxvDGT6rmmWi3YggpMKtX6Z,9PNfxvTARzdxvQas2uknW57bnfMCS1dxW1He7rPbuhuQ;CziyAr14UNUrfkxpioWSumkLXMwWnDWN2bu2WR5ao7kc,2,-229.75599999999997,20.0,2,False,GJRs4FwHtemZ5ZE9x3FNvJ8TMwitKTh21yxdRPqn7npE
EoUPdmrcLvio9fc4iLGY32uJVRydvntoz2EMJuELqVQz,7271ZR6GBzaGqdtP28ZqZ5BKRt2ziu4AnPnVCAL7pump;AbpJywMWmkf1MFonRddPVogSwPPZHB9pG4x2nKb1YaPn,2,-757.532,2.0,2,False,ASTyfSima4LLAdDgoFGkgqoKowG1LZFDr9fAQrg7iaJZ
Epysd8fSF29gduUthcD58n2ZC1KZnzhBKvHZydch2rUG,2iSB473Z7L2ndpWs3n22tb7H3KSGpswDTH3jP7qCCAZT;ASftCNtzPNmK3nMDvpQNvpLauKS45Vkq7kwTPutqUBL1,2,-904.165,4.0,2,False,5ndLnEYqSFiA5yUFHo6LVZ1eWc6Rhh11K5CfJNkoHEPs
EqiFgyNw6kgrmYstWyrP8VjKhka7XEmKTZzHSmwpr1Zb,F59cEB3A7RAKHGtkvR577swnPSP6EsdaBoL5AcVZpump;FuF2M5T79HJdpJUbp46qwWssLXQ1Xjf1yiNSfyo5UEGC,2,-1437.266,28.5,2,False,5tzFkiKscXHK5ZXCGbXZxdw7gTjjD1mBwuoFbhUvuAi9
EsqRAayVCtJ9yDECWK6BArY9Dy1eyKYXdyN8GbZ5AXsL,5Sg1vv51KGCSDF2gBHgbNATCEXFjYtVhWgztNUwtgJYD;6XD1vorwquLXjTSL5W4MJMGewZBeiEcPFmZw527TSwva,2,-150.749,5.5,2,False,CyBiGyD1EunXXrNRsu6pKkCQPTbdZ9UTsxAum9twRcSt
Etgb4nx83tpHNohttTqUGvSj6LZhPjEczF6WGbEdeshX,6VMsrZvNaSzddT6vkY6dEDoFMeK5EoHD4KCAycfQpump;GL7M1C4QeLoURyexYgdhuP8SvaPh5LHQLRqKha3epump,2,-190.48600000000002,0.0,2,False,8mowmVCEewZ9W2cEaQyQeQEeSxhGr1hvRviLwozwNtBt
F7kLu2M9389jaGUsrvdiK2hErhkMNDA7mRZzjE5zYsB1,2A6sLqrw8WN6KkgnCsN4xJkyAowBZHr2H9xQ4u3Mpump;omskHvyNvQSn3PFak3E8JHQJeSVJFsrc6izWT12pump,2,-518.8575000000001,3.0,2,False,HrMzhHxF7m2jFUc272wYMTch1ubrSrTMMhdX8SU1unzp
F9SEMEmwVhGF31AQjfY4RE32sU1wQP6oPfWxxSg31hDm,7dACCWZXF4Lr9ftxFpi7TJk7a3hcPpUwGPAcTuXDpump;Er5RuNhTEwJH5dHv9c3YGATjgkLCETH4dKazntyWEtXY,2,-120.46549999999999,3.5,2,False,4Ri6Rd7zN6M6H8jF3vPc6MqnmFioVcPaizZt3crLVGXd
F9piwRXjLM8tV5rpzsKzPmUSySuejJQtSAhivVytAo2K,B3xU49SW3khA7m5Lgata2fmPxZeQRuaJbCruPsVDpump;EHUzmwAzmUix7TkwVr7b16U9ChJDr3RpjfXshR5swy5j,2,-294.73699999999997,3.0,2,False,GzYoXxQnmuMZ4aroSbAfa8FwDQTBjUTgt7zqMLNsevvn
FAFKKrWCpP3ayUnvuDCFUXroE8C63c4sbNDaGJbouC62,67afrnTxo8DVc52Uev61Yo4Yr9BGQpRw1RpPMWcx42La;AbpJywMWmkf1MFonRddPVogSwPPZHB9pG4x2nKb1YaPn,2,-319.2645,2.0,2,False,6MQJCAvWhP5XH1kHY1ZfXm59RKTbL6vkpKFiFPyXugyk
FSnJeGY9XfqucAsNh1h1niKfkvaHX1pjL2yVfR2axf3z,6gKx5EMvnymTVz2JgFhJAqpGxTYaBdVsaLb9YfPfvg4Y;BUPNYwndVGfzVb6RG6q2PX53VdAimw2Mi98QxqeWpump,2,-778.1745,1.0,2,True,791eGAi3H3KjFPq9Fg9nwLk46UxYACcPGLJKtAzvx87Y
FSz6mptAxKrjDjaJYQiGiCGGwsxL4WgWjsh9sGhw4BZX,4n32UBFWKJNPQayeN25GrLJHswbja41XFMxebcg9pump;9ek8utEujXFmiM9wXcWKPF18y57PmeG8rsiBZGzzpump,2,-427.265,99.0005,2,False,2UYEBF1wXNDhcsjgRBvG8sp7aWRLbzF3MXU8hdn2yNpU
FaVx2mNoF8JnceueE1brj4W44a6EBPWpSVbLmJPw4LYx,9CzNGAEutxKHJ5CwYC5Lk8X8YzgYrQnvKChP2BFEpump;AgB5SxiP1DFZbW9uDAH7s8Mhv1HF21nJv67tnAAYpump,2,-393.7915,0.0,2,False,5Nq49Jd7VopaAqwmhA4sVor9btjUdJ1grF5kNy7DvzoV
FgjaLJirojug4baAqdaVyDqXFMWPTeZ3348xBLm5hno8,DTm66ivA96mhuQnqTy1cv7uELS4MHdYtpbRGJdW9t7Fn;EkTkjVEfhvgkoCwheMTnr8mhEmJ6Q7ZR8q7ZMCcnpump,2,-189.9125,2.5,2,False,F7p3dFrjRTbtRp8FRF6qHLomXbKRBzpvBLjtQcfcgmNe
FiFawHqxeTVBhv6YbqbLwDVuvokRpPUM1bNwAyxhGc6W,3f8CKfznVUGrFfhcq8ZBY9M1xyDeEQGrh6iH372h3ebN;69N7rm9nnp6sVoULtp5toD26F25rYum8593GupxkUYvH,2,-140.1225,13.5,2,False,2AQdpHJ2JpcEgPiATUXjQxA8QmafFegfQwSLWSprPicm
FjeaKDFAgexEPZbAFHwE4cL1MFvn1o6EL1qehcmVStCX,6wSQipxdE9Suf8tVNaCEbcqavUbLT7gL9tibpm3Jpump;GKTxLXsmkjLDo89XmPa5htwK7sAzdqZ3jmfV6gaTvK67,2,-149.36849999999998,11.0,2,False,2TR35vZ2gaNdHm5gmpvXARz8Sr84jpz9TjLuHwAHYpx6
Fm4KUVJzB5W9B996Wm9vTTr2EHtwjKTx3yeP81TgmiJf,6VMsrZvNaSzddT6vkY6dEDoFMeK5EoHD4KCAycfQpump;GL7M1C4QeLoURyexYgdhuP8SvaPh5LHQLRqKha3epump,2,-187.98600000000002,2.5,2,False,FsxdGbUT9kziKdez5fCpaBBJ8FDKXkqjGwaGuo2Mq3M
FsbbAcDUJmhRjPWbLTB5p3UEJpYBHwq47ngwAZYn2u4F,6XD1vorwquLXjTSL5W4MJMGewZBeiEcPFmZw527TSwva;7mRDn1rAqjwFQXacodr1UmkNdvAGPbtNP9k5jvBZqt9J,2,-79.4295,3.5,2,False,ASTyfSima4LLAdDgoFGkgqoKowG1LZFDr9fAQrg7iaJZ
FwgLvbYGNyL9XpUijAP3pq1PZLbifW5myr7jb2NcojnD,7p4MwwkUaMv4gBThVkW46QjwVaosaUrccbFV1MbXpump;9hAojtonqe4RUQarvUYZhFqC99VK1S3LCewYkSjnpump,2,-179.914,11.5,2,False,96rzLGhSUrUgw6Ai7WeuztWtJyyxdEKfAgKtFDg7Ae7c
FxN3VZ4BosL5urG2yoeQ156JSdmavm9K5fdLxjkPmaMR,AgB5SxiP1DFZbW9uDAH7s8Mhv1HF21nJv67tnAAYpump;EoKqyKksc4ekiPVuBD9FiztYQHkV59x8KTcZ3ReLpump,2,-409.214,4.5,2,False,suqh5sHtr8HyJ7q8scBimULPkPpA557prMG47xCHQfK
Fzo9V7Qe8u2RLJ6o8Jhm2SyzNF1LQohnKvCEL4wzQBWK,8qT3o4k4aUmyLrgd7hHYmVxin3kFhQ9QsXdSXTP6pump;8ypYfW5cjafrfAZij8TZj5SFHAbPNpiRio96LMzypDkn,2,-210.964,7.5,2,False,6YJ3g2x4panVdaxSKbRJZJDdh4AWWSVdRhvaWbMM7Bx8
G2mgnzpr59vYjKpwU9q5zVfS9yQ9HezMwjuqF7LACvR4,3vfxnHSCS139RZiw6MPZaEvhySnjbEi81GuF5EdNpump;FuF2M5T79HJdpJUbp46qwWssLXQ1Xjf1yiNSfyo5UEGC,2,-755.6859999999999,17.5,2,False,5o9TUc1XFGqW1w3jQG5AhJzh7DapiZXpWEpW2dyHfkSt
G3N7YcrcQV52nYanjkq1WAnTkM8TvuKsJ7Rxf5Btit14,7271ZR6GBzaGqdtP28ZqZ5BKRt2ziu4AnPnVCAL7pump;omskHvyNvQSn3PFak3E8JHQJeSVJFsrc6izWT12pump,2,-686.386,3.5,2,False,FeUFS2buvs1TzijbD4CzRWkziWfzJ49kcPFqi4EYQp2M
G3ouJNKDPGXNUU1qtbZ3bwzqnnphMEB2qQjBiDfCbm4x,3coFBLantjJkMRmzaQ4znMQQzfqFYTyBeNhdXYAzpump;AmWCcDf6tG7zB3VPeDVjeXL5N567fXAiHcTKw3xXpump,2,-602.9485,4.5,2,False,6hVFtyYLovFvsigSquo3wqef54m6tFFFJPzxMv7ZZnGN
G4MyDutoQReMgKd2m2TGTxzjobuRuUKxQv7X2SfMkrK1,7Q9VxTczrzgvjXWbJJZibR7hbYAohngsNsuEhdEcpump;rMPLDvnn6KR773WNhZvtFNcgFwnRkc7UbPkUaiMpump,2,-537.6825,8.5,2,False,Epar4HNMGciNE53R2TsKR9xFb8TR9HaXhQYq8mxALedC
G7nE2WwhA7KcxHDwsXUt51y1RMW63bXc5AAWzV3rsY5q,5nnWe5SCBaNMC3oNiR7utth6kx3mH1dhmCarjDb91shW;xeKm1qmxyHLJZLdwKpsZdx5UFtYyb124GTWRZWypump,2,-178.569,0.0,2,False,J6EJ6hXMjbHKpxj7e7gtWW1uiC41FsKZMKTRca9cvmBw
G8doyrGMYpFreq9J851E233T11tqi1ms6hPkaqnb5UPy,4GRTznsfLTRqaB2uMAFmmgaWtvfVyBb4qCsTjskUpump;7Q9VxTczrzgvjXWbJJZibR7hbYAohngsNsuEhdEcpump,2,-147.8185,3.5,2,False,5tzFkiKscXHK5ZXCGbXZxdw7gTjjD1mBwuoFbhUvuAi9
G8gTguf7EUwqfwdRhiZ3KCBEgPURVB7LXoDzHif4p6oh,5Sg1vv51KGCSDF2gBHgbNATCEXFjYtVhWgztNUwtgJYD;7dACCWZXF4Lr9ftxFpi7TJk7a3hcPpUwGPAcTuXDpump,2,-151.372,1.0,2,False,3NMn55RxcRyxvnRwz7dbXhHc4UQMdDhXtAu9sh7fU3nh
G9tBh7m1rnT95unrThTYvzVkud3Y9ZYctMjbx7AZH8Gh,H8oe2SCksJcYzhPeS4TsbteusgZW5k7QaZ4boKyq8C7U;UsrcsZMqw6p53Fohu16UCBjsbjqc73XmoRFZDcnCtMR,2,-273.7835,9.0,2,False,H7sWT7eP83vkim7Gp81qsPwQzuzJK3E6Ps9KLbUezoCc
GB3RScLih8EgPavY4KTNSitH3xdaQHUmxeCEsAfUahEP,5o9sE9FEVC12zWBd2zqPXAhoVyRiNjGfaYX6hS3Ppump;ASftCNtzPNmK3nMDvpQNvpLauKS45Vkq7kwTPutqUBL1,2,-457.4705,11.0,2,False,5tzFkiKscXHK5ZXCGbXZxdw7gTjjD1mBwuoFbhUvuAi9
GBRTiNiiRexYESkgfadjrQEwiKdx8SkzThojCQYT4u5i,6XD1vorwquLXjTSL5W4MJMGewZBeiEcPFmZw527TSwva;G9r7nnHSgvb7LUfCE8kavRaKokEMMYBjVHGKvQ6dpump,2,-477.3315,5.0,2,False,4VeDzmJ4LMPmd8CjhtnSMD7WEPYcD5N76gqQWvyE2rkt
GCJc1n9ts1e6Ld9n9kxahMTFJitE4Q2eR7t6t6Zppvyj,2A6sLqrw8WN6KkgnCsN4xJkyAowBZHr2H9xQ4u3Mpump;EkTkjVEfhvgkoCwheMTnr8mhEmJ6Q7ZR8q7ZMCcnpump,2,-486.96750000000003,8.0,2,False,ZYxe1mxKvkEtkGC58V7L8H6f8PfVdc4ch2AkxJULwNB
GGDSj1kKoDE7kNy7Cgukcetb17fdEJBzvZuTysyERW95,69N7rm9nnp6sVoULtp5toD26F25rYum8593GupxkUYvH;GfqKCwNeAdHHi97AmgCLP5qrwcSJRDdyZ1huiU6xUXTz,2,-137.763,17.0,2,True,A6TC5g9zvgFEfghfVbHFVYTEVjotmjkpmpuaApJNmW3v
GMwXfLtKhgtWdLqq29pF4JbUUQA6asUeEaXtjQSB7gpN,2BucyGvsg9wwTwsaFsEUFgdphrCtp94pDRtHowJUpump;6wSQipxdE9Suf8tVNaCEbcqavUbLT7gL9tibpm3Jpump,2,-572.7874999999999,0.0,2,False,DsMFNuYhbHP6m4x3XEHV36SjXQV68WLgXPwqmPLDRsAN
GfKbU932R9CFbBkJJ6HmqMDUgyXv49iJ7VuNzLvvoaJX,2A6sLqrw8WN6KkgnCsN4xJkyAowBZHr2H9xQ4u3Mpump;hHc9579gpKUnvYvgcKyjdpe1UhmfVfGzGwMQCADpump,2,-46726.8435,3.5,2,False,2Hgx1GjKRuH9H21Fzz7uGiqh1Fcz3wMP5PmgpDbyDDYp
GodFDUQDtv4BVnXm9prTpVUeXaP3yarrrHq9fGsV9GKQ,4n32UBFWKJNPQayeN25GrLJHswbja41XFMxebcg9pump;CHygERrxnc5QByNCwxUNSMhP7tKJA7rh6hNBdJ2spump,2,-688.512,282.0,2,False,5tzFkiKscXHK5ZXCGbXZxdw7gTjjD1mBwuoFbhUvuAi9
GpZempPUKKRw8rK1uVf4tG9UkKddw25FZhkm1DLXQAfJ,4GRTznsfLTRqaB2uMAFmmgaWtvfVyBb4qCsTjskUpump;DQ2H7qcj262RAKfSxGYeL7cYJq54mVdXe4gYxUwxpump,2,-195.5195,2.5,2,False,5tzFkiKscXHK5ZXCGbXZxdw7gTjjD1mBwuoFbhUvuAi9
H72df73SCEBXb7z9gxwu1aFryqQ4FQu3Znbp1heWvMBX,9ek8utEujXFmiM9wXcWKPF18y57PmeG8rsiBZGzzpump;H9GGsNc7vA4hN13N1oU4itq8x3mrdZBdw2XdK3Mipump,2,-69.268,76.0005,2,False,AxiomRXZAq1Jgjj9pHmNqVP7Lhu67wLXZJZbaK87TTSk
H8bgvrbb1E6WWiyFtKSrWZomkuf54LPcNjVGwoH449bz,DTm66ivA96mhuQnqTy1cv7uELS4MHdYtpbRGJdW9t7Fn;GL7M1C4QeLoURyexYgdhuP8SvaPh5LHQLRqKha3epump,2,-164.3285,0.5,2,False,3ajGGwXj4TgjgdW4hH6ALxGptUevgMb52Dxehu8Dzuxq
HH5VrgQ881sauinjP67Qwzj4kfSTTi1RABDc7AtFXQ6e,2A6sLqrw8WN6KkgnCsN4xJkyAowBZHr2H9xQ4u3Mpump;EoKqyKksc4ekiPVuBD9FiztYQHkV59x8KTcZ3ReLpump,2,-772.8695,1.5,2,False,5tzFkiKscXHK5ZXCGbXZxdw7gTjjD1mBwuoFbhUvuAi9
HLkfGShrk6cw4FAMcdUaSzm4rryzfkQLHrEo7jL1H3GG,4kkrecvSVnnkK3RZcJ85tNFiZu9pWg584yHjNCqEpump;HJPjdsDmcvgCj4MV3NvqCWd78qDP8BMzGfrsk4Nbpump,2,-722.1125,7.0,2,False,GqomapyKLieJPLZnntANrfmuvn5rttQyuhVz36zNdFf7
HQ7CdnWhG2jZoJMvKNkHaM3dW6hQrYDvkCrtV6XmWGbE,3GeNgcFpMwH9ts5b3W3jddtfwhwAURaykTy8YjtrGQWT;AbpJywMWmkf1MFonRddPVogSwPPZHB9pG4x2nKb1YaPn,2,-287.3455,1.5,2,False,2AEYXLsvbZ24UFvWvYocaafx7ig7LSj32rvUA9z2JtQ9
HQEyUHwDgKhQxhhM3Biu4rP4yuxNft7zumiGu8jWKXAq,3uYT8w1FxasDGmM4WDG5kXu6D9BGvyP3iEfPJEVb6ewT;GL7M1C4QeLoURyexYgdhuP8SvaPh5LHQLRqKha3epump,2,-120.8605,3.5,2,False,is6MTRHEgyFLNTfYcuV4QBWLjrZBfmhVNYR6ccgr8KV
HV4ZT4QpEW54rywbnigQUadJ4aK1JgieQjXSZ6o7Jy1y,2A6sLqrw8WN6KkgnCsN4xJkyAowBZHr2H9xQ4u3Mpump;5o9sE9FEVC12zWBd2zqPXAhoVyRiNjGfaYX6hS3Ppump,2,-560.5935,3.5,2,False,5bb5kQKhp4zT3MYuFp7QSpkvJkghfLp6yjQbvTDLK2vy
HVM33jghRtEgqEqA6q9tEqt6FZ6Uhr6AXjiR9qUDopwv,6XD1vorwquLXjTSL5W4MJMGewZBeiEcPFmZw527TSwva;6akNLpNd11oq4q5zxhXGwr5jwUi6Ke4CvKmF6QeUwJCQ,2,-152.2255,5.5,2,False,F7p3dFrjRTbtRp8FRF6qHLomXbKRBzpvBLjtQcfcgmNe
HWZMSFCy2u7jc6UZi8KBonVSMhyQedaRsdiGAsMSRaRX,25GrKYrc3y4LZmmuhppYgFRCKb7JyZ6grum4WhLYvA1z;DkDwxjD5JFK7hd7qUNHqNaTeqDGcZ1ia3Y6E7EUiehEn,2,-474.25649999999996,8.5,2,False,iGdFcQoyR2MwbXMHQskhmNsqddZ6rinsipHc4TNSdwu
HZDX7xyAqe8XFNr8KyzFSNutmfW5TFRFp9RKSfzdKz6f,BUPNYwndVGfzVb6RG6q2PX53VdAimw2Mi98QxqeWpump;EkTkjVEfhvgkoCwheMTnr8mhEmJ6Q7ZR8q7ZMCcnpump,2,-568.4304999999999,4.5,2,False,Hq3n2r7hZWUXCxUpqxzZiAh1Yt9dfvUyLj1sebXqFAe1
HaanfQaVw3DK6WQv4P2h1ts277E3qtqQ7tSyXzEqUeuW,6sFMbTF2VTzutzKekenJujFZBqb4TiBZJKfyLMUbpump;H9GGsNc7vA4hN13N1oU4itq8x3mrdZBdw2XdK3Mipump,2,-242.6,0.0,2,False,8thfjPKZQfWnG6NaYmN3deaXo6pMenEnnbuPRhzMmhBX
Hdf39tQJj7qZqKdkcob5emd5fhtqjnHmThc8LfXdsXXU,8G7aM6Gco4fHjVpmVvUdVvhKMKaWXJEqkCKRvPdepump;EoKqyKksc4ekiPVuBD9FiztYQHkV59x8KTcZ3ReLpump,2,-1155.8115,5.5,2,False,Bzjwvz9XDG7hpzKjBuMn8iuZ7BU6cjSqkfduCNDgvNc7
Hhfo4dnimWSsdu1wGDJK7koPr9nPhBWumUDkMeQKGzrD,2iSB473Z7L2ndpWs3n22tb7H3KSGpswDTH3jP7qCCAZT;ASftCNtzPNmK3nMDvpQNvpLauKS45Vkq7kwTPutqUBL1,2,-901.665,6.5,2,False,2KPYyESKbTKpCwVtVBChk6N1whXtRiD6YYFvSBe2Mk4r
HtvyWRnxhkm8GwdDQZuqHbf6ZR8Pi99aGjxCsbke43Gd,3f8CKfznVUGrFfhcq8ZBY9M1xyDeEQGrh6iH372h3ebN;69N7rm9nnp6sVoULtp5toD26F25rYum8593GupxkUYvH,2,-140.1225,13.5,2,True,4kgP66iRUa4fv7Td77cuuii2baAzZtzPEy13QvTQ9TGq
HwaGu4jQuKPy6KVq3nEX6J7SNCwhxjyGgFVYvwgQUBx8,2BucyGvsg9wwTwsaFsEUFgdphrCtp94pDRtHowJUpump;3vfxnHSCS139RZiw6MPZaEvhySnjbEi81GuF5EdNpump,2,-891.8245,9.0,2,False,Biw4eeaiYYYq6xSqEd7GzdwsrrndxA8mqdxfAtG3PTUU
HxcdEi6CWzQtPCmM8E2maEZ3oYVGZxESqCWU1iPzmhVW,67afrnTxo8DVc52Uev61Yo4Yr9BGQpRw1RpPMWcx42La;7Q9VxTczrzgvjXWbJJZibR7hbYAohngsNsuEhdEcpump,2,-170.577,0.5,2,False,GEcF6sHyGDLrJ6NYzj2uEv2hRbSpwvLmmvm1k8A9VGhc
J6mE1hRVPbouz86YDAMDU1MWRNFdgWccuLBwMTKH2u3j,6sFMbTF2VTzutzKekenJujFZBqb4TiBZJKfyLMUbpump;H9GGsNc7vA4hN13N1oU4itq8x3mrdZBdw2XdK3Mipump,2,-242.6,0.0,2,False,H9LE2QX2Sf8NzepfEvwa3Z23U65kP1dtjMR2NSRcDZKc
J83WbsufwAqtVBiCyDrVot4sYp3JkxrUjtnuCR5zHTZL,44s336LDz8bXp4rpxy1qwUfysZ4THjpReQWTKQg7pump;6sFMbTF2VTzutzKekenJujFZBqb4TiBZJKfyLMUbpump,2,-293.34799999999996,1.0,2,True,9obNtb5GyUegcs3a1CbBkLuc5hEWynWfJC6gjz5uWQkE
PVCp3xUM2bJm8DJUj7zQhkiD645fNm7bR34TRwU3bjc,6XD1vorwquLXjTSL5W4MJMGewZBeiEcPFmZw527TSwva;9PNfxvTARzdxvQas2uknW57bnfMCS1dxW1He7rPbuhuQ,2,-88.4865,11.5,2,False,9cvQRvZJ9JkxSoS5G1oq2112UmfddB3gPbozHuf8SBPW
QfTTEgDyXsKQkNFzNMzRPwijjZ92PBJmqU8YVn2cB2k,57ANN8dAbPX8x1BEFFwzBttkzwpKZBEiJkdiWSzVNQvS;EHUzmwAzmUix7TkwVr7b16U9ChJDr3RpjfXshR5swy5j,2,-186.4515,4.0,2,False,4qtuaSHasndpa2nDJcWAmKKfgCZr8LLth83i3RfUNkvo
WFfNqe2ZCAaksBKqSjFjBjXkEovGQ8QgqQD9QKsToTF,5EZ7yagvcsHcwH3e17khLwGzhFrCsx7CKS7ZN6J6i4Lh;7HiD5rzoZxAYXEJ8Z4t3WgM8VE1iSKWJdxPPyEdDNzwN,2,-417.7935,2.0,2,False,H7sWT7eP83vkim7Gp81qsPwQzuzJK3E6Ps9KLbUezoCc
XbHv4kgcziEwQZpNnXtjtLmZkEgLudU6mvvEr5VHx2K,2A6sLqrw8WN6KkgnCsN4xJkyAowBZHr2H9xQ4u3Mpump;AgB5SxiP1DFZbW9uDAH7s8Mhv1HF21nJv67tnAAYpump,2,-461.9585,3.0,2,False,HNse1FjgsieNd8L9VfxFEZFSFDdHxm3aVrviaHBrcPBY
ajqWb4sYX58tJ7Cf1tW5XPj2Jf5FirsB3375gBYhVJp,6VMsrZvNaSzddT6vkY6dEDoFMeK5EoHD4KCAycfQpump;GL7M1C4QeLoURyexYgdhuP8SvaPh5LHQLRqKha3epump,2,-186.48600000000002,4.0,2,False,5tzFkiKscXHK5ZXCGbXZxdw7gTjjD1mBwuoFbhUvuAi9
ayaCRDLwYRqAvPnrpwnkUsxrqx4hniVaWAGHYG5DGBD,3f8CKfznVUGrFfhcq8ZBY9M1xyDeEQGrh6iH372h3ebN;BE5ciZmcADAX78u2a1GrFiPMPC3rNXtdPGUrhzWB4k5d,2,-71.652,15.5,2,False,phatP9mRBhkbbgr4nzvm9Duh4doL8xetMfJoGHRfqQs
eodZ9GfuSkhsYaaRhn7XcZjMXnbYtpFU5vxjNfN2ikU,7dACCWZXF4Lr9ftxFpi7TJk7a3hcPpUwGPAcTuXDpump;omskHvyNvQSn3PFak3E8JHQJeSVJFsrc6izWT12pump,2,-157.8625,0.0,2,False,DbQ6ALE8LRhrNY7GZRY3fDf8S2oxpVmPaPrSs9q3XwB3
j55cFXJM5nifacBhvg7us9ouKie9PkHqiKHTXAvFjDj,6sFMbTF2VTzutzKekenJujFZBqb4TiBZJKfyLMUbpump;9mqJNDG2squcqZt2zC7cWWNtVozUbQUnzVnP1jG6pump,2,-304.37,2.0,2,False,5tzFkiKscXHK5ZXCGbXZxdw7gTjjD1mBwuoFbhUvuAi9
kBWCyHmjagiqL3HSLatfmPWGUx3V7KeHVjQWemdX4dZ,EkTkjVEfhvgkoCwheMTnr8mhEmJ6Q7ZR8q7ZMCcnpump;HJPjdsDmcvgCj4MV3NvqCWd78qDP8BMzGfrsk4Nbpump,2,-659.035,4.5,2,False,u6PJ8DtQuPFnfmwHbGFULQ4u4EgjDiyYKjVEsynXq2w
kW4Y4wP1HGjLXFN5GfSv3vKCb5NYYGBR2cR3uWpbMdT,6wSQipxdE9Suf8tVNaCEbcqavUbLT7gL9tibpm3Jpump;BmU6YJP2YCAo8sc2dkeR8KjvF3rGFBHZL25ejysppump,2,-248.21,9.5,2,False,5tzFkiKscXHK5ZXCGbXZxdw7gTjjD1mBwuoFbhUvuAi9
kmeJKiAsgcwksTRdnWCKifULG2K16Cue33hfefv9YQC,6XD1vorwquLXjTSL5W4MJMGewZBeiEcPFmZw527TSwva;9PNfxvTARzdxvQas2uknW57bnfMCS1dxW1He7rPbuhuQ,2,-88.4865,11.5,2,False,BY4StcU9Y2BpgH8quZzorg31EGE4L1rjomN8FNsCBEcx
mJxgiGFDS9ZJttWgVaayMki1eH2XkUBfaWrCZmkCYsU,7HiD5rzoZxAYXEJ8Z4t3WgM8VE1iSKWJdxPPyEdDNzwN;H8oe2SCksJcYzhPeS4TsbteusgZW5k7QaZ4boKyq8C7U,2,-277.9345,0.0,2,False,EsynuVtJPpuU8xxmKnRF5mcJCyN19wh3CfNngEw4C2rM
owoJY4E7X5j3QxAXeGsk6g6iD36MkSuhshq8BwGQh6B,6wSQipxdE9Suf8tVNaCEbcqavUbLT7gL9tibpm3Jpump;F59cEB3A7RAKHGtkvR577swnPSP6EsdaBoL5AcVZpump,2,-1239.805,5.5,2,False,AobVSwdW9BbpMdJvTqeCN4hPAmh4rHm7vwLnQ5ATSyrS
sagiiWi9RADqXxHtEwTjFxQNA7CeFyDtgu9iWj3zAPH,5o9sE9FEVC12zWBd2zqPXAhoVyRiNjGfaYX6hS3Ppump;6XD1vorwquLXjTSL5W4MJMGewZBeiEcPFmZw527TSwva,2,-199.97549999999998,4.0,2,False,H13ASe44mjrcjV4Yq7TMabuGmmEEp8c83iwa72nLjnV8
suqh5sHtr8HyJ7q8scBimULPkPpA557prMG47xCHQfK,AgB5SxiP1DFZbW9uDAH7s8Mhv1HF21nJv67tnAAYpump;EoKqyKksc4ekiPVuBD9FiztYQHkV59x8KTcZ3ReLpump,2,-409.214,4.5,2,False,GJRs4FwHtemZ5ZE9x3FNvJ8TMwitKTh21yxdRPqn7npE
tBVFi3uhRxDtn4C5Sxy7D6yUQ2qUfp2qkjcoL6ttmFt,3uYT8w1FxasDGmM4WDG5kXu6D9BGvyP3iEfPJEVb6ewT;5pSEZw1iytqYznD7crsGyKNek7q5JkjBqj2KmfqxUVZd,2,-129.948,16.0,2,False,GcNY3SXi9JfP3Wj9538vwDenhA6CxURAwZF2rCPXgrCC
timeworn2X1EwMLSzeVhdVTbVSzSCKuibKd2kQ2Lsyn,6XD1vorwquLXjTSL5W4MJMGewZBeiEcPFmZw527TSwva;9PNfxvTARzdxvQas2uknW57bnfMCS1dxW1He7rPbuhuQ,2,-99.9865,0.0,2,False,BmFdpraQhkiDQE6SnfG5omcA1VwzqfXrwtNYBwWTymy6
wqAJrtcXPYPwxoRKV2uni5dDc9ySzEoBBVhLrqXsayD,5DoZAeBkoci5t5zPhUiuhQFjuzYTfkSv5Seojsxppump;H9GGsNc7vA4hN13N1oU4itq8x3mrdZBdw2XdK3Mipump,2,-224.053,5.5,2,False,21NRwg2NZFEYyrvCxYXtx9cU5TabMkuXrzApAr7tt7XT
z3y344it8bDgUJKYjPb6fnFbqQh7EwGw7DwTcRkwkzB,ASftCNtzPNmK3nMDvpQNvpLauKS45Vkq7kwTPutqUBL1;GKTxLXsmkjLDo89XmPa5htwK7sAzdqZ3jmfV6gaTvK67,2,-362.2085,3.0,2,False,ASTyfSima4LLAdDgoFGkgqoKowG1LZFDr9fAQrg7iaJZ
